split,regime,task,seed,episodes,success_rate,harmful_transfer_rate,tactile_event_f1,damage_rate,query_cost,calibration_error,ablation,interpretation
combined_stress,source_matched,slip_limited_grasp,0,84,0.702381,0.069948,0.614827,0.057383,0.231569,0.076228,full_proposed_guard,all components
combined_stress,source_matched,slip_limited_grasp,1,84,0.738095,0.070434,0.615538,0.056871,0.231254,0.076590,full_proposed_guard,all components
combined_stress,source_matched,slip_limited_grasp,2,84,0.642857,0.070920,0.616249,0.059633,0.233297,0.076953,full_proposed_guard,all components
combined_stress,source_matched,slip_limited_grasp,3,84,0.714286,0.071406,0.616960,0.058228,0.232339,0.077316,full_proposed_guard,all components
combined_stress,source_matched,slip_limited_grasp,4,84,0.666667,0.071892,0.617671,0.051795,0.233524,0.077678,full_proposed_guard,all components
combined_stress,source_matched,slip_limited_grasp,5,84,0.607143,0.072378,0.618382,0.053663,0.226919,0.078041,full_proposed_guard,all components
combined_stress,source_matched,slip_limited_grasp,6,84,0.738095,0.072864,0.619093,0.050770,0.224890,0.078404,full_proposed_guard,all components
combined_stress,source_matched,peg_in_hole_contact_search,0,84,0.714286,0.067744,0.591044,0.053997,0.225071,0.073062,full_proposed_guard,all components
combined_stress,source_matched,peg_in_hole_contact_search,1,84,0.630952,0.068278,0.591827,0.056498,0.226931,0.073457,full_proposed_guard,all components
combined_stress,source_matched,peg_in_hole_contact_search,2,84,0.750000,0.068812,0.592610,0.053939,0.225148,0.073853,full_proposed_guard,all components
combined_stress,source_matched,peg_in_hole_contact_search,3,84,0.750000,0.069346,0.593393,0.054357,0.225508,0.074249,full_proposed_guard,all components
combined_stress,source_matched,peg_in_hole_contact_search,4,84,0.785714,0.069880,0.594176,0.053881,0.225225,0.074645,full_proposed_guard,all components
combined_stress,source_matched,peg_in_hole_contact_search,5,84,0.702381,0.070414,0.594959,0.056382,0.227085,0.075040,full_proposed_guard,all components
combined_stress,source_matched,peg_in_hole_contact_search,6,84,0.726190,0.070948,0.595742,0.056204,0.227017,0.075436,full_proposed_guard,all components
combined_stress,source_matched,cloth_edge_pull,0,84,0.690476,0.069243,0.624144,0.054270,0.229967,0.074295,full_proposed_guard,all components
combined_stress,source_matched,cloth_edge_pull,1,84,0.607143,0.069711,0.624828,0.056721,0.231783,0.074645,full_proposed_guard,all components
combined_stress,source_matched,cloth_edge_pull,2,84,0.690476,0.070179,0.625512,0.055004,0.230599,0.074995,full_proposed_guard,all components
combined_stress,source_matched,cloth_edge_pull,3,84,0.630952,0.070647,0.626196,0.056859,0.231987,0.075345,full_proposed_guard,all components
combined_stress,source_matched,cloth_edge_pull,4,84,0.630952,0.071115,0.626880,0.057226,0.232303,0.075696,full_proposed_guard,all components
combined_stress,source_matched,cloth_edge_pull,5,84,0.714286,0.071583,0.609555,0.055509,0.231119,0.076046,full_proposed_guard,all components
combined_stress,source_matched,cloth_edge_pull,6,84,0.666667,0.072051,0.610239,0.057066,0.232292,0.076396,full_proposed_guard,all components
combined_stress,source_matched,cable_threading,0,84,0.666667,0.069457,0.629503,0.054663,0.230420,0.073590,full_proposed_guard,all components
combined_stress,source_matched,cable_threading,1,84,0.726190,0.069925,0.630187,0.053542,0.229665,0.073941,full_proposed_guard,all components
combined_stress,source_matched,cable_threading,2,84,0.642857,0.070393,0.630871,0.055992,0.231481,0.074291,full_proposed_guard,all components
combined_stress,source_matched,cable_threading,3,84,0.583333,0.070861,0.631555,0.057847,0.232868,0.074641,full_proposed_guard,all components
combined_stress,source_matched,cable_threading,4,84,0.666667,0.071329,0.614230,0.056130,0.231684,0.074992,full_proposed_guard,all components
combined_stress,source_matched,cable_threading,5,84,0.666667,0.071797,0.614914,0.056497,0.232000,0.075342,full_proposed_guard,all components
combined_stress,source_matched,cable_threading,6,84,0.619048,0.072265,0.615598,0.058054,0.233173,0.075692,full_proposed_guard,all components
combined_stress,source_matched,lid_twist_force_control,0,84,0.654762,0.065942,0.587303,0.051993,0.231954,0.072869,full_proposed_guard,all components
combined_stress,source_matched,lid_twist_force_control,1,84,0.750000,0.066458,0.588059,0.050016,0.230588,0.073252,full_proposed_guard,all components
combined_stress,source_matched,lid_twist_force_control,2,84,0.642857,0.066974,0.588815,0.053098,0.232865,0.073636,full_proposed_guard,all components
combined_stress,source_matched,lid_twist_force_control,3,84,0.726190,0.067490,0.589571,0.051418,0.231713,0.074019,full_proposed_guard,all components
combined_stress,source_matched,lid_twist_force_control,4,84,0.690476,0.068006,0.590327,0.052715,0.232703,0.074403,full_proposed_guard,all components
combined_stress,source_matched,lid_twist_force_control,5,84,0.595238,0.068522,0.591083,0.055499,0.234766,0.074786,full_proposed_guard,all components
combined_stress,source_matched,lid_twist_force_control,6,84,0.714286,0.069038,0.591839,0.052927,0.224967,0.075169,full_proposed_guard,all components
combined_stress,low_friction,slip_limited_grasp,0,84,0.690476,0.076742,0.601588,0.059268,0.231143,0.078989,full_proposed_guard,all components
combined_stress,low_friction,slip_limited_grasp,1,84,0.583333,0.077216,0.602281,0.062318,0.233392,0.079344,full_proposed_guard,all components
combined_stress,low_friction,slip_limited_grasp,2,84,0.702381,0.077690,0.602974,0.059713,0.231569,0.079698,full_proposed_guard,all components
combined_stress,low_friction,slip_limited_grasp,3,84,0.738095,0.078164,0.603667,0.059192,0.231246,0.080052,full_proposed_guard,all components
combined_stress,low_friction,slip_limited_grasp,4,84,0.666667,0.078638,0.604360,0.061349,0.232852,0.080407,full_proposed_guard,all components
combined_stress,low_friction,slip_limited_grasp,5,84,0.547619,0.079112,0.605053,0.064697,0.235315,0.080761,full_proposed_guard,all components
combined_stress,low_friction,slip_limited_grasp,6,84,0.702381,0.079586,0.605746,0.061199,0.232849,0.081116,full_proposed_guard,all components
combined_stress,low_friction,peg_in_hole_contact_search,0,84,0.714286,0.076968,0.581450,0.057448,0.234055,0.077496,full_proposed_guard,all components
combined_stress,low_friction,peg_in_hole_contact_search,1,84,0.654762,0.077490,0.582215,0.059344,0.235478,0.077884,full_proposed_guard,all components
combined_stress,low_friction,peg_in_hole_contact_search,2,84,0.607143,0.078012,0.582980,0.060943,0.236687,0.078271,full_proposed_guard,all components
combined_stress,low_friction,peg_in_hole_contact_search,3,84,0.690476,0.078534,0.583745,0.059267,0.235539,0.078659,full_proposed_guard,all components
combined_stress,low_friction,peg_in_hole_contact_search,4,84,0.595238,0.079056,0.584510,0.062057,0.237606,0.079046,full_proposed_guard,all components
combined_stress,low_friction,peg_in_hole_contact_search,5,84,0.690476,0.079578,0.585275,0.060084,0.236243,0.079434,full_proposed_guard,all components
combined_stress,low_friction,peg_in_hole_contact_search,6,84,0.654762,0.080100,0.586040,0.061385,0.237238,0.079821,full_proposed_guard,all components
combined_stress,low_friction,cloth_edge_pull,0,84,0.642857,0.080080,0.616971,0.060149,0.232881,0.079841,full_proposed_guard,all components
combined_stress,low_friction,cloth_edge_pull,1,84,0.619048,0.080536,0.617637,0.061101,0.233617,0.080183,full_proposed_guard,all components
combined_stress,low_friction,cloth_edge_pull,2,84,0.619048,0.080992,0.618303,0.061459,0.233925,0.080525,full_proposed_guard,all components
combined_stress,low_friction,cloth_edge_pull,3,84,0.547619,0.081448,0.600960,0.063602,0.235519,0.080867,full_proposed_guard,all components
combined_stress,low_friction,cloth_edge_pull,4,84,0.630952,0.081904,0.601626,0.061877,0.234327,0.081209,full_proposed_guard,all components
combined_stress,low_friction,cloth_edge_pull,5,84,0.607143,0.082360,0.602292,0.062829,0.235063,0.081551,full_proposed_guard,all components
combined_stress,low_friction,cloth_edge_pull,6,84,0.702381,0.082816,0.602958,0.060806,0.233657,0.081893,full_proposed_guard,all components
combined_stress,low_friction,cable_threading,0,84,0.619048,0.080654,0.622870,0.060817,0.233573,0.079385,full_proposed_guard,all components
combined_stress,low_friction,cable_threading,1,84,0.571429,0.081110,0.605527,0.062365,0.234738,0.079727,full_proposed_guard,all components
combined_stress,low_friction,cable_threading,2,84,0.547619,0.081566,0.606193,0.063318,0.235475,0.080069,full_proposed_guard,all components
combined_stress,low_friction,cable_threading,3,84,0.571429,0.082022,0.606859,0.063081,0.235354,0.080411,full_proposed_guard,all components
combined_stress,low_friction,cable_threading,4,84,0.666667,0.082478,0.607525,0.061057,0.233948,0.080753,full_proposed_guard,all components
combined_stress,low_friction,cable_threading,5,84,0.488095,0.082934,0.608191,0.065879,0.237470,0.081095,full_proposed_guard,all components
combined_stress,low_friction,cable_threading,6,84,0.726190,0.083390,0.608857,0.060284,0.233493,0.081437,full_proposed_guard,all components
combined_stress,low_friction,lid_twist_force_control,0,84,0.833333,0.078141,0.582173,0.061265,0.231704,0.079354,full_proposed_guard,all components
combined_stress,low_friction,lid_twist_force_control,1,84,0.607143,0.078645,0.582911,0.067314,0.236115,0.079729,full_proposed_guard,all components
combined_stress,low_friction,lid_twist_force_control,2,84,0.750000,0.079149,0.583649,0.064137,0.233884,0.080104,full_proposed_guard,all components
combined_stress,low_friction,lid_twist_force_control,3,84,0.654762,0.079653,0.566378,0.058908,0.235938,0.080479,full_proposed_guard,all components
combined_stress,low_friction,lid_twist_force_control,4,84,0.654762,0.080157,0.567116,0.059303,0.236278,0.080854,full_proposed_guard,all components
combined_stress,low_friction,lid_twist_force_control,5,84,0.690476,0.080661,0.567854,0.058804,0.235975,0.081229,full_proposed_guard,all components
combined_stress,low_friction,lid_twist_force_control,6,84,0.607143,0.081165,0.568592,0.061282,0.237815,0.081604,full_proposed_guard,all components
combined_stress,soft_compliance,slip_limited_grasp,0,84,0.678571,0.077822,0.609284,0.062066,0.232310,0.078941,full_proposed_guard,all components
combined_stress,soft_compliance,slip_limited_grasp,1,84,0.630952,0.078314,0.610004,0.063642,0.233499,0.079308,full_proposed_guard,all components
combined_stress,soft_compliance,slip_limited_grasp,2,84,0.666667,0.078806,0.610724,0.063134,0.233188,0.079675,full_proposed_guard,all components
combined_stress,soft_compliance,slip_limited_grasp,3,84,0.654762,0.079298,0.611444,0.063817,0.233734,0.080041,full_proposed_guard,all components
combined_stress,soft_compliance,slip_limited_grasp,4,84,0.654762,0.079790,0.594155,0.064202,0.234066,0.080408,full_proposed_guard,all components
combined_stress,soft_compliance,slip_limited_grasp,5,84,0.690476,0.080282,0.594875,0.063694,0.233755,0.080775,full_proposed_guard,all components
combined_stress,soft_compliance,slip_limited_grasp,6,84,0.702381,0.080774,0.595595,0.063782,0.233873,0.081142,full_proposed_guard,all components
combined_stress,soft_compliance,peg_in_hole_contact_search,0,84,0.642857,0.080406,0.574674,0.063541,0.237865,0.079072,full_proposed_guard,all components
combined_stress,soft_compliance,peg_in_hole_contact_search,1,84,0.714286,0.080946,0.575466,0.062177,0.236943,0.079472,full_proposed_guard,all components
combined_stress,soft_compliance,peg_in_hole_contact_search,2,84,0.595238,0.081486,0.576258,0.065576,0.231446,0.079872,full_proposed_guard,all components
combined_stress,soft_compliance,peg_in_hole_contact_search,3,84,0.642857,0.082026,0.577050,0.064807,0.230953,0.080272,full_proposed_guard,all components
combined_stress,soft_compliance,peg_in_hole_contact_search,4,84,0.654762,0.082566,0.577842,0.064932,0.231102,0.080672,full_proposed_guard,all components
combined_stress,soft_compliance,peg_in_hole_contact_search,5,84,0.714286,0.083106,0.578634,0.063865,0.230395,0.081072,full_proposed_guard,all components
combined_stress,soft_compliance,peg_in_hole_contact_search,6,84,0.678571,0.083646,0.579426,0.065180,0.231402,0.081471,full_proposed_guard,all components
combined_stress,soft_compliance,cloth_edge_pull,0,84,0.511905,0.087100,0.615568,0.070476,0.240150,0.083883,full_proposed_guard,all components
combined_stress,soft_compliance,cloth_edge_pull,1,84,0.666667,0.087574,0.616261,0.066979,0.237684,0.084238,full_proposed_guard,all components
combined_stress,soft_compliance,cloth_edge_pull,2,84,0.619048,0.088048,0.598945,0.068541,0.238861,0.084592,full_proposed_guard,all components
combined_stress,soft_compliance,cloth_edge_pull,3,84,0.595238,0.088522,0.599638,0.069507,0.239610,0.084947,full_proposed_guard,all components
combined_stress,soft_compliance,cloth_edge_pull,4,84,0.630952,0.088996,0.600331,0.068986,0.231283,0.085301,full_proposed_guard,all components
combined_stress,soft_compliance,cloth_edge_pull,5,84,0.630952,0.077464,0.601024,0.068157,0.231603,0.077387,full_proposed_guard,all components
combined_stress,soft_compliance,cloth_edge_pull,6,84,0.511905,0.077938,0.601717,0.063500,0.234066,0.077742,full_proposed_guard,all components
combined_stress,soft_compliance,cable_threading,0,84,0.619048,0.087134,0.620657,0.067457,0.238125,0.083055,full_proposed_guard,all components
combined_stress,soft_compliance,cable_threading,1,84,0.607143,0.087608,0.603341,0.068126,0.238659,0.083410,full_proposed_guard,all components
combined_stress,soft_compliance,cable_threading,2,84,0.607143,0.088082,0.604034,0.068498,0.238979,0.083764,full_proposed_guard,all components
combined_stress,soft_compliance,cable_threading,3,84,0.630952,0.088556,0.604727,0.068274,0.238871,0.084119,full_proposed_guard,all components
combined_stress,soft_compliance,cable_threading,4,84,0.666667,0.089030,0.605420,0.067752,0.238548,0.084473,full_proposed_guard,all components
combined_stress,soft_compliance,cable_threading,5,84,0.583333,0.077498,0.606113,0.069006,0.232364,0.084563,full_proposed_guard,all components
combined_stress,soft_compliance,cable_threading,6,84,0.654762,0.077972,0.606806,0.067592,0.231398,0.084918,full_proposed_guard,all components
combined_stress,soft_compliance,lid_twist_force_control,0,84,0.726190,0.077115,0.568701,0.064829,0.233181,0.077855,full_proposed_guard,all components
combined_stress,soft_compliance,lid_twist_force_control,1,84,0.619048,0.077637,0.569466,0.067916,0.235461,0.078242,full_proposed_guard,all components
combined_stress,soft_compliance,lid_twist_force_control,2,84,0.714286,0.078159,0.570231,0.065943,0.234099,0.078630,full_proposed_guard,all components
combined_stress,soft_compliance,lid_twist_force_control,3,84,0.761905,0.078681,0.570996,0.065161,0.233594,0.079017,full_proposed_guard,all components
combined_stress,soft_compliance,lid_twist_force_control,4,84,0.607143,0.079203,0.571761,0.061434,0.236731,0.079405,full_proposed_guard,all components
combined_stress,soft_compliance,lid_twist_force_control,5,84,0.714286,0.079725,0.572526,0.059163,0.235155,0.079792,full_proposed_guard,all components
combined_stress,soft_compliance,lid_twist_force_control,6,84,0.714286,0.080247,0.573291,0.059572,0.235507,0.080180,full_proposed_guard,all components
combined_stress,texture_aliasing,slip_limited_grasp,0,84,0.761905,0.095559,0.600264,0.066036,0.231970,0.083451,full_proposed_guard,all components
combined_stress,texture_aliasing,slip_limited_grasp,1,84,0.690476,0.096057,0.600993,0.068212,0.233591,0.083822,full_proposed_guard,all components
combined_stress,texture_aliasing,slip_limited_grasp,2,84,0.726190,0.084549,0.601722,0.066508,0.233285,0.083929,full_proposed_guard,all components
combined_stress,texture_aliasing,slip_limited_grasp,3,84,0.619048,0.085047,0.602451,0.069576,0.235549,0.084300,full_proposed_guard,all components
combined_stress,texture_aliasing,slip_limited_grasp,4,84,0.690476,0.085545,0.603180,0.068181,0.234599,0.084671,full_proposed_guard,all components
combined_stress,texture_aliasing,slip_limited_grasp,5,84,0.750000,0.086043,0.603909,0.067082,0.233864,0.085042,full_proposed_guard,all components
combined_stress,texture_aliasing,slip_limited_grasp,6,84,0.642857,0.086541,0.604638,0.070151,0.236129,0.085413,full_proposed_guard,all components
combined_stress,texture_aliasing,peg_in_hole_contact_search,0,84,0.547619,0.090925,0.572836,0.074446,0.235927,0.078612,full_proposed_guard,all components
combined_stress,texture_aliasing,peg_in_hole_contact_search,1,84,0.607143,0.091471,0.573637,0.073385,0.235223,0.079016,full_proposed_guard,all components
combined_stress,texture_aliasing,peg_in_hole_contact_search,2,84,0.654762,0.092017,0.574438,0.072621,0.234734,0.079420,full_proposed_guard,all components
combined_stress,texture_aliasing,peg_in_hole_contact_search,3,84,0.654762,0.092563,0.575239,0.073047,0.235102,0.079824,full_proposed_guard,all components
combined_stress,texture_aliasing,peg_in_hole_contact_search,4,84,0.726190,0.093109,0.576040,0.071688,0.234185,0.080228,full_proposed_guard,all components
combined_stress,texture_aliasing,peg_in_hole_contact_search,5,84,0.583333,0.093655,0.576841,0.067682,0.237124,0.080632,full_proposed_guard,all components
combined_stress,texture_aliasing,peg_in_hole_contact_search,6,84,0.714286,0.094201,0.577642,0.064835,0.235135,0.081036,full_proposed_guard,all components
combined_stress,texture_aliasing,cloth_edge_pull,0,84,0.678571,0.090810,0.603515,0.069613,0.236962,0.086737,full_proposed_guard,all components
combined_stress,texture_aliasing,cloth_edge_pull,1,84,0.535714,0.091290,0.604217,0.073560,0.239857,0.079092,full_proposed_guard,all components
combined_stress,texture_aliasing,cloth_edge_pull,2,84,0.630952,0.091770,0.604919,0.071555,0.238467,0.079450,full_proposed_guard,all components
combined_stress,texture_aliasing,cloth_edge_pull,3,84,0.642857,0.092250,0.605621,0.071634,0.238577,0.079809,full_proposed_guard,all components
combined_stress,texture_aliasing,cloth_edge_pull,4,84,0.678571,0.092730,0.606323,0.071117,0.238258,0.080167,full_proposed_guard,all components
combined_stress,texture_aliasing,cloth_edge_pull,5,84,0.630952,0.093210,0.607025,0.072683,0.239439,0.080526,full_proposed_guard,all components
combined_stress,texture_aliasing,cloth_edge_pull,6,84,0.642857,0.093690,0.607727,0.072762,0.239549,0.080884,full_proposed_guard,all components
combined_stress,texture_aliasing,cable_threading,0,84,0.511905,0.090663,0.608334,0.073301,0.239746,0.085785,full_proposed_guard,all components
combined_stress,texture_aliasing,cable_threading,1,84,0.571429,0.091143,0.609036,0.072189,0.238998,0.086144,full_proposed_guard,all components
combined_stress,texture_aliasing,cable_threading,2,84,0.595238,0.091623,0.609738,0.071969,0.238894,0.086502,full_proposed_guard,all components
combined_stress,texture_aliasing,cable_threading,3,84,0.630952,0.092103,0.610440,0.071453,0.238575,0.086861,full_proposed_guard,all components
combined_stress,texture_aliasing,cable_threading,4,84,0.654762,0.092583,0.611142,0.071233,0.238470,0.079215,full_proposed_guard,all components
combined_stress,texture_aliasing,cable_threading,5,84,0.630952,0.093063,0.611844,0.072205,0.239223,0.079574,full_proposed_guard,all components
combined_stress,texture_aliasing,cable_threading,6,84,0.654762,0.093543,0.612546,0.071985,0.239118,0.079932,full_proposed_guard,all components
combined_stress,texture_aliasing,lid_twist_force_control,0,84,0.690476,0.086147,0.564631,0.065101,0.237183,0.084374,full_proposed_guard,all components
combined_stress,texture_aliasing,lid_twist_force_control,1,84,0.535714,0.086675,0.565405,0.069383,0.240325,0.084765,full_proposed_guard,all components
combined_stress,texture_aliasing,lid_twist_force_control,2,84,0.678571,0.087203,0.566179,0.066224,0.238110,0.085157,full_proposed_guard,all components
combined_stress,texture_aliasing,lid_twist_force_control,3,84,0.714286,0.087731,0.566953,0.065744,0.237823,0.085548,full_proposed_guard,all components
combined_stress,texture_aliasing,lid_twist_force_control,4,84,0.678571,0.088259,0.567727,0.067050,0.238822,0.085940,full_proposed_guard,all components
combined_stress,texture_aliasing,lid_twist_force_control,5,84,0.607143,0.088787,0.568501,0.069248,0.240463,0.086332,full_proposed_guard,all components
combined_stress,texture_aliasing,lid_twist_force_control,6,84,0.654762,0.089315,0.569275,0.068470,0.239962,0.078719,full_proposed_guard,all components
combined_stress,taxel_bias,slip_limited_grasp,0,84,0.666667,0.088186,0.600675,0.064632,0.234748,0.084269,full_proposed_guard,all components
combined_stress,taxel_bias,slip_limited_grasp,1,84,0.595238,0.088648,0.601350,0.066780,0.236346,0.084615,full_proposed_guard,all components
combined_stress,taxel_bias,slip_limited_grasp,2,84,0.559524,0.089110,0.602025,0.068035,0.237301,0.084961,full_proposed_guard,all components
combined_stress,taxel_bias,slip_limited_grasp,3,84,0.714286,0.089572,0.602700,0.064528,0.234827,0.085307,full_proposed_guard,all components
combined_stress,taxel_bias,slip_limited_grasp,4,84,0.666667,0.090034,0.603375,0.066081,0.235996,0.085654,full_proposed_guard,all components
combined_stress,taxel_bias,slip_limited_grasp,5,84,0.726190,0.090496,0.604050,0.064955,0.235237,0.086000,full_proposed_guard,all components
combined_stress,taxel_bias,slip_limited_grasp,6,84,0.702381,0.090958,0.604725,0.065912,0.235977,0.086346,full_proposed_guard,all components
combined_stress,taxel_bias,peg_in_hole_contact_search,0,84,0.726190,0.090842,0.566173,0.063781,0.238637,0.084450,full_proposed_guard,all components
combined_stress,taxel_bias,peg_in_hole_contact_search,1,84,0.595238,0.091352,0.566920,0.067454,0.241338,0.084829,full_proposed_guard,all components
combined_stress,taxel_bias,peg_in_hole_contact_search,2,84,0.654762,0.091862,0.567667,0.066365,0.232606,0.085208,full_proposed_guard,all components
combined_stress,taxel_bias,peg_in_hole_contact_search,3,84,0.630952,0.092372,0.568414,0.067359,0.233379,0.085587,full_proposed_guard,all components
combined_stress,taxel_bias,peg_in_hole_contact_search,4,84,0.630952,0.092882,0.569161,0.067758,0.233723,0.085967,full_proposed_guard,all components
combined_stress,taxel_bias,peg_in_hole_contact_search,5,84,0.642857,0.093392,0.569908,0.067860,0.233853,0.086346,full_proposed_guard,all components
combined_stress,taxel_bias,peg_in_hole_contact_search,6,84,0.619048,0.093902,0.570655,0.068854,0.234625,0.086725,full_proposed_guard,all components
combined_stress,taxel_bias,cloth_edge_pull,0,84,0.666667,0.095569,0.604115,0.067422,0.238324,0.079902,full_proposed_guard,all components
combined_stress,taxel_bias,cloth_edge_pull,1,84,0.678571,0.096013,0.604763,0.067473,0.238410,0.080235,full_proposed_guard,all components
combined_stress,taxel_bias,cloth_edge_pull,2,84,0.630952,0.084451,0.605411,0.067811,0.239567,0.080305,full_proposed_guard,all components
combined_stress,taxel_bias,cloth_edge_pull,3,84,0.666667,0.084895,0.606059,0.067267,0.239224,0.080639,full_proposed_guard,all components
combined_stress,taxel_bias,cloth_edge_pull,4,84,0.619048,0.085339,0.606707,0.068806,0.240381,0.080973,full_proposed_guard,all components
combined_stress,taxel_bias,cloth_edge_pull,5,84,0.607143,0.085783,0.607355,0.069452,0.240895,0.081306,full_proposed_guard,all components
combined_stress,taxel_bias,cloth_edge_pull,6,84,0.630952,0.086227,0.608003,0.069205,0.240767,0.081640,full_proposed_guard,all components
combined_stress,taxel_bias,cable_threading,0,84,0.630952,0.096503,0.610554,0.068664,0.239471,0.079693,full_proposed_guard,all components
combined_stress,taxel_bias,cable_threading,1,84,0.571429,0.084941,0.611202,0.069300,0.240842,0.079763,full_proposed_guard,all components
combined_stress,taxel_bias,cable_threading,2,84,0.583333,0.085385,0.611850,0.069351,0.240928,0.080097,full_proposed_guard,all components
combined_stress,taxel_bias,cable_threading,3,84,0.571429,0.085829,0.612498,0.069997,0.241442,0.080431,full_proposed_guard,all components
combined_stress,taxel_bias,cable_threading,4,84,0.642857,0.086273,0.613146,0.068560,0.240457,0.080764,full_proposed_guard,all components
combined_stress,taxel_bias,cable_threading,5,84,0.595238,0.086717,0.613794,0.070099,0.241614,0.081098,full_proposed_guard,all components
combined_stress,taxel_bias,cable_threading,6,84,0.595238,0.087161,0.614442,0.070447,0.241914,0.081432,full_proposed_guard,all components
combined_stress,taxel_bias,lid_twist_force_control,0,84,0.761905,0.094992,0.571360,0.063960,0.231766,0.080352,full_proposed_guard,all components
combined_stress,taxel_bias,lid_twist_force_control,1,84,0.690476,0.095484,0.572080,0.066130,0.233383,0.080719,full_proposed_guard,all components
combined_stress,taxel_bias,lid_twist_force_control,2,84,0.690476,0.083970,0.572800,0.065315,0.233715,0.080822,full_proposed_guard,all components
combined_stress,taxel_bias,lid_twist_force_control,3,84,0.642857,0.084462,0.573520,0.066891,0.234905,0.081189,full_proposed_guard,all components
combined_stress,taxel_bias,lid_twist_force_control,4,84,0.595238,0.084954,0.574240,0.068466,0.236094,0.081555,full_proposed_guard,all components
combined_stress,taxel_bias,lid_twist_force_control,5,84,0.678571,0.085446,0.574960,0.066768,0.234926,0.081922,full_proposed_guard,all components
combined_stress,taxel_bias,lid_twist_force_control,6,84,0.630952,0.085938,0.575680,0.068344,0.236115,0.082289,full_proposed_guard,all components
combined_stress,transient_shear_spike,slip_limited_grasp,0,84,0.690476,0.090729,0.587432,0.075047,0.237923,0.084405,full_proposed_guard,all components
combined_stress,transient_shear_spike,slip_limited_grasp,1,84,0.571429,0.091257,0.588206,0.070432,0.240422,0.084796,full_proposed_guard,all components
combined_stress,transient_shear_spike,slip_limited_grasp,2,84,0.773810,0.091785,0.588980,0.065785,0.237135,0.085188,full_proposed_guard,all components
combined_stress,transient_shear_spike,slip_limited_grasp,3,84,0.714286,0.092313,0.589754,0.067686,0.238563,0.085580,full_proposed_guard,all components
combined_stress,transient_shear_spike,slip_limited_grasp,4,84,0.607143,0.092841,0.590528,0.070778,0.240847,0.085971,full_proposed_guard,all components
combined_stress,transient_shear_spike,slip_limited_grasp,5,84,0.583333,0.093369,0.591302,0.071786,0.241632,0.086363,full_proposed_guard,all components
combined_stress,transient_shear_spike,slip_limited_grasp,6,84,0.726190,0.093897,0.592076,0.068627,0.239417,0.086755,full_proposed_guard,all components
combined_stress,transient_shear_spike,peg_in_hole_contact_search,0,84,0.595238,0.098029,0.559896,0.073622,0.239690,0.087784,full_proposed_guard,all components
combined_stress,transient_shear_spike,peg_in_hole_contact_search,1,84,0.547619,0.098605,0.560742,0.075262,0.240935,0.088209,full_proposed_guard,all components
combined_stress,transient_shear_spike,peg_in_hole_contact_search,2,84,0.619048,0.099181,0.561588,0.073926,0.240037,0.080629,full_proposed_guard,all components
combined_stress,transient_shear_spike,peg_in_hole_contact_search,3,84,0.666667,0.099757,0.562434,0.073185,0.239568,0.081054,full_proposed_guard,all components
combined_stress,transient_shear_spike,peg_in_hole_contact_search,4,84,0.654762,0.100333,0.563280,0.073932,0.240170,0.081479,full_proposed_guard,all components
combined_stress,transient_shear_spike,peg_in_hole_contact_search,5,84,0.654762,0.100909,0.564126,0.074382,0.240558,0.081903,full_proposed_guard,all components
combined_stress,transient_shear_spike,peg_in_hole_contact_search,6,84,0.678571,0.101485,0.564972,0.074236,0.240518,0.082328,full_proposed_guard,all components
combined_stress,transient_shear_spike,cloth_edge_pull,0,84,0.571429,0.099882,0.593527,0.074166,0.236818,0.081257,full_proposed_guard,all components
combined_stress,transient_shear_spike,cloth_edge_pull,1,84,0.511905,0.100392,0.594274,0.076054,0.238234,0.081636,full_proposed_guard,all components
combined_stress,transient_shear_spike,cloth_edge_pull,2,84,0.619048,0.100902,0.595021,0.073774,0.236649,0.082015,full_proposed_guard,all components
combined_stress,transient_shear_spike,cloth_edge_pull,3,84,0.511905,0.101412,0.595768,0.076852,0.238922,0.082394,full_proposed_guard,all components
combined_stress,transient_shear_spike,cloth_edge_pull,4,84,0.607143,0.101922,0.596515,0.074870,0.237551,0.082773,full_proposed_guard,all components
combined_stress,transient_shear_spike,cloth_edge_pull,5,84,0.630952,0.102432,0.597262,0.074673,0.237467,0.083153,full_proposed_guard,all components
combined_stress,transient_shear_spike,cloth_edge_pull,6,84,0.726190,0.090936,0.598009,0.071491,0.236097,0.083268,full_proposed_guard,all components
combined_stress,transient_shear_spike,cable_threading,0,84,0.583333,0.098835,0.596996,0.072700,0.235788,0.087689,full_proposed_guard,all components
combined_stress,transient_shear_spike,cable_threading,1,84,0.619048,0.099345,0.597743,0.072206,0.235489,0.088068,full_proposed_guard,all components
combined_stress,transient_shear_spike,cable_threading,2,84,0.488095,0.099855,0.598490,0.075879,0.238190,0.088447,full_proposed_guard,all components
combined_stress,transient_shear_spike,cable_threading,3,84,0.476190,0.100365,0.599237,0.076576,0.238749,0.088826,full_proposed_guard,all components
combined_stress,transient_shear_spike,cable_threading,4,84,0.714286,0.100875,0.599984,0.071022,0.234807,0.081202,full_proposed_guard,all components
combined_stress,transient_shear_spike,cable_threading,5,84,0.511905,0.101385,0.600731,0.076481,0.238794,0.081581,full_proposed_guard,all components
combined_stress,transient_shear_spike,cable_threading,6,84,0.583333,0.101895,0.601478,0.075094,0.237852,0.081960,full_proposed_guard,all components
combined_stress,transient_shear_spike,lid_twist_force_control,0,84,0.666667,0.097817,0.558540,0.069563,0.237272,0.080682,full_proposed_guard,all components
combined_stress,transient_shear_spike,lid_twist_force_control,1,84,0.595238,0.098375,0.559359,0.071785,0.238934,0.081095,full_proposed_guard,all components
combined_stress,transient_shear_spike,lid_twist_force_control,2,84,0.535714,0.098933,0.560178,0.073708,0.240381,0.081507,full_proposed_guard,all components
combined_stress,transient_shear_spike,lid_twist_force_control,3,84,0.630952,0.099491,0.560997,0.071763,0.239043,0.081919,full_proposed_guard,all components
combined_stress,transient_shear_spike,lid_twist_force_control,4,84,0.654762,0.100049,0.561816,0.071604,0.238990,0.082331,full_proposed_guard,all components
combined_stress,transient_shear_spike,lid_twist_force_control,5,84,0.738095,0.100607,0.562635,0.069956,0.237866,0.082744,full_proposed_guard,all components
combined_stress,transient_shear_spike,lid_twist_force_control,6,84,0.619048,0.101165,0.563454,0.073368,0.240385,0.083156,full_proposed_guard,all components
combined_stress,compound_contact_shift,slip_limited_grasp,0,84,0.595238,0.108054,0.589764,0.081972,0.239794,0.087158,full_proposed_guard,all components
combined_stress,compound_contact_shift,slip_limited_grasp,1,84,0.630952,0.108588,0.590547,0.081497,0.239511,0.087554,full_proposed_guard,all components
combined_stress,compound_contact_shift,slip_limited_grasp,2,84,0.678571,0.109122,0.591330,0.080724,0.239014,0.087949,full_proposed_guard,all components
combined_stress,compound_contact_shift,slip_limited_grasp,3,84,0.654762,0.109656,0.592113,0.081737,0.239802,0.088345,full_proposed_guard,all components
combined_stress,compound_contact_shift,slip_limited_grasp,4,84,0.571429,0.110190,0.592896,0.084237,0.241662,0.088741,full_proposed_guard,all components
combined_stress,compound_contact_shift,slip_limited_grasp,5,84,0.666667,0.110724,0.593679,0.082274,0.240308,0.089137,full_proposed_guard,all components
combined_stress,compound_contact_shift,slip_limited_grasp,6,84,0.738095,0.111258,0.594462,0.080905,0.239382,0.089532,full_proposed_guard,all components
combined_stress,compound_contact_shift,peg_in_hole_contact_search,0,84,0.619048,0.108136,0.569410,0.080041,0.242609,0.085566,full_proposed_guard,all components
combined_stress,compound_contact_shift,peg_in_hole_contact_search,1,84,0.726190,0.108718,0.570265,0.077817,0.241073,0.085995,full_proposed_guard,all components
combined_stress,compound_contact_shift,peg_in_hole_contact_search,2,84,0.654762,0.109300,0.553111,0.080057,0.242750,0.086424,full_proposed_guard,all components
combined_stress,compound_contact_shift,peg_in_hole_contact_search,3,84,0.666667,0.109882,0.553966,0.080214,0.242928,0.086853,full_proposed_guard,all components
combined_stress,compound_contact_shift,peg_in_hole_contact_search,4,84,0.583333,0.110464,0.554821,0.082751,0.244820,0.087281,full_proposed_guard,all components
combined_stress,compound_contact_shift,peg_in_hole_contact_search,5,84,0.630952,0.111046,0.555676,0.082015,0.244355,0.087710,full_proposed_guard,all components
combined_stress,compound_contact_shift,peg_in_hole_contact_search,6,84,0.535714,0.111628,0.556531,0.084850,0.246461,0.088139,full_proposed_guard,all components
combined_stress,compound_contact_shift,cloth_edge_pull,0,84,0.511905,0.103179,0.592826,0.085452,0.244702,0.090357,full_proposed_guard,all components
combined_stress,compound_contact_shift,cloth_edge_pull,1,84,0.583333,0.103695,0.593582,0.084070,0.243764,0.090740,full_proposed_guard,all components
combined_stress,compound_contact_shift,cloth_edge_pull,2,84,0.535714,0.104211,0.594338,0.077660,0.244969,0.091124,full_proposed_guard,all components
combined_stress,compound_contact_shift,cloth_edge_pull,3,84,0.607143,0.104727,0.595094,0.076278,0.244031,0.083503,full_proposed_guard,all components
combined_stress,compound_contact_shift,cloth_edge_pull,4,84,0.488095,0.105243,0.595850,0.079658,0.246522,0.083887,full_proposed_guard,all components
combined_stress,compound_contact_shift,cloth_edge_pull,5,84,0.571429,0.105759,0.596606,0.077978,0.245370,0.084270,full_proposed_guard,all components
combined_stress,compound_contact_shift,cloth_edge_pull,6,84,0.500000,0.106275,0.597362,0.080168,0.247004,0.084653,full_proposed_guard,all components
combined_stress,compound_contact_shift,cable_threading,0,84,0.547619,0.101953,0.596025,0.083253,0.243123,0.088661,full_proposed_guard,all components
combined_stress,compound_contact_shift,cable_threading,1,84,0.666667,0.102469,0.596781,0.080680,0.241328,0.089045,full_proposed_guard,all components
combined_stress,compound_contact_shift,cable_threading,2,84,0.476190,0.102985,0.597537,0.085846,0.245105,0.089428,full_proposed_guard,all components
combined_stress,compound_contact_shift,cable_threading,3,84,0.535714,0.103501,0.598293,0.084761,0.244381,0.089811,full_proposed_guard,all components
combined_stress,compound_contact_shift,cable_threading,4,84,0.511905,0.104017,0.599049,0.085760,0.245158,0.090195,full_proposed_guard,all components
combined_stress,compound_contact_shift,cable_threading,5,84,0.500000,0.104533,0.599805,0.086461,0.245720,0.090578,full_proposed_guard,all components
combined_stress,compound_contact_shift,cable_threading,6,84,0.583333,0.105049,0.600561,0.076778,0.244568,0.090961,full_proposed_guard,all components
combined_stress,compound_contact_shift,lid_twist_force_control,0,84,0.726190,0.106436,0.547813,0.073949,0.238557,0.085444,full_proposed_guard,all components
combined_stress,compound_contact_shift,lid_twist_force_control,1,84,0.571429,0.107000,0.548641,0.078258,0.241722,0.085860,full_proposed_guard,all components
combined_stress,compound_contact_shift,lid_twist_force_control,2,84,0.619048,0.107564,0.549469,0.077508,0.241245,0.086277,full_proposed_guard,all components
combined_stress,compound_contact_shift,lid_twist_force_control,3,84,0.666667,0.108128,0.550297,0.076758,0.240768,0.086693,full_proposed_guard,all components
combined_stress,compound_contact_shift,lid_twist_force_control,4,84,0.702381,0.108692,0.551125,0.076306,0.240505,0.087110,full_proposed_guard,all components
combined_stress,compound_contact_shift,lid_twist_force_control,5,84,0.726190,0.109256,0.551953,0.076151,0.240457,0.087526,full_proposed_guard,all components
combined_stress,compound_contact_shift,lid_twist_force_control,6,84,0.583333,0.109820,0.552781,0.080163,0.243408,0.087942,full_proposed_guard,all components
combined_stress,source_matched,slip_limited_grasp,0,84,0.678571,0.100137,0.554611,0.070713,0.224014,0.080128,minus_mismatch_detector,no source-target tactile mismatch estimate
combined_stress,source_matched,slip_limited_grasp,1,84,0.666667,0.100647,0.555358,0.071410,0.224572,0.080507,minus_mismatch_detector,no source-target tactile mismatch estimate
combined_stress,source_matched,slip_limited_grasp,2,84,0.619048,0.101157,0.556105,0.073000,0.217769,0.080886,minus_mismatch_detector,no source-target tactile mismatch estimate
combined_stress,source_matched,slip_limited_grasp,3,84,0.619048,0.101667,0.556852,0.073399,0.218113,0.081265,minus_mismatch_detector,no source-target tactile mismatch estimate
combined_stress,source_matched,slip_limited_grasp,4,84,0.678571,0.102177,0.557599,0.072309,0.217386,0.073641,minus_mismatch_detector,no source-target tactile mismatch estimate
combined_stress,source_matched,slip_limited_grasp,5,84,0.702381,0.102687,0.558346,0.072113,0.217301,0.074020,minus_mismatch_detector,no source-target tactile mismatch estimate
combined_stress,source_matched,slip_limited_grasp,6,84,0.678571,0.103197,0.559093,0.073107,0.218074,0.074399,minus_mismatch_detector,no source-target tactile mismatch estimate
combined_stress,source_matched,peg_in_hole_contact_search,0,84,0.738095,0.092826,0.541547,0.070390,0.221422,0.073609,minus_mismatch_detector,no source-target tactile mismatch estimate
combined_stress,source_matched,peg_in_hole_contact_search,1,84,0.571429,0.093384,0.542366,0.074993,0.224798,0.074022,minus_mismatch_detector,no source-target tactile mismatch estimate
combined_stress,source_matched,peg_in_hole_contact_search,2,84,0.630952,0.093942,0.543185,0.073940,0.224103,0.074434,minus_mismatch_detector,no source-target tactile mismatch estimate
combined_stress,source_matched,peg_in_hole_contact_search,3,84,0.595238,0.094500,0.544004,0.075269,0.225122,0.074846,minus_mismatch_detector,no source-target tactile mismatch estimate
combined_stress,source_matched,peg_in_hole_contact_search,4,84,0.690476,0.095058,0.544823,0.073324,0.223783,0.075258,minus_mismatch_detector,no source-target tactile mismatch estimate
combined_stress,source_matched,peg_in_hole_contact_search,5,84,0.559524,0.095616,0.545642,0.077034,0.218513,0.075671,minus_mismatch_detector,no source-target tactile mismatch estimate
combined_stress,source_matched,peg_in_hole_contact_search,6,84,0.559524,0.096174,0.546461,0.077469,0.218889,0.076083,minus_mismatch_detector,no source-target tactile mismatch estimate
combined_stress,source_matched,cloth_edge_pull,0,84,0.619048,0.103544,0.569805,0.071814,0.217877,0.080897,minus_mismatch_detector,no source-target tactile mismatch estimate
combined_stress,source_matched,cloth_edge_pull,1,84,0.678571,0.104036,0.570525,0.070711,0.217138,0.081264,minus_mismatch_detector,no source-target tactile mismatch estimate
combined_stress,source_matched,cloth_edge_pull,2,84,0.607143,0.104528,0.571245,0.072882,0.218755,0.073627,minus_mismatch_detector,no source-target tactile mismatch estimate
combined_stress,source_matched,cloth_edge_pull,3,84,0.547619,0.105020,0.571965,0.074756,0.220159,0.073994,minus_mismatch_detector,no source-target tactile mismatch estimate
combined_stress,source_matched,cloth_edge_pull,4,84,0.607143,0.105512,0.572685,0.073653,0.219419,0.074360,minus_mismatch_detector,no source-target tactile mismatch estimate
combined_stress,source_matched,cloth_edge_pull,5,84,0.559524,0.093998,0.573405,0.074028,0.220609,0.074463,minus_mismatch_detector,no source-target tactile mismatch estimate
combined_stress,source_matched,cloth_edge_pull,6,84,0.642857,0.094490,0.574125,0.072330,0.219441,0.074830,minus_mismatch_detector,no source-target tactile mismatch estimate
combined_stress,source_matched,cable_threading,0,84,0.535714,0.103179,0.574084,0.073157,0.226925,0.079700,minus_mismatch_detector,no source-target tactile mismatch estimate
combined_stress,source_matched,cable_threading,1,84,0.571429,0.103671,0.574804,0.072649,0.226614,0.080067,minus_mismatch_detector,no source-target tactile mismatch estimate
combined_stress,source_matched,cable_threading,2,84,0.559524,0.104163,0.575524,0.073332,0.219157,0.080434,minus_mismatch_detector,no source-target tactile mismatch estimate
combined_stress,source_matched,cable_threading,3,84,0.511905,0.104655,0.576244,0.074908,0.220346,0.080801,minus_mismatch_detector,no source-target tactile mismatch estimate
combined_stress,source_matched,cable_threading,4,84,0.523810,0.105147,0.576964,0.074995,0.220463,0.081168,minus_mismatch_detector,no source-target tactile mismatch estimate
combined_stress,source_matched,cable_threading,5,84,0.607143,0.105639,0.577684,0.073297,0.219295,0.081534,minus_mismatch_detector,no source-target tactile mismatch estimate
combined_stress,source_matched,cable_threading,6,84,0.630952,0.094125,0.578404,0.071887,0.219199,0.073633,minus_mismatch_detector,no source-target tactile mismatch estimate
combined_stress,source_matched,lid_twist_force_control,0,84,0.738095,0.097219,0.528878,0.071554,0.223266,0.077589,minus_mismatch_detector,no source-target tactile mismatch estimate
combined_stress,source_matched,lid_twist_force_control,1,84,0.607143,0.097759,0.529670,0.075249,0.217983,0.077989,minus_mismatch_detector,no source-target tactile mismatch estimate
combined_stress,source_matched,lid_twist_force_control,2,84,0.678571,0.098299,0.530462,0.073886,0.217062,0.078389,minus_mismatch_detector,no source-target tactile mismatch estimate
combined_stress,source_matched,lid_twist_force_control,3,84,0.666667,0.098839,0.531254,0.074605,0.217640,0.078789,minus_mismatch_detector,no source-target tactile mismatch estimate
combined_stress,source_matched,lid_twist_force_control,4,84,0.642857,0.099379,0.532046,0.075622,0.218433,0.079189,minus_mismatch_detector,no source-target tactile mismatch estimate
combined_stress,source_matched,lid_twist_force_control,5,84,0.690476,0.099919,0.532838,0.074854,0.217939,0.079589,minus_mismatch_detector,no source-target tactile mismatch estimate
combined_stress,source_matched,lid_twist_force_control,6,84,0.690476,0.100459,0.533630,0.075276,0.218303,0.079989,minus_mismatch_detector,no source-target tactile mismatch estimate
combined_stress,low_friction,slip_limited_grasp,0,84,0.583333,0.118512,0.552793,0.080916,0.222160,0.080216,minus_mismatch_detector,no source-target tactile mismatch estimate
combined_stress,low_friction,slip_limited_grasp,1,84,0.642857,0.119010,0.553522,0.079818,0.221425,0.080587,minus_mismatch_detector,no source-target tactile mismatch estimate
combined_stress,low_friction,slip_limited_grasp,2,84,0.619048,0.119508,0.554251,0.080803,0.222189,0.080958,minus_mismatch_detector,no source-target tactile mismatch estimate
combined_stress,low_friction,slip_limited_grasp,3,84,0.654762,0.120006,0.554980,0.080300,0.221882,0.081329,minus_mismatch_detector,no source-target tactile mismatch estimate
combined_stress,low_friction,slip_limited_grasp,4,84,0.619048,0.120504,0.555709,0.081582,0.222861,0.081700,minus_mismatch_detector,no source-target tactile mismatch estimate
combined_stress,low_friction,slip_limited_grasp,5,84,0.690476,0.121002,0.556438,0.080186,0.221911,0.082071,minus_mismatch_detector,no source-target tactile mismatch estimate
combined_stress,low_friction,slip_limited_grasp,6,84,0.642857,0.109494,0.557167,0.080566,0.223105,0.082178,minus_mismatch_detector,no source-target tactile mismatch estimate
combined_stress,low_friction,peg_in_hole_contact_search,0,84,0.547619,0.113631,0.525365,0.084837,0.222903,0.083375,minus_mismatch_detector,no source-target tactile mismatch estimate
combined_stress,low_friction,peg_in_hole_contact_search,1,84,0.630952,0.114177,0.526166,0.083180,0.221771,0.083779,minus_mismatch_detector,no source-target tactile mismatch estimate
combined_stress,low_friction,peg_in_hole_contact_search,2,84,0.523810,0.114723,0.526967,0.086285,0.224067,0.084183,minus_mismatch_detector,no source-target tactile mismatch estimate
combined_stress,low_friction,peg_in_hole_contact_search,3,84,0.535714,0.115269,0.527768,0.086414,0.224221,0.084587,minus_mismatch_detector,no source-target tactile mismatch estimate
combined_stress,low_friction,peg_in_hole_contact_search,4,84,0.630952,0.115815,0.528569,0.084460,0.222875,0.076987,minus_mismatch_detector,no source-target tactile mismatch estimate
combined_stress,low_friction,peg_in_hole_contact_search,5,84,0.619048,0.116361,0.529370,0.085184,0.223457,0.077391,minus_mismatch_detector,no source-target tactile mismatch estimate
combined_stress,low_friction,peg_in_hole_contact_search,6,84,0.571429,0.116907,0.530171,0.086801,0.224682,0.077795,minus_mismatch_detector,no source-target tactile mismatch estimate
combined_stress,low_friction,cloth_edge_pull,0,84,0.523810,0.113956,0.556044,0.083916,0.226723,0.083506,minus_mismatch_detector,no source-target tactile mismatch estimate
combined_stress,low_friction,cloth_edge_pull,1,84,0.535714,0.114436,0.556746,0.083995,0.226833,0.083865,minus_mismatch_detector,no source-target tactile mismatch estimate
combined_stress,low_friction,cloth_edge_pull,2,84,0.535714,0.114916,0.557448,0.084371,0.227157,0.084223,minus_mismatch_detector,no source-target tactile mismatch estimate
combined_stress,low_friction,cloth_edge_pull,3,84,0.547619,0.115396,0.558150,0.084449,0.227267,0.084582,minus_mismatch_detector,no source-target tactile mismatch estimate
combined_stress,low_friction,cloth_edge_pull,4,84,0.607143,0.115876,0.558852,0.083337,0.226519,0.084940,minus_mismatch_detector,no source-target tactile mismatch estimate
combined_stress,low_friction,cloth_edge_pull,5,84,0.476190,0.116356,0.559554,0.086987,0.229201,0.077295,minus_mismatch_detector,no source-target tactile mismatch estimate
combined_stress,low_friction,cloth_edge_pull,6,84,0.571429,0.116836,0.560256,0.084982,0.227810,0.077654,minus_mismatch_detector,no source-target tactile mismatch estimate
combined_stress,low_friction,cable_threading,0,84,0.571429,0.113951,0.560863,0.082261,0.225650,0.082557,minus_mismatch_detector,no source-target tactile mismatch estimate
combined_stress,low_friction,cable_threading,1,84,0.500000,0.114431,0.561565,0.084423,0.227260,0.082916,minus_mismatch_detector,no source-target tactile mismatch estimate
combined_stress,low_friction,cable_threading,2,84,0.488095,0.114911,0.562267,0.085097,0.227798,0.083274,minus_mismatch_detector,no source-target tactile mismatch estimate
combined_stress,low_friction,cable_threading,3,84,0.559524,0.115391,0.562969,0.083687,0.226837,0.083633,minus_mismatch_detector,no source-target tactile mismatch estimate
combined_stress,low_friction,cable_threading,4,84,0.488095,0.115871,0.563671,0.085849,0.228446,0.083992,minus_mismatch_detector,no source-target tactile mismatch estimate
combined_stress,low_friction,cable_threading,5,84,0.583333,0.116351,0.564373,0.083844,0.227056,0.084350,minus_mismatch_detector,no source-target tactile mismatch estimate
combined_stress,low_friction,cable_threading,6,84,0.523810,0.116831,0.565075,0.085708,0.228451,0.084709,minus_mismatch_detector,no source-target tactile mismatch estimate
combined_stress,low_friction,lid_twist_force_control,0,84,0.714286,0.108994,0.517160,0.082914,0.223731,0.081136,minus_mismatch_detector,no source-target tactile mismatch estimate
combined_stress,low_friction,lid_twist_force_control,1,84,0.702381,0.109522,0.517934,0.075621,0.224301,0.081528,minus_mismatch_detector,no source-target tactile mismatch estimate
combined_stress,low_friction,lid_twist_force_control,2,84,0.559524,0.110050,0.518708,0.079605,0.227229,0.081919,minus_mismatch_detector,no source-target tactile mismatch estimate
combined_stress,low_friction,lid_twist_force_control,3,84,0.619048,0.110578,0.519482,0.078530,0.226513,0.082311,minus_mismatch_detector,no source-target tactile mismatch estimate
combined_stress,low_friction,lid_twist_force_control,4,84,0.583333,0.111106,0.520256,0.079835,0.227512,0.082703,minus_mismatch_detector,no source-target tactile mismatch estimate
combined_stress,low_friction,lid_twist_force_control,5,84,0.690476,0.111634,0.521030,0.077569,0.225939,0.083094,minus_mismatch_detector,no source-target tactile mismatch estimate
combined_stress,low_friction,lid_twist_force_control,6,84,0.642857,0.112162,0.521804,0.079173,0.227153,0.083486,minus_mismatch_detector,no source-target tactile mismatch estimate
combined_stress,soft_compliance,slip_limited_grasp,0,84,0.583333,0.115768,0.553100,0.087753,0.227832,0.084804,minus_mismatch_detector,no source-target tactile mismatch estimate
combined_stress,soft_compliance,slip_limited_grasp,1,84,0.630952,0.116284,0.553856,0.086967,0.227323,0.085187,minus_mismatch_detector,no source-target tactile mismatch estimate
combined_stress,soft_compliance,slip_limited_grasp,2,84,0.690476,0.116800,0.554612,0.077878,0.226599,0.085570,minus_mismatch_detector,no source-target tactile mismatch estimate
combined_stress,soft_compliance,slip_limited_grasp,3,84,0.523810,0.117316,0.555368,0.082448,0.229947,0.077950,minus_mismatch_detector,no source-target tactile mismatch estimate
combined_stress,soft_compliance,slip_limited_grasp,4,84,0.630952,0.117832,0.556124,0.080173,0.228367,0.078333,minus_mismatch_detector,no source-target tactile mismatch estimate
combined_stress,soft_compliance,slip_limited_grasp,5,84,0.761905,0.118348,0.556880,0.077303,0.226358,0.078716,minus_mismatch_detector,no source-target tactile mismatch estimate
combined_stress,soft_compliance,slip_limited_grasp,6,84,0.595238,0.118864,0.557636,0.081873,0.229706,0.079100,minus_mismatch_detector,no source-target tactile mismatch estimate
combined_stress,soft_compliance,peg_in_hole_contact_search,0,84,0.583333,0.113245,0.529209,0.084585,0.229504,0.081583,minus_mismatch_detector,no source-target tactile mismatch estimate
combined_stress,soft_compliance,peg_in_hole_contact_search,1,84,0.619048,0.113809,0.530037,0.084133,0.229241,0.081999,minus_mismatch_detector,no source-target tactile mismatch estimate
combined_stress,soft_compliance,peg_in_hole_contact_search,2,84,0.559524,0.114373,0.530865,0.086061,0.230693,0.082415,minus_mismatch_detector,no source-target tactile mismatch estimate
combined_stress,soft_compliance,peg_in_hole_contact_search,3,84,0.595238,0.114937,0.531693,0.085609,0.222426,0.082832,minus_mismatch_detector,no source-target tactile mismatch estimate
combined_stress,soft_compliance,peg_in_hole_contact_search,4,84,0.642857,0.115501,0.532521,0.084859,0.221949,0.083248,minus_mismatch_detector,no source-target tactile mismatch estimate
combined_stress,soft_compliance,peg_in_hole_contact_search,5,84,0.607143,0.116065,0.533349,0.086192,0.222971,0.083665,minus_mismatch_detector,no source-target tactile mismatch estimate
combined_stress,soft_compliance,peg_in_hole_contact_search,6,84,0.678571,0.116629,0.534177,0.084847,0.222066,0.084081,minus_mismatch_detector,no source-target tactile mismatch estimate
combined_stress,soft_compliance,cloth_edge_pull,0,84,0.583333,0.117152,0.565261,0.085816,0.227280,0.084181,minus_mismatch_detector,no source-target tactile mismatch estimate
combined_stress,soft_compliance,cloth_edge_pull,1,84,0.583333,0.117650,0.547981,0.086206,0.227616,0.084552,minus_mismatch_detector,no source-target tactile mismatch estimate
combined_stress,soft_compliance,cloth_edge_pull,2,84,0.559524,0.118148,0.548710,0.087191,0.228381,0.084922,minus_mismatch_detector,no source-target tactile mismatch estimate
combined_stress,soft_compliance,cloth_edge_pull,3,84,0.642857,0.118646,0.549439,0.085497,0.227217,0.085293,minus_mismatch_detector,no source-target tactile mismatch estimate
combined_stress,soft_compliance,cloth_edge_pull,4,84,0.511905,0.119144,0.550168,0.089161,0.229910,0.085664,minus_mismatch_detector,no source-target tactile mismatch estimate
combined_stress,soft_compliance,cloth_edge_pull,5,84,0.619048,0.119642,0.550897,0.086872,0.228317,0.078031,minus_mismatch_detector,no source-target tactile mismatch estimate
combined_stress,soft_compliance,cloth_edge_pull,6,84,0.654762,0.120140,0.551626,0.086369,0.228010,0.078402,minus_mismatch_detector,no source-target tactile mismatch estimate
combined_stress,soft_compliance,cable_threading,0,84,0.583333,0.116607,0.569270,0.084937,0.226704,0.082860,minus_mismatch_detector,no source-target tactile mismatch estimate
combined_stress,soft_compliance,cable_threading,1,84,0.535714,0.117105,0.569999,0.086518,0.227897,0.083231,minus_mismatch_detector,no source-target tactile mismatch estimate
combined_stress,soft_compliance,cable_threading,2,84,0.547619,0.117603,0.552719,0.086610,0.228019,0.083602,minus_mismatch_detector,no source-target tactile mismatch estimate
combined_stress,soft_compliance,cable_threading,3,84,0.642857,0.118101,0.553448,0.084619,0.226641,0.083973,minus_mismatch_detector,no source-target tactile mismatch estimate
combined_stress,soft_compliance,cable_threading,4,84,0.547619,0.118599,0.554177,0.087389,0.228691,0.084344,minus_mismatch_detector,no source-target tactile mismatch estimate
combined_stress,soft_compliance,cable_threading,5,84,0.500000,0.119097,0.554906,0.088970,0.229884,0.084715,minus_mismatch_detector,no source-target tactile mismatch estimate
combined_stress,soft_compliance,cable_threading,6,84,0.511905,0.119595,0.555635,0.089062,0.230006,0.085085,minus_mismatch_detector,no source-target tactile mismatch estimate
combined_stress,soft_compliance,lid_twist_force_control,0,84,0.547619,0.116150,0.514308,0.085500,0.230999,0.084538,minus_mismatch_detector,no source-target tactile mismatch estimate
combined_stress,soft_compliance,lid_twist_force_control,1,84,0.642857,0.116696,0.515109,0.083546,0.229653,0.084942,minus_mismatch_detector,no source-target tactile mismatch estimate
combined_stress,soft_compliance,lid_twist_force_control,2,84,0.571429,0.117242,0.515910,0.085758,0.223302,0.085346,minus_mismatch_detector,no source-target tactile mismatch estimate
combined_stress,soft_compliance,lid_twist_force_control,3,84,0.630952,0.117788,0.516711,0.084697,0.222599,0.077746,minus_mismatch_detector,no source-target tactile mismatch estimate
combined_stress,soft_compliance,lid_twist_force_control,4,84,0.654762,0.118334,0.517512,0.084528,0.222538,0.078150,minus_mismatch_detector,no source-target tactile mismatch estimate
combined_stress,soft_compliance,lid_twist_force_control,5,84,0.630952,0.118880,0.518313,0.085550,0.223335,0.078554,minus_mismatch_detector,no source-target tactile mismatch estimate
combined_stress,soft_compliance,lid_twist_force_control,6,84,0.559524,0.119426,0.519114,0.087762,0.224989,0.078958,minus_mismatch_detector,no source-target tactile mismatch estimate
combined_stress,texture_aliasing,slip_limited_grasp,0,84,0.619048,0.126382,0.548760,0.086278,0.230429,0.083233,minus_mismatch_detector,no source-target tactile mismatch estimate
combined_stress,texture_aliasing,slip_limited_grasp,1,84,0.678571,0.126904,0.549525,0.085198,0.229710,0.083621,minus_mismatch_detector,no source-target tactile mismatch estimate
combined_stress,texture_aliasing,slip_limited_grasp,2,84,0.619048,0.127426,0.550290,0.087094,0.231133,0.084008,minus_mismatch_detector,no source-target tactile mismatch estimate
combined_stress,texture_aliasing,slip_limited_grasp,3,84,0.619048,0.127948,0.551055,0.087503,0.231485,0.084396,minus_mismatch_detector,no source-target tactile mismatch estimate
combined_stress,texture_aliasing,slip_limited_grasp,4,84,0.511905,0.128470,0.551820,0.090589,0.225762,0.084783,minus_mismatch_detector,no source-target tactile mismatch estimate
combined_stress,texture_aliasing,slip_limited_grasp,5,84,0.595238,0.128992,0.552585,0.088914,0.224614,0.085171,minus_mismatch_detector,no source-target tactile mismatch estimate
combined_stress,texture_aliasing,slip_limited_grasp,6,84,0.595238,0.129514,0.553350,0.089322,0.224966,0.085558,minus_mismatch_detector,no source-target tactile mismatch estimate
combined_stress,texture_aliasing,peg_in_hole_contact_search,0,84,0.571429,0.128647,0.514042,0.087971,0.228146,0.083309,minus_mismatch_detector,no source-target tactile mismatch estimate
combined_stress,texture_aliasing,peg_in_hole_contact_search,1,84,0.619048,0.129217,0.514879,0.087226,0.227673,0.083730,minus_mismatch_detector,no source-target tactile mismatch estimate
combined_stress,texture_aliasing,peg_in_hole_contact_search,2,84,0.535714,0.129787,0.515716,0.089754,0.229557,0.084151,minus_mismatch_detector,no source-target tactile mismatch estimate
combined_stress,texture_aliasing,peg_in_hole_contact_search,3,84,0.511905,0.130357,0.516553,0.090794,0.230370,0.084571,minus_mismatch_detector,no source-target tactile mismatch estimate
combined_stress,texture_aliasing,peg_in_hole_contact_search,4,84,0.595238,0.130927,0.517390,0.089156,0.229254,0.084992,minus_mismatch_detector,no source-target tactile mismatch estimate
combined_stress,texture_aliasing,peg_in_hole_contact_search,5,84,0.595238,0.131497,0.518227,0.089601,0.229638,0.085412,minus_mismatch_detector,no source-target tactile mismatch estimate
combined_stress,texture_aliasing,peg_in_hole_contact_search,6,84,0.464286,0.132067,0.519064,0.093320,0.232379,0.085833,minus_mismatch_detector,no source-target tactile mismatch estimate
combined_stress,texture_aliasing,cloth_edge_pull,0,84,0.666667,0.125745,0.557888,0.089604,0.227672,0.081218,minus_mismatch_detector,no source-target tactile mismatch estimate
combined_stress,texture_aliasing,cloth_edge_pull,1,84,0.607143,0.126249,0.558626,0.091486,0.229083,0.081593,minus_mismatch_detector,no source-target tactile mismatch estimate
combined_stress,texture_aliasing,cloth_edge_pull,2,84,0.595238,0.126753,0.559364,0.092178,0.229638,0.081968,minus_mismatch_detector,no source-target tactile mismatch estimate
combined_stress,texture_aliasing,cloth_edge_pull,3,84,0.523810,0.127257,0.560102,0.094358,0.231263,0.082343,minus_mismatch_detector,no source-target tactile mismatch estimate
combined_stress,texture_aliasing,cloth_edge_pull,4,84,0.547619,0.127761,0.542831,0.094158,0.231175,0.082718,minus_mismatch_detector,no source-target tactile mismatch estimate
combined_stress,texture_aliasing,cloth_edge_pull,5,84,0.547619,0.128265,0.543569,0.094552,0.231515,0.083093,minus_mismatch_detector,no source-target tactile mismatch estimate
combined_stress,texture_aliasing,cloth_edge_pull,6,84,0.535714,0.128769,0.544307,0.087240,0.232069,0.083468,minus_mismatch_detector,no source-target tactile mismatch estimate
combined_stress,texture_aliasing,cable_threading,0,84,0.523810,0.125020,0.561627,0.092159,0.229547,0.079773,minus_mismatch_detector,no source-target tactile mismatch estimate
combined_stress,texture_aliasing,cable_threading,1,84,0.500000,0.125524,0.562365,0.093148,0.230316,0.080148,minus_mismatch_detector,no source-target tactile mismatch estimate
combined_stress,texture_aliasing,cable_threading,2,84,0.511905,0.126028,0.563103,0.093245,0.230442,0.080523,minus_mismatch_detector,no source-target tactile mismatch estimate
combined_stress,texture_aliasing,cable_threading,3,84,0.523810,0.126532,0.563841,0.093342,0.230567,0.080898,minus_mismatch_detector,no source-target tactile mismatch estimate
combined_stress,texture_aliasing,cable_threading,4,84,0.535714,0.127036,0.564579,0.093439,0.230693,0.081273,minus_mismatch_detector,no source-target tactile mismatch estimate
combined_stress,texture_aliasing,cable_threading,5,84,0.500000,0.127540,0.565317,0.094726,0.231676,0.081648,minus_mismatch_detector,no source-target tactile mismatch estimate
combined_stress,texture_aliasing,cable_threading,6,84,0.619048,0.128044,0.548046,0.092144,0.229873,0.082023,minus_mismatch_detector,no source-target tactile mismatch estimate
combined_stress,texture_aliasing,lid_twist_force_control,0,84,0.607143,0.130064,0.514918,0.085960,0.227363,0.085240,minus_mismatch_detector,no source-target tactile mismatch estimate
combined_stress,texture_aliasing,lid_twist_force_control,1,84,0.595238,0.130616,0.515728,0.086689,0.227950,0.085648,minus_mismatch_detector,no source-target tactile mismatch estimate
combined_stress,texture_aliasing,lid_twist_force_control,2,84,0.559524,0.131168,0.516538,0.088013,0.228965,0.086056,minus_mismatch_detector,no source-target tactile mismatch estimate
combined_stress,texture_aliasing,lid_twist_force_control,3,84,0.500000,0.131720,0.517348,0.089932,0.230408,0.086464,minus_mismatch_detector,no source-target tactile mismatch estimate
combined_stress,texture_aliasing,lid_twist_force_control,4,84,0.642857,0.132272,0.518158,0.086792,0.228209,0.086872,minus_mismatch_detector,no source-target tactile mismatch estimate
combined_stress,texture_aliasing,lid_twist_force_control,5,84,0.523810,0.132824,0.518968,0.090199,0.230723,0.087281,minus_mismatch_detector,no source-target tactile mismatch estimate
combined_stress,texture_aliasing,lid_twist_force_control,6,84,0.595238,0.133376,0.519778,0.088845,0.229810,0.079685,minus_mismatch_detector,no source-target tactile mismatch estimate
combined_stress,taxel_bias,slip_limited_grasp,0,84,0.619048,0.127650,0.543132,0.088677,0.228809,0.081557,minus_mismatch_detector,no source-target tactile mismatch estimate
combined_stress,taxel_bias,slip_limited_grasp,1,84,0.500000,0.128136,0.543843,0.092034,0.231280,0.081920,minus_mismatch_detector,no source-target tactile mismatch estimate
combined_stress,taxel_bias,slip_limited_grasp,2,84,0.571429,0.128622,0.544554,0.090629,0.230322,0.082282,minus_mismatch_detector,no source-target tactile mismatch estimate
combined_stress,taxel_bias,slip_limited_grasp,3,84,0.726190,0.129108,0.545265,0.087140,0.227865,0.082645,minus_mismatch_detector,no source-target tactile mismatch estimate
combined_stress,taxel_bias,slip_limited_grasp,4,84,0.619048,0.129594,0.545976,0.090199,0.230121,0.083008,minus_mismatch_detector,no source-target tactile mismatch estimate
combined_stress,taxel_bias,slip_limited_grasp,5,84,0.547619,0.130080,0.546687,0.092366,0.231735,0.083371,minus_mismatch_detector,no source-target tactile mismatch estimate
combined_stress,taxel_bias,slip_limited_grasp,6,84,0.595238,0.130566,0.547398,0.091556,0.231206,0.083733,minus_mismatch_detector,no source-target tactile mismatch estimate
combined_stress,taxel_bias,peg_in_hole_contact_search,0,84,0.488095,0.125200,0.519349,0.088838,0.232886,0.086390,minus_mismatch_detector,no source-target tactile mismatch estimate
combined_stress,taxel_bias,peg_in_hole_contact_search,1,84,0.595238,0.125734,0.520132,0.086576,0.231318,0.086785,minus_mismatch_detector,no source-target tactile mismatch estimate
combined_stress,taxel_bias,peg_in_hole_contact_search,2,84,0.535714,0.126268,0.520915,0.088482,0.232749,0.087181,minus_mismatch_detector,no source-target tactile mismatch estimate
combined_stress,taxel_bias,peg_in_hole_contact_search,3,84,0.511905,0.126802,0.521698,0.089495,0.233538,0.087577,minus_mismatch_detector,no source-target tactile mismatch estimate
combined_stress,taxel_bias,peg_in_hole_contact_search,4,84,0.583333,0.127336,0.522481,0.088126,0.232612,0.079969,minus_mismatch_detector,no source-target tactile mismatch estimate
combined_stress,taxel_bias,peg_in_hole_contact_search,5,84,0.488095,0.127870,0.523264,0.090925,0.226682,0.080364,minus_mismatch_detector,no source-target tactile mismatch estimate
combined_stress,taxel_bias,peg_in_hole_contact_search,6,84,0.595238,0.128404,0.524047,0.088663,0.225114,0.080760,minus_mismatch_detector,no source-target tactile mismatch estimate
combined_stress,taxel_bias,cloth_edge_pull,0,84,0.523810,0.127139,0.552449,0.087667,0.228707,0.087632,minus_mismatch_detector,no source-target tactile mismatch estimate
combined_stress,taxel_bias,cloth_edge_pull,1,84,0.452381,0.127607,0.553133,0.089819,0.230309,0.087983,minus_mismatch_detector,no source-target tactile mismatch estimate
combined_stress,taxel_bias,cloth_edge_pull,2,84,0.583333,0.128075,0.553817,0.086912,0.228268,0.080329,minus_mismatch_detector,no source-target tactile mismatch estimate
combined_stress,taxel_bias,cloth_edge_pull,3,84,0.547619,0.128543,0.554501,0.088172,0.229227,0.080679,minus_mismatch_detector,no source-target tactile mismatch estimate
combined_stress,taxel_bias,cloth_edge_pull,4,84,0.488095,0.129011,0.555185,0.090027,0.230614,0.081029,minus_mismatch_detector,no source-target tactile mismatch estimate
combined_stress,taxel_bias,cloth_edge_pull,5,84,0.702381,0.129479,0.555869,0.085036,0.227073,0.081380,minus_mismatch_detector,no source-target tactile mismatch estimate
combined_stress,taxel_bias,cloth_edge_pull,6,84,0.488095,0.129947,0.556553,0.090760,0.231246,0.081730,minus_mismatch_detector,no source-target tactile mismatch estimate
combined_stress,taxel_bias,cable_threading,0,84,0.500000,0.127494,0.557808,0.088073,0.229160,0.086931,minus_mismatch_detector,no source-target tactile mismatch estimate
combined_stress,taxel_bias,cable_threading,1,84,0.523810,0.127962,0.558492,0.087845,0.229047,0.087282,minus_mismatch_detector,no source-target tactile mismatch estimate
combined_stress,taxel_bias,cable_threading,2,84,0.523810,0.128430,0.559176,0.088212,0.229363,0.087632,minus_mismatch_detector,no source-target tactile mismatch estimate
combined_stress,taxel_bias,cable_threading,3,84,0.535714,0.128898,0.559860,0.088281,0.229465,0.087982,minus_mismatch_detector,no source-target tactile mismatch estimate
combined_stress,taxel_bias,cable_threading,4,84,0.571429,0.129366,0.560544,0.087755,0.229138,0.080328,minus_mismatch_detector,no source-target tactile mismatch estimate
combined_stress,taxel_bias,cable_threading,5,84,0.511905,0.129834,0.561228,0.089610,0.230526,0.080679,minus_mismatch_detector,no source-target tactile mismatch estimate
combined_stress,taxel_bias,cable_threading,6,84,0.547619,0.130302,0.561912,0.089084,0.230199,0.081029,minus_mismatch_detector,no source-target tactile mismatch estimate
combined_stress,taxel_bias,lid_twist_force_control,0,84,0.666667,0.123538,0.515608,0.088899,0.227480,0.086200,minus_mismatch_detector,no source-target tactile mismatch estimate
combined_stress,taxel_bias,lid_twist_force_control,1,84,0.571429,0.124054,0.516364,0.091684,0.229542,0.086584,minus_mismatch_detector,no source-target tactile mismatch estimate
combined_stress,taxel_bias,lid_twist_force_control,2,84,0.630952,0.124570,0.517120,0.090599,0.228819,0.086967,minus_mismatch_detector,no source-target tactile mismatch estimate
combined_stress,taxel_bias,lid_twist_force_control,3,84,0.607143,0.125086,0.517876,0.091598,0.229595,0.087350,minus_mismatch_detector,no source-target tactile mismatch estimate
combined_stress,taxel_bias,lid_twist_force_control,4,84,0.654762,0.125602,0.518632,0.090811,0.229086,0.087734,minus_mismatch_detector,no source-target tactile mismatch estimate
combined_stress,taxel_bias,lid_twist_force_control,5,84,0.607143,0.126118,0.519388,0.084401,0.230291,0.080113,minus_mismatch_detector,no source-target tactile mismatch estimate
combined_stress,taxel_bias,lid_twist_force_control,6,84,0.559524,0.126634,0.520144,0.085995,0.231497,0.080496,minus_mismatch_detector,no source-target tactile mismatch estimate
combined_stress,transient_shear_spike,slip_limited_grasp,0,84,0.619048,0.136356,0.536819,0.095379,0.227489,0.084909,minus_mismatch_detector,no source-target tactile mismatch estimate
combined_stress,transient_shear_spike,slip_limited_grasp,1,84,0.630952,0.136908,0.537629,0.095513,0.227647,0.085317,minus_mismatch_detector,no source-target tactile mismatch estimate
combined_stress,transient_shear_spike,slip_limited_grasp,2,84,0.571429,0.137460,0.538439,0.097432,0.229090,0.085725,minus_mismatch_detector,no source-target tactile mismatch estimate
combined_stress,transient_shear_spike,slip_limited_grasp,3,84,0.571429,0.138012,0.539249,0.097863,0.229462,0.086133,minus_mismatch_detector,no source-target tactile mismatch estimate
combined_stress,transient_shear_spike,slip_limited_grasp,4,84,0.559524,0.138564,0.540059,0.090588,0.230049,0.086541,minus_mismatch_detector,no source-target tactile mismatch estimate
combined_stress,transient_shear_spike,slip_limited_grasp,5,84,0.619048,0.139116,0.540869,0.089531,0.229349,0.086949,minus_mismatch_detector,no source-target tactile mismatch estimate
combined_stress,transient_shear_spike,slip_limited_grasp,6,84,0.642857,0.139668,0.541679,0.089367,0.229293,0.087357,minus_mismatch_detector,no source-target tactile mismatch estimate
combined_stress,transient_shear_spike,peg_in_hole_contact_search,0,84,0.523810,0.138549,0.520002,0.098208,0.234019,0.084935,minus_mismatch_detector,no source-target tactile mismatch estimate
combined_stress,transient_shear_spike,peg_in_hole_contact_search,1,84,0.559524,0.139149,0.520884,0.097783,0.233781,0.085376,minus_mismatch_detector,no source-target tactile mismatch estimate
combined_stress,transient_shear_spike,peg_in_hole_contact_search,2,84,0.619048,0.139749,0.521766,0.096763,0.233113,0.085818,minus_mismatch_detector,no source-target tactile mismatch estimate
combined_stress,transient_shear_spike,peg_in_hole_contact_search,3,84,0.488095,0.140349,0.522648,0.092501,0.235874,0.086259,minus_mismatch_detector,no source-target tactile mismatch estimate
combined_stress,transient_shear_spike,peg_in_hole_contact_search,4,84,0.571429,0.140949,0.523530,0.090885,0.226774,0.086700,minus_mismatch_detector,no source-target tactile mismatch estimate
combined_stress,transient_shear_spike,peg_in_hole_contact_search,5,84,0.535714,0.141549,0.524412,0.092246,0.227821,0.087141,minus_mismatch_detector,no source-target tactile mismatch estimate
combined_stress,transient_shear_spike,peg_in_hole_contact_search,6,84,0.488095,0.130143,0.525294,0.092704,0.229082,0.087318,minus_mismatch_detector,no source-target tactile mismatch estimate
combined_stress,transient_shear_spike,cloth_edge_pull,0,84,0.619048,0.137615,0.548791,0.093345,0.226853,0.084199,minus_mismatch_detector,no source-target tactile mismatch estimate
combined_stress,transient_shear_spike,cloth_edge_pull,1,84,0.511905,0.138149,0.549574,0.096441,0.229142,0.084594,minus_mismatch_detector,no source-target tactile mismatch estimate
combined_stress,transient_shear_spike,cloth_edge_pull,2,84,0.464286,0.138683,0.550357,0.098049,0.230359,0.084990,minus_mismatch_detector,no source-target tactile mismatch estimate
combined_stress,transient_shear_spike,cloth_edge_pull,3,84,0.523810,0.139217,0.551140,0.096978,0.229647,0.085386,minus_mismatch_detector,no source-target tactile mismatch estimate
combined_stress,transient_shear_spike,cloth_edge_pull,4,84,0.547619,0.139751,0.551923,0.096801,0.229579,0.085782,minus_mismatch_detector,no source-target tactile mismatch estimate
combined_stress,transient_shear_spike,cloth_edge_pull,5,84,0.559524,0.140285,0.552706,0.096920,0.229725,0.086177,minus_mismatch_detector,no source-target tactile mismatch estimate
combined_stress,transient_shear_spike,cloth_edge_pull,6,84,0.571429,0.140819,0.553489,0.097040,0.229870,0.086573,minus_mismatch_detector,no source-target tactile mismatch estimate
combined_stress,transient_shear_spike,cable_threading,0,84,0.595238,0.135990,0.551180,0.092234,0.233990,0.082134,minus_mismatch_detector,no source-target tactile mismatch estimate
combined_stress,transient_shear_spike,cable_threading,1,84,0.488095,0.136524,0.551963,0.095330,0.236278,0.082530,minus_mismatch_detector,no source-target tactile mismatch estimate
combined_stress,transient_shear_spike,cable_threading,2,84,0.464286,0.137058,0.552746,0.096343,0.229063,0.082926,minus_mismatch_detector,no source-target tactile mismatch estimate
combined_stress,transient_shear_spike,cable_threading,3,84,0.595238,0.137592,0.553529,0.093486,0.227066,0.083321,minus_mismatch_detector,no source-target tactile mismatch estimate
combined_stress,transient_shear_spike,cable_threading,4,84,0.523810,0.138126,0.554312,0.095689,0.228711,0.083717,minus_mismatch_detector,no source-target tactile mismatch estimate
combined_stress,transient_shear_spike,cable_threading,5,84,0.511905,0.138660,0.555095,0.096404,0.229286,0.084113,minus_mismatch_detector,no source-target tactile mismatch estimate
combined_stress,transient_shear_spike,cable_threading,6,84,0.535714,0.139194,0.555878,0.096226,0.229217,0.084509,minus_mismatch_detector,no source-target tactile mismatch estimate
combined_stress,transient_shear_spike,lid_twist_force_control,0,84,0.547619,0.132526,0.509718,0.090790,0.228491,0.081742,minus_mismatch_detector,no source-target tactile mismatch estimate
combined_stress,transient_shear_spike,lid_twist_force_control,1,84,0.607143,0.133108,0.510573,0.089756,0.227811,0.082171,minus_mismatch_detector,no source-target tactile mismatch estimate
combined_stress,transient_shear_spike,lid_twist_force_control,2,84,0.607143,0.133690,0.511428,0.090210,0.228203,0.082600,minus_mismatch_detector,no source-target tactile mismatch estimate
combined_stress,transient_shear_spike,lid_twist_force_control,3,84,0.642857,0.134272,0.512283,0.089772,0.227953,0.083028,minus_mismatch_detector,no source-target tactile mismatch estimate
combined_stress,transient_shear_spike,lid_twist_force_control,4,84,0.547619,0.134854,0.513138,0.092607,0.230059,0.083457,minus_mismatch_detector,no source-target tactile mismatch estimate
combined_stress,transient_shear_spike,lid_twist_force_control,5,84,0.511905,0.135436,0.513993,0.093954,0.231094,0.083886,minus_mismatch_detector,no source-target tactile mismatch estimate
combined_stress,transient_shear_spike,lid_twist_force_control,6,84,0.607143,0.136018,0.514848,0.092027,0.229771,0.084315,minus_mismatch_detector,no source-target tactile mismatch estimate
combined_stress,compound_contact_shift,slip_limited_grasp,0,84,0.583333,0.147257,0.542895,0.101838,0.229952,0.089184,minus_mismatch_detector,no source-target tactile mismatch estimate
combined_stress,compound_contact_shift,slip_limited_grasp,1,84,0.500000,0.147815,0.543714,0.104358,0.231828,0.089597,minus_mismatch_detector,no source-target tactile mismatch estimate
combined_stress,compound_contact_shift,slip_limited_grasp,2,84,0.619048,0.148373,0.544533,0.101817,0.230061,0.090009,minus_mismatch_detector,no source-target tactile mismatch estimate
combined_stress,compound_contact_shift,slip_limited_grasp,3,84,0.595238,0.148931,0.527343,0.102848,0.230866,0.090421,minus_mismatch_detector,no source-target tactile mismatch estimate
combined_stress,compound_contact_shift,slip_limited_grasp,4,84,0.452381,0.149489,0.528162,0.106855,0.233813,0.090834,minus_mismatch_detector,no source-target tactile mismatch estimate
combined_stress,compound_contact_shift,slip_limited_grasp,5,84,0.619048,0.150047,0.528981,0.095121,0.231189,0.091246,minus_mismatch_detector,no source-target tactile mismatch estimate
combined_stress,compound_contact_shift,slip_limited_grasp,6,84,0.583333,0.150605,0.529800,0.096449,0.232208,0.091658,minus_mismatch_detector,no source-target tactile mismatch estimate
combined_stress,compound_contact_shift,peg_in_hole_contact_search,0,84,0.535714,0.154238,0.515251,0.099143,0.230813,0.084504,minus_mismatch_detector,no source-target tactile mismatch estimate
combined_stress,compound_contact_shift,peg_in_hole_contact_search,1,84,0.500000,0.154844,0.516142,0.100508,0.231864,0.084950,minus_mismatch_detector,no source-target tactile mismatch estimate
combined_stress,compound_contact_shift,peg_in_hole_contact_search,2,84,0.571429,0.143444,0.517033,0.097995,0.230986,0.085131,minus_mismatch_detector,no source-target tactile mismatch estimate
combined_stress,compound_contact_shift,peg_in_hole_contact_search,3,84,0.464286,0.144050,0.517924,0.101146,0.233323,0.085576,minus_mismatch_detector,no source-target tactile mismatch estimate
combined_stress,compound_contact_shift,peg_in_hole_contact_search,4,84,0.488095,0.144656,0.518815,0.101023,0.233302,0.086022,minus_mismatch_detector,no source-target tactile mismatch estimate
combined_stress,compound_contact_shift,peg_in_hole_contact_search,5,84,0.488095,0.145262,0.519706,0.101496,0.233710,0.086467,minus_mismatch_detector,no source-target tactile mismatch estimate
combined_stress,compound_contact_shift,peg_in_hole_contact_search,6,84,0.511905,0.145868,0.502588,0.101373,0.233690,0.086912,minus_mismatch_detector,no source-target tactile mismatch estimate
combined_stress,compound_contact_shift,cloth_edge_pull,0,84,0.488095,0.146494,0.533825,0.100635,0.237686,0.087082,minus_mismatch_detector,no source-target tactile mismatch estimate
combined_stress,compound_contact_shift,cloth_edge_pull,1,84,0.559524,0.147034,0.534617,0.099271,0.236765,0.087482,minus_mismatch_detector,no source-target tactile mismatch estimate
combined_stress,compound_contact_shift,cloth_edge_pull,2,84,0.500000,0.147574,0.535409,0.101181,0.238200,0.087882,minus_mismatch_detector,no source-target tactile mismatch estimate
combined_stress,compound_contact_shift,cloth_edge_pull,3,84,0.535714,0.148114,0.536201,0.100711,0.237921,0.088282,minus_mismatch_detector,no source-target tactile mismatch estimate
combined_stress,compound_contact_shift,cloth_edge_pull,4,84,0.488095,0.148654,0.536993,0.102323,0.239142,0.088682,minus_mismatch_detector,no source-target tactile mismatch estimate
combined_stress,compound_contact_shift,cloth_edge_pull,5,84,0.428571,0.149194,0.537785,0.104233,0.232574,0.089081,minus_mismatch_detector,no source-target tactile mismatch estimate
combined_stress,compound_contact_shift,cloth_edge_pull,6,84,0.392857,0.149734,0.538577,0.105548,0.233581,0.089481,minus_mismatch_detector,no source-target tactile mismatch estimate
combined_stress,compound_contact_shift,cable_threading,0,84,0.416667,0.144689,0.553953,0.100576,0.237556,0.084894,minus_mismatch_detector,no source-target tactile mismatch estimate
combined_stress,compound_contact_shift,cable_threading,1,84,0.464286,0.145229,0.536736,0.099808,0.237063,0.085293,minus_mismatch_detector,no source-target tactile mismatch estimate
combined_stress,compound_contact_shift,cable_threading,2,84,0.404762,0.145769,0.537528,0.101718,0.238498,0.085693,minus_mismatch_detector,no source-target tactile mismatch estimate
combined_stress,compound_contact_shift,cable_threading,3,84,0.523810,0.146309,0.538320,0.099164,0.236719,0.086093,minus_mismatch_detector,no source-target tactile mismatch estimate
combined_stress,compound_contact_shift,cable_threading,4,84,0.476190,0.146849,0.539112,0.100776,0.237941,0.086493,minus_mismatch_detector,no source-target tactile mismatch estimate
combined_stress,compound_contact_shift,cable_threading,5,84,0.440476,0.147389,0.539904,0.102091,0.238947,0.086893,minus_mismatch_detector,no source-target tactile mismatch estimate
combined_stress,compound_contact_shift,cable_threading,6,84,0.452381,0.147929,0.540696,0.102215,0.239097,0.087293,minus_mismatch_detector,no source-target tactile mismatch estimate
combined_stress,compound_contact_shift,lid_twist_force_control,0,84,0.511905,0.146727,0.502735,0.099779,0.233154,0.088290,minus_mismatch_detector,no source-target tactile mismatch estimate
combined_stress,compound_contact_shift,lid_twist_force_control,1,84,0.511905,0.147315,0.503599,0.100238,0.233550,0.088723,minus_mismatch_detector,no source-target tactile mismatch estimate
combined_stress,compound_contact_shift,lid_twist_force_control,2,84,0.619048,0.147903,0.504463,0.098018,0.232017,0.089156,minus_mismatch_detector,no source-target tactile mismatch estimate
combined_stress,compound_contact_shift,lid_twist_force_control,3,84,0.535714,0.148491,0.505327,0.100560,0.233913,0.089589,minus_mismatch_detector,no source-target tactile mismatch estimate
combined_stress,compound_contact_shift,lid_twist_force_control,4,84,0.511905,0.149079,0.506191,0.101614,0.234738,0.090022,minus_mismatch_detector,no source-target tactile mismatch estimate
combined_stress,compound_contact_shift,lid_twist_force_control,5,84,0.619048,0.149667,0.507055,0.099395,0.233205,0.090455,minus_mismatch_detector,no source-target tactile mismatch estimate
combined_stress,compound_contact_shift,lid_twist_force_control,6,84,0.630952,0.150255,0.507919,0.099556,0.233387,0.090888,minus_mismatch_detector,no source-target tactile mismatch estimate
combined_stress,source_matched,slip_limited_grasp,0,84,0.738095,0.090605,0.578177,0.065636,0.227138,0.079118,minus_action_critical_mask,"uses all tactile channels, including non-action-critical ones"
combined_stress,source_matched,slip_limited_grasp,1,84,0.630952,0.091133,0.578951,0.068727,0.221419,0.079510,minus_action_critical_mask,"uses all tactile channels, including non-action-critical ones"
combined_stress,source_matched,slip_limited_grasp,2,84,0.642857,0.091661,0.579725,0.068843,0.221561,0.079901,minus_action_critical_mask,"uses all tactile channels, including non-action-critical ones"
combined_stress,source_matched,slip_limited_grasp,3,84,0.761905,0.092189,0.580499,0.066279,0.219774,0.080293,minus_action_critical_mask,"uses all tactile channels, including non-action-critical ones"
combined_stress,source_matched,slip_limited_grasp,4,84,0.642857,0.092717,0.581273,0.069668,0.222273,0.080685,minus_action_critical_mask,"uses all tactile channels, including non-action-critical ones"
combined_stress,source_matched,slip_limited_grasp,5,84,0.726190,0.093245,0.582047,0.067998,0.221129,0.081076,minus_action_critical_mask,"uses all tactile channels, including non-action-critical ones"
combined_stress,source_matched,slip_limited_grasp,6,84,0.690476,0.093773,0.582821,0.069303,0.222127,0.073464,minus_action_critical_mask,"uses all tactile channels, including non-action-critical ones"
combined_stress,source_matched,peg_in_hole_contact_search,0,84,0.630952,0.085716,0.550641,0.071294,0.229119,0.074225,minus_action_critical_mask,"uses all tactile channels, including non-action-critical ones"
combined_stress,source_matched,peg_in_hole_contact_search,1,84,0.630952,0.086292,0.551487,0.071743,0.221503,0.074650,minus_action_critical_mask,"uses all tactile channels, including non-action-critical ones"
combined_stress,source_matched,peg_in_hole_contact_search,2,84,0.642857,0.086868,0.552333,0.071895,0.221677,0.075074,minus_action_critical_mask,"uses all tactile channels, including non-action-critical ones"
combined_stress,source_matched,peg_in_hole_contact_search,3,84,0.654762,0.087444,0.553179,0.072047,0.221850,0.075499,minus_action_critical_mask,"uses all tactile channels, including non-action-critical ones"
combined_stress,source_matched,peg_in_hole_contact_search,4,84,0.678571,0.088020,0.554025,0.071902,0.221810,0.075924,minus_action_critical_mask,"uses all tactile channels, including non-action-critical ones"
combined_stress,source_matched,peg_in_hole_contact_search,5,84,0.583333,0.088596,0.554871,0.066728,0.223912,0.076348,minus_action_critical_mask,"uses all tactile channels, including non-action-critical ones"
combined_stress,source_matched,peg_in_hole_contact_search,6,84,0.607143,0.089172,0.555717,0.066583,0.223871,0.076773,minus_action_critical_mask,"uses all tactile channels, including non-action-critical ones"
combined_stress,source_matched,cloth_edge_pull,0,84,0.726190,0.087895,0.584272,0.068895,0.224105,0.075709,minus_action_critical_mask,"uses all tactile channels, including non-action-critical ones"
combined_stress,source_matched,cloth_edge_pull,1,84,0.714286,0.088405,0.585019,0.069591,0.224663,0.076088,minus_action_critical_mask,"uses all tactile channels, including non-action-critical ones"
combined_stress,source_matched,cloth_edge_pull,2,84,0.666667,0.088915,0.585766,0.071181,0.225864,0.076467,minus_action_critical_mask,"uses all tactile channels, including non-action-critical ones"
combined_stress,source_matched,cloth_edge_pull,3,84,0.702381,0.089425,0.586513,0.070687,0.225565,0.076847,minus_action_critical_mask,"uses all tactile channels, including non-action-critical ones"
combined_stress,source_matched,cloth_edge_pull,4,84,0.571429,0.089935,0.587260,0.074360,0.228266,0.077226,minus_action_critical_mask,"uses all tactile channels, including non-action-critical ones"
combined_stress,source_matched,cloth_edge_pull,5,84,0.595238,0.090445,0.588007,0.074164,0.228182,0.077605,minus_action_critical_mask,"uses all tactile channels, including non-action-critical ones"
combined_stress,source_matched,cloth_edge_pull,6,84,0.523810,0.090955,0.588754,0.068344,0.229811,0.077984,minus_action_critical_mask,"uses all tactile channels, including non-action-critical ones"
combined_stress,source_matched,cable_threading,0,84,0.500000,0.086954,0.587741,0.073391,0.227360,0.074139,minus_action_critical_mask,"uses all tactile channels, including non-action-critical ones"
combined_stress,source_matched,cable_threading,1,84,0.500000,0.087464,0.588488,0.073790,0.227704,0.074519,minus_action_critical_mask,"uses all tactile channels, including non-action-critical ones"
combined_stress,source_matched,cable_threading,2,84,0.642857,0.087974,0.589235,0.070618,0.225477,0.074898,minus_action_critical_mask,"uses all tactile channels, including non-action-critical ones"
combined_stress,source_matched,cable_threading,3,84,0.607143,0.088484,0.589982,0.071910,0.226463,0.075277,minus_action_critical_mask,"uses all tactile channels, including non-action-critical ones"
combined_stress,source_matched,cable_threading,4,84,0.678571,0.088994,0.590729,0.070523,0.225522,0.075656,minus_action_critical_mask,"uses all tactile channels, including non-action-critical ones"
combined_stress,source_matched,cable_threading,5,84,0.690476,0.089504,0.591476,0.070624,0.225651,0.076035,minus_action_critical_mask,"uses all tactile channels, including non-action-critical ones"
combined_stress,source_matched,cable_threading,6,84,0.452381,0.090014,0.592223,0.076976,0.230281,0.076415,minus_action_critical_mask,"uses all tactile channels, including non-action-critical ones"
combined_stress,source_matched,lid_twist_force_control,0,84,0.690476,0.085608,0.549285,0.067543,0.226915,0.075130,minus_action_critical_mask,"uses all tactile channels, including non-action-critical ones"
combined_stress,source_matched,lid_twist_force_control,1,84,0.690476,0.086166,0.550104,0.067979,0.227291,0.075542,minus_action_critical_mask,"uses all tactile channels, including non-action-critical ones"
combined_stress,source_matched,lid_twist_force_control,2,84,0.666667,0.086724,0.550923,0.069010,0.228096,0.075954,minus_action_critical_mask,"uses all tactile channels, including non-action-critical ones"
combined_stress,source_matched,lid_twist_force_control,3,84,0.761905,0.087282,0.551742,0.067065,0.226758,0.076367,minus_action_critical_mask,"uses all tactile channels, including non-action-critical ones"
combined_stress,source_matched,lid_twist_force_control,4,84,0.714286,0.087840,0.552561,0.068691,0.219987,0.076779,minus_action_critical_mask,"uses all tactile channels, including non-action-critical ones"
combined_stress,source_matched,lid_twist_force_control,5,84,0.630952,0.088398,0.553380,0.071210,0.221863,0.077191,minus_action_critical_mask,"uses all tactile channels, including non-action-critical ones"
combined_stress,source_matched,lid_twist_force_control,6,84,0.678571,0.088956,0.554199,0.070455,0.221382,0.077603,minus_action_critical_mask,"uses all tactile channels, including non-action-critical ones"
combined_stress,low_friction,slip_limited_grasp,0,84,0.666667,0.104659,0.571418,0.072615,0.230664,0.076915,minus_action_critical_mask,"uses all tactile channels, including non-action-critical ones"
combined_stress,low_friction,slip_limited_grasp,1,84,0.666667,0.105175,0.572174,0.073019,0.231012,0.077299,minus_action_critical_mask,"uses all tactile channels, including non-action-critical ones"
combined_stress,low_friction,slip_limited_grasp,2,84,0.702381,0.105691,0.572930,0.072530,0.230717,0.077682,minus_action_critical_mask,"uses all tactile channels, including non-action-critical ones"
combined_stress,low_friction,slip_limited_grasp,3,84,0.607143,0.106207,0.573686,0.075314,0.232779,0.078065,minus_action_critical_mask,"uses all tactile channels, including non-action-critical ones"
combined_stress,low_friction,slip_limited_grasp,4,84,0.702381,0.106723,0.574442,0.073337,0.231413,0.078449,minus_action_critical_mask,"uses all tactile channels, including non-action-critical ones"
combined_stress,low_friction,slip_limited_grasp,5,84,0.642857,0.107239,0.575198,0.075228,0.224829,0.078832,minus_action_critical_mask,"uses all tactile channels, including non-action-critical ones"
combined_stress,low_friction,slip_limited_grasp,6,84,0.607143,0.107755,0.557945,0.076525,0.225819,0.079215,minus_action_critical_mask,"uses all tactile channels, including non-action-critical ones"
combined_stress,low_friction,peg_in_hole_contact_search,0,84,0.666667,0.102200,0.547527,0.077457,0.224332,0.081700,minus_action_critical_mask,"uses all tactile channels, including non-action-critical ones"
combined_stress,low_friction,peg_in_hole_contact_search,1,84,0.619048,0.102764,0.548355,0.079088,0.225569,0.082116,minus_action_critical_mask,"uses all tactile channels, including non-action-critical ones"
combined_stress,low_friction,peg_in_hole_contact_search,2,84,0.642857,0.103328,0.549183,0.078933,0.225521,0.082532,minus_action_critical_mask,"uses all tactile channels, including non-action-critical ones"
combined_stress,low_friction,peg_in_hole_contact_search,3,84,0.654762,0.103892,0.550011,0.079076,0.225686,0.082949,minus_action_critical_mask,"uses all tactile channels, including non-action-critical ones"
combined_stress,low_friction,peg_in_hole_contact_search,4,84,0.630952,0.104456,0.550839,0.080112,0.226495,0.083365,minus_action_critical_mask,"uses all tactile channels, including non-action-critical ones"
combined_stress,low_friction,peg_in_hole_contact_search,5,84,0.630952,0.105020,0.533658,0.080552,0.226875,0.083782,minus_action_critical_mask,"uses all tactile channels, including non-action-critical ones"
combined_stress,low_friction,peg_in_hole_contact_search,6,84,0.607143,0.105584,0.534486,0.073584,0.227683,0.084198,minus_action_critical_mask,"uses all tactile channels, including non-action-critical ones"
combined_stress,low_friction,cloth_edge_pull,0,84,0.559524,0.105994,0.565570,0.081355,0.232041,0.084295,minus_action_critical_mask,"uses all tactile channels, including non-action-critical ones"
combined_stress,low_friction,cloth_edge_pull,1,84,0.500000,0.106492,0.566299,0.083233,0.233448,0.084666,minus_action_critical_mask,"uses all tactile channels, including non-action-critical ones"
combined_stress,low_friction,cloth_edge_pull,2,84,0.619048,0.106990,0.567028,0.080647,0.231641,0.077033,minus_action_critical_mask,"uses all tactile channels, including non-action-critical ones"
combined_stress,low_friction,cloth_edge_pull,3,84,0.714286,0.107488,0.567757,0.078656,0.230263,0.077404,minus_action_critical_mask,"uses all tactile channels, including non-action-critical ones"
combined_stress,low_friction,cloth_edge_pull,4,84,0.595238,0.107986,0.568486,0.074018,0.232742,0.077775,minus_action_critical_mask,"uses all tactile channels, including non-action-critical ones"
combined_stress,low_friction,cloth_edge_pull,5,84,0.642857,0.108484,0.569215,0.073217,0.232221,0.078146,minus_action_critical_mask,"uses all tactile channels, including non-action-critical ones"
combined_stress,low_friction,cloth_edge_pull,6,84,0.571429,0.108982,0.569944,0.075392,0.233842,0.078517,minus_action_critical_mask,"uses all tactile channels, including non-action-critical ones"
combined_stress,low_friction,cable_threading,0,84,0.428571,0.105412,0.569579,0.083747,0.233822,0.082973,minus_action_critical_mask,"uses all tactile channels, including non-action-critical ones"
combined_stress,low_friction,cable_threading,1,84,0.607143,0.105910,0.570308,0.079672,0.230943,0.083344,minus_action_critical_mask,"uses all tactile channels, including non-action-critical ones"
combined_stress,low_friction,cable_threading,2,84,0.511905,0.106408,0.571037,0.082443,0.232994,0.083715,minus_action_critical_mask,"uses all tactile channels, including non-action-critical ones"
combined_stress,low_friction,cable_threading,3,84,0.583333,0.106906,0.571766,0.081047,0.232044,0.084086,minus_action_critical_mask,"uses all tactile channels, including non-action-critical ones"
combined_stress,low_friction,cable_threading,4,84,0.547619,0.107404,0.572495,0.082330,0.233023,0.084457,minus_action_critical_mask,"uses all tactile channels, including non-action-critical ones"
combined_stress,low_friction,cable_threading,5,84,0.476190,0.107902,0.573224,0.084505,0.234645,0.084828,minus_action_critical_mask,"uses all tactile channels, including non-action-critical ones"
combined_stress,low_friction,cable_threading,6,84,0.500000,0.108400,0.573953,0.084300,0.234552,0.077195,minus_action_critical_mask,"uses all tactile channels, including non-action-critical ones"
combined_stress,low_friction,lid_twist_force_control,0,84,0.547619,0.105069,0.532626,0.080452,0.227327,0.076650,minus_action_critical_mask,"uses all tactile channels, including non-action-critical ones"
combined_stress,low_friction,lid_twist_force_control,1,84,0.607143,0.105615,0.533427,0.079391,0.226623,0.077054,minus_action_critical_mask,"uses all tactile channels, including non-action-critical ones"
combined_stress,low_friction,lid_twist_force_control,2,84,0.642857,0.106161,0.534228,0.078925,0.226349,0.077458,minus_action_critical_mask,"uses all tactile channels, including non-action-critical ones"
combined_stress,low_friction,lid_twist_force_control,3,84,0.547619,0.106707,0.535029,0.081732,0.228431,0.077862,minus_action_critical_mask,"uses all tactile channels, including non-action-critical ones"
combined_stress,low_friction,lid_twist_force_control,4,84,0.595238,0.107253,0.535830,0.080968,0.227942,0.078266,minus_action_critical_mask,"uses all tactile channels, including non-action-critical ones"
combined_stress,low_friction,lid_twist_force_control,5,84,0.690476,0.107799,0.536631,0.079014,0.226595,0.078670,minus_action_critical_mask,"uses all tactile channels, including non-action-critical ones"
combined_stress,low_friction,lid_twist_force_control,6,84,0.690476,0.108345,0.537432,0.079441,0.226963,0.079074,minus_action_critical_mask,"uses all tactile channels, including non-action-critical ones"
combined_stress,soft_compliance,slip_limited_grasp,0,84,0.750000,0.106940,0.561681,0.073408,0.230372,0.085153,minus_action_critical_mask,"uses all tactile channels, including non-action-critical ones"
combined_stress,soft_compliance,slip_limited_grasp,1,84,0.595238,0.107474,0.562464,0.077694,0.233518,0.085549,minus_action_critical_mask,"uses all tactile channels, including non-action-critical ones"
combined_stress,soft_compliance,slip_limited_grasp,2,84,0.642857,0.108008,0.563247,0.076921,0.233021,0.077941,minus_action_critical_mask,"uses all tactile channels, including non-action-critical ones"
combined_stress,soft_compliance,slip_limited_grasp,3,84,0.583333,0.108542,0.564030,0.078827,0.234452,0.078337,minus_action_critical_mask,"uses all tactile channels, including non-action-critical ones"
combined_stress,soft_compliance,slip_limited_grasp,4,84,0.583333,0.109076,0.564813,0.079244,0.234812,0.078732,minus_action_critical_mask,"uses all tactile channels, including non-action-critical ones"
combined_stress,soft_compliance,slip_limited_grasp,5,84,0.666667,0.109610,0.565596,0.077578,0.225668,0.079128,minus_action_critical_mask,"uses all tactile channels, including non-action-critical ones"
combined_stress,soft_compliance,slip_limited_grasp,6,84,0.666667,0.110144,0.566379,0.077996,0.226028,0.079524,minus_action_critical_mask,"uses all tactile channels, including non-action-critical ones"
combined_stress,soft_compliance,peg_in_hole_contact_search,0,84,0.595238,0.106839,0.541327,0.075923,0.228398,0.083558,minus_action_critical_mask,"uses all tactile channels, including non-action-critical ones"
combined_stress,soft_compliance,peg_in_hole_contact_search,1,84,0.559524,0.107421,0.542182,0.077270,0.229433,0.083986,minus_action_critical_mask,"uses all tactile channels, including non-action-critical ones"
combined_stress,soft_compliance,peg_in_hole_contact_search,2,84,0.619048,0.108003,0.543037,0.076236,0.228753,0.084415,minus_action_critical_mask,"uses all tactile channels, including non-action-critical ones"
combined_stress,soft_compliance,peg_in_hole_contact_search,3,84,0.595238,0.108585,0.543892,0.077286,0.229574,0.084844,minus_action_critical_mask,"uses all tactile channels, including non-action-critical ones"
combined_stress,soft_compliance,peg_in_hole_contact_search,4,84,0.678571,0.109167,0.544747,0.075656,0.228466,0.085273,minus_action_critical_mask,"uses all tactile channels, including non-action-critical ones"
combined_stress,soft_compliance,peg_in_hole_contact_search,5,84,0.642857,0.109749,0.545602,0.077003,0.229501,0.077698,minus_action_critical_mask,"uses all tactile channels, including non-action-critical ones"
combined_stress,soft_compliance,peg_in_hole_contact_search,6,84,0.559524,0.110331,0.546457,0.079541,0.231393,0.078126,minus_action_critical_mask,"uses all tactile channels, including non-action-critical ones"
combined_stress,soft_compliance,cloth_edge_pull,0,84,0.535714,0.114215,0.564743,0.081377,0.229633,0.080616,minus_action_critical_mask,"uses all tactile channels, including non-action-critical ones"
combined_stress,soft_compliance,cloth_edge_pull,1,84,0.654762,0.114731,0.565499,0.078804,0.227838,0.080999,minus_action_critical_mask,"uses all tactile channels, including non-action-critical ones"
combined_stress,soft_compliance,cloth_edge_pull,2,84,0.607143,0.115247,0.566255,0.080398,0.229043,0.081383,minus_action_critical_mask,"uses all tactile channels, including non-action-critical ones"
combined_stress,soft_compliance,cloth_edge_pull,3,84,0.452381,0.115763,0.567011,0.084671,0.232177,0.081766,minus_action_critical_mask,"uses all tactile channels, including non-action-critical ones"
combined_stress,soft_compliance,cloth_edge_pull,4,84,0.619048,0.104273,0.567767,0.079707,0.229525,0.081885,minus_action_critical_mask,"uses all tactile channels, including non-action-critical ones"
combined_stress,soft_compliance,cloth_edge_pull,5,84,0.571429,0.104789,0.568523,0.081301,0.230730,0.082269,minus_action_critical_mask,"uses all tactile channels, including non-action-critical ones"
combined_stress,soft_compliance,cloth_edge_pull,6,84,0.464286,0.105305,0.569279,0.084383,0.233007,0.082652,minus_action_critical_mask,"uses all tactile channels, including non-action-critical ones"
combined_stress,soft_compliance,cable_threading,0,84,0.654762,0.113093,0.567942,0.077104,0.226554,0.078922,minus_action_critical_mask,"uses all tactile channels, including non-action-critical ones"
combined_stress,soft_compliance,cable_threading,1,84,0.547619,0.113609,0.568698,0.080186,0.228831,0.079306,minus_action_critical_mask,"uses all tactile channels, including non-action-critical ones"
combined_stress,soft_compliance,cable_threading,2,84,0.642857,0.114125,0.569454,0.078209,0.227465,0.079689,minus_action_critical_mask,"uses all tactile channels, including non-action-critical ones"
combined_stress,soft_compliance,cable_threading,3,84,0.511905,0.114641,0.570210,0.081886,0.230170,0.080073,minus_action_critical_mask,"uses all tactile channels, including non-action-critical ones"
combined_stress,soft_compliance,cable_threading,4,84,0.511905,0.115157,0.570966,0.082290,0.230518,0.080456,minus_action_critical_mask,"uses all tactile channels, including non-action-critical ones"
combined_stress,soft_compliance,cable_threading,5,84,0.535714,0.115673,0.571722,0.082098,0.230437,0.080839,minus_action_critical_mask,"uses all tactile channels, including non-action-critical ones"
combined_stress,soft_compliance,cable_threading,6,84,0.559524,0.116189,0.572478,0.081907,0.230357,0.081223,minus_action_critical_mask,"uses all tactile channels, including non-action-critical ones"
combined_stress,soft_compliance,lid_twist_force_control,0,84,0.523810,0.105244,0.537739,0.082309,0.235563,0.083438,minus_action_critical_mask,"uses all tactile channels, including non-action-critical ones"
combined_stress,soft_compliance,lid_twist_force_control,1,84,0.630952,0.105808,0.538567,0.080071,0.226011,0.083854,minus_action_critical_mask,"uses all tactile channels, including non-action-critical ones"
combined_stress,soft_compliance,lid_twist_force_control,2,84,0.750000,0.106372,0.539395,0.077535,0.224248,0.084271,minus_action_critical_mask,"uses all tactile channels, including non-action-critical ones"
combined_stress,soft_compliance,lid_twist_force_control,3,84,0.583333,0.106936,0.540223,0.082142,0.227628,0.084687,minus_action_critical_mask,"uses all tactile channels, including non-action-critical ones"
combined_stress,soft_compliance,lid_twist_force_control,4,84,0.630952,0.107500,0.541051,0.081392,0.227151,0.085103,minus_action_critical_mask,"uses all tactile channels, including non-action-critical ones"
combined_stress,soft_compliance,lid_twist_force_control,5,84,0.619048,0.108064,0.541879,0.082130,0.227745,0.077516,minus_action_critical_mask,"uses all tactile channels, including non-action-critical ones"
combined_stress,soft_compliance,lid_twist_force_control,6,84,0.559524,0.108628,0.542707,0.084059,0.229197,0.077932,minus_action_critical_mask,"uses all tactile channels, including non-action-critical ones"
combined_stress,texture_aliasing,slip_limited_grasp,0,84,0.666667,0.119439,0.560851,0.084661,0.228668,0.085184,minus_action_critical_mask,"uses all tactile channels, including non-action-critical ones"
combined_stress,texture_aliasing,slip_limited_grasp,1,84,0.595238,0.119979,0.561643,0.086869,0.230318,0.085584,minus_action_critical_mask,"uses all tactile channels, including non-action-critical ones"
combined_stress,texture_aliasing,slip_limited_grasp,2,84,0.607143,0.120519,0.562435,0.086993,0.230467,0.085984,minus_action_critical_mask,"uses all tactile channels, including non-action-critical ones"
combined_stress,texture_aliasing,slip_limited_grasp,3,84,0.619048,0.121059,0.563227,0.087118,0.230617,0.086384,minus_action_critical_mask,"uses all tactile channels, including non-action-critical ones"
combined_stress,texture_aliasing,slip_limited_grasp,4,84,0.571429,0.121599,0.564019,0.088730,0.231838,0.086784,minus_action_critical_mask,"uses all tactile channels, including non-action-critical ones"
combined_stress,texture_aliasing,slip_limited_grasp,5,84,0.571429,0.122139,0.564811,0.089152,0.232202,0.087184,minus_action_critical_mask,"uses all tactile channels, including non-action-critical ones"
combined_stress,texture_aliasing,slip_limited_grasp,6,84,0.571429,0.122679,0.565603,0.081570,0.232566,0.079580,minus_action_critical_mask,"uses all tactile channels, including non-action-critical ones"
combined_stress,texture_aliasing,peg_in_hole_contact_search,0,84,0.583333,0.112120,0.529670,0.087861,0.228600,0.086622,minus_action_critical_mask,"uses all tactile channels, including non-action-critical ones"
combined_stress,texture_aliasing,peg_in_hole_contact_search,1,84,0.607143,0.112708,0.530534,0.079720,0.228567,0.079051,minus_action_critical_mask,"uses all tactile channels, including non-action-critical ones"
combined_stress,texture_aliasing,peg_in_hole_contact_search,2,84,0.607143,0.113296,0.531398,0.080179,0.228963,0.079484,minus_action_critical_mask,"uses all tactile channels, including non-action-critical ones"
combined_stress,texture_aliasing,peg_in_hole_contact_search,3,84,0.619048,0.113884,0.532262,0.080340,0.229145,0.079917,minus_action_critical_mask,"uses all tactile channels, including non-action-critical ones"
combined_stress,texture_aliasing,peg_in_hole_contact_search,4,84,0.595238,0.114472,0.533126,0.081394,0.229970,0.080350,minus_action_critical_mask,"uses all tactile channels, including non-action-critical ones"
combined_stress,texture_aliasing,peg_in_hole_contact_search,5,84,0.690476,0.115060,0.533990,0.079472,0.228651,0.080783,minus_action_critical_mask,"uses all tactile channels, including non-action-critical ones"
combined_stress,texture_aliasing,peg_in_hole_contact_search,6,84,0.642857,0.115648,0.534854,0.081121,0.229905,0.081215,minus_action_critical_mask,"uses all tactile channels, including non-action-critical ones"
combined_stress,texture_aliasing,cloth_edge_pull,0,84,0.547619,0.124691,0.560880,0.088699,0.232871,0.087258,minus_action_critical_mask,"uses all tactile channels, including non-action-critical ones"
combined_stress,texture_aliasing,cloth_edge_pull,1,84,0.547619,0.113207,0.561645,0.087906,0.233223,0.079378,minus_action_critical_mask,"uses all tactile channels, including non-action-critical ones"
combined_stress,texture_aliasing,cloth_edge_pull,2,84,0.595238,0.113729,0.562410,0.087124,0.232718,0.079765,minus_action_critical_mask,"uses all tactile channels, including non-action-critical ones"
combined_stress,texture_aliasing,cloth_edge_pull,3,84,0.523810,0.114251,0.563175,0.089318,0.234355,0.080153,minus_action_critical_mask,"uses all tactile channels, including non-action-critical ones"
combined_stress,texture_aliasing,cloth_edge_pull,4,84,0.595238,0.114773,0.563940,0.087940,0.233422,0.080540,minus_action_critical_mask,"uses all tactile channels, including non-action-critical ones"
combined_stress,texture_aliasing,cloth_edge_pull,5,84,0.571429,0.115295,0.564705,0.080940,0.234202,0.080928,minus_action_critical_mask,"uses all tactile channels, including non-action-critical ones"
combined_stress,texture_aliasing,cloth_edge_pull,6,84,0.642857,0.115817,0.565470,0.079562,0.233269,0.081315,minus_action_critical_mask,"uses all tactile channels, including non-action-critical ones"
combined_stress,texture_aliasing,cable_threading,0,84,0.654762,0.123390,0.563809,0.084586,0.229886,0.085441,minus_action_critical_mask,"uses all tactile channels, including non-action-critical ones"
combined_stress,texture_aliasing,cable_threading,1,84,0.583333,0.123912,0.564574,0.086780,0.231524,0.085828,minus_action_critical_mask,"uses all tactile channels, including non-action-critical ones"
combined_stress,texture_aliasing,cable_threading,2,84,0.511905,0.124434,0.565339,0.088974,0.233162,0.086216,minus_action_critical_mask,"uses all tactile channels, including non-action-critical ones"
combined_stress,texture_aliasing,cable_threading,3,84,0.642857,0.124956,0.566104,0.086108,0.231157,0.086603,minus_action_critical_mask,"uses all tactile channels, including non-action-critical ones"
combined_stress,texture_aliasing,cable_threading,4,84,0.511905,0.113472,0.566869,0.088590,0.233866,0.086727,minus_action_critical_mask,"uses all tactile channels, including non-action-critical ones"
combined_stress,texture_aliasing,cable_threading,5,84,0.630952,0.113994,0.567634,0.086022,0.232075,0.087114,minus_action_critical_mask,"uses all tactile channels, including non-action-critical ones"
combined_stress,texture_aliasing,cable_threading,6,84,0.583333,0.114516,0.568399,0.087620,0.233284,0.079498,minus_action_critical_mask,"uses all tactile channels, including non-action-critical ones"
combined_stress,texture_aliasing,lid_twist_force_control,0,84,0.571429,0.121042,0.523850,0.084814,0.233702,0.085741,minus_action_critical_mask,"uses all tactile channels, including non-action-critical ones"
combined_stress,texture_aliasing,lid_twist_force_control,1,84,0.523810,0.121612,0.524687,0.086450,0.234943,0.086162,minus_action_critical_mask,"uses all tactile channels, including non-action-critical ones"
combined_stress,texture_aliasing,lid_twist_force_control,2,84,0.547619,0.122182,0.525524,0.086300,0.234899,0.086582,minus_action_critical_mask,"uses all tactile channels, including non-action-critical ones"
combined_stress,texture_aliasing,lid_twist_force_control,3,84,0.630952,0.122752,0.526361,0.084661,0.233783,0.087003,minus_action_critical_mask,"uses all tactile channels, including non-action-critical ones"
combined_stress,texture_aliasing,lid_twist_force_control,4,84,0.595238,0.123322,0.527198,0.085999,0.234810,0.079419,minus_action_critical_mask,"uses all tactile channels, including non-action-critical ones"
combined_stress,texture_aliasing,lid_twist_force_control,5,84,0.690476,0.123892,0.528035,0.084063,0.233479,0.079840,minus_action_critical_mask,"uses all tactile channels, including non-action-critical ones"
combined_stress,texture_aliasing,lid_twist_force_control,6,84,0.690476,0.112456,0.528872,0.083308,0.233863,0.079996,minus_action_critical_mask,"uses all tactile channels, including non-action-critical ones"
combined_stress,taxel_bias,slip_limited_grasp,0,84,0.619048,0.120518,0.555196,0.080216,0.235897,0.083492,minus_action_critical_mask,"uses all tactile channels, including non-action-critical ones"
combined_stress,taxel_bias,slip_limited_grasp,1,84,0.642857,0.121022,0.555934,0.080015,0.235809,0.083867,minus_action_critical_mask,"uses all tactile channels, including non-action-critical ones"
combined_stress,taxel_bias,slip_limited_grasp,2,84,0.547619,0.121526,0.556672,0.082790,0.229859,0.084242,minus_action_critical_mask,"uses all tactile channels, including non-action-critical ones"
combined_stress,taxel_bias,slip_limited_grasp,3,84,0.595238,0.122030,0.557410,0.081994,0.229342,0.084617,minus_action_critical_mask,"uses all tactile channels, including non-action-critical ones"
combined_stress,taxel_bias,slip_limited_grasp,4,84,0.642857,0.122534,0.558148,0.081198,0.228825,0.084993,minus_action_critical_mask,"uses all tactile channels, including non-action-critical ones"
combined_stress,taxel_bias,slip_limited_grasp,5,84,0.571429,0.123038,0.558886,0.083378,0.230450,0.085368,minus_action_critical_mask,"uses all tactile channels, including non-action-critical ones"
combined_stress,taxel_bias,slip_limited_grasp,6,84,0.619048,0.123542,0.559624,0.082582,0.229933,0.085743,minus_action_critical_mask,"uses all tactile channels, including non-action-critical ones"
combined_stress,taxel_bias,peg_in_hole_contact_search,0,84,0.630952,0.120489,0.534950,0.086623,0.230971,0.081946,minus_action_critical_mask,"uses all tactile channels, including non-action-critical ones"
combined_stress,taxel_bias,peg_in_hole_contact_search,1,84,0.666667,0.121041,0.535760,0.078157,0.230700,0.082354,minus_action_critical_mask,"uses all tactile channels, including non-action-critical ones"
combined_stress,taxel_bias,peg_in_hole_contact_search,2,84,0.547619,0.121593,0.536570,0.081565,0.233215,0.082762,minus_action_critical_mask,"uses all tactile channels, including non-action-critical ones"
combined_stress,taxel_bias,peg_in_hole_contact_search,3,84,0.738095,0.122145,0.537380,0.077234,0.230158,0.083170,minus_action_critical_mask,"uses all tactile channels, including non-action-critical ones"
combined_stress,taxel_bias,peg_in_hole_contact_search,4,84,0.642857,0.122697,0.538190,0.080046,0.232245,0.083579,minus_action_critical_mask,"uses all tactile channels, including non-action-critical ones"
combined_stress,taxel_bias,peg_in_hole_contact_search,5,84,0.690476,0.123249,0.539000,0.079287,0.231759,0.083987,minus_action_critical_mask,"uses all tactile channels, including non-action-critical ones"
combined_stress,taxel_bias,peg_in_hole_contact_search,6,84,0.547619,0.123801,0.539810,0.083290,0.234703,0.084395,minus_action_critical_mask,"uses all tactile channels, including non-action-critical ones"
combined_stress,taxel_bias,cloth_edge_pull,0,84,0.547619,0.113891,0.555414,0.081959,0.231323,0.085389,minus_action_critical_mask,"uses all tactile channels, including non-action-critical ones"
combined_stress,taxel_bias,cloth_edge_pull,1,84,0.559524,0.114377,0.556125,0.082042,0.231437,0.085751,minus_action_critical_mask,"uses all tactile channels, including non-action-critical ones"
combined_stress,taxel_bias,cloth_edge_pull,2,84,0.607143,0.114863,0.556836,0.081232,0.230907,0.086114,minus_action_critical_mask,"uses all tactile channels, including non-action-critical ones"
combined_stress,taxel_bias,cloth_edge_pull,3,84,0.535714,0.115349,0.557547,0.083398,0.232521,0.086477,minus_action_critical_mask,"uses all tactile channels, including non-action-critical ones"
combined_stress,taxel_bias,cloth_edge_pull,4,84,0.559524,0.115835,0.558258,0.083183,0.232421,0.086840,minus_action_critical_mask,"uses all tactile channels, including non-action-critical ones"
combined_stress,taxel_bias,cloth_edge_pull,5,84,0.559524,0.116321,0.558969,0.083564,0.232749,0.087202,minus_action_critical_mask,"uses all tactile channels, including non-action-critical ones"
combined_stress,taxel_bias,cloth_edge_pull,6,84,0.488095,0.116807,0.559680,0.085730,0.234362,0.087565,minus_action_critical_mask,"uses all tactile channels, including non-action-critical ones"
combined_stress,taxel_bias,cable_threading,0,84,0.630952,0.113669,0.559963,0.079269,0.229487,0.084315,minus_action_critical_mask,"uses all tactile channels, including non-action-critical ones"
combined_stress,taxel_bias,cable_threading,1,84,0.523810,0.114155,0.560674,0.082328,0.231743,0.084678,minus_action_critical_mask,"uses all tactile channels, including non-action-critical ones"
combined_stress,taxel_bias,cable_threading,2,84,0.511905,0.114641,0.561385,0.083006,0.232286,0.085041,minus_action_critical_mask,"uses all tactile channels, including non-action-critical ones"
combined_stress,taxel_bias,cable_threading,3,84,0.523810,0.115127,0.562096,0.083089,0.232399,0.085403,minus_action_critical_mask,"uses all tactile channels, including non-action-critical ones"
combined_stress,taxel_bias,cable_threading,4,84,0.678571,0.115613,0.562807,0.079601,0.229942,0.085766,minus_action_critical_mask,"uses all tactile channels, including non-action-critical ones"
combined_stress,taxel_bias,cable_threading,5,84,0.630952,0.116099,0.563518,0.081172,0.231127,0.086129,minus_action_critical_mask,"uses all tactile channels, including non-action-critical ones"
combined_stress,taxel_bias,cable_threading,6,84,0.642857,0.116585,0.564229,0.081255,0.231241,0.086491,minus_action_critical_mask,"uses all tactile channels, including non-action-critical ones"
combined_stress,taxel_bias,lid_twist_force_control,0,84,0.690476,0.114327,0.524513,0.078231,0.232735,0.086686,minus_action_critical_mask,"uses all tactile channels, including non-action-critical ones"
combined_stress,taxel_bias,lid_twist_force_control,1,84,0.559524,0.114861,0.525296,0.081922,0.235453,0.087081,minus_action_critical_mask,"uses all tactile channels, including non-action-critical ones"
combined_stress,taxel_bias,lid_twist_force_control,2,84,0.583333,0.115395,0.526079,0.081744,0.235384,0.087477,minus_action_critical_mask,"uses all tactile channels, including non-action-critical ones"
combined_stress,taxel_bias,lid_twist_force_control,3,84,0.488095,0.115929,0.526862,0.084543,0.237458,0.079869,minus_action_critical_mask,"uses all tactile channels, including non-action-critical ones"
combined_stress,taxel_bias,lid_twist_force_control,4,84,0.630952,0.116463,0.527645,0.081389,0.235247,0.080265,minus_action_critical_mask,"uses all tactile channels, including non-action-critical ones"
combined_stress,taxel_bias,lid_twist_force_control,5,84,0.583333,0.116997,0.528428,0.082996,0.236464,0.080660,minus_action_critical_mask,"uses all tactile channels, including non-action-critical ones"
combined_stress,taxel_bias,lid_twist_force_control,6,84,0.595238,0.117531,0.529211,0.083116,0.236610,0.081056,minus_action_critical_mask,"uses all tactile channels, including non-action-critical ones"
combined_stress,transient_shear_spike,slip_limited_grasp,0,84,0.666667,0.126287,0.563085,0.083742,0.232028,0.085087,minus_action_critical_mask,"uses all tactile channels, including non-action-critical ones"
combined_stress,transient_shear_spike,slip_limited_grasp,1,84,0.690476,0.126857,0.563922,0.083592,0.231983,0.085508,minus_action_critical_mask,"uses all tactile channels, including non-action-critical ones"
combined_stress,transient_shear_spike,slip_limited_grasp,2,84,0.595238,0.127427,0.546750,0.086418,0.234082,0.085928,minus_action_critical_mask,"uses all tactile channels, including non-action-critical ones"
combined_stress,transient_shear_spike,slip_limited_grasp,3,84,0.500000,0.127997,0.547587,0.089244,0.236180,0.086349,minus_action_critical_mask,"uses all tactile channels, including non-action-critical ones"
combined_stress,transient_shear_spike,slip_limited_grasp,4,84,0.583333,0.128567,0.548424,0.087605,0.235064,0.086769,minus_action_critical_mask,"uses all tactile channels, including non-action-critical ones"
combined_stress,transient_shear_spike,slip_limited_grasp,5,84,0.654762,0.129137,0.549261,0.086265,0.234162,0.087190,minus_action_critical_mask,"uses all tactile channels, including non-action-critical ones"
combined_stress,transient_shear_spike,slip_limited_grasp,6,84,0.690476,0.129707,0.550098,0.085817,0.233903,0.087610,minus_action_critical_mask,"uses all tactile channels, including non-action-critical ones"
combined_stress,transient_shear_spike,peg_in_hole_contact_search,0,84,0.559524,0.130902,0.531796,0.088682,0.232341,0.086739,minus_action_critical_mask,"uses all tactile channels, including non-action-critical ones"
combined_stress,transient_shear_spike,peg_in_hole_contact_search,1,84,0.666667,0.131520,0.532705,0.086485,0.230828,0.087193,minus_action_critical_mask,"uses all tactile channels, including non-action-critical ones"
combined_stress,transient_shear_spike,peg_in_hole_contact_search,2,84,0.583333,0.120132,0.533614,0.087850,0.232744,0.087382,minus_action_critical_mask,"uses all tactile channels, including non-action-critical ones"
combined_stress,transient_shear_spike,peg_in_hole_contact_search,3,84,0.595238,0.120750,0.534523,0.088034,0.232946,0.087836,minus_action_critical_mask,"uses all tactile channels, including non-action-critical ones"
combined_stress,transient_shear_spike,peg_in_hole_contact_search,4,84,0.678571,0.121368,0.535432,0.086432,0.231862,0.088289,minus_action_critical_mask,"uses all tactile channels, including non-action-critical ones"
combined_stress,transient_shear_spike,peg_in_hole_contact_search,5,84,0.607143,0.121986,0.536341,0.088700,0.233563,0.088743,minus_action_critical_mask,"uses all tactile channels, including non-action-critical ones"
combined_stress,transient_shear_spike,peg_in_hole_contact_search,6,84,0.535714,0.122604,0.537250,0.090968,0.235265,0.081192,minus_action_critical_mask,"uses all tactile channels, including non-action-critical ones"
combined_stress,transient_shear_spike,cloth_edge_pull,0,84,0.559524,0.121429,0.565958,0.087735,0.237281,0.088203,minus_action_critical_mask,"uses all tactile channels, including non-action-critical ones"
combined_stress,transient_shear_spike,cloth_edge_pull,1,84,0.452381,0.121981,0.566768,0.090845,0.239581,0.088611,minus_action_critical_mask,"uses all tactile channels, including non-action-critical ones"
combined_stress,transient_shear_spike,cloth_edge_pull,2,84,0.630952,0.122533,0.567578,0.086812,0.236739,0.089019,minus_action_critical_mask,"uses all tactile channels, including non-action-critical ones"
combined_stress,transient_shear_spike,cloth_edge_pull,3,84,0.571429,0.123085,0.568388,0.088731,0.238182,0.081423,minus_action_critical_mask,"uses all tactile channels, including non-action-critical ones"
combined_stress,transient_shear_spike,cloth_edge_pull,4,84,0.559524,0.123637,0.551189,0.089460,0.238769,0.081831,minus_action_critical_mask,"uses all tactile channels, including non-action-critical ones"
combined_stress,transient_shear_spike,cloth_edge_pull,5,84,0.535714,0.124189,0.551999,0.090486,0.231565,0.082239,minus_action_critical_mask,"uses all tactile channels, including non-action-critical ones"
combined_stress,transient_shear_spike,cloth_edge_pull,6,84,0.547619,0.124741,0.552809,0.090620,0.231723,0.082648,minus_action_critical_mask,"uses all tactile channels, including non-action-critical ones"
combined_stress,transient_shear_spike,cable_threading,0,84,0.476190,0.131234,0.567537,0.088895,0.237125,0.086030,minus_action_critical_mask,"uses all tactile channels, including non-action-critical ones"
combined_stress,transient_shear_spike,cable_threading,1,84,0.511905,0.131786,0.568347,0.088433,0.236854,0.086438,minus_action_critical_mask,"uses all tactile channels, including non-action-critical ones"
combined_stress,transient_shear_spike,cable_threading,2,84,0.535714,0.132338,0.569157,0.088269,0.236797,0.086846,minus_action_critical_mask,"uses all tactile channels, including non-action-critical ones"
combined_stress,transient_shear_spike,cable_threading,3,84,0.571429,0.132890,0.569967,0.087807,0.236526,0.087254,minus_action_critical_mask,"uses all tactile channels, including non-action-critical ones"
combined_stress,transient_shear_spike,cable_threading,4,84,0.464286,0.121436,0.570777,0.089716,0.238827,0.087398,minus_action_critical_mask,"uses all tactile channels, including non-action-critical ones"
combined_stress,transient_shear_spike,cable_threading,5,84,0.571429,0.121988,0.571587,0.087469,0.237270,0.087806,minus_action_critical_mask,"uses all tactile channels, including non-action-critical ones"
combined_stress,transient_shear_spike,cable_threading,6,84,0.488095,0.122540,0.572397,0.089984,0.239142,0.088214,minus_action_critical_mask,"uses all tactile channels, including non-action-critical ones"
combined_stress,transient_shear_spike,lid_twist_force_control,0,84,0.630952,0.120378,0.532825,0.084652,0.230983,0.088475,minus_action_critical_mask,"uses all tactile channels, including non-action-critical ones"
combined_stress,transient_shear_spike,lid_twist_force_control,1,84,0.547619,0.120978,0.533707,0.087203,0.232887,0.088916,minus_action_critical_mask,"uses all tactile channels, including non-action-critical ones"
combined_stress,transient_shear_spike,lid_twist_force_control,2,84,0.666667,0.121578,0.534589,0.084695,0.231148,0.081353,minus_action_critical_mask,"uses all tactile channels, including non-action-critical ones"
combined_stress,transient_shear_spike,lid_twist_force_control,3,84,0.619048,0.122178,0.517462,0.086354,0.232409,0.081794,minus_action_critical_mask,"uses all tactile channels, including non-action-critical ones"
combined_stress,transient_shear_spike,lid_twist_force_control,4,84,0.630952,0.122778,0.518344,0.086524,0.232599,0.082236,minus_action_critical_mask,"uses all tactile channels, including non-action-critical ones"
combined_stress,transient_shear_spike,lid_twist_force_control,5,84,0.535714,0.123378,0.519226,0.089373,0.234717,0.082677,minus_action_critical_mask,"uses all tactile channels, including non-action-critical ones"
combined_stress,transient_shear_spike,lid_twist_force_control,6,84,0.595238,0.123978,0.520108,0.088353,0.234050,0.083118,minus_action_critical_mask,"uses all tactile channels, including non-action-critical ones"
combined_stress,compound_contact_shift,slip_limited_grasp,0,84,0.642857,0.138262,0.553960,0.091259,0.235525,0.090635,minus_action_critical_mask,"uses all tactile channels, including non-action-critical ones"
combined_stress,compound_contact_shift,slip_limited_grasp,1,84,0.547619,0.138838,0.554806,0.094089,0.237627,0.091059,minus_action_critical_mask,"uses all tactile channels, including non-action-critical ones"
combined_stress,compound_contact_shift,slip_limited_grasp,2,84,0.488095,0.139414,0.555652,0.096027,0.239086,0.091484,minus_action_critical_mask,"uses all tactile channels, including non-action-critical ones"
combined_stress,compound_contact_shift,slip_limited_grasp,3,84,0.642857,0.139990,0.556498,0.092608,0.236689,0.091909,minus_action_critical_mask,"uses all tactile channels, including non-action-critical ones"
combined_stress,compound_contact_shift,slip_limited_grasp,4,84,0.571429,0.140566,0.557344,0.094843,0.238362,0.084329,minus_action_critical_mask,"uses all tactile channels, including non-action-critical ones"
combined_stress,compound_contact_shift,slip_limited_grasp,5,84,0.607143,0.141142,0.540181,0.094400,0.238107,0.084754,minus_action_critical_mask,"uses all tactile channels, including non-action-critical ones"
combined_stress,compound_contact_shift,slip_limited_grasp,6,84,0.452381,0.141718,0.541027,0.098718,0.241281,0.085179,minus_action_critical_mask,"uses all tactile channels, including non-action-critical ones"
combined_stress,compound_contact_shift,peg_in_hole_contact_search,0,84,0.488095,0.135659,0.529853,0.099860,0.239886,0.087316,minus_action_critical_mask,"uses all tactile channels, including non-action-critical ones"
combined_stress,compound_contact_shift,peg_in_hole_contact_search,1,84,0.559524,0.136283,0.530771,0.098560,0.239021,0.087773,minus_action_critical_mask,"uses all tactile channels, including non-action-critical ones"
combined_stress,compound_contact_shift,peg_in_hole_contact_search,2,84,0.547619,0.136907,0.531689,0.099344,0.239655,0.088231,minus_action_critical_mask,"uses all tactile channels, including non-action-critical ones"
combined_stress,compound_contact_shift,peg_in_hole_contact_search,3,84,0.583333,0.137531,0.532607,0.090934,0.239432,0.088689,minus_action_critical_mask,"uses all tactile channels, including non-action-critical ones"
combined_stress,compound_contact_shift,peg_in_hole_contact_search,4,84,0.523810,0.138155,0.515516,0.092908,0.240923,0.089147,minus_action_critical_mask,"uses all tactile channels, including non-action-critical ones"
combined_stress,compound_contact_shift,peg_in_hole_contact_search,5,84,0.583333,0.138779,0.516434,0.091907,0.240272,0.089604,minus_action_critical_mask,"uses all tactile channels, including non-action-critical ones"
combined_stress,compound_contact_shift,peg_in_hole_contact_search,6,84,0.654762,0.139403,0.517352,0.090607,0.239406,0.090062,minus_action_critical_mask,"uses all tactile channels, including non-action-critical ones"
combined_stress,compound_contact_shift,cloth_edge_pull,0,84,0.452381,0.143388,0.553800,0.096985,0.240929,0.084618,minus_action_critical_mask,"uses all tactile channels, including non-action-critical ones"
combined_stress,compound_contact_shift,cloth_edge_pull,1,84,0.452381,0.143946,0.554619,0.097421,0.241305,0.085030,minus_action_critical_mask,"uses all tactile channels, including non-action-critical ones"
combined_stress,compound_contact_shift,cloth_edge_pull,2,84,0.476190,0.144504,0.555438,0.097262,0.241253,0.085442,minus_action_critical_mask,"uses all tactile channels, including non-action-critical ones"
combined_stress,compound_contact_shift,cloth_edge_pull,3,84,0.511905,0.133056,0.556257,0.095604,0.240986,0.085590,minus_action_critical_mask,"uses all tactile channels, including non-action-critical ones"
combined_stress,compound_contact_shift,cloth_edge_pull,4,84,0.583333,0.133614,0.557076,0.094254,0.240076,0.086003,minus_action_critical_mask,"uses all tactile channels, including non-action-critical ones"
combined_stress,compound_contact_shift,cloth_edge_pull,5,84,0.642857,0.134172,0.557895,0.093202,0.239381,0.086415,minus_action_critical_mask,"uses all tactile channels, including non-action-critical ones"
combined_stress,compound_contact_shift,cloth_edge_pull,6,84,0.571429,0.134730,0.558714,0.095423,0.241042,0.086827,minus_action_critical_mask,"uses all tactile channels, including non-action-critical ones"
combined_stress,compound_contact_shift,cable_threading,0,84,0.464286,0.141007,0.555109,0.094426,0.238939,0.090061,minus_action_critical_mask,"uses all tactile channels, including non-action-critical ones"
combined_stress,compound_contact_shift,cable_threading,1,84,0.416667,0.141565,0.555928,0.096052,0.240172,0.090473,minus_action_critical_mask,"uses all tactile channels, including non-action-critical ones"
combined_stress,compound_contact_shift,cable_threading,2,84,0.500000,0.142123,0.556747,0.094404,0.239048,0.090885,minus_action_critical_mask,"uses all tactile channels, including non-action-critical ones"
combined_stress,compound_contact_shift,cable_threading,3,84,0.464286,0.142681,0.557566,0.095733,0.240067,0.091297,minus_action_critical_mask,"uses all tactile channels, including non-action-critical ones"
combined_stress,compound_contact_shift,cable_threading,4,84,0.404762,0.143239,0.558385,0.097657,0.241514,0.091710,minus_action_critical_mask,"uses all tactile channels, including non-action-critical ones"
combined_stress,compound_contact_shift,cable_threading,5,84,0.500000,0.143797,0.559204,0.095712,0.240176,0.092122,minus_action_critical_mask,"uses all tactile channels, including non-action-critical ones"
combined_stress,compound_contact_shift,cable_threading,6,84,0.476190,0.144355,0.560023,0.096743,0.240981,0.084530,minus_action_critical_mask,"uses all tactile channels, including non-action-critical ones"
combined_stress,compound_contact_shift,lid_twist_force_control,0,84,0.654762,0.135653,0.510641,0.093508,0.235822,0.088291,minus_action_critical_mask,"uses all tactile channels, including non-action-critical ones"
combined_stress,compound_contact_shift,lid_twist_force_control,1,84,0.559524,0.136259,0.511532,0.096362,0.237945,0.088736,minus_action_critical_mask,"uses all tactile channels, including non-action-critical ones"
combined_stress,compound_contact_shift,lid_twist_force_control,2,84,0.642857,0.136865,0.512423,0.094751,0.236853,0.089181,minus_action_critical_mask,"uses all tactile channels, including non-action-critical ones"
combined_stress,compound_contact_shift,lid_twist_force_control,3,84,0.547619,0.137471,0.513314,0.097605,0.238975,0.089627,minus_action_critical_mask,"uses all tactile channels, including non-action-critical ones"
combined_stress,compound_contact_shift,lid_twist_force_control,4,84,0.511905,0.138077,0.514205,0.098970,0.240026,0.090072,minus_action_critical_mask,"uses all tactile channels, including non-action-critical ones"
combined_stress,compound_contact_shift,lid_twist_force_control,5,84,0.571429,0.138683,0.515096,0.097955,0.239362,0.090517,minus_action_critical_mask,"uses all tactile channels, including non-action-critical ones"
combined_stress,compound_contact_shift,lid_twist_force_control,6,84,0.702381,0.139289,0.515987,0.095153,0.237413,0.090963,minus_action_critical_mask,"uses all tactile channels, including non-action-critical ones"
combined_stress,source_matched,slip_limited_grasp,0,84,0.571429,0.071115,0.592133,0.061734,0.235178,0.074741,minus_clean_transfer_retention,over-rejects useful pretrained features
combined_stress,source_matched,slip_limited_grasp,1,84,0.690476,0.071667,0.592943,0.059189,0.233407,0.075149,minus_clean_transfer_retention,over-rejects useful pretrained features
combined_stress,source_matched,slip_limited_grasp,2,84,0.690476,0.072219,0.593753,0.059620,0.233779,0.075558,minus_clean_transfer_retention,over-rejects useful pretrained features
combined_stress,source_matched,slip_limited_grasp,3,84,0.607143,0.072771,0.594563,0.062135,0.235651,0.075966,minus_clean_transfer_retention,over-rejects useful pretrained features
combined_stress,source_matched,slip_limited_grasp,4,84,0.595238,0.073323,0.595373,0.062863,0.236238,0.076374,minus_clean_transfer_retention,over-rejects useful pretrained features
combined_stress,source_matched,slip_limited_grasp,5,84,0.726190,0.073875,0.596183,0.060021,0.234253,0.076782,minus_clean_transfer_retention,over-rejects useful pretrained features
combined_stress,source_matched,slip_limited_grasp,6,84,0.654762,0.074427,0.596993,0.062238,0.235910,0.077190,minus_clean_transfer_retention,over-rejects useful pretrained features
combined_stress,source_matched,peg_in_hole_contact_search,0,84,0.666667,0.073517,0.575316,0.059821,0.238280,0.074773,minus_clean_transfer_retention,over-rejects useful pretrained features
combined_stress,source_matched,peg_in_hole_contact_search,1,84,0.619048,0.074117,0.576198,0.061479,0.239541,0.075214,minus_clean_transfer_retention,over-rejects useful pretrained features
combined_stress,source_matched,peg_in_hole_contact_search,2,84,0.678571,0.074717,0.577080,0.060459,0.238874,0.075655,minus_clean_transfer_retention,over-rejects useful pretrained features
combined_stress,source_matched,peg_in_hole_contact_search,3,84,0.666667,0.075317,0.577962,0.061225,0.239492,0.076096,minus_clean_transfer_retention,over-rejects useful pretrained features
combined_stress,source_matched,peg_in_hole_contact_search,4,84,0.630952,0.075917,0.578844,0.062586,0.240539,0.076537,minus_clean_transfer_retention,over-rejects useful pretrained features
combined_stress,source_matched,peg_in_hole_contact_search,5,84,0.619048,0.076517,0.579726,0.063351,0.241157,0.076979,minus_clean_transfer_retention,over-rejects useful pretrained features
combined_stress,source_matched,peg_in_hole_contact_search,6,84,0.571429,0.077117,0.580608,0.057006,0.234414,0.077420,minus_clean_transfer_retention,over-rejects useful pretrained features
combined_stress,source_matched,cloth_edge_pull,0,84,0.583333,0.072210,0.604105,0.059386,0.242332,0.074028,minus_clean_transfer_retention,over-rejects useful pretrained features
combined_stress,source_matched,cloth_edge_pull,1,84,0.595238,0.072744,0.604888,0.059505,0.234474,0.074424,minus_clean_transfer_retention,over-rejects useful pretrained features
combined_stress,source_matched,cloth_edge_pull,2,84,0.571429,0.073278,0.605671,0.060518,0.235262,0.074819,minus_clean_transfer_retention,over-rejects useful pretrained features
combined_stress,source_matched,cloth_edge_pull,3,84,0.607143,0.073812,0.606454,0.060043,0.234979,0.075215,minus_clean_transfer_retention,over-rejects useful pretrained features
combined_stress,source_matched,cloth_edge_pull,4,84,0.559524,0.074346,0.607237,0.061651,0.236197,0.075611,minus_clean_transfer_retention,over-rejects useful pretrained features
combined_stress,source_matched,cloth_edge_pull,5,84,0.559524,0.074880,0.608020,0.062068,0.236557,0.076007,minus_clean_transfer_retention,over-rejects useful pretrained features
combined_stress,source_matched,cloth_edge_pull,6,84,0.559524,0.075414,0.608803,0.062485,0.236917,0.076402,minus_clean_transfer_retention,over-rejects useful pretrained features
combined_stress,source_matched,cable_threading,0,84,0.607143,0.070466,0.606494,0.057072,0.240607,0.079965,minus_clean_transfer_retention,over-rejects useful pretrained features
combined_stress,source_matched,cable_threading,1,84,0.583333,0.071000,0.607277,0.058085,0.241396,0.080360,minus_clean_transfer_retention,over-rejects useful pretrained features
combined_stress,source_matched,cable_threading,2,84,0.523810,0.071534,0.608060,0.059990,0.242827,0.080756,minus_clean_transfer_retention,over-rejects useful pretrained features
combined_stress,source_matched,cable_threading,3,84,0.654762,0.072068,0.608843,0.057134,0.240830,0.073148,minus_clean_transfer_retention,over-rejects useful pretrained features
combined_stress,source_matched,cable_threading,4,84,0.630952,0.072602,0.609626,0.058146,0.241619,0.073544,minus_clean_transfer_retention,over-rejects useful pretrained features
combined_stress,source_matched,cable_threading,5,84,0.619048,0.073136,0.610409,0.058861,0.234189,0.073939,minus_clean_transfer_retention,over-rejects useful pretrained features
combined_stress,source_matched,cable_threading,6,84,0.619048,0.073670,0.611192,0.059279,0.234549,0.074335,minus_clean_transfer_retention,over-rejects useful pretrained features
combined_stress,source_matched,lid_twist_force_control,0,84,0.619048,0.067374,0.565032,0.062181,0.234037,0.079581,minus_clean_transfer_retention,over-rejects useful pretrained features
combined_stress,source_matched,lid_twist_force_control,1,84,0.714286,0.067956,0.565887,0.052250,0.232715,0.080009,minus_clean_transfer_retention,over-rejects useful pretrained features
combined_stress,source_matched,lid_twist_force_control,2,84,0.726190,0.068538,0.566742,0.052407,0.232893,0.080438,minus_clean_transfer_retention,over-rejects useful pretrained features
combined_stress,source_matched,lid_twist_force_control,3,84,0.619048,0.069120,0.567597,0.055540,0.235213,0.072863,minus_clean_transfer_retention,over-rejects useful pretrained features
combined_stress,source_matched,lid_twist_force_control,4,84,0.750000,0.069702,0.568452,0.052720,0.233248,0.073292,minus_clean_transfer_retention,over-rejects useful pretrained features
combined_stress,source_matched,lid_twist_force_control,5,84,0.607143,0.070284,0.569307,0.056746,0.236211,0.073721,minus_clean_transfer_retention,over-rejects useful pretrained features
combined_stress,source_matched,lid_twist_force_control,6,84,0.595238,0.070866,0.570162,0.057498,0.236818,0.074149,minus_clean_transfer_retention,over-rejects useful pretrained features
combined_stress,low_friction,slip_limited_grasp,0,84,0.607143,0.090458,0.596795,0.063635,0.241851,0.077731,minus_clean_transfer_retention,over-rejects useful pretrained features
combined_stress,low_friction,slip_limited_grasp,1,84,0.595238,0.090998,0.597587,0.064355,0.242430,0.078131,minus_clean_transfer_retention,over-rejects useful pretrained features
combined_stress,low_friction,slip_limited_grasp,2,84,0.559524,0.079532,0.598379,0.064469,0.243437,0.078267,minus_clean_transfer_retention,over-rejects useful pretrained features
combined_stress,low_friction,slip_limited_grasp,3,84,0.666667,0.080072,0.599171,0.062213,0.241872,0.078666,minus_clean_transfer_retention,over-rejects useful pretrained features
combined_stress,low_friction,slip_limited_grasp,4,84,0.583333,0.080612,0.581954,0.064718,0.243736,0.079066,minus_clean_transfer_retention,over-rejects useful pretrained features
combined_stress,low_friction,slip_limited_grasp,5,84,0.559524,0.081152,0.582746,0.065735,0.244529,0.079466,minus_clean_transfer_retention,over-rejects useful pretrained features
combined_stress,low_friction,slip_limited_grasp,6,84,0.595238,0.081692,0.583538,0.065264,0.244250,0.079866,minus_clean_transfer_retention,over-rejects useful pretrained features
combined_stress,low_friction,peg_in_hole_contact_search,0,84,0.500000,0.083284,0.565614,0.067444,0.242212,0.079171,minus_clean_transfer_retention,over-rejects useful pretrained features
combined_stress,low_friction,peg_in_hole_contact_search,1,84,0.583333,0.083872,0.566478,0.065820,0.241108,0.079604,minus_clean_transfer_retention,over-rejects useful pretrained features
combined_stress,low_friction,peg_in_hole_contact_search,2,84,0.678571,0.084460,0.567342,0.063898,0.239790,0.080037,minus_clean_transfer_retention,over-rejects useful pretrained features
combined_stress,low_friction,peg_in_hole_contact_search,3,84,0.654762,0.085048,0.568206,0.064952,0.240614,0.080470,minus_clean_transfer_retention,over-rejects useful pretrained features
combined_stress,low_friction,peg_in_hole_contact_search,4,84,0.547619,0.085636,0.569070,0.068089,0.242939,0.080903,minus_clean_transfer_retention,over-rejects useful pretrained features
combined_stress,low_friction,peg_in_hole_contact_search,5,84,0.595238,0.086224,0.569934,0.067357,0.242478,0.081336,minus_clean_transfer_retention,over-rejects useful pretrained features
combined_stress,low_friction,peg_in_hole_contact_search,6,84,0.547619,0.086812,0.570798,0.069007,0.243731,0.081769,minus_clean_transfer_retention,over-rejects useful pretrained features
combined_stress,low_friction,cloth_edge_pull,0,84,0.619048,0.083591,0.596824,0.063187,0.243697,0.079538,minus_clean_transfer_retention,over-rejects useful pretrained features
combined_stress,low_friction,cloth_edge_pull,1,84,0.571429,0.084113,0.597589,0.064786,0.244906,0.079926,minus_clean_transfer_retention,over-rejects useful pretrained features
combined_stress,low_friction,cloth_edge_pull,2,84,0.476190,0.084635,0.598354,0.067575,0.246973,0.080313,minus_clean_transfer_retention,over-rejects useful pretrained features
combined_stress,low_friction,cloth_edge_pull,3,84,0.535714,0.085157,0.599119,0.066495,0.246253,0.080701,minus_clean_transfer_retention,over-rejects useful pretrained features
combined_stress,low_friction,cloth_edge_pull,4,84,0.500000,0.085679,0.599884,0.067796,0.247248,0.081088,minus_clean_transfer_retention,over-rejects useful pretrained features
combined_stress,low_friction,cloth_edge_pull,5,84,0.523810,0.086201,0.600649,0.067609,0.239167,0.081476,minus_clean_transfer_retention,over-rejects useful pretrained features
combined_stress,low_friction,cloth_edge_pull,6,84,0.535714,0.086723,0.601414,0.067719,0.239305,0.081863,minus_clean_transfer_retention,over-rejects useful pretrained features
combined_stress,low_friction,cable_threading,0,84,0.571429,0.082206,0.599753,0.070939,0.243498,0.077719,minus_clean_transfer_retention,over-rejects useful pretrained features
combined_stress,low_friction,cable_threading,1,84,0.488095,0.082728,0.600518,0.065426,0.245350,0.078106,minus_clean_transfer_retention,over-rejects useful pretrained features
combined_stress,low_friction,cable_threading,2,84,0.595238,0.083250,0.601283,0.063156,0.243774,0.078494,minus_clean_transfer_retention,over-rejects useful pretrained features
combined_stress,low_friction,cable_threading,3,84,0.595238,0.083772,0.602048,0.063564,0.244126,0.078881,minus_clean_transfer_retention,over-rejects useful pretrained features
combined_stress,low_friction,cable_threading,4,84,0.607143,0.084294,0.602813,0.063675,0.244263,0.079269,minus_clean_transfer_retention,over-rejects useful pretrained features
combined_stress,low_friction,cable_threading,5,84,0.535714,0.084816,0.603578,0.065869,0.245901,0.079656,minus_clean_transfer_retention,over-rejects useful pretrained features
combined_stress,low_friction,cable_threading,6,84,0.619048,0.085338,0.604343,0.064194,0.244753,0.080044,minus_clean_transfer_retention,over-rejects useful pretrained features
combined_stress,low_friction,lid_twist_force_control,0,84,0.630952,0.080117,0.559794,0.067622,0.244743,0.078025,minus_clean_transfer_retention,over-rejects useful pretrained features
combined_stress,low_friction,lid_twist_force_control,1,84,0.619048,0.080687,0.560631,0.068365,0.237337,0.078446,minus_clean_transfer_retention,over-rejects useful pretrained features
combined_stress,low_friction,lid_twist_force_control,2,84,0.607143,0.081257,0.561468,0.069107,0.237935,0.078866,minus_clean_transfer_retention,over-rejects useful pretrained features
combined_stress,low_friction,lid_twist_force_control,3,84,0.547619,0.081827,0.562305,0.071040,0.239391,0.079287,minus_clean_transfer_retention,over-rejects useful pretrained features
combined_stress,low_friction,lid_twist_force_control,4,84,0.571429,0.082397,0.563142,0.070890,0.239346,0.079707,minus_clean_transfer_retention,over-rejects useful pretrained features
combined_stress,low_friction,lid_twist_force_control,5,84,0.559524,0.082967,0.563979,0.063629,0.239945,0.080128,minus_clean_transfer_retention,over-rejects useful pretrained features
combined_stress,low_friction,lid_twist_force_control,6,84,0.595238,0.083537,0.564816,0.063181,0.239686,0.080548,minus_clean_transfer_retention,over-rejects useful pretrained features
combined_stress,soft_compliance,slip_limited_grasp,0,84,0.523810,0.087167,0.579669,0.072757,0.241275,0.082562,minus_clean_transfer_retention,over-rejects useful pretrained features
combined_stress,soft_compliance,slip_limited_grasp,1,84,0.571429,0.087725,0.580488,0.072003,0.240794,0.082975,minus_clean_transfer_retention,over-rejects useful pretrained features
combined_stress,soft_compliance,slip_limited_grasp,2,84,0.500000,0.088283,0.581307,0.074224,0.242456,0.083387,minus_clean_transfer_retention,over-rejects useful pretrained features
combined_stress,soft_compliance,slip_limited_grasp,3,84,0.535714,0.088841,0.582126,0.073767,0.242189,0.083799,minus_clean_transfer_retention,over-rejects useful pretrained features
combined_stress,soft_compliance,slip_limited_grasp,4,84,0.642857,0.089399,0.582945,0.063520,0.240637,0.084212,minus_clean_transfer_retention,over-rejects useful pretrained features
combined_stress,soft_compliance,slip_limited_grasp,5,84,0.607143,0.089957,0.583764,0.064849,0.241655,0.084624,minus_clean_transfer_retention,over-rejects useful pretrained features
combined_stress,soft_compliance,slip_limited_grasp,6,84,0.630952,0.090515,0.584583,0.064690,0.241603,0.085036,minus_clean_transfer_retention,over-rejects useful pretrained features
combined_stress,soft_compliance,peg_in_hole_contact_search,0,84,0.428571,0.082351,0.570034,0.070073,0.242994,0.077623,minus_clean_transfer_retention,over-rejects useful pretrained features
combined_stress,soft_compliance,peg_in_hole_contact_search,1,84,0.607143,0.082957,0.570925,0.066081,0.240187,0.078068,minus_clean_transfer_retention,over-rejects useful pretrained features
combined_stress,soft_compliance,peg_in_hole_contact_search,2,84,0.523810,0.083563,0.571816,0.068637,0.242095,0.078514,minus_clean_transfer_retention,over-rejects useful pretrained features
combined_stress,soft_compliance,peg_in_hole_contact_search,3,84,0.619048,0.084169,0.572707,0.066729,0.240789,0.078959,minus_clean_transfer_retention,over-rejects useful pretrained features
combined_stress,soft_compliance,peg_in_hole_contact_search,4,84,0.583333,0.084775,0.555589,0.068094,0.241840,0.079404,minus_clean_transfer_retention,over-rejects useful pretrained features
combined_stress,soft_compliance,peg_in_hole_contact_search,5,84,0.619048,0.085381,0.556480,0.067674,0.241605,0.079850,minus_clean_transfer_retention,over-rejects useful pretrained features
combined_stress,soft_compliance,peg_in_hole_contact_search,6,84,0.642857,0.085987,0.557371,0.067551,0.241585,0.080295,minus_clean_transfer_retention,over-rejects useful pretrained features
combined_stress,soft_compliance,cloth_edge_pull,0,84,0.642857,0.086240,0.588608,0.066181,0.245153,0.080456,minus_clean_transfer_retention,over-rejects useful pretrained features
combined_stress,soft_compliance,cloth_edge_pull,1,84,0.607143,0.086780,0.589400,0.067495,0.246159,0.080856,minus_clean_transfer_retention,over-rejects useful pretrained features
combined_stress,soft_compliance,cloth_edge_pull,2,84,0.476190,0.087320,0.590192,0.071191,0.248881,0.081256,minus_clean_transfer_retention,over-rejects useful pretrained features
combined_stress,soft_compliance,cloth_edge_pull,3,84,0.464286,0.087860,0.590984,0.071911,0.241455,0.081656,minus_clean_transfer_retention,over-rejects useful pretrained features
combined_stress,soft_compliance,cloth_edge_pull,4,84,0.559524,0.088400,0.591776,0.069952,0.240105,0.082056,minus_clean_transfer_retention,over-rejects useful pretrained features
combined_stress,soft_compliance,cloth_edge_pull,5,84,0.583333,0.088940,0.592568,0.069779,0.240040,0.082456,minus_clean_transfer_retention,over-rejects useful pretrained features
combined_stress,soft_compliance,cloth_edge_pull,6,84,0.595238,0.089480,0.593360,0.069903,0.240190,0.082856,minus_clean_transfer_retention,over-rejects useful pretrained features
combined_stress,soft_compliance,cable_threading,0,84,0.440476,0.084315,0.590727,0.069384,0.247379,0.078265,minus_clean_transfer_retention,over-rejects useful pretrained features
combined_stress,soft_compliance,cable_threading,1,84,0.523810,0.084855,0.591519,0.067722,0.246243,0.078665,minus_clean_transfer_retention,over-rejects useful pretrained features
combined_stress,soft_compliance,cable_threading,2,84,0.642857,0.085395,0.592311,0.065168,0.244465,0.079065,minus_clean_transfer_retention,over-rejects useful pretrained features
combined_stress,soft_compliance,cable_threading,3,84,0.595238,0.085935,0.593103,0.066781,0.245686,0.079465,minus_clean_transfer_retention,over-rejects useful pretrained features
combined_stress,soft_compliance,cable_threading,4,84,0.523810,0.086475,0.593895,0.068988,0.247335,0.079865,minus_clean_transfer_retention,over-rejects useful pretrained features
combined_stress,soft_compliance,cable_threading,5,84,0.440476,0.087015,0.594687,0.071494,0.249199,0.080265,minus_clean_transfer_retention,over-rejects useful pretrained features
combined_stress,soft_compliance,cable_threading,6,84,0.571429,0.087555,0.595479,0.068642,0.247206,0.080665,minus_clean_transfer_retention,over-rejects useful pretrained features
combined_stress,soft_compliance,lid_twist_force_control,0,84,0.654762,0.086726,0.557518,0.065648,0.240834,0.081670,minus_clean_transfer_retention,over-rejects useful pretrained features
combined_stress,soft_compliance,lid_twist_force_control,1,84,0.559524,0.087314,0.558382,0.068487,0.242945,0.082103,minus_clean_transfer_retention,over-rejects useful pretrained features
combined_stress,soft_compliance,lid_twist_force_control,2,84,0.595238,0.087902,0.559246,0.068053,0.242698,0.082536,minus_clean_transfer_retention,over-rejects useful pretrained features
combined_stress,soft_compliance,lid_twist_force_control,3,84,0.607143,0.088490,0.560110,0.068214,0.242879,0.082969,minus_clean_transfer_retention,over-rejects useful pretrained features
combined_stress,soft_compliance,lid_twist_force_control,4,84,0.654762,0.089078,0.560974,0.067483,0.242418,0.083402,minus_clean_transfer_retention,over-rejects useful pretrained features
combined_stress,soft_compliance,lid_twist_force_control,5,84,0.619048,0.089666,0.561838,0.068834,0.243457,0.083835,minus_clean_transfer_retention,over-rejects useful pretrained features
combined_stress,soft_compliance,lid_twist_force_control,6,84,0.619048,0.090254,0.562702,0.069293,0.243853,0.084268,minus_clean_transfer_retention,over-rejects useful pretrained features
combined_stress,texture_aliasing,slip_limited_grasp,0,84,0.452381,0.101752,0.583519,0.077998,0.249441,0.084719,minus_clean_transfer_retention,over-rejects useful pretrained features
combined_stress,texture_aliasing,slip_limited_grasp,1,84,0.595238,0.090310,0.584347,0.073666,0.247250,0.084872,minus_clean_transfer_retention,over-rejects useful pretrained features
combined_stress,texture_aliasing,slip_limited_grasp,2,84,0.535714,0.090874,0.585175,0.075595,0.248701,0.085288,minus_clean_transfer_retention,over-rejects useful pretrained features
combined_stress,texture_aliasing,slip_limited_grasp,3,84,0.583333,0.091438,0.586003,0.074844,0.248224,0.085704,minus_clean_transfer_retention,over-rejects useful pretrained features
combined_stress,texture_aliasing,slip_limited_grasp,4,84,0.511905,0.092002,0.586831,0.077071,0.241886,0.086121,minus_clean_transfer_retention,over-rejects useful pretrained features
combined_stress,texture_aliasing,slip_limited_grasp,5,84,0.654762,0.092566,0.587659,0.073940,0.239694,0.086537,minus_clean_transfer_retention,over-rejects useful pretrained features
combined_stress,texture_aliasing,slip_limited_grasp,6,84,0.476190,0.093130,0.588487,0.078844,0.243289,0.078950,minus_clean_transfer_retention,over-rejects useful pretrained features
combined_stress,texture_aliasing,peg_in_hole_contact_search,0,84,0.535714,0.089717,0.563057,0.073319,0.243133,0.082813,minus_clean_transfer_retention,over-rejects useful pretrained features
combined_stress,texture_aliasing,peg_in_hole_contact_search,1,84,0.500000,0.090329,0.563957,0.074689,0.244188,0.083262,minus_clean_transfer_retention,over-rejects useful pretrained features
combined_stress,texture_aliasing,peg_in_hole_contact_search,2,84,0.654762,0.090941,0.564857,0.071297,0.241814,0.083712,minus_clean_transfer_retention,over-rejects useful pretrained features
combined_stress,texture_aliasing,peg_in_hole_contact_search,3,84,0.607143,0.091553,0.565757,0.072965,0.243083,0.084161,minus_clean_transfer_retention,over-rejects useful pretrained features
combined_stress,texture_aliasing,peg_in_hole_contact_search,4,84,0.547619,0.092165,0.566657,0.074930,0.244567,0.084611,minus_clean_transfer_retention,over-rejects useful pretrained features
combined_stress,texture_aliasing,peg_in_hole_contact_search,5,84,0.452381,0.092777,0.567557,0.077788,0.246693,0.085060,minus_clean_transfer_retention,over-rejects useful pretrained features
combined_stress,texture_aliasing,peg_in_hole_contact_search,6,84,0.571429,0.093389,0.568457,0.075289,0.244962,0.085510,minus_clean_transfer_retention,over-rejects useful pretrained features
combined_stress,texture_aliasing,cloth_edge_pull,0,84,0.654762,0.098803,0.589425,0.075791,0.242466,0.081221,minus_clean_transfer_retention,over-rejects useful pretrained features
combined_stress,texture_aliasing,cloth_edge_pull,1,84,0.595238,0.099349,0.590226,0.069702,0.243906,0.081625,minus_clean_transfer_retention,over-rejects useful pretrained features
combined_stress,texture_aliasing,cloth_edge_pull,2,84,0.547619,0.099895,0.591027,0.071319,0.245131,0.082029,minus_clean_transfer_retention,over-rejects useful pretrained features
combined_stress,texture_aliasing,cloth_edge_pull,3,84,0.547619,0.100441,0.591828,0.071746,0.245499,0.082433,minus_clean_transfer_retention,over-rejects useful pretrained features
combined_stress,texture_aliasing,cloth_edge_pull,4,84,0.452381,0.100987,0.592629,0.074553,0.247581,0.082837,minus_clean_transfer_retention,over-rejects useful pretrained features
combined_stress,texture_aliasing,cloth_edge_pull,5,84,0.559524,0.101533,0.593430,0.072301,0.246021,0.083241,minus_clean_transfer_retention,over-rejects useful pretrained features
combined_stress,texture_aliasing,cloth_edge_pull,6,84,0.523810,0.102079,0.594231,0.073621,0.247031,0.083645,minus_clean_transfer_retention,over-rejects useful pretrained features
combined_stress,texture_aliasing,cable_threading,0,84,0.547619,0.096698,0.591274,0.076475,0.242859,0.086910,minus_clean_transfer_retention,over-rejects useful pretrained features
combined_stress,texture_aliasing,cable_threading,1,84,0.595238,0.097244,0.592075,0.075711,0.242370,0.079310,minus_clean_transfer_retention,over-rejects useful pretrained features
combined_stress,texture_aliasing,cable_threading,2,84,0.571429,0.097790,0.592876,0.076733,0.243166,0.079714,minus_clean_transfer_retention,over-rejects useful pretrained features
combined_stress,texture_aliasing,cable_threading,3,84,0.535714,0.098336,0.593677,0.078053,0.244177,0.080118,minus_clean_transfer_retention,over-rejects useful pretrained features
combined_stress,texture_aliasing,cable_threading,4,84,0.488095,0.098882,0.594478,0.079670,0.245402,0.080522,minus_clean_transfer_retention,over-rejects useful pretrained features
combined_stress,texture_aliasing,cable_threading,5,84,0.559524,0.099428,0.595279,0.078311,0.244485,0.080926,minus_clean_transfer_retention,over-rejects useful pretrained features
combined_stress,texture_aliasing,cable_threading,6,84,0.392857,0.099974,0.596080,0.074900,0.247853,0.081330,minus_clean_transfer_retention,over-rejects useful pretrained features
combined_stress,texture_aliasing,lid_twist_force_control,0,84,0.583333,0.092605,0.548309,0.072217,0.243196,0.085836,minus_clean_transfer_retention,over-rejects useful pretrained features
combined_stress,texture_aliasing,lid_twist_force_control,1,84,0.619048,0.093199,0.549182,0.071788,0.242953,0.086273,minus_clean_transfer_retention,over-rejects useful pretrained features
combined_stress,texture_aliasing,lid_twist_force_control,2,84,0.642857,0.093793,0.550055,0.071656,0.242925,0.078706,minus_clean_transfer_retention,over-rejects useful pretrained features
combined_stress,texture_aliasing,lid_twist_force_control,3,84,0.726190,0.094387,0.550928,0.070036,0.241825,0.079143,minus_clean_transfer_retention,over-rejects useful pretrained features
combined_stress,texture_aliasing,lid_twist_force_control,4,84,0.595238,0.094981,0.551801,0.073773,0.244582,0.079580,minus_clean_transfer_retention,over-rejects useful pretrained features
combined_stress,texture_aliasing,lid_twist_force_control,5,84,0.630952,0.095575,0.552674,0.073344,0.244339,0.080017,minus_clean_transfer_retention,over-rejects useful pretrained features
combined_stress,texture_aliasing,lid_twist_force_control,6,84,0.547619,0.096169,0.553547,0.075890,0.246239,0.080454,minus_clean_transfer_retention,over-rejects useful pretrained features
combined_stress,taxel_bias,slip_limited_grasp,0,84,0.583333,0.098417,0.589834,0.073966,0.242768,0.080246,minus_clean_transfer_retention,over-rejects useful pretrained features
combined_stress,taxel_bias,slip_limited_grasp,1,84,0.595238,0.098945,0.590608,0.074082,0.242910,0.080638,minus_clean_transfer_retention,over-rejects useful pretrained features
combined_stress,taxel_bias,slip_limited_grasp,2,84,0.702381,0.099473,0.591382,0.071816,0.241337,0.081029,minus_clean_transfer_retention,over-rejects useful pretrained features
combined_stress,taxel_bias,slip_limited_grasp,3,84,0.642857,0.100001,0.592156,0.073717,0.242765,0.081421,minus_clean_transfer_retention,over-rejects useful pretrained features
combined_stress,taxel_bias,slip_limited_grasp,4,84,0.559524,0.100529,0.574921,0.076213,0.244621,0.081812,minus_clean_transfer_retention,over-rejects useful pretrained features
combined_stress,taxel_bias,slip_limited_grasp,5,84,0.595238,0.101057,0.575695,0.075733,0.244334,0.082204,minus_clean_transfer_retention,over-rejects useful pretrained features
combined_stress,taxel_bias,slip_limited_grasp,6,84,0.595238,0.101585,0.576469,0.076146,0.244690,0.082596,minus_clean_transfer_retention,over-rejects useful pretrained features
combined_stress,taxel_bias,peg_in_hole_contact_search,0,84,0.666667,0.093673,0.562298,0.066873,0.241320,0.083360,minus_clean_transfer_retention,over-rejects useful pretrained features
combined_stress,taxel_bias,peg_in_hole_contact_search,1,84,0.678571,0.094249,0.563144,0.067025,0.241494,0.083785,minus_clean_transfer_retention,over-rejects useful pretrained features
combined_stress,taxel_bias,peg_in_hole_contact_search,2,84,0.690476,0.094825,0.563990,0.067177,0.241667,0.084209,minus_clean_transfer_retention,over-rejects useful pretrained features
combined_stress,taxel_bias,peg_in_hole_contact_search,3,84,0.547619,0.095401,0.564836,0.071198,0.244627,0.084634,minus_clean_transfer_retention,over-rejects useful pretrained features
combined_stress,taxel_bias,peg_in_hole_contact_search,4,84,0.571429,0.095977,0.565682,0.071052,0.244586,0.085059,minus_clean_transfer_retention,over-rejects useful pretrained features
combined_stress,taxel_bias,peg_in_hole_contact_search,5,84,0.595238,0.096553,0.566528,0.070906,0.244546,0.085483,minus_clean_transfer_retention,over-rejects useful pretrained features
combined_stress,taxel_bias,peg_in_hole_contact_search,6,84,0.535714,0.097129,0.567374,0.072844,0.246005,0.085908,minus_clean_transfer_retention,over-rejects useful pretrained features
combined_stress,taxel_bias,cloth_edge_pull,0,84,0.642857,0.095594,0.595929,0.067424,0.246453,0.084838,minus_clean_transfer_retention,over-rejects useful pretrained features
combined_stress,taxel_bias,cloth_edge_pull,1,84,0.583333,0.096104,0.596676,0.069311,0.247868,0.085217,minus_clean_transfer_retention,over-rejects useful pretrained features
combined_stress,taxel_bias,cloth_edge_pull,2,84,0.583333,0.096614,0.579414,0.069710,0.248212,0.085597,minus_clean_transfer_retention,over-rejects useful pretrained features
combined_stress,taxel_bias,cloth_edge_pull,3,84,0.583333,0.097124,0.580161,0.070109,0.248556,0.085976,minus_clean_transfer_retention,over-rejects useful pretrained features
combined_stress,taxel_bias,cloth_edge_pull,4,84,0.547619,0.097634,0.580908,0.071401,0.249543,0.086355,minus_clean_transfer_retention,over-rejects useful pretrained features
combined_stress,taxel_bias,cloth_edge_pull,5,84,0.583333,0.098144,0.581655,0.070907,0.241240,0.086734,minus_clean_transfer_retention,over-rejects useful pretrained features
combined_stress,taxel_bias,cloth_edge_pull,6,84,0.619048,0.098654,0.582402,0.070413,0.240941,0.087114,minus_clean_transfer_retention,over-rejects useful pretrained features
combined_stress,taxel_bias,cable_threading,0,84,0.523810,0.094570,0.599398,0.077238,0.247779,0.083267,minus_clean_transfer_retention,over-rejects useful pretrained features
combined_stress,taxel_bias,cable_threading,1,84,0.595238,0.095080,0.600145,0.075851,0.246838,0.083646,minus_clean_transfer_retention,over-rejects useful pretrained features
combined_stress,taxel_bias,cable_threading,2,84,0.500000,0.095590,0.600892,0.078631,0.248896,0.084025,minus_clean_transfer_retention,over-rejects useful pretrained features
combined_stress,taxel_bias,cable_threading,3,84,0.535714,0.096100,0.601639,0.070133,0.248597,0.084405,minus_clean_transfer_retention,over-rejects useful pretrained features
combined_stress,taxel_bias,cable_threading,4,84,0.535714,0.096610,0.584377,0.070532,0.248941,0.084784,minus_clean_transfer_retention,over-rejects useful pretrained features
combined_stress,taxel_bias,cable_threading,5,84,0.476190,0.097120,0.585124,0.072419,0.250357,0.085163,minus_clean_transfer_retention,over-rejects useful pretrained features
combined_stress,taxel_bias,cable_threading,6,84,0.595238,0.097630,0.585871,0.069842,0.248558,0.085542,minus_clean_transfer_retention,over-rejects useful pretrained features
combined_stress,taxel_bias,lid_twist_force_control,0,84,0.583333,0.093483,0.560942,0.074689,0.241688,0.084263,minus_clean_transfer_retention,over-rejects useful pretrained features
combined_stress,taxel_bias,lid_twist_force_control,1,84,0.654762,0.094041,0.561761,0.073339,0.240778,0.084675,minus_clean_transfer_retention,over-rejects useful pretrained features
combined_stress,taxel_bias,lid_twist_force_control,2,84,0.559524,0.094599,0.562580,0.076156,0.242869,0.085088,minus_clean_transfer_retention,over-rejects useful pretrained features
combined_stress,taxel_bias,lid_twist_force_control,3,84,0.559524,0.095157,0.545390,0.076592,0.243245,0.085500,minus_clean_transfer_retention,over-rejects useful pretrained features
combined_stress,taxel_bias,lid_twist_force_control,4,84,0.583333,0.095715,0.546209,0.076432,0.243192,0.085912,minus_clean_transfer_retention,over-rejects useful pretrained features
combined_stress,taxel_bias,lid_twist_force_control,5,84,0.678571,0.096273,0.547028,0.066483,0.241854,0.086324,minus_clean_transfer_retention,over-rejects useful pretrained features
combined_stress,taxel_bias,lid_twist_force_control,6,84,0.559524,0.096831,0.547847,0.069895,0.244373,0.086737,minus_clean_transfer_retention,over-rejects useful pretrained features
combined_stress,transient_shear_spike,slip_limited_grasp,0,84,0.654762,0.107902,0.586644,0.072345,0.241550,0.085003,minus_clean_transfer_retention,over-rejects useful pretrained features
combined_stress,transient_shear_spike,slip_limited_grasp,1,84,0.511905,0.108496,0.587517,0.076380,0.244522,0.085440,minus_clean_transfer_retention,over-rejects useful pretrained features
combined_stress,transient_shear_spike,slip_limited_grasp,2,84,0.619048,0.097084,0.588390,0.072964,0.242993,0.085613,minus_clean_transfer_retention,over-rejects useful pretrained features
combined_stress,transient_shear_spike,slip_limited_grasp,3,84,0.488095,0.097678,0.571254,0.076701,0.245750,0.086050,minus_clean_transfer_retention,over-rejects useful pretrained features
combined_stress,transient_shear_spike,slip_limited_grasp,4,84,0.619048,0.098272,0.572127,0.073891,0.243793,0.086487,minus_clean_transfer_retention,over-rejects useful pretrained features
combined_stress,transient_shear_spike,slip_limited_grasp,5,84,0.583333,0.098866,0.573000,0.075247,0.244836,0.086924,minus_clean_transfer_retention,over-rejects useful pretrained features
combined_stress,transient_shear_spike,slip_limited_grasp,6,84,0.607143,0.099460,0.573873,0.075115,0.244807,0.087361,minus_clean_transfer_retention,over-rejects useful pretrained features
combined_stress,transient_shear_spike,peg_in_hole_contact_search,0,84,0.654762,0.107801,0.548065,0.078899,0.244698,0.083311,minus_clean_transfer_retention,over-rejects useful pretrained features
combined_stress,transient_shear_spike,peg_in_hole_contact_search,1,84,0.666667,0.096437,0.549010,0.077901,0.244916,0.083517,minus_clean_transfer_retention,over-rejects useful pretrained features
combined_stress,transient_shear_spike,peg_in_hole_contact_search,2,84,0.630952,0.097079,0.549955,0.079294,0.245991,0.083987,minus_clean_transfer_retention,over-rejects useful pretrained features
combined_stress,transient_shear_spike,peg_in_hole_contact_search,3,84,0.642857,0.097721,0.550900,0.071493,0.246209,0.084457,minus_clean_transfer_retention,over-rejects useful pretrained features
combined_stress,transient_shear_spike,peg_in_hole_contact_search,4,84,0.547619,0.098363,0.551845,0.074374,0.248355,0.084927,minus_clean_transfer_retention,over-rejects useful pretrained features
combined_stress,transient_shear_spike,peg_in_hole_contact_search,5,84,0.535714,0.099005,0.552790,0.075172,0.249001,0.085397,minus_clean_transfer_retention,over-rejects useful pretrained features
combined_stress,transient_shear_spike,peg_in_hole_contact_search,6,84,0.583333,0.099647,0.553735,0.074481,0.248576,0.085867,minus_clean_transfer_retention,over-rejects useful pretrained features
combined_stress,transient_shear_spike,cloth_edge_pull,0,84,0.535714,0.106849,0.577385,0.079628,0.249629,0.082810,minus_clean_transfer_retention,over-rejects useful pretrained features
combined_stress,transient_shear_spike,cloth_edge_pull,1,84,0.571429,0.107425,0.578231,0.079185,0.249374,0.083235,minus_clean_transfer_retention,over-rejects useful pretrained features
combined_stress,transient_shear_spike,cloth_edge_pull,2,84,0.535714,0.108001,0.579077,0.080527,0.250405,0.083659,minus_clean_transfer_retention,over-rejects useful pretrained features
combined_stress,transient_shear_spike,cloth_edge_pull,3,84,0.500000,0.108577,0.579923,0.081870,0.251436,0.084084,minus_clean_transfer_retention,over-rejects useful pretrained features
combined_stress,transient_shear_spike,cloth_edge_pull,4,84,0.583333,0.097147,0.580769,0.079035,0.250324,0.084244,minus_clean_transfer_retention,over-rejects useful pretrained features
combined_stress,transient_shear_spike,cloth_edge_pull,5,84,0.464286,0.097723,0.581615,0.082461,0.244851,0.084669,minus_clean_transfer_retention,over-rejects useful pretrained features
combined_stress,transient_shear_spike,cloth_edge_pull,6,84,0.666667,0.098299,0.582461,0.077851,0.241596,0.085094,minus_clean_transfer_retention,over-rejects useful pretrained features
combined_stress,transient_shear_spike,cable_threading,0,84,0.547619,0.103844,0.595893,0.076646,0.247279,0.087879,minus_clean_transfer_retention,over-rejects useful pretrained features
combined_stress,transient_shear_spike,cable_threading,1,84,0.571429,0.104420,0.596739,0.076500,0.247238,0.088304,minus_clean_transfer_retention,over-rejects useful pretrained features
combined_stress,transient_shear_spike,cable_threading,2,84,0.547619,0.104996,0.597585,0.077545,0.248055,0.088728,minus_clean_transfer_retention,over-rejects useful pretrained features
combined_stress,transient_shear_spike,cable_threading,3,84,0.523810,0.105572,0.580422,0.078590,0.248871,0.081149,minus_clean_transfer_retention,over-rejects useful pretrained features
combined_stress,transient_shear_spike,cable_threading,4,84,0.547619,0.106148,0.581268,0.078444,0.248831,0.081574,minus_clean_transfer_retention,over-rejects useful pretrained features
combined_stress,transient_shear_spike,cable_threading,5,84,0.559524,0.106724,0.582114,0.078596,0.249005,0.081998,minus_clean_transfer_retention,over-rejects useful pretrained features
combined_stress,transient_shear_spike,cable_threading,6,84,0.464286,0.107300,0.582960,0.081427,0.251107,0.082423,minus_clean_transfer_retention,over-rejects useful pretrained features
combined_stress,transient_shear_spike,lid_twist_force_control,0,84,0.690476,0.103249,0.558175,0.072391,0.248019,0.081210,minus_clean_transfer_retention,over-rejects useful pretrained features
combined_stress,transient_shear_spike,lid_twist_force_control,1,84,0.523810,0.103873,0.541084,0.077044,0.243435,0.081668,minus_clean_transfer_retention,over-rejects useful pretrained features
combined_stress,transient_shear_spike,lid_twist_force_control,2,84,0.452381,0.104497,0.542002,0.079316,0.245141,0.082125,minus_clean_transfer_retention,over-rejects useful pretrained features
combined_stress,transient_shear_spike,lid_twist_force_control,3,84,0.607143,0.105121,0.542920,0.075934,0.242775,0.082583,minus_clean_transfer_retention,over-rejects useful pretrained features
combined_stress,transient_shear_spike,lid_twist_force_control,4,84,0.619048,0.105745,0.543838,0.076122,0.242981,0.083041,minus_clean_transfer_retention,over-rejects useful pretrained features
combined_stress,transient_shear_spike,lid_twist_force_control,5,84,0.559524,0.106369,0.544756,0.078097,0.244473,0.083499,minus_clean_transfer_retention,over-rejects useful pretrained features
combined_stress,transient_shear_spike,lid_twist_force_control,6,84,0.666667,0.106993,0.545674,0.075905,0.242964,0.083956,minus_clean_transfer_retention,over-rejects useful pretrained features
combined_stress,compound_contact_shift,slip_limited_grasp,0,84,0.523810,0.108558,0.581263,0.083073,0.248639,0.083961,minus_clean_transfer_retention,over-rejects useful pretrained features
combined_stress,compound_contact_shift,slip_limited_grasp,1,84,0.619048,0.109158,0.564136,0.081160,0.247329,0.084402,minus_clean_transfer_retention,over-rejects useful pretrained features
combined_stress,compound_contact_shift,slip_limited_grasp,2,84,0.476190,0.109758,0.565018,0.085199,0.250305,0.084843,minus_clean_transfer_retention,over-rejects useful pretrained features
combined_stress,compound_contact_shift,slip_limited_grasp,3,84,0.547619,0.110358,0.565900,0.083881,0.249423,0.085285,minus_clean_transfer_retention,over-rejects useful pretrained features
combined_stress,compound_contact_shift,slip_limited_grasp,4,84,0.535714,0.110958,0.566782,0.084647,0.250041,0.085726,minus_clean_transfer_retention,over-rejects useful pretrained features
combined_stress,compound_contact_shift,slip_limited_grasp,5,84,0.535714,0.111558,0.567664,0.085115,0.250445,0.086167,minus_clean_transfer_retention,over-rejects useful pretrained features
combined_stress,compound_contact_shift,slip_limited_grasp,6,84,0.559524,0.112158,0.568546,0.084988,0.250421,0.086608,minus_clean_transfer_retention,over-rejects useful pretrained features
combined_stress,compound_contact_shift,peg_in_hole_contact_search,0,84,0.619048,0.113246,0.549866,0.082912,0.245261,0.085567,minus_clean_transfer_retention,over-rejects useful pretrained features
combined_stress,compound_contact_shift,peg_in_hole_contact_search,1,84,0.535714,0.113894,0.550820,0.085501,0.247197,0.086041,minus_clean_transfer_retention,over-rejects useful pretrained features
combined_stress,compound_contact_shift,peg_in_hole_contact_search,2,84,0.559524,0.114542,0.551774,0.085410,0.247205,0.086515,minus_clean_transfer_retention,over-rejects useful pretrained features
combined_stress,compound_contact_shift,peg_in_hole_contact_search,3,84,0.607143,0.115190,0.552728,0.084724,0.246783,0.086989,minus_clean_transfer_retention,over-rejects useful pretrained features
combined_stress,compound_contact_shift,peg_in_hole_contact_search,4,84,0.666667,0.115838,0.553682,0.083741,0.246148,0.087464,minus_clean_transfer_retention,over-rejects useful pretrained features
combined_stress,compound_contact_shift,peg_in_hole_contact_search,5,84,0.571429,0.116486,0.554636,0.086627,0.248298,0.087938,minus_clean_transfer_retention,over-rejects useful pretrained features
combined_stress,compound_contact_shift,peg_in_hole_contact_search,6,84,0.642857,0.117134,0.555590,0.085346,0.247449,0.088412,minus_clean_transfer_retention,over-rejects useful pretrained features
combined_stress,compound_contact_shift,cloth_edge_pull,0,84,0.523810,0.117489,0.568971,0.087030,0.253227,0.088644,minus_clean_transfer_retention,over-rejects useful pretrained features
combined_stress,compound_contact_shift,cloth_edge_pull,1,84,0.511905,0.118071,0.569826,0.087781,0.253834,0.089073,minus_clean_transfer_retention,over-rejects useful pretrained features
combined_stress,compound_contact_shift,cloth_edge_pull,2,84,0.547619,0.118653,0.570681,0.087343,0.253583,0.089502,minus_clean_transfer_retention,over-rejects useful pretrained features
combined_stress,compound_contact_shift,cloth_edge_pull,3,84,0.559524,0.119235,0.571536,0.087499,0.253761,0.089930,minus_clean_transfer_retention,over-rejects useful pretrained features
combined_stress,compound_contact_shift,cloth_edge_pull,4,84,0.571429,0.107811,0.572391,0.086455,0.245934,0.090095,minus_clean_transfer_retention,over-rejects useful pretrained features
combined_stress,compound_contact_shift,cloth_edge_pull,5,84,0.440476,0.108393,0.573246,0.090183,0.248683,0.090524,minus_clean_transfer_retention,over-rejects useful pretrained features
combined_stress,compound_contact_shift,cloth_edge_pull,6,84,0.464286,0.108975,0.574101,0.082038,0.248647,0.090953,minus_clean_transfer_retention,over-rejects useful pretrained features
combined_stress,compound_contact_shift,cable_threading,0,84,0.380952,0.114305,0.587209,0.087779,0.253543,0.085585,minus_clean_transfer_retention,over-rejects useful pretrained features
combined_stress,compound_contact_shift,cable_threading,1,84,0.571429,0.114887,0.588064,0.083471,0.250506,0.086014,minus_clean_transfer_retention,over-rejects useful pretrained features
combined_stress,compound_contact_shift,cable_threading,2,84,0.535714,0.115469,0.588919,0.084818,0.251541,0.086443,minus_clean_transfer_retention,over-rejects useful pretrained features
combined_stress,compound_contact_shift,cable_threading,3,84,0.416667,0.116051,0.589774,0.088248,0.254076,0.086872,minus_clean_transfer_retention,over-rejects useful pretrained features
combined_stress,compound_contact_shift,cable_threading,4,84,0.547619,0.116633,0.590629,0.085429,0.252111,0.087300,minus_clean_transfer_retention,over-rejects useful pretrained features
combined_stress,compound_contact_shift,cable_threading,5,84,0.571429,0.117215,0.573475,0.085288,0.252074,0.087729,minus_clean_transfer_retention,over-rejects useful pretrained features
combined_stress,compound_contact_shift,cable_threading,6,84,0.523810,0.117797,0.574330,0.086932,0.253323,0.088158,minus_clean_transfer_retention,over-rejects useful pretrained features
combined_stress,compound_contact_shift,lid_twist_force_control,0,84,0.607143,0.107205,0.539735,0.084458,0.248447,0.090445,minus_clean_transfer_retention,over-rejects useful pretrained features
combined_stress,compound_contact_shift,lid_twist_force_control,1,84,0.619048,0.107835,0.540662,0.084651,0.248657,0.090907,minus_clean_transfer_retention,over-rejects useful pretrained features
combined_stress,compound_contact_shift,lid_twist_force_control,2,84,0.595238,0.108465,0.541589,0.085738,0.249510,0.083365,minus_clean_transfer_retention,over-rejects useful pretrained features
combined_stress,compound_contact_shift,lid_twist_force_control,3,84,0.607143,0.109095,0.542516,0.085931,0.249719,0.083826,minus_clean_transfer_retention,over-rejects useful pretrained features
combined_stress,compound_contact_shift,lid_twist_force_control,4,84,0.642857,0.109725,0.543443,0.077525,0.249501,0.084288,minus_clean_transfer_retention,over-rejects useful pretrained features
combined_stress,compound_contact_shift,lid_twist_force_control,5,84,0.511905,0.110355,0.544370,0.081290,0.252282,0.084750,minus_clean_transfer_retention,over-rejects useful pretrained features
combined_stress,compound_contact_shift,lid_twist_force_control,6,84,0.511905,0.110985,0.545297,0.081781,0.252706,0.085212,minus_clean_transfer_retention,over-rejects useful pretrained features
combined_stress,source_matched,slip_limited_grasp,0,84,0.678571,0.080774,0.585276,0.080453,0.213202,0.079798,minus_slip_damage_cost,ignores asymmetric cost of slip/drop errors
combined_stress,source_matched,slip_limited_grasp,1,84,0.738095,0.081278,0.586014,0.079359,0.212470,0.080173,minus_slip_damage_cost,ignores asymmetric cost of slip/drop errors
combined_stress,source_matched,slip_limited_grasp,2,84,0.702381,0.081782,0.586752,0.080647,0.213453,0.080548,minus_slip_damage_cost,ignores asymmetric cost of slip/drop errors
combined_stress,source_matched,slip_limited_grasp,3,84,0.666667,0.082286,0.587490,0.081934,0.214436,0.072919,minus_slip_damage_cost,ignores asymmetric cost of slip/drop errors
combined_stress,source_matched,slip_limited_grasp,4,84,0.690476,0.082790,0.588228,0.081733,0.214347,0.073294,minus_slip_damage_cost,ignores asymmetric cost of slip/drop errors
combined_stress,source_matched,slip_limited_grasp,5,84,0.690476,0.083294,0.588966,0.082128,0.214687,0.073669,minus_slip_damage_cost,ignores asymmetric cost of slip/drop errors
combined_stress,source_matched,slip_limited_grasp,6,84,0.702381,0.083798,0.589704,0.082224,0.214813,0.074044,minus_slip_damage_cost,ignores asymmetric cost of slip/drop errors
combined_stress,source_matched,peg_in_hole_contact_search,0,84,0.678571,0.080784,0.565030,0.079158,0.216494,0.078252,minus_slip_damage_cost,ignores asymmetric cost of slip/drop errors
combined_stress,source_matched,peg_in_hole_contact_search,1,84,0.535714,0.081336,0.565840,0.083161,0.219437,0.078661,minus_slip_damage_cost,ignores asymmetric cost of slip/drop errors
combined_stress,source_matched,peg_in_hole_contact_search,2,84,0.583333,0.081888,0.566650,0.082401,0.218952,0.079069,minus_slip_damage_cost,ignores asymmetric cost of slip/drop errors
combined_stress,source_matched,peg_in_hole_contact_search,3,84,0.714286,0.082440,0.549451,0.079559,0.216967,0.079477,minus_slip_damage_cost,ignores asymmetric cost of slip/drop errors
combined_stress,source_matched,peg_in_hole_contact_search,4,84,0.690476,0.082992,0.550261,0.080585,0.217767,0.079885,minus_slip_damage_cost,ignores asymmetric cost of slip/drop errors
combined_stress,source_matched,peg_in_hole_contact_search,5,84,0.690476,0.083544,0.551071,0.081016,0.210135,0.080293,minus_slip_damage_cost,ignores asymmetric cost of slip/drop errors
combined_stress,source_matched,peg_in_hole_contact_search,6,84,0.619048,0.084096,0.551881,0.083233,0.211793,0.080701,minus_slip_damage_cost,ignores asymmetric cost of slip/drop errors
combined_stress,source_matched,cloth_edge_pull,0,84,0.500000,0.086123,0.585494,0.086072,0.218560,0.073954,minus_slip_damage_cost,ignores asymmetric cost of slip/drop errors
combined_stress,source_matched,cloth_edge_pull,1,84,0.619048,0.086609,0.586205,0.083477,0.216745,0.074317,minus_slip_damage_cost,ignores asymmetric cost of slip/drop errors
combined_stress,source_matched,cloth_edge_pull,2,84,0.666667,0.087095,0.586916,0.082667,0.216216,0.074679,minus_slip_damage_cost,ignores asymmetric cost of slip/drop errors
combined_stress,source_matched,cloth_edge_pull,3,84,0.666667,0.087581,0.587627,0.083047,0.216544,0.075042,minus_slip_damage_cost,ignores asymmetric cost of slip/drop errors
combined_stress,source_matched,cloth_edge_pull,4,84,0.642857,0.088067,0.588338,0.084023,0.217301,0.075405,minus_slip_damage_cost,ignores asymmetric cost of slip/drop errors
combined_stress,source_matched,cloth_edge_pull,5,84,0.559524,0.088553,0.589049,0.086487,0.219129,0.075767,minus_slip_damage_cost,ignores asymmetric cost of slip/drop errors
combined_stress,source_matched,cloth_edge_pull,6,84,0.583333,0.089039,0.589760,0.086273,0.219028,0.076130,minus_slip_damage_cost,ignores asymmetric cost of slip/drop errors
combined_stress,source_matched,cable_threading,0,84,0.559524,0.085879,0.590043,0.083976,0.217153,0.080884,minus_slip_damage_cost,ignores asymmetric cost of slip/drop errors
combined_stress,source_matched,cable_threading,1,84,0.571429,0.086365,0.590754,0.084059,0.217266,0.081246,minus_slip_damage_cost,ignores asymmetric cost of slip/drop errors
combined_stress,source_matched,cable_threading,2,84,0.595238,0.086851,0.591465,0.083844,0.217166,0.073605,minus_slip_damage_cost,ignores asymmetric cost of slip/drop errors
combined_stress,source_matched,cable_threading,3,84,0.678571,0.087337,0.592176,0.082141,0.215994,0.073968,minus_slip_damage_cost,ignores asymmetric cost of slip/drop errors
combined_stress,source_matched,cable_threading,4,84,0.678571,0.087823,0.592887,0.082522,0.216322,0.074331,minus_slip_damage_cost,ignores asymmetric cost of slip/drop errors
combined_stress,source_matched,cable_threading,5,84,0.547619,0.088309,0.593598,0.086176,0.219007,0.074693,minus_slip_damage_cost,ignores asymmetric cost of slip/drop errors
combined_stress,source_matched,cable_threading,6,84,0.666667,0.088795,0.594309,0.083581,0.217192,0.075056,minus_slip_damage_cost,ignores asymmetric cost of slip/drop errors
combined_stress,source_matched,lid_twist_force_control,0,84,0.642857,0.086606,0.554593,0.082349,0.211969,0.075252,minus_slip_damage_cost,ignores asymmetric cost of slip/drop errors
combined_stress,source_matched,lid_twist_force_control,1,84,0.714286,0.087140,0.555376,0.080981,0.211043,0.075647,minus_slip_damage_cost,ignores asymmetric cost of slip/drop errors
combined_stress,source_matched,lid_twist_force_control,2,84,0.690476,0.087674,0.556159,0.081993,0.211831,0.076043,minus_slip_damage_cost,ignores asymmetric cost of slip/drop errors
combined_stress,source_matched,lid_twist_force_control,3,84,0.630952,0.088208,0.556942,0.083899,0.213263,0.076439,minus_slip_damage_cost,ignores asymmetric cost of slip/drop errors
combined_stress,source_matched,lid_twist_force_control,4,84,0.654762,0.088742,0.557725,0.083721,0.213194,0.076835,minus_slip_damage_cost,ignores asymmetric cost of slip/drop errors
combined_stress,source_matched,lid_twist_force_control,5,84,0.797619,0.089276,0.558508,0.080567,0.210983,0.077230,minus_slip_damage_cost,ignores asymmetric cost of slip/drop errors
combined_stress,source_matched,lid_twist_force_control,6,84,0.666667,0.089810,0.559291,0.084258,0.213700,0.077626,minus_slip_damage_cost,ignores asymmetric cost of slip/drop errors
combined_stress,low_friction,slip_limited_grasp,0,84,0.726190,0.098605,0.567096,0.087762,0.217513,0.080606,minus_slip_damage_cost,ignores asymmetric cost of slip/drop errors
combined_stress,low_friction,slip_limited_grasp,1,84,0.642857,0.099097,0.567816,0.090230,0.219345,0.080973,minus_slip_damage_cost,ignores asymmetric cost of slip/drop errors
combined_stress,low_friction,slip_limited_grasp,2,84,0.678571,0.099589,0.568536,0.089723,0.219034,0.081340,minus_slip_damage_cost,ignores asymmetric cost of slip/drop errors
combined_stress,low_friction,slip_limited_grasp,3,84,0.583333,0.100081,0.569256,0.092489,0.221080,0.081707,minus_slip_damage_cost,ignores asymmetric cost of slip/drop errors
combined_stress,low_friction,slip_limited_grasp,4,84,0.642857,0.100573,0.569976,0.091386,0.220341,0.082073,minus_slip_damage_cost,ignores asymmetric cost of slip/drop errors
combined_stress,low_friction,slip_limited_grasp,5,84,0.654762,0.101065,0.570696,0.091473,0.220458,0.082440,minus_slip_damage_cost,ignores asymmetric cost of slip/drop errors
combined_stress,low_friction,slip_limited_grasp,6,84,0.761905,0.101557,0.571416,0.089180,0.218862,0.082807,minus_slip_damage_cost,ignores asymmetric cost of slip/drop errors
combined_stress,low_friction,peg_in_hole_contact_search,0,84,0.666667,0.101044,0.550495,0.089818,0.215492,0.080734,minus_slip_damage_cost,ignores asymmetric cost of slip/drop errors
combined_stress,low_friction,peg_in_hole_contact_search,1,84,0.583333,0.101584,0.551287,0.092323,0.217356,0.081134,minus_slip_damage_cost,ignores asymmetric cost of slip/drop errors
combined_stress,low_friction,peg_in_hole_contact_search,2,84,0.595238,0.102124,0.552079,0.092447,0.217506,0.081534,minus_slip_damage_cost,ignores asymmetric cost of slip/drop errors
combined_stress,low_friction,peg_in_hole_contact_search,3,84,0.690476,0.102664,0.552871,0.090489,0.216155,0.081934,minus_slip_damage_cost,ignores asymmetric cost of slip/drop errors
combined_stress,low_friction,peg_in_hole_contact_search,4,84,0.654762,0.103204,0.553663,0.091803,0.217162,0.082334,minus_slip_damage_cost,ignores asymmetric cost of slip/drop errors
combined_stress,low_friction,peg_in_hole_contact_search,5,84,0.642857,0.103744,0.554455,0.092523,0.217741,0.082734,minus_slip_damage_cost,ignores asymmetric cost of slip/drop errors
combined_stress,low_friction,peg_in_hole_contact_search,6,84,0.619048,0.104284,0.555247,0.093540,0.218533,0.083133,minus_slip_damage_cost,ignores asymmetric cost of slip/drop errors
combined_stress,low_friction,cloth_edge_pull,0,84,0.619048,0.095992,0.573380,0.085491,0.216277,0.077283,minus_slip_damage_cost,ignores asymmetric cost of slip/drop errors
combined_stress,low_friction,cloth_edge_pull,1,84,0.607143,0.096466,0.574073,0.086160,0.216811,0.077637,minus_slip_damage_cost,ignores asymmetric cost of slip/drop errors
combined_stress,low_friction,cloth_edge_pull,2,84,0.595238,0.096940,0.574766,0.086829,0.217346,0.077992,minus_slip_damage_cost,ignores asymmetric cost of slip/drop errors
combined_stress,low_friction,cloth_edge_pull,3,84,0.607143,0.097414,0.575459,0.086903,0.217451,0.078346,minus_slip_damage_cost,ignores asymmetric cost of slip/drop errors
combined_stress,low_friction,cloth_edge_pull,4,84,0.690476,0.097888,0.576152,0.085191,0.216271,0.078701,minus_slip_damage_cost,ignores asymmetric cost of slip/drop errors
combined_stress,low_friction,cloth_edge_pull,5,84,0.595238,0.098362,0.576845,0.087943,0.218306,0.079055,minus_slip_damage_cost,ignores asymmetric cost of slip/drop errors
combined_stress,low_friction,cloth_edge_pull,6,84,0.666667,0.098836,0.577538,0.086529,0.217340,0.079410,minus_slip_damage_cost,ignores asymmetric cost of slip/drop errors
combined_stress,low_friction,cable_threading,0,84,0.583333,0.096108,0.578469,0.094055,0.216824,0.084461,minus_slip_damage_cost,ignores asymmetric cost of slip/drop errors
combined_stress,low_friction,cable_threading,1,84,0.547619,0.096582,0.579162,0.087316,0.217787,0.076811,minus_slip_damage_cost,ignores asymmetric cost of slip/drop errors
combined_stress,low_friction,cable_threading,2,84,0.619048,0.097056,0.579855,0.085901,0.216821,0.077166,minus_slip_damage_cost,ignores asymmetric cost of slip/drop errors
combined_stress,low_friction,cable_threading,3,84,0.726190,0.097530,0.580548,0.083594,0.215213,0.077520,minus_slip_damage_cost,ignores asymmetric cost of slip/drop errors
combined_stress,low_friction,cable_threading,4,84,0.595238,0.098004,0.581241,0.087239,0.217890,0.077874,minus_slip_damage_cost,ignores asymmetric cost of slip/drop errors
combined_stress,low_friction,cable_threading,5,84,0.630952,0.098478,0.581934,0.086718,0.217567,0.078229,minus_slip_damage_cost,ignores asymmetric cost of slip/drop errors
combined_stress,low_friction,cable_threading,6,84,0.678571,0.098952,0.582627,0.085899,0.217030,0.078583,minus_slip_damage_cost,ignores asymmetric cost of slip/drop errors
combined_stress,low_friction,lid_twist_force_control,0,84,0.678571,0.097837,0.544522,0.084895,0.220098,0.079519,minus_slip_damage_cost,ignores asymmetric cost of slip/drop errors
combined_stress,low_friction,lid_twist_force_control,1,84,0.773810,0.098359,0.545287,0.082923,0.218735,0.079906,minus_slip_damage_cost,ignores asymmetric cost of slip/drop errors
combined_stress,low_friction,lid_twist_force_control,2,84,0.630952,0.098881,0.546052,0.086902,0.221659,0.080294,minus_slip_damage_cost,ignores asymmetric cost of slip/drop errors
combined_stress,low_friction,lid_twist_force_control,3,84,0.571429,0.099403,0.546817,0.088799,0.223082,0.080681,minus_slip_damage_cost,ignores asymmetric cost of slip/drop errors
combined_stress,low_friction,lid_twist_force_control,4,84,0.583333,0.099925,0.547582,0.088909,0.223220,0.081069,minus_slip_damage_cost,ignores asymmetric cost of slip/drop errors
combined_stress,low_friction,lid_twist_force_control,5,84,0.619048,0.100447,0.548347,0.088424,0.222929,0.081456,minus_slip_damage_cost,ignores asymmetric cost of slip/drop errors
combined_stress,low_friction,lid_twist_force_control,6,84,0.619048,0.100969,0.549112,0.088833,0.215277,0.081844,minus_slip_damage_cost,ignores asymmetric cost of slip/drop errors
combined_stress,soft_compliance,slip_limited_grasp,0,84,0.690476,0.105641,0.564748,0.087286,0.222647,0.084229,minus_slip_damage_cost,ignores asymmetric cost of slip/drop errors
combined_stress,soft_compliance,slip_limited_grasp,1,84,0.714286,0.106151,0.565495,0.087090,0.214559,0.084608,minus_slip_damage_cost,ignores asymmetric cost of slip/drop errors
combined_stress,soft_compliance,slip_limited_grasp,2,84,0.654762,0.106661,0.566242,0.088977,0.215974,0.084987,minus_slip_damage_cost,ignores asymmetric cost of slip/drop errors
combined_stress,soft_compliance,slip_limited_grasp,3,84,0.773810,0.107171,0.566989,0.086400,0.214175,0.085367,minus_slip_damage_cost,ignores asymmetric cost of slip/drop errors
combined_stress,soft_compliance,slip_limited_grasp,4,84,0.750000,0.107681,0.567736,0.087394,0.214948,0.077742,minus_slip_damage_cost,ignores asymmetric cost of slip/drop errors
combined_stress,soft_compliance,slip_limited_grasp,5,84,0.511905,0.108191,0.568483,0.093745,0.219578,0.078121,minus_slip_damage_cost,ignores asymmetric cost of slip/drop errors
combined_stress,soft_compliance,slip_limited_grasp,6,84,0.750000,0.108701,0.569230,0.088192,0.215636,0.078500,minus_slip_damage_cost,ignores asymmetric cost of slip/drop errors
combined_stress,soft_compliance,peg_in_hole_contact_search,0,84,0.690476,0.098432,0.551684,0.088461,0.221127,0.077713,minus_slip_damage_cost,ignores asymmetric cost of slip/drop errors
combined_stress,soft_compliance,peg_in_hole_contact_search,1,84,0.559524,0.098990,0.552503,0.092171,0.223861,0.078125,minus_slip_damage_cost,ignores asymmetric cost of slip/drop errors
combined_stress,soft_compliance,peg_in_hole_contact_search,2,84,0.630952,0.099548,0.553322,0.090821,0.222951,0.078537,minus_slip_damage_cost,ignores asymmetric cost of slip/drop errors
combined_stress,soft_compliance,peg_in_hole_contact_search,3,84,0.607143,0.100106,0.554141,0.091852,0.223755,0.078950,minus_slip_damage_cost,ignores asymmetric cost of slip/drop errors
combined_stress,soft_compliance,peg_in_hole_contact_search,4,84,0.690476,0.100664,0.554960,0.090205,0.222631,0.079362,minus_slip_damage_cost,ignores asymmetric cost of slip/drop errors
combined_stress,soft_compliance,peg_in_hole_contact_search,5,84,0.654762,0.101222,0.555779,0.091533,0.215646,0.079774,minus_slip_damage_cost,ignores asymmetric cost of slip/drop errors
combined_stress,soft_compliance,peg_in_hole_contact_search,6,84,0.523810,0.101780,0.538589,0.095243,0.218379,0.080186,minus_slip_damage_cost,ignores asymmetric cost of slip/drop errors
combined_stress,soft_compliance,cloth_edge_pull,0,84,0.678571,0.108968,0.579942,0.087188,0.215654,0.084996,minus_slip_damage_cost,ignores asymmetric cost of slip/drop errors
combined_stress,soft_compliance,cloth_edge_pull,1,84,0.678571,0.109460,0.580662,0.087574,0.215986,0.085363,minus_slip_damage_cost,ignores asymmetric cost of slip/drop errors
combined_stress,soft_compliance,cloth_edge_pull,2,84,0.666667,0.109952,0.581382,0.088256,0.216532,0.085730,minus_slip_damage_cost,ignores asymmetric cost of slip/drop errors
combined_stress,soft_compliance,cloth_edge_pull,3,84,0.535714,0.110444,0.582102,0.091916,0.219221,0.078093,minus_slip_damage_cost,ignores asymmetric cost of slip/drop errors
combined_stress,soft_compliance,cloth_edge_pull,4,84,0.630952,0.098930,0.582822,0.088719,0.217839,0.078196,minus_slip_damage_cost,ignores asymmetric cost of slip/drop errors
combined_stress,soft_compliance,cloth_edge_pull,5,84,0.619048,0.099422,0.583542,0.089402,0.218385,0.078562,minus_slip_damage_cost,ignores asymmetric cost of slip/drop errors
combined_stress,soft_compliance,cloth_edge_pull,6,84,0.607143,0.099914,0.584262,0.090085,0.218931,0.078929,minus_slip_damage_cost,ignores asymmetric cost of slip/drop errors
combined_stress,soft_compliance,cable_threading,0,84,0.583333,0.108544,0.584221,0.088823,0.224916,0.083798,minus_slip_damage_cost,ignores asymmetric cost of slip/drop errors
combined_stress,soft_compliance,cable_threading,1,84,0.583333,0.109036,0.584941,0.089208,0.217244,0.084165,minus_slip_damage_cost,ignores asymmetric cost of slip/drop errors
combined_stress,soft_compliance,cable_threading,2,84,0.523810,0.109528,0.585661,0.091082,0.218647,0.084532,minus_slip_damage_cost,ignores asymmetric cost of slip/drop errors
combined_stress,soft_compliance,cable_threading,3,84,0.571429,0.110020,0.586381,0.090276,0.218122,0.084899,minus_slip_damage_cost,ignores asymmetric cost of slip/drop errors
combined_stress,soft_compliance,cable_threading,4,84,0.642857,0.110512,0.587101,0.088876,0.217169,0.085266,minus_slip_damage_cost,ignores asymmetric cost of slip/drop errors
combined_stress,soft_compliance,cable_threading,5,84,0.607143,0.098998,0.587821,0.088953,0.218143,0.085368,minus_slip_damage_cost,ignores asymmetric cost of slip/drop errors
combined_stress,soft_compliance,cable_threading,6,84,0.488095,0.099490,0.588541,0.092315,0.220618,0.077731,minus_slip_damage_cost,ignores asymmetric cost of slip/drop errors
combined_stress,soft_compliance,lid_twist_force_control,0,84,0.690476,0.102767,0.539015,0.089619,0.214967,0.081691,minus_slip_damage_cost,ignores asymmetric cost of slip/drop errors
combined_stress,soft_compliance,lid_twist_force_control,1,84,0.571429,0.103307,0.539807,0.093017,0.217474,0.082091,minus_slip_damage_cost,ignores asymmetric cost of slip/drop errors
combined_stress,soft_compliance,lid_twist_force_control,2,84,0.571429,0.103847,0.540599,0.093439,0.217838,0.082491,minus_slip_damage_cost,ignores asymmetric cost of slip/drop errors
combined_stress,soft_compliance,lid_twist_force_control,3,84,0.630952,0.104387,0.541391,0.092373,0.217131,0.082891,minus_slip_damage_cost,ignores asymmetric cost of slip/drop errors
combined_stress,soft_compliance,lid_twist_force_control,4,84,0.678571,0.104927,0.542183,0.091604,0.216638,0.083291,minus_slip_damage_cost,ignores asymmetric cost of slip/drop errors
combined_stress,soft_compliance,lid_twist_force_control,5,84,0.714286,0.105467,0.542975,0.091134,0.216359,0.083691,minus_slip_damage_cost,ignores asymmetric cost of slip/drop errors
combined_stress,soft_compliance,lid_twist_force_control,6,84,0.714286,0.106007,0.543767,0.091556,0.216723,0.084091,minus_slip_damage_cost,ignores asymmetric cost of slip/drop errors
combined_stress,texture_aliasing,slip_limited_grasp,0,84,0.714286,0.114746,0.559238,0.093441,0.216935,0.082105,minus_slip_damage_cost,ignores asymmetric cost of slip/drop errors
combined_stress,texture_aliasing,slip_limited_grasp,1,84,0.654762,0.115262,0.559994,0.095333,0.218354,0.082489,minus_slip_damage_cost,ignores asymmetric cost of slip/drop errors
combined_stress,texture_aliasing,slip_limited_grasp,2,84,0.726190,0.115778,0.560750,0.093951,0.217417,0.082872,minus_slip_damage_cost,ignores asymmetric cost of slip/drop errors
combined_stress,texture_aliasing,slip_limited_grasp,3,84,0.654762,0.116294,0.561506,0.096140,0.219050,0.083255,minus_slip_damage_cost,ignores asymmetric cost of slip/drop errors
combined_stress,texture_aliasing,slip_limited_grasp,4,84,0.642857,0.116810,0.562262,0.096842,0.219613,0.083639,minus_slip_damage_cost,ignores asymmetric cost of slip/drop errors
combined_stress,texture_aliasing,slip_limited_grasp,5,84,0.666667,0.117326,0.563018,0.096650,0.219532,0.084022,minus_slip_damage_cost,ignores asymmetric cost of slip/drop errors
combined_stress,texture_aliasing,slip_limited_grasp,6,84,0.607143,0.117842,0.563774,0.098542,0.220951,0.084405,minus_slip_damage_cost,ignores asymmetric cost of slip/drop errors
combined_stress,texture_aliasing,peg_in_hole_contact_search,0,84,0.642857,0.112325,0.535347,0.092069,0.219893,0.086890,minus_slip_damage_cost,ignores asymmetric cost of slip/drop errors
combined_stress,texture_aliasing,peg_in_hole_contact_search,1,84,0.666667,0.112889,0.536175,0.091914,0.219844,0.079303,minus_slip_damage_cost,ignores asymmetric cost of slip/drop errors
combined_stress,texture_aliasing,peg_in_hole_contact_search,2,84,0.523810,0.113453,0.537003,0.095926,0.222795,0.079719,minus_slip_damage_cost,ignores asymmetric cost of slip/drop errors
combined_stress,texture_aliasing,peg_in_hole_contact_search,3,84,0.559524,0.114017,0.537831,0.095474,0.222533,0.080136,minus_slip_damage_cost,ignores asymmetric cost of slip/drop errors
combined_stress,texture_aliasing,peg_in_hole_contact_search,4,84,0.630952,0.114581,0.538659,0.094128,0.221627,0.080552,minus_slip_damage_cost,ignores asymmetric cost of slip/drop errors
combined_stress,texture_aliasing,peg_in_hole_contact_search,5,84,0.547619,0.115145,0.539487,0.096652,0.223507,0.080968,minus_slip_damage_cost,ignores asymmetric cost of slip/drop errors
combined_stress,texture_aliasing,peg_in_hole_contact_search,6,84,0.654762,0.115709,0.540315,0.094414,0.221958,0.081385,minus_slip_damage_cost,ignores asymmetric cost of slip/drop errors
combined_stress,texture_aliasing,cloth_edge_pull,0,84,0.571429,0.116050,0.571399,0.095067,0.218954,0.081480,minus_slip_damage_cost,ignores asymmetric cost of slip/drop errors
combined_stress,texture_aliasing,cloth_edge_pull,1,84,0.619048,0.116548,0.572128,0.094267,0.218433,0.081851,minus_slip_damage_cost,ignores asymmetric cost of slip/drop errors
combined_stress,texture_aliasing,cloth_edge_pull,2,84,0.666667,0.117046,0.572857,0.093466,0.217912,0.082222,minus_slip_damage_cost,ignores asymmetric cost of slip/drop errors
combined_stress,texture_aliasing,cloth_edge_pull,3,84,0.630952,0.117544,0.573586,0.094749,0.218891,0.082593,minus_slip_damage_cost,ignores asymmetric cost of slip/drop errors
combined_stress,texture_aliasing,cloth_edge_pull,4,84,0.642857,0.118042,0.574315,0.094841,0.219013,0.082964,minus_slip_damage_cost,ignores asymmetric cost of slip/drop errors
combined_stress,texture_aliasing,cloth_edge_pull,5,84,0.547619,0.118540,0.575044,0.097612,0.221063,0.083335,minus_slip_damage_cost,ignores asymmetric cost of slip/drop errors
combined_stress,texture_aliasing,cloth_edge_pull,6,84,0.678571,0.107032,0.575773,0.093527,0.219042,0.083442,minus_slip_damage_cost,ignores asymmetric cost of slip/drop errors
combined_stress,texture_aliasing,cable_threading,0,84,0.607143,0.115447,0.575408,0.093290,0.225739,0.080158,minus_slip_damage_cost,ignores asymmetric cost of slip/drop errors
combined_stress,texture_aliasing,cable_threading,1,84,0.630952,0.115945,0.576137,0.093085,0.225647,0.080529,minus_slip_damage_cost,ignores asymmetric cost of slip/drop errors
combined_stress,texture_aliasing,cable_threading,2,84,0.452381,0.116443,0.576866,0.097939,0.221193,0.080900,minus_slip_damage_cost,ignores asymmetric cost of slip/drop errors
combined_stress,texture_aliasing,cable_threading,3,84,0.583333,0.116941,0.577595,0.095055,0.219172,0.081271,minus_slip_damage_cost,ignores asymmetric cost of slip/drop errors
combined_stress,texture_aliasing,cable_threading,4,84,0.440476,0.117439,0.578324,0.099016,0.222079,0.081642,minus_slip_damage_cost,ignores asymmetric cost of slip/drop errors
combined_stress,texture_aliasing,cable_threading,5,84,0.559524,0.117937,0.579053,0.096430,0.220273,0.082013,minus_slip_damage_cost,ignores asymmetric cost of slip/drop errors
combined_stress,texture_aliasing,cable_threading,6,84,0.630952,0.118435,0.579782,0.095034,0.219323,0.082384,minus_slip_damage_cost,ignores asymmetric cost of slip/drop errors
combined_stress,texture_aliasing,lid_twist_force_control,0,84,0.654762,0.115172,0.538455,0.091788,0.220530,0.081840,minus_slip_damage_cost,ignores asymmetric cost of slip/drop errors
combined_stress,texture_aliasing,lid_twist_force_control,1,84,0.666667,0.115718,0.539256,0.091917,0.220684,0.082244,minus_slip_damage_cost,ignores asymmetric cost of slip/drop errors
combined_stress,texture_aliasing,lid_twist_force_control,2,84,0.583333,0.116264,0.540057,0.094427,0.222552,0.082648,minus_slip_damage_cost,ignores asymmetric cost of slip/drop errors
combined_stress,texture_aliasing,lid_twist_force_control,3,84,0.630952,0.116810,0.540858,0.093663,0.222063,0.083052,minus_slip_damage_cost,ignores asymmetric cost of slip/drop errors
combined_stress,texture_aliasing,lid_twist_force_control,4,84,0.500000,0.117356,0.541659,0.097364,0.224788,0.083456,minus_slip_damage_cost,ignores asymmetric cost of slip/drop errors
combined_stress,texture_aliasing,lid_twist_force_control,5,84,0.535714,0.117902,0.542460,0.096897,0.224513,0.083860,minus_slip_damage_cost,ignores asymmetric cost of slip/drop errors
combined_stress,texture_aliasing,lid_twist_force_control,6,84,0.619048,0.106442,0.543261,0.094040,0.223381,0.084000,minus_slip_damage_cost,ignores asymmetric cost of slip/drop errors
combined_stress,taxel_bias,slip_limited_grasp,0,84,0.761905,0.107743,0.559622,0.088491,0.217130,0.082919,minus_slip_damage_cost,ignores asymmetric cost of slip/drop errors
combined_stress,taxel_bias,slip_limited_grasp,1,84,0.678571,0.108223,0.560324,0.090950,0.218954,0.083278,minus_slip_damage_cost,ignores asymmetric cost of slip/drop errors
combined_stress,taxel_bias,slip_limited_grasp,2,84,0.619048,0.108703,0.561026,0.092814,0.220349,0.083636,minus_slip_damage_cost,ignores asymmetric cost of slip/drop errors
combined_stress,taxel_bias,slip_limited_grasp,3,84,0.690476,0.109183,0.561728,0.091404,0.219387,0.083995,minus_slip_damage_cost,ignores asymmetric cost of slip/drop errors
combined_stress,taxel_bias,slip_limited_grasp,4,84,0.690476,0.109663,0.562430,0.091780,0.219711,0.084353,minus_slip_damage_cost,ignores asymmetric cost of slip/drop errors
combined_stress,taxel_bias,slip_limited_grasp,5,84,0.642857,0.110143,0.563132,0.093347,0.220893,0.084712,minus_slip_damage_cost,ignores asymmetric cost of slip/drop errors
combined_stress,taxel_bias,slip_limited_grasp,6,84,0.654762,0.110623,0.563834,0.093425,0.221002,0.085070,minus_slip_damage_cost,ignores asymmetric cost of slip/drop errors
combined_stress,taxel_bias,peg_in_hole_contact_search,0,84,0.595238,0.112612,0.546666,0.095088,0.218658,0.084721,minus_slip_damage_cost,ignores asymmetric cost of slip/drop errors
combined_stress,taxel_bias,peg_in_hole_contact_search,1,84,0.654762,0.113140,0.547440,0.094013,0.217942,0.085112,minus_slip_damage_cost,ignores asymmetric cost of slip/drop errors
combined_stress,taxel_bias,peg_in_hole_contact_search,2,84,0.642857,0.113668,0.548214,0.094723,0.218513,0.085504,minus_slip_damage_cost,ignores asymmetric cost of slip/drop errors
combined_stress,taxel_bias,peg_in_hole_contact_search,3,84,0.678571,0.114196,0.548988,0.094243,0.218226,0.085896,minus_slip_damage_cost,ignores asymmetric cost of slip/drop errors
combined_stress,taxel_bias,peg_in_hole_contact_search,4,84,0.678571,0.114724,0.549762,0.094656,0.218582,0.086287,minus_slip_damage_cost,ignores asymmetric cost of slip/drop errors
combined_stress,taxel_bias,peg_in_hole_contact_search,5,84,0.571429,0.115252,0.550536,0.097747,0.220866,0.086679,minus_slip_damage_cost,ignores asymmetric cost of slip/drop errors
combined_stress,taxel_bias,peg_in_hole_contact_search,6,84,0.714286,0.115780,0.533301,0.094589,0.218651,0.087070,minus_slip_damage_cost,ignores asymmetric cost of slip/drop errors
combined_stress,taxel_bias,cloth_edge_pull,0,84,0.619048,0.109173,0.571972,0.098217,0.219233,0.082381,minus_slip_damage_cost,ignores asymmetric cost of slip/drop errors
combined_stress,taxel_bias,cloth_edge_pull,1,84,0.583333,0.109635,0.572647,0.099472,0.220188,0.082727,minus_slip_damage_cost,ignores asymmetric cost of slip/drop errors
combined_stress,taxel_bias,cloth_edge_pull,2,84,0.595238,0.110097,0.573322,0.099537,0.220286,0.083073,minus_slip_damage_cost,ignores asymmetric cost of slip/drop errors
combined_stress,taxel_bias,cloth_edge_pull,3,84,0.630952,0.110559,0.573997,0.091002,0.219955,0.083420,minus_slip_damage_cost,ignores asymmetric cost of slip/drop errors
combined_stress,taxel_bias,cloth_edge_pull,4,84,0.535714,0.111021,0.574672,0.093745,0.221981,0.083766,minus_slip_damage_cost,ignores asymmetric cost of slip/drop errors
combined_stress,taxel_bias,cloth_edge_pull,5,84,0.619048,0.111483,0.575347,0.092024,0.220793,0.084112,minus_slip_damage_cost,ignores asymmetric cost of slip/drop errors
combined_stress,taxel_bias,cloth_edge_pull,6,84,0.440476,0.111945,0.576022,0.096851,0.224319,0.084458,minus_slip_damage_cost,ignores asymmetric cost of slip/drop errors
combined_stress,taxel_bias,cable_threading,0,84,0.488095,0.109650,0.577601,0.101435,0.221734,0.081803,minus_slip_damage_cost,ignores asymmetric cost of slip/drop errors
combined_stress,taxel_bias,cable_threading,1,84,0.559524,0.110112,0.578276,0.100011,0.220761,0.082149,minus_slip_damage_cost,ignores asymmetric cost of slip/drop errors
combined_stress,taxel_bias,cable_threading,2,84,0.488095,0.110574,0.578951,0.102159,0.222358,0.082495,minus_slip_damage_cost,ignores asymmetric cost of slip/drop errors
combined_stress,taxel_bias,cable_threading,3,84,0.464286,0.111036,0.579626,0.103116,0.223099,0.082841,minus_slip_damage_cost,ignores asymmetric cost of slip/drop errors
combined_stress,taxel_bias,cable_threading,4,84,0.535714,0.111498,0.580301,0.093689,0.222125,0.083187,minus_slip_damage_cost,ignores asymmetric cost of slip/drop errors
combined_stress,taxel_bias,cable_threading,5,84,0.619048,0.111960,0.580976,0.091968,0.220937,0.083534,minus_slip_damage_cost,ignores asymmetric cost of slip/drop errors
combined_stress,taxel_bias,cable_threading,6,84,0.559524,0.112422,0.581651,0.093818,0.222321,0.083880,minus_slip_damage_cost,ignores asymmetric cost of slip/drop errors
combined_stress,taxel_bias,lid_twist_force_control,0,84,0.547619,0.112380,0.545157,0.093936,0.226319,0.085555,minus_slip_damage_cost,ignores asymmetric cost of slip/drop errors
combined_stress,taxel_bias,lid_twist_force_control,1,84,0.666667,0.112890,0.527895,0.091358,0.224520,0.085934,minus_slip_damage_cost,ignores asymmetric cost of slip/drop errors
combined_stress,taxel_bias,lid_twist_force_control,2,84,0.642857,0.113400,0.528642,0.092353,0.225293,0.086313,minus_slip_damage_cost,ignores asymmetric cost of slip/drop errors
combined_stress,taxel_bias,lid_twist_force_control,3,84,0.571429,0.113910,0.529389,0.094537,0.226922,0.086692,minus_slip_damage_cost,ignores asymmetric cost of slip/drop errors
combined_stress,taxel_bias,lid_twist_force_control,4,84,0.547619,0.114420,0.530136,0.095532,0.219691,0.087072,minus_slip_damage_cost,ignores asymmetric cost of slip/drop errors
combined_stress,taxel_bias,lid_twist_force_control,5,84,0.750000,0.114930,0.530883,0.090871,0.216392,0.087451,minus_slip_damage_cost,ignores asymmetric cost of slip/drop errors
combined_stress,taxel_bias,lid_twist_force_control,6,84,0.571429,0.115440,0.531630,0.095734,0.219950,0.079826,minus_slip_damage_cost,ignores asymmetric cost of slip/drop errors
combined_stress,transient_shear_spike,slip_limited_grasp,0,84,0.607143,0.120658,0.560581,0.102715,0.221827,0.081591,minus_slip_damage_cost,ignores asymmetric cost of slip/drop errors
combined_stress,transient_shear_spike,slip_limited_grasp,1,84,0.535714,0.121204,0.561382,0.104928,0.223481,0.081995,minus_slip_damage_cost,ignores asymmetric cost of slip/drop errors
combined_stress,transient_shear_spike,slip_limited_grasp,2,84,0.702381,0.121750,0.562183,0.101187,0.220849,0.082399,minus_slip_damage_cost,ignores asymmetric cost of slip/drop errors
combined_stress,transient_shear_spike,slip_limited_grasp,3,84,0.642857,0.122296,0.562984,0.103102,0.222289,0.082803,minus_slip_damage_cost,ignores asymmetric cost of slip/drop errors
combined_stress,transient_shear_spike,slip_limited_grasp,4,84,0.571429,0.122842,0.563785,0.105314,0.223942,0.083207,minus_slip_damage_cost,ignores asymmetric cost of slip/drop errors
combined_stress,transient_shear_spike,slip_limited_grasp,5,84,0.714286,0.123388,0.564586,0.094166,0.221739,0.083611,minus_slip_damage_cost,ignores asymmetric cost of slip/drop errors
combined_stress,transient_shear_spike,slip_limited_grasp,6,84,0.607143,0.123934,0.565387,0.097271,0.224035,0.084015,minus_slip_damage_cost,ignores asymmetric cost of slip/drop errors
combined_stress,transient_shear_spike,peg_in_hole_contact_search,0,84,0.714286,0.118165,0.536582,0.096823,0.221523,0.086327,minus_slip_damage_cost,ignores asymmetric cost of slip/drop errors
combined_stress,transient_shear_spike,peg_in_hole_contact_search,1,84,0.571429,0.118759,0.537455,0.100858,0.224494,0.086764,minus_slip_damage_cost,ignores asymmetric cost of slip/drop errors
combined_stress,transient_shear_spike,peg_in_hole_contact_search,2,84,0.619048,0.119353,0.538328,0.100131,0.224037,0.087201,minus_slip_damage_cost,ignores asymmetric cost of slip/drop errors
combined_stress,transient_shear_spike,peg_in_hole_contact_search,3,84,0.678571,0.119947,0.539201,0.099106,0.223366,0.087638,minus_slip_damage_cost,ignores asymmetric cost of slip/drop errors
combined_stress,transient_shear_spike,peg_in_hole_contact_search,4,84,0.654762,0.120541,0.540074,0.100165,0.224194,0.088075,minus_slip_damage_cost,ignores asymmetric cost of slip/drop errors
combined_stress,transient_shear_spike,peg_in_hole_contact_search,5,84,0.571429,0.121135,0.540947,0.102712,0.226094,0.088512,minus_slip_damage_cost,ignores asymmetric cost of slip/drop errors
combined_stress,transient_shear_spike,peg_in_hole_contact_search,6,84,0.559524,0.121729,0.541820,0.103473,0.226709,0.080945,minus_slip_damage_cost,ignores asymmetric cost of slip/drop errors
combined_stress,transient_shear_spike,cloth_edge_pull,0,84,0.488095,0.123858,0.575586,0.105199,0.224682,0.082272,minus_slip_damage_cost,ignores asymmetric cost of slip/drop errors
combined_stress,transient_shear_spike,cloth_edge_pull,1,84,0.523810,0.124386,0.558351,0.104719,0.224395,0.082664,minus_slip_damage_cost,ignores asymmetric cost of slip/drop errors
combined_stress,transient_shear_spike,cloth_edge_pull,2,84,0.583333,0.124914,0.559125,0.103644,0.223680,0.083055,minus_slip_damage_cost,ignores asymmetric cost of slip/drop errors
combined_stress,transient_shear_spike,cloth_edge_pull,3,84,0.547619,0.125442,0.559899,0.104950,0.224679,0.083447,minus_slip_damage_cost,ignores asymmetric cost of slip/drop errors
combined_stress,transient_shear_spike,cloth_edge_pull,4,84,0.500000,0.125970,0.560673,0.106553,0.225892,0.083839,minus_slip_damage_cost,ignores asymmetric cost of slip/drop errors
combined_stress,transient_shear_spike,cloth_edge_pull,5,84,0.571429,0.114492,0.561447,0.103980,0.224962,0.083966,minus_slip_damage_cost,ignores asymmetric cost of slip/drop errors
combined_stress,transient_shear_spike,cloth_edge_pull,6,84,0.571429,0.115020,0.562221,0.104392,0.225318,0.084358,minus_slip_damage_cost,ignores asymmetric cost of slip/drop errors
combined_stress,transient_shear_spike,cable_threading,0,84,0.607143,0.122355,0.578245,0.100649,0.221363,0.088334,minus_slip_damage_cost,ignores asymmetric cost of slip/drop errors
combined_stress,transient_shear_spike,cable_threading,1,84,0.488095,0.122883,0.579019,0.104038,0.223862,0.088726,minus_slip_damage_cost,ignores asymmetric cost of slip/drop errors
combined_stress,transient_shear_spike,cable_threading,2,84,0.595238,0.123411,0.579793,0.101772,0.222290,0.089117,minus_slip_damage_cost,ignores asymmetric cost of slip/drop errors
combined_stress,transient_shear_spike,cable_threading,3,84,0.547619,0.123939,0.580567,0.103375,0.223503,0.081505,minus_slip_damage_cost,ignores asymmetric cost of slip/drop errors
combined_stress,transient_shear_spike,cable_threading,4,84,0.547619,0.124467,0.563332,0.103788,0.223859,0.081897,minus_slip_damage_cost,ignores asymmetric cost of slip/drop errors
combined_stress,transient_shear_spike,cable_threading,5,84,0.547619,0.124995,0.564106,0.104201,0.224215,0.082288,minus_slip_damage_cost,ignores asymmetric cost of slip/drop errors
combined_stress,transient_shear_spike,cable_threading,6,84,0.523810,0.125523,0.564880,0.105209,0.224999,0.082680,minus_slip_damage_cost,ignores asymmetric cost of slip/drop errors
combined_stress,transient_shear_spike,lid_twist_force_control,0,84,0.702381,0.125578,0.528530,0.100638,0.225633,0.084421,minus_slip_damage_cost,ignores asymmetric cost of slip/drop errors
combined_stress,transient_shear_spike,lid_twist_force_control,1,84,0.595238,0.114148,0.529376,0.102566,0.227950,0.084582,minus_slip_damage_cost,ignores asymmetric cost of slip/drop errors
combined_stress,transient_shear_spike,lid_twist_force_control,2,84,0.678571,0.114724,0.530222,0.100932,0.218834,0.085006,minus_slip_damage_cost,ignores asymmetric cost of slip/drop errors
combined_stress,transient_shear_spike,lid_twist_force_control,3,84,0.619048,0.115300,0.531068,0.102870,0.220293,0.085431,minus_slip_damage_cost,ignores asymmetric cost of slip/drop errors
combined_stress,transient_shear_spike,lid_twist_force_control,4,84,0.666667,0.115876,0.531914,0.102129,0.219824,0.085856,minus_slip_damage_cost,ignores asymmetric cost of slip/drop errors
combined_stress,transient_shear_spike,lid_twist_force_control,5,84,0.583333,0.116452,0.532760,0.096658,0.221712,0.086280,minus_slip_damage_cost,ignores asymmetric cost of slip/drop errors
combined_stress,transient_shear_spike,lid_twist_force_control,6,84,0.714286,0.117028,0.533606,0.093834,0.219743,0.086705,minus_slip_damage_cost,ignores asymmetric cost of slip/drop errors
combined_stress,compound_contact_shift,slip_limited_grasp,0,84,0.583333,0.129658,0.547712,0.108270,0.223660,0.085409,minus_slip_damage_cost,ignores asymmetric cost of slip/drop errors
combined_stress,compound_contact_shift,slip_limited_grasp,1,84,0.678571,0.130210,0.548522,0.106321,0.222318,0.085817,minus_slip_damage_cost,ignores asymmetric cost of slip/drop errors
combined_stress,compound_contact_shift,slip_limited_grasp,2,84,0.642857,0.130762,0.549332,0.107645,0.223333,0.086226,minus_slip_damage_cost,ignores asymmetric cost of slip/drop errors
combined_stress,compound_contact_shift,slip_limited_grasp,3,84,0.559524,0.131314,0.550142,0.110159,0.225205,0.086634,minus_slip_damage_cost,ignores asymmetric cost of slip/drop errors
combined_stress,compound_contact_shift,slip_limited_grasp,4,84,0.595238,0.131866,0.550952,0.109698,0.224934,0.087042,minus_slip_damage_cost,ignores asymmetric cost of slip/drop errors
combined_stress,compound_contact_shift,slip_limited_grasp,5,84,0.547619,0.132418,0.551762,0.111319,0.226163,0.087450,minus_slip_damage_cost,ignores asymmetric cost of slip/drop errors
combined_stress,compound_contact_shift,slip_limited_grasp,6,84,0.488095,0.132970,0.552572,0.113239,0.227606,0.087858,minus_slip_damage_cost,ignores asymmetric cost of slip/drop errors
combined_stress,compound_contact_shift,peg_in_hole_contact_search,0,84,0.571429,0.131954,0.530895,0.109026,0.228690,0.085438,minus_slip_damage_cost,ignores asymmetric cost of slip/drop errors
combined_stress,compound_contact_shift,peg_in_hole_contact_search,1,84,0.607143,0.132554,0.531777,0.108601,0.228451,0.085879,minus_slip_damage_cost,ignores asymmetric cost of slip/drop errors
combined_stress,compound_contact_shift,peg_in_hole_contact_search,2,84,0.583333,0.133154,0.532659,0.109664,0.229284,0.086321,minus_slip_damage_cost,ignores asymmetric cost of slip/drop errors
combined_stress,compound_contact_shift,peg_in_hole_contact_search,3,84,0.583333,0.133754,0.533541,0.110132,0.229688,0.086762,minus_slip_damage_cost,ignores asymmetric cost of slip/drop errors
combined_stress,compound_contact_shift,peg_in_hole_contact_search,4,84,0.511905,0.134354,0.534423,0.112386,0.231378,0.087203,minus_slip_damage_cost,ignores asymmetric cost of slip/drop errors
combined_stress,compound_contact_shift,peg_in_hole_contact_search,5,84,0.583333,0.134954,0.535305,0.111068,0.230496,0.087644,minus_slip_damage_cost,ignores asymmetric cost of slip/drop errors
combined_stress,compound_contact_shift,peg_in_hole_contact_search,6,84,0.547619,0.135554,0.536187,0.104425,0.231543,0.088085,minus_slip_damage_cost,ignores asymmetric cost of slip/drop errors
combined_stress,compound_contact_shift,cloth_edge_pull,0,84,0.535714,0.130837,0.559684,0.107419,0.231885,0.084698,minus_slip_damage_cost,ignores asymmetric cost of slip/drop errors
combined_stress,compound_contact_shift,cloth_edge_pull,1,84,0.535714,0.131371,0.560467,0.107836,0.232245,0.085093,minus_slip_damage_cost,ignores asymmetric cost of slip/drop errors
combined_stress,compound_contact_shift,cloth_edge_pull,2,84,0.535714,0.131905,0.561250,0.108254,0.224601,0.085489,minus_slip_damage_cost,ignores asymmetric cost of slip/drop errors
combined_stress,compound_contact_shift,cloth_edge_pull,3,84,0.642857,0.132439,0.562033,0.105992,0.223033,0.085885,minus_slip_damage_cost,ignores asymmetric cost of slip/drop errors
combined_stress,compound_contact_shift,cloth_edge_pull,4,84,0.535714,0.132973,0.562816,0.109088,0.225321,0.086281,minus_slip_damage_cost,ignores asymmetric cost of slip/drop errors
combined_stress,compound_contact_shift,cloth_edge_pull,5,84,0.488095,0.133507,0.563599,0.110696,0.226538,0.086676,minus_slip_damage_cost,ignores asymmetric cost of slip/drop errors
combined_stress,compound_contact_shift,cloth_edge_pull,6,84,0.630952,0.134041,0.564382,0.107542,0.224327,0.087072,minus_slip_damage_cost,ignores asymmetric cost of slip/drop errors
combined_stress,compound_contact_shift,cable_threading,0,84,0.535714,0.129153,0.562073,0.105706,0.230589,0.090636,minus_slip_damage_cost,ignores asymmetric cost of slip/drop errors
combined_stress,compound_contact_shift,cable_threading,1,84,0.500000,0.129687,0.562856,0.107017,0.231592,0.091032,minus_slip_damage_cost,ignores asymmetric cost of slip/drop errors
combined_stress,compound_contact_shift,cable_threading,2,84,0.535714,0.130221,0.563639,0.106541,0.231309,0.091427,minus_slip_damage_cost,ignores asymmetric cost of slip/drop errors
combined_stress,compound_contact_shift,cable_threading,3,84,0.511905,0.130755,0.564422,0.107554,0.232098,0.091823,minus_slip_damage_cost,ignores asymmetric cost of slip/drop errors
combined_stress,compound_contact_shift,cable_threading,4,84,0.547619,0.131289,0.565205,0.107078,0.231815,0.084215,minus_slip_damage_cost,ignores asymmetric cost of slip/drop errors
combined_stress,compound_contact_shift,cable_threading,5,84,0.523810,0.131823,0.565988,0.108091,0.232603,0.084611,minus_slip_damage_cost,ignores asymmetric cost of slip/drop errors
combined_stress,compound_contact_shift,cable_threading,6,84,0.511905,0.132357,0.566771,0.108806,0.225174,0.085006,minus_slip_damage_cost,ignores asymmetric cost of slip/drop errors
combined_stress,compound_contact_shift,lid_twist_force_control,0,84,0.619048,0.125872,0.520611,0.109011,0.222733,0.090248,minus_slip_damage_cost,ignores asymmetric cost of slip/drop errors
combined_stress,compound_contact_shift,lid_twist_force_control,1,84,0.619048,0.126454,0.521466,0.109465,0.223125,0.090676,minus_slip_damage_cost,ignores asymmetric cost of slip/drop errors
combined_stress,compound_contact_shift,lid_twist_force_control,2,84,0.547619,0.127036,0.522321,0.103701,0.224803,0.091105,minus_slip_damage_cost,ignores asymmetric cost of slip/drop errors
combined_stress,compound_contact_shift,lid_twist_force_control,3,84,0.583333,0.127618,0.523176,0.103262,0.224552,0.091534,minus_slip_damage_cost,ignores asymmetric cost of slip/drop errors
combined_stress,compound_contact_shift,lid_twist_force_control,4,84,0.630952,0.128200,0.524031,0.102526,0.224087,0.083959,minus_slip_damage_cost,ignores asymmetric cost of slip/drop errors
combined_stress,compound_contact_shift,lid_twist_force_control,5,84,0.654762,0.128782,0.524886,0.102385,0.224050,0.084388,minus_slip_damage_cost,ignores asymmetric cost of slip/drop errors
combined_stress,compound_contact_shift,lid_twist_force_control,6,84,0.642857,0.129364,0.525741,0.103137,0.224657,0.084816,minus_slip_damage_cost,ignores asymmetric cost of slip/drop errors
combined_stress,source_matched,slip_limited_grasp,0,84,0.690476,0.115835,0.547077,0.076466,0.201179,0.077433,classifier_only_guard,detects negative transfer without control-conditioned masking
combined_stress,source_matched,slip_limited_grasp,1,84,0.738095,0.104327,0.547806,0.074464,0.200658,0.077540,classifier_only_guard,detects negative transfer without control-conditioned masking
combined_stress,source_matched,slip_limited_grasp,2,84,0.666667,0.104825,0.548535,0.076640,0.202280,0.077911,classifier_only_guard,detects negative transfer without control-conditioned masking
combined_stress,source_matched,slip_limited_grasp,3,84,0.666667,0.105323,0.549264,0.077030,0.202616,0.078282,classifier_only_guard,detects negative transfer without control-conditioned masking
combined_stress,source_matched,slip_limited_grasp,4,84,0.559524,0.105821,0.549993,0.080098,0.204881,0.078653,classifier_only_guard,detects negative transfer without control-conditioned masking
combined_stress,source_matched,slip_limited_grasp,5,84,0.595238,0.106319,0.550722,0.079595,0.204574,0.079024,classifier_only_guard,detects negative transfer without control-conditioned masking
combined_stress,source_matched,slip_limited_grasp,6,84,0.690476,0.106817,0.551451,0.077604,0.203195,0.079395,classifier_only_guard,detects negative transfer without control-conditioned masking
combined_stress,source_matched,peg_in_hole_contact_search,0,84,0.654762,0.110869,0.519649,0.080378,0.201922,0.080590,classifier_only_guard,detects negative transfer without control-conditioned masking
combined_stress,source_matched,peg_in_hole_contact_search,1,84,0.619048,0.111415,0.520450,0.081697,0.202933,0.080994,classifier_only_guard,detects negative transfer without control-conditioned masking
combined_stress,source_matched,peg_in_hole_contact_search,2,84,0.678571,0.111961,0.521251,0.080636,0.202230,0.073394,classifier_only_guard,detects negative transfer without control-conditioned masking
combined_stress,source_matched,peg_in_hole_contact_search,3,84,0.607143,0.112507,0.522052,0.082848,0.203883,0.073798,classifier_only_guard,detects negative transfer without control-conditioned masking
combined_stress,source_matched,peg_in_hole_contact_search,4,84,0.642857,0.113053,0.522853,0.082382,0.203609,0.074202,classifier_only_guard,detects negative transfer without control-conditioned masking
combined_stress,source_matched,peg_in_hole_contact_search,5,84,0.678571,0.113599,0.523654,0.073912,0.203334,0.074606,classifier_only_guard,detects negative transfer without control-conditioned masking
combined_stress,source_matched,peg_in_hole_contact_search,6,84,0.630952,0.114145,0.524455,0.075529,0.204559,0.075010,classifier_only_guard,detects negative transfer without control-conditioned masking
combined_stress,source_matched,cloth_edge_pull,0,84,0.571429,0.111347,0.550328,0.080961,0.206814,0.080725,classifier_only_guard,detects negative transfer without control-conditioned masking
combined_stress,source_matched,cloth_edge_pull,1,84,0.547619,0.111827,0.551030,0.081932,0.207567,0.081083,classifier_only_guard,detects negative transfer without control-conditioned masking
combined_stress,source_matched,cloth_edge_pull,2,84,0.583333,0.112307,0.551732,0.081415,0.207248,0.081442,classifier_only_guard,detects negative transfer without control-conditioned masking
combined_stress,source_matched,cloth_edge_pull,3,84,0.630952,0.112787,0.552434,0.080601,0.206715,0.073797,classifier_only_guard,detects negative transfer without control-conditioned masking
combined_stress,source_matched,cloth_edge_pull,4,84,0.547619,0.113267,0.553136,0.083060,0.208539,0.074155,classifier_only_guard,detects negative transfer without control-conditioned masking
combined_stress,source_matched,cloth_edge_pull,5,84,0.583333,0.113747,0.553838,0.082543,0.208220,0.074514,classifier_only_guard,detects negative transfer without control-conditioned masking
combined_stress,source_matched,cloth_edge_pull,6,84,0.690476,0.114227,0.554540,0.080241,0.206615,0.074872,classifier_only_guard,detects negative transfer without control-conditioned masking
combined_stress,source_matched,cable_threading,0,84,0.547619,0.111390,0.555147,0.081097,0.207027,0.079777,classifier_only_guard,detects negative transfer without control-conditioned masking
combined_stress,source_matched,cable_threading,1,84,0.630952,0.111870,0.555849,0.079389,0.205851,0.080136,classifier_only_guard,detects negative transfer without control-conditioned masking
combined_stress,source_matched,cable_threading,2,84,0.535714,0.112350,0.556551,0.082146,0.207889,0.080494,classifier_only_guard,detects negative transfer without control-conditioned masking
combined_stress,source_matched,cable_threading,3,84,0.619048,0.112830,0.557253,0.080439,0.206713,0.080853,classifier_only_guard,detects negative transfer without control-conditioned masking
combined_stress,source_matched,cable_threading,4,84,0.607143,0.113310,0.557955,0.081112,0.207251,0.081211,classifier_only_guard,detects negative transfer without control-conditioned masking
combined_stress,source_matched,cable_threading,5,84,0.464286,0.113790,0.558657,0.085060,0.210147,0.081570,classifier_only_guard,detects negative transfer without control-conditioned masking
combined_stress,source_matched,cable_threading,6,84,0.511905,0.114270,0.559359,0.084245,0.209614,0.073924,classifier_only_guard,detects negative transfer without control-conditioned masking
combined_stress,source_matched,lid_twist_force_control,0,84,0.571429,0.106280,0.511444,0.076706,0.207250,0.078353,classifier_only_guard,detects negative transfer without control-conditioned masking
combined_stress,source_matched,lid_twist_force_control,1,84,0.607143,0.106808,0.512218,0.076226,0.206963,0.078744,classifier_only_guard,detects negative transfer without control-conditioned masking
combined_stress,source_matched,lid_twist_force_control,2,84,0.630952,0.107336,0.512992,0.076044,0.206891,0.079136,classifier_only_guard,detects negative transfer without control-conditioned masking
combined_stress,source_matched,lid_twist_force_control,3,84,0.630952,0.107864,0.513766,0.076457,0.207247,0.079527,classifier_only_guard,detects negative transfer without control-conditioned masking
combined_stress,source_matched,lid_twist_force_control,4,84,0.702381,0.108392,0.514540,0.075084,0.206317,0.079919,classifier_only_guard,detects negative transfer without control-conditioned masking
combined_stress,source_matched,lid_twist_force_control,5,84,0.630952,0.108920,0.515314,0.077282,0.207959,0.080311,classifier_only_guard,detects negative transfer without control-conditioned masking
combined_stress,source_matched,lid_twist_force_control,6,84,0.630952,0.109448,0.516088,0.077695,0.200311,0.080702,classifier_only_guard,detects negative transfer without control-conditioned masking
combined_stress,low_friction,slip_limited_grasp,0,84,0.678571,0.125767,0.530544,0.085204,0.207294,0.078800,classifier_only_guard,detects negative transfer without control-conditioned masking
combined_stress,low_friction,slip_limited_grasp,1,84,0.666667,0.126253,0.531255,0.085883,0.207836,0.079162,classifier_only_guard,detects negative transfer without control-conditioned masking
combined_stress,low_friction,slip_limited_grasp,2,84,0.630952,0.126739,0.531966,0.087156,0.208807,0.079525,classifier_only_guard,detects negative transfer without control-conditioned masking
combined_stress,low_friction,slip_limited_grasp,3,84,0.607143,0.127225,0.532677,0.088132,0.209563,0.079888,classifier_only_guard,detects negative transfer without control-conditioned masking
combined_stress,low_friction,slip_limited_grasp,4,84,0.595238,0.127711,0.533388,0.088810,0.210106,0.080250,classifier_only_guard,detects negative transfer without control-conditioned masking
combined_stress,low_friction,slip_limited_grasp,5,84,0.607143,0.128197,0.534099,0.088893,0.210219,0.080613,classifier_only_guard,detects negative transfer without control-conditioned masking
combined_stress,low_friction,slip_limited_grasp,6,84,0.595238,0.128683,0.534810,0.089571,0.210762,0.080976,classifier_only_guard,detects negative transfer without control-conditioned masking
combined_stress,low_friction,peg_in_hole_contact_search,0,84,0.535714,0.123231,0.506761,0.085654,0.211585,0.083630,classifier_only_guard,detects negative transfer without control-conditioned masking
combined_stress,low_friction,peg_in_hole_contact_search,1,84,0.607143,0.123765,0.507544,0.084286,0.210659,0.084026,classifier_only_guard,detects negative transfer without control-conditioned masking
combined_stress,low_friction,peg_in_hole_contact_search,2,84,0.583333,0.124299,0.508327,0.085299,0.211448,0.084422,classifier_only_guard,detects negative transfer without control-conditioned masking
combined_stress,low_friction,peg_in_hole_contact_search,3,84,0.583333,0.124833,0.509110,0.085716,0.211808,0.084818,classifier_only_guard,detects negative transfer without control-conditioned masking
combined_stress,low_friction,peg_in_hole_contact_search,4,84,0.607143,0.125367,0.509893,0.085538,0.211739,0.077209,classifier_only_guard,detects negative transfer without control-conditioned masking
combined_stress,low_friction,peg_in_hole_contact_search,5,84,0.488095,0.125901,0.510676,0.088932,0.214242,0.077605,classifier_only_guard,detects negative transfer without control-conditioned masking
combined_stress,low_friction,peg_in_hole_contact_search,6,84,0.654762,0.126435,0.511459,0.085182,0.203598,0.078001,classifier_only_guard,detects negative transfer without control-conditioned masking
combined_stress,low_friction,cloth_edge_pull,0,84,0.428571,0.125323,0.539861,0.088070,0.209978,0.084876,classifier_only_guard,detects negative transfer without control-conditioned masking
combined_stress,low_friction,cloth_edge_pull,1,84,0.523810,0.125791,0.540545,0.086056,0.208579,0.085227,classifier_only_guard,detects negative transfer without control-conditioned masking
combined_stress,low_friction,cloth_edge_pull,2,84,0.583333,0.126259,0.541229,0.084935,0.207824,0.077573,classifier_only_guard,detects negative transfer without control-conditioned masking
combined_stress,low_friction,cloth_edge_pull,3,84,0.547619,0.126727,0.541913,0.086194,0.208783,0.077923,classifier_only_guard,detects negative transfer without control-conditioned masking
combined_stress,low_friction,cloth_edge_pull,4,84,0.595238,0.127195,0.542597,0.085371,0.208242,0.078273,classifier_only_guard,detects negative transfer without control-conditioned masking
combined_stress,low_friction,cloth_edge_pull,5,84,0.619048,0.127663,0.543281,0.085142,0.208129,0.078624,classifier_only_guard,detects negative transfer without control-conditioned masking
combined_stress,low_friction,cloth_edge_pull,6,84,0.595238,0.128131,0.543965,0.086104,0.208874,0.078974,classifier_only_guard,detects negative transfer without control-conditioned masking
combined_stress,low_friction,cable_threading,0,84,0.619048,0.125726,0.545220,0.083124,0.206573,0.084176,classifier_only_guard,detects negative transfer without control-conditioned masking
combined_stress,low_friction,cable_threading,1,84,0.583333,0.126194,0.545904,0.084384,0.207532,0.084527,classifier_only_guard,detects negative transfer without control-conditioned masking
combined_stress,low_friction,cable_threading,2,84,0.416667,0.126662,0.546588,0.088918,0.210848,0.084877,classifier_only_guard,detects negative transfer without control-conditioned masking
combined_stress,low_friction,cable_threading,3,84,0.571429,0.127130,0.547272,0.085415,0.208378,0.085227,classifier_only_guard,detects negative transfer without control-conditioned masking
combined_stress,low_friction,cable_threading,4,84,0.428571,0.127598,0.547956,0.089354,0.211266,0.077574,classifier_only_guard,detects negative transfer without control-conditioned masking
combined_stress,low_friction,cable_threading,5,84,0.511905,0.128066,0.548640,0.087637,0.210082,0.077924,classifier_only_guard,detects negative transfer without control-conditioned masking
combined_stress,low_friction,cable_threading,6,84,0.571429,0.128534,0.549324,0.086516,0.209326,0.078274,classifier_only_guard,detects negative transfer without control-conditioned masking
combined_stress,low_friction,lid_twist_force_control,0,84,0.547619,0.121619,0.503020,0.089887,0.209179,0.083442,classifier_only_guard,detects negative transfer without control-conditioned masking
combined_stress,low_friction,lid_twist_force_control,1,84,0.511905,0.122135,0.503776,0.091184,0.210170,0.083825,classifier_only_guard,detects negative transfer without control-conditioned masking
combined_stress,low_friction,lid_twist_force_control,2,84,0.678571,0.122651,0.504532,0.087421,0.207518,0.084209,classifier_only_guard,detects negative transfer without control-conditioned masking
combined_stress,low_friction,lid_twist_force_control,3,84,0.619048,0.123167,0.505288,0.089312,0.208937,0.084592,classifier_only_guard,detects negative transfer without control-conditioned masking
combined_stress,low_friction,lid_twist_force_control,4,84,0.595238,0.123683,0.506044,0.090311,0.209714,0.076971,classifier_only_guard,detects negative transfer without control-conditioned masking
combined_stress,low_friction,lid_twist_force_control,5,84,0.476190,0.124199,0.506800,0.085687,0.212205,0.077355,classifier_only_guard,detects negative transfer without control-conditioned masking
combined_stress,low_friction,lid_twist_force_control,6,84,0.571429,0.124715,0.507556,0.083710,0.210838,0.077738,classifier_only_guard,detects negative transfer without control-conditioned masking
combined_stress,soft_compliance,slip_limited_grasp,0,84,0.619048,0.131869,0.525541,0.084051,0.211677,0.081222,classifier_only_guard,detects negative transfer without control-conditioned masking
combined_stress,soft_compliance,slip_limited_grasp,1,84,0.595238,0.132373,0.526279,0.085040,0.212446,0.081597,classifier_only_guard,detects negative transfer without control-conditioned masking
combined_stress,soft_compliance,slip_limited_grasp,2,84,0.619048,0.132877,0.527017,0.084840,0.212357,0.081972,classifier_only_guard,detects negative transfer without control-conditioned masking
combined_stress,soft_compliance,slip_limited_grasp,3,84,0.678571,0.133381,0.527755,0.083746,0.211626,0.082347,classifier_only_guard,detects negative transfer without control-conditioned masking
combined_stress,soft_compliance,slip_limited_grasp,4,84,0.690476,0.133885,0.528493,0.083843,0.211751,0.082722,classifier_only_guard,detects negative transfer without control-conditioned masking
combined_stress,soft_compliance,slip_limited_grasp,5,84,0.630952,0.134389,0.529231,0.085725,0.205159,0.083097,classifier_only_guard,detects negative transfer without control-conditioned masking
combined_stress,soft_compliance,slip_limited_grasp,6,84,0.583333,0.134893,0.529969,0.087310,0.206356,0.083472,classifier_only_guard,detects negative transfer without control-conditioned masking
combined_stress,soft_compliance,peg_in_hole_contact_search,0,84,0.607143,0.131691,0.505295,0.091039,0.207179,0.079672,classifier_only_guard,detects negative transfer without control-conditioned masking
combined_stress,soft_compliance,peg_in_hole_contact_search,1,84,0.666667,0.132243,0.506105,0.089982,0.206480,0.080081,classifier_only_guard,detects negative transfer without control-conditioned masking
combined_stress,soft_compliance,peg_in_hole_contact_search,2,84,0.642857,0.132795,0.506915,0.091008,0.207281,0.080489,classifier_only_guard,detects negative transfer without control-conditioned masking
combined_stress,soft_compliance,peg_in_hole_contact_search,3,84,0.678571,0.133347,0.507725,0.090546,0.207010,0.080897,classifier_only_guard,detects negative transfer without control-conditioned masking
combined_stress,soft_compliance,peg_in_hole_contact_search,4,84,0.607143,0.133899,0.508535,0.084759,0.208667,0.081305,classifier_only_guard,detects negative transfer without control-conditioned masking
combined_stress,soft_compliance,peg_in_hole_contact_search,5,84,0.535714,0.134451,0.509345,0.086976,0.210325,0.081713,classifier_only_guard,detects negative transfer without control-conditioned masking
combined_stress,soft_compliance,peg_in_hole_contact_search,6,84,0.547619,0.135003,0.510155,0.087110,0.210483,0.082121,classifier_only_guard,detects negative transfer without control-conditioned masking
combined_stress,soft_compliance,cloth_edge_pull,0,84,0.571429,0.137365,0.543768,0.086411,0.206674,0.083385,classifier_only_guard,detects negative transfer without control-conditioned masking
combined_stress,soft_compliance,cloth_edge_pull,1,84,0.559524,0.137851,0.544479,0.087089,0.207217,0.083748,classifier_only_guard,detects negative transfer without control-conditioned masking
combined_stress,soft_compliance,cloth_edge_pull,2,84,0.535714,0.126331,0.545190,0.086864,0.207973,0.083846,classifier_only_guard,detects negative transfer without control-conditioned masking
combined_stress,soft_compliance,cloth_edge_pull,3,84,0.511905,0.126817,0.545901,0.087840,0.208730,0.084209,classifier_only_guard,detects negative transfer without control-conditioned masking
combined_stress,soft_compliance,cloth_edge_pull,4,84,0.630952,0.127303,0.528603,0.085244,0.206915,0.084572,classifier_only_guard,detects negative transfer without control-conditioned masking
combined_stress,soft_compliance,cloth_edge_pull,5,84,0.511905,0.127789,0.529314,0.088601,0.209386,0.084935,classifier_only_guard,detects negative transfer without control-conditioned masking
combined_stress,soft_compliance,cloth_edge_pull,6,84,0.500000,0.128275,0.530025,0.089279,0.209928,0.085297,classifier_only_guard,detects negative transfer without control-conditioned masking
combined_stress,soft_compliance,cable_threading,0,84,0.547619,0.137228,0.548317,0.086408,0.214771,0.082313,classifier_only_guard,detects negative transfer without control-conditioned masking
combined_stress,soft_compliance,cable_threading,1,84,0.428571,0.137714,0.549028,0.089765,0.209238,0.082676,classifier_only_guard,detects negative transfer without control-conditioned masking
combined_stress,soft_compliance,cable_threading,2,84,0.488095,0.138200,0.549739,0.088658,0.208494,0.083039,classifier_only_guard,detects negative transfer without control-conditioned masking
combined_stress,soft_compliance,cable_threading,3,84,0.476190,0.126680,0.550450,0.088135,0.209037,0.083137,classifier_only_guard,detects negative transfer without control-conditioned masking
combined_stress,soft_compliance,cable_threading,4,84,0.571429,0.127166,0.533152,0.086135,0.207650,0.083500,classifier_only_guard,detects negative transfer without control-conditioned masking
combined_stress,soft_compliance,cable_threading,5,84,0.476190,0.127652,0.533863,0.088896,0.209693,0.083863,classifier_only_guard,detects negative transfer without control-conditioned masking
combined_stress,soft_compliance,cable_threading,6,84,0.571429,0.128138,0.534574,0.086896,0.208306,0.084225,classifier_only_guard,detects negative transfer without control-conditioned masking
combined_stress,soft_compliance,lid_twist_force_control,0,84,0.583333,0.125615,0.494858,0.084738,0.210444,0.084414,classifier_only_guard,detects negative transfer without control-conditioned masking
combined_stress,soft_compliance,lid_twist_force_control,1,84,0.619048,0.126149,0.495641,0.084263,0.210161,0.084810,classifier_only_guard,detects negative transfer without control-conditioned masking
combined_stress,soft_compliance,lid_twist_force_control,2,84,0.619048,0.126683,0.496424,0.084680,0.210521,0.085205,classifier_only_guard,detects negative transfer without control-conditioned masking
combined_stress,soft_compliance,lid_twist_force_control,3,84,0.619048,0.127217,0.497207,0.085097,0.210881,0.085601,classifier_only_guard,detects negative transfer without control-conditioned masking
combined_stress,soft_compliance,lid_twist_force_control,4,84,0.535714,0.127751,0.497990,0.087598,0.212741,0.077993,classifier_only_guard,detects negative transfer without control-conditioned masking
combined_stress,soft_compliance,lid_twist_force_control,5,84,0.559524,0.128285,0.498773,0.087420,0.212673,0.078389,classifier_only_guard,detects negative transfer without control-conditioned masking
combined_stress,soft_compliance,lid_twist_force_control,6,84,0.511905,0.128819,0.499556,0.089028,0.213890,0.078784,classifier_only_guard,detects negative transfer without control-conditioned masking
combined_stress,texture_aliasing,slip_limited_grasp,0,84,0.547619,0.141532,0.536870,0.092123,0.215163,0.086594,classifier_only_guard,detects negative transfer without control-conditioned masking
combined_stress,texture_aliasing,slip_limited_grasp,1,84,0.630952,0.142042,0.519608,0.090438,0.214007,0.086974,classifier_only_guard,detects negative transfer without control-conditioned masking
combined_stress,texture_aliasing,slip_limited_grasp,2,84,0.619048,0.142552,0.520355,0.091135,0.214565,0.087353,classifier_only_guard,detects negative transfer without control-conditioned masking
combined_stress,texture_aliasing,slip_limited_grasp,3,84,0.476190,0.143062,0.521102,0.095105,0.209477,0.087732,classifier_only_guard,detects negative transfer without control-conditioned masking
combined_stress,texture_aliasing,slip_limited_grasp,4,84,0.488095,0.143572,0.521849,0.095207,0.209606,0.080107,classifier_only_guard,detects negative transfer without control-conditioned masking
combined_stress,texture_aliasing,slip_limited_grasp,5,84,0.642857,0.144082,0.522596,0.091737,0.207165,0.080487,classifier_only_guard,detects negative transfer without control-conditioned masking
combined_stress,texture_aliasing,slip_limited_grasp,6,84,0.571429,0.144592,0.523343,0.093921,0.208794,0.080866,classifier_only_guard,detects negative transfer without control-conditioned masking
combined_stress,texture_aliasing,peg_in_hole_contact_search,0,84,0.547619,0.146142,0.505797,0.094480,0.213643,0.080338,classifier_only_guard,detects negative transfer without control-conditioned masking
combined_stress,texture_aliasing,peg_in_hole_contact_search,1,84,0.559524,0.134694,0.506616,0.093417,0.213805,0.080486,classifier_only_guard,detects negative transfer without control-conditioned masking
combined_stress,texture_aliasing,peg_in_hole_contact_search,2,84,0.547619,0.135252,0.507435,0.094151,0.214395,0.080899,classifier_only_guard,detects negative transfer without control-conditioned masking
combined_stress,texture_aliasing,peg_in_hole_contact_search,3,84,0.547619,0.135810,0.508254,0.094587,0.214771,0.081311,classifier_only_guard,detects negative transfer without control-conditioned masking
combined_stress,texture_aliasing,peg_in_hole_contact_search,4,84,0.500000,0.136368,0.509073,0.096213,0.216004,0.081723,classifier_only_guard,detects negative transfer without control-conditioned masking
combined_stress,texture_aliasing,peg_in_hole_contact_search,5,84,0.523810,0.136926,0.509892,0.096053,0.215951,0.082136,classifier_only_guard,detects negative transfer without control-conditioned masking
combined_stress,texture_aliasing,peg_in_hole_contact_search,6,84,0.500000,0.137484,0.510711,0.097084,0.208752,0.082548,classifier_only_guard,detects negative transfer without control-conditioned masking
combined_stress,texture_aliasing,cloth_edge_pull,0,84,0.452381,0.145005,0.534055,0.094123,0.217673,0.087365,classifier_only_guard,detects negative transfer without control-conditioned masking
combined_stress,texture_aliasing,cloth_edge_pull,1,84,0.476190,0.145497,0.534775,0.093913,0.209573,0.087732,classifier_only_guard,detects negative transfer without control-conditioned masking
combined_stress,texture_aliasing,cloth_edge_pull,2,84,0.488095,0.145989,0.535495,0.094001,0.209690,0.080095,classifier_only_guard,detects negative transfer without control-conditioned masking
combined_stress,texture_aliasing,cloth_edge_pull,3,84,0.642857,0.146481,0.536215,0.090517,0.207237,0.080462,classifier_only_guard,detects negative transfer without control-conditioned masking
combined_stress,texture_aliasing,cloth_edge_pull,4,84,0.523810,0.146973,0.536935,0.093878,0.209711,0.080829,classifier_only_guard,detects negative transfer without control-conditioned masking
combined_stress,texture_aliasing,cloth_edge_pull,5,84,0.476190,0.147465,0.537655,0.095454,0.210901,0.081195,classifier_only_guard,detects negative transfer without control-conditioned masking
combined_stress,texture_aliasing,cloth_edge_pull,6,84,0.476190,0.135951,0.538375,0.094638,0.211233,0.081298,classifier_only_guard,detects negative transfer without control-conditioned masking
combined_stress,texture_aliasing,cable_threading,0,84,0.488095,0.144689,0.538334,0.100498,0.216574,0.086170,classifier_only_guard,detects negative transfer without control-conditioned masking
combined_stress,texture_aliasing,cable_threading,1,84,0.511905,0.145181,0.539054,0.092284,0.216478,0.086536,classifier_only_guard,detects negative transfer without control-conditioned masking
combined_stress,texture_aliasing,cable_threading,2,84,0.523810,0.145673,0.539774,0.092372,0.216595,0.086903,classifier_only_guard,detects negative transfer without control-conditioned masking
combined_stress,texture_aliasing,cable_threading,3,84,0.464286,0.146165,0.540494,0.094245,0.209995,0.087270,classifier_only_guard,detects negative transfer without control-conditioned masking
combined_stress,texture_aliasing,cable_threading,4,84,0.523810,0.146657,0.541214,0.093142,0.209255,0.087637,classifier_only_guard,detects negative transfer without control-conditioned masking
combined_stress,texture_aliasing,cable_threading,5,84,0.476190,0.147149,0.541934,0.094718,0.210445,0.088004,classifier_only_guard,detects negative transfer without control-conditioned masking
combined_stress,texture_aliasing,cable_threading,6,84,0.547619,0.147641,0.542654,0.093318,0.209491,0.080366,classifier_only_guard,detects negative transfer without control-conditioned masking
combined_stress,texture_aliasing,lid_twist_force_control,0,84,0.583333,0.138577,0.493128,0.093554,0.214844,0.084055,classifier_only_guard,detects negative transfer without control-conditioned masking
combined_stress,texture_aliasing,lid_twist_force_control,1,84,0.607143,0.139117,0.493920,0.093381,0.214779,0.084455,classifier_only_guard,detects negative transfer without control-conditioned masking
combined_stress,texture_aliasing,lid_twist_force_control,2,84,0.583333,0.139657,0.494712,0.094398,0.207568,0.084855,classifier_only_guard,detects negative transfer without control-conditioned masking
combined_stress,texture_aliasing,lid_twist_force_control,3,84,0.678571,0.140197,0.495504,0.092439,0.206218,0.085255,classifier_only_guard,detects negative transfer without control-conditioned masking
combined_stress,texture_aliasing,lid_twist_force_control,4,84,0.464286,0.140737,0.496296,0.098219,0.210439,0.085655,classifier_only_guard,detects negative transfer without control-conditioned masking
combined_stress,texture_aliasing,lid_twist_force_control,5,84,0.678571,0.141277,0.497088,0.093283,0.206946,0.086054,classifier_only_guard,detects negative transfer without control-conditioned masking
combined_stress,texture_aliasing,lid_twist_force_control,6,84,0.535714,0.141817,0.497880,0.097277,0.209881,0.086454,classifier_only_guard,detects negative transfer without control-conditioned masking
combined_stress,taxel_bias,slip_limited_grasp,0,84,0.535714,0.139038,0.525257,0.091783,0.211097,0.082176,classifier_only_guard,detects negative transfer without control-conditioned masking
combined_stress,taxel_bias,slip_limited_grasp,1,84,0.595238,0.139512,0.525950,0.090666,0.210346,0.082530,classifier_only_guard,detects negative transfer without control-conditioned masking
combined_stress,taxel_bias,slip_limited_grasp,2,84,0.535714,0.139986,0.526643,0.092526,0.211737,0.082884,classifier_only_guard,detects negative transfer without control-conditioned masking
combined_stress,taxel_bias,slip_limited_grasp,3,84,0.630952,0.140460,0.527336,0.090516,0.210343,0.083239,classifier_only_guard,detects negative transfer without control-conditioned masking
combined_stress,taxel_bias,slip_limited_grasp,4,84,0.619048,0.140934,0.528029,0.091185,0.210877,0.083593,classifier_only_guard,detects negative transfer without control-conditioned masking
combined_stress,taxel_bias,slip_limited_grasp,5,84,0.630952,0.141408,0.528722,0.091259,0.210983,0.083948,classifier_only_guard,detects negative transfer without control-conditioned masking
combined_stress,taxel_bias,slip_limited_grasp,6,84,0.619048,0.141882,0.529415,0.091928,0.211517,0.084302,classifier_only_guard,detects negative transfer without control-conditioned masking
combined_stress,taxel_bias,peg_in_hole_contact_search,0,84,0.547619,0.138932,0.505119,0.090227,0.214223,0.080676,classifier_only_guard,detects negative transfer without control-conditioned masking
combined_stress,taxel_bias,peg_in_hole_contact_search,1,84,0.547619,0.139454,0.505884,0.090635,0.214575,0.081063,classifier_only_guard,detects negative transfer without control-conditioned masking
combined_stress,taxel_bias,peg_in_hole_contact_search,2,84,0.428571,0.139976,0.506649,0.094019,0.217070,0.081451,classifier_only_guard,detects negative transfer without control-conditioned masking
combined_stress,taxel_bias,peg_in_hole_contact_search,3,84,0.559524,0.140498,0.507414,0.091154,0.215065,0.081838,classifier_only_guard,detects negative transfer without control-conditioned masking
combined_stress,taxel_bias,peg_in_hole_contact_search,4,84,0.583333,0.141020,0.508179,0.090967,0.214988,0.082226,classifier_only_guard,detects negative transfer without control-conditioned masking
combined_stress,taxel_bias,peg_in_hole_contact_search,5,84,0.500000,0.141542,0.508944,0.093458,0.216840,0.082613,classifier_only_guard,detects negative transfer without control-conditioned masking
combined_stress,taxel_bias,peg_in_hole_contact_search,6,84,0.630952,0.142064,0.509709,0.090593,0.214835,0.083001,classifier_only_guard,detects negative transfer without control-conditioned masking
combined_stress,taxel_bias,cloth_edge_pull,0,84,0.476190,0.142638,0.540640,0.092987,0.213049,0.083033,classifier_only_guard,detects negative transfer without control-conditioned masking
combined_stress,taxel_bias,cloth_edge_pull,1,84,0.547619,0.143094,0.523297,0.091559,0.212071,0.083375,classifier_only_guard,detects negative transfer without control-conditioned masking
combined_stress,taxel_bias,cloth_edge_pull,2,84,0.619048,0.143550,0.523963,0.090131,0.211093,0.083717,classifier_only_guard,detects negative transfer without control-conditioned masking
combined_stress,taxel_bias,cloth_edge_pull,3,84,0.571429,0.144006,0.524629,0.091679,0.212258,0.084059,classifier_only_guard,detects negative transfer without control-conditioned masking
combined_stress,taxel_bias,cloth_edge_pull,4,84,0.523810,0.144462,0.525295,0.093227,0.213423,0.084401,classifier_only_guard,detects negative transfer without control-conditioned masking
combined_stress,taxel_bias,cloth_edge_pull,5,84,0.523810,0.144918,0.525961,0.093585,0.213731,0.084743,classifier_only_guard,detects negative transfer without control-conditioned masking
combined_stress,taxel_bias,cloth_edge_pull,6,84,0.476190,0.145374,0.526627,0.095133,0.214897,0.085085,classifier_only_guard,detects negative transfer without control-conditioned masking
combined_stress,taxel_bias,cable_threading,0,84,0.488095,0.143401,0.528530,0.092782,0.213098,0.082581,classifier_only_guard,detects negative transfer without control-conditioned masking
combined_stress,taxel_bias,cable_threading,1,84,0.404762,0.143857,0.529196,0.095223,0.214906,0.082923,classifier_only_guard,detects negative transfer without control-conditioned masking
combined_stress,taxel_bias,cable_threading,2,84,0.511905,0.144313,0.529862,0.092902,0.213286,0.083265,classifier_only_guard,detects negative transfer without control-conditioned masking
combined_stress,taxel_bias,cable_threading,3,84,0.607143,0.144769,0.530528,0.090878,0.211879,0.083607,classifier_only_guard,detects negative transfer without control-conditioned masking
combined_stress,taxel_bias,cable_threading,4,84,0.547619,0.145225,0.531194,0.092724,0.213259,0.083949,classifier_only_guard,detects negative transfer without control-conditioned masking
combined_stress,taxel_bias,cable_threading,5,84,0.488095,0.145681,0.531860,0.094570,0.214638,0.084291,classifier_only_guard,detects negative transfer without control-conditioned masking
combined_stress,taxel_bias,cable_threading,6,84,0.440476,0.146137,0.532526,0.096118,0.215803,0.084633,classifier_only_guard,detects negative transfer without control-conditioned masking
combined_stress,taxel_bias,lid_twist_force_control,0,84,0.630952,0.140296,0.505842,0.094956,0.212515,0.082537,classifier_only_guard,detects negative transfer without control-conditioned masking
combined_stress,taxel_bias,lid_twist_force_control,1,84,0.642857,0.140800,0.506580,0.095053,0.212641,0.082912,classifier_only_guard,detects negative transfer without control-conditioned masking
combined_stress,taxel_bias,lid_twist_force_control,2,84,0.690476,0.141304,0.489309,0.094256,0.212123,0.083287,classifier_only_guard,detects negative transfer without control-conditioned masking
combined_stress,taxel_bias,lid_twist_force_control,3,84,0.678571,0.141808,0.490047,0.086944,0.212678,0.083662,classifier_only_guard,detects negative transfer without control-conditioned masking
combined_stress,taxel_bias,lid_twist_force_control,4,84,0.571429,0.142312,0.490785,0.090017,0.214946,0.084037,classifier_only_guard,detects negative transfer without control-conditioned masking
combined_stress,taxel_bias,lid_twist_force_control,5,84,0.607143,0.142816,0.491523,0.089519,0.214643,0.084412,classifier_only_guard,detects negative transfer without control-conditioned masking
combined_stress,taxel_bias,lid_twist_force_control,6,84,0.511905,0.143320,0.492261,0.092294,0.216698,0.084787,classifier_only_guard,detects negative transfer without control-conditioned masking
combined_stress,transient_shear_spike,slip_limited_grasp,0,84,0.511905,0.145966,0.515479,0.097363,0.216670,0.083948,classifier_only_guard,detects negative transfer without control-conditioned masking
combined_stress,transient_shear_spike,slip_limited_grasp,1,84,0.619048,0.146506,0.516271,0.095106,0.215105,0.084348,classifier_only_guard,detects negative transfer without control-conditioned masking
combined_stress,transient_shear_spike,slip_limited_grasp,2,84,0.690476,0.147046,0.517063,0.093743,0.214183,0.084748,classifier_only_guard,detects negative transfer without control-conditioned masking
combined_stress,transient_shear_spike,slip_limited_grasp,3,84,0.571429,0.147586,0.517855,0.097141,0.216690,0.085148,classifier_only_guard,detects negative transfer without control-conditioned masking
combined_stress,transient_shear_spike,slip_limited_grasp,4,84,0.583333,0.148126,0.518647,0.097265,0.216840,0.085548,classifier_only_guard,detects negative transfer without control-conditioned masking
combined_stress,transient_shear_spike,slip_limited_grasp,5,84,0.571429,0.148666,0.519439,0.097985,0.217418,0.085947,classifier_only_guard,detects negative transfer without control-conditioned masking
combined_stress,transient_shear_spike,slip_limited_grasp,6,84,0.619048,0.149206,0.520231,0.097216,0.208921,0.086347,classifier_only_guard,detects negative transfer without control-conditioned masking
combined_stress,transient_shear_spike,peg_in_hole_contact_search,0,84,0.547619,0.150504,0.502307,0.098772,0.214459,0.085646,classifier_only_guard,detects negative transfer without control-conditioned masking
combined_stress,transient_shear_spike,peg_in_hole_contact_search,1,84,0.404762,0.151092,0.503171,0.102802,0.217426,0.086079,classifier_only_guard,detects negative transfer without control-conditioned masking
combined_stress,transient_shear_spike,peg_in_hole_contact_search,2,84,0.523810,0.151680,0.504035,0.100285,0.215679,0.086512,classifier_only_guard,detects negative transfer without control-conditioned masking
combined_stress,transient_shear_spike,peg_in_hole_contact_search,3,84,0.511905,0.152268,0.504899,0.101041,0.216290,0.086945,classifier_only_guard,detects negative transfer without control-conditioned masking
combined_stress,transient_shear_spike,peg_in_hole_contact_search,4,84,0.500000,0.152856,0.505763,0.101798,0.216900,0.087378,classifier_only_guard,detects negative transfer without control-conditioned masking
combined_stress,transient_shear_spike,peg_in_hole_contact_search,5,84,0.476190,0.153444,0.506627,0.102852,0.217725,0.087811,classifier_only_guard,detects negative transfer without control-conditioned masking
combined_stress,transient_shear_spike,peg_in_hole_contact_search,6,84,0.464286,0.154032,0.507491,0.103608,0.218335,0.088244,classifier_only_guard,detects negative transfer without control-conditioned masking
combined_stress,transient_shear_spike,cloth_edge_pull,0,84,0.511905,0.151335,0.533517,0.098436,0.218730,0.086025,classifier_only_guard,detects negative transfer without control-conditioned masking
combined_stress,transient_shear_spike,cloth_edge_pull,1,84,0.500000,0.151857,0.534282,0.099142,0.211292,0.086412,classifier_only_guard,detects negative transfer without control-conditioned masking
combined_stress,transient_shear_spike,cloth_edge_pull,2,84,0.595238,0.152379,0.535047,0.097169,0.209930,0.086800,classifier_only_guard,detects negative transfer without control-conditioned masking
combined_stress,transient_shear_spike,cloth_edge_pull,3,84,0.464286,0.152901,0.535812,0.100851,0.212639,0.087187,classifier_only_guard,detects negative transfer without control-conditioned masking
combined_stress,transient_shear_spike,cloth_edge_pull,4,84,0.607143,0.153423,0.536577,0.097688,0.210419,0.087575,classifier_only_guard,detects negative transfer without control-conditioned masking
combined_stress,transient_shear_spike,cloth_edge_pull,5,84,0.547619,0.153945,0.519333,0.099584,0.211843,0.087962,classifier_only_guard,detects negative transfer without control-conditioned masking
combined_stress,transient_shear_spike,cloth_edge_pull,6,84,0.571429,0.154467,0.520098,0.099397,0.211766,0.088349,classifier_only_guard,detects negative transfer without control-conditioned masking
combined_stress,transient_shear_spike,cable_threading,0,84,0.500000,0.150119,0.536446,0.097308,0.217888,0.084209,classifier_only_guard,detects negative transfer without control-conditioned masking
combined_stress,transient_shear_spike,cable_threading,1,84,0.547619,0.150641,0.537211,0.096526,0.217383,0.084596,classifier_only_guard,detects negative transfer without control-conditioned masking
combined_stress,transient_shear_spike,cable_threading,2,84,0.392857,0.151163,0.537976,0.100803,0.220521,0.084984,classifier_only_guard,detects negative transfer without control-conditioned masking
combined_stress,transient_shear_spike,cable_threading,3,84,0.416667,0.151685,0.538741,0.100616,0.220444,0.085371,classifier_only_guard,detects negative transfer without control-conditioned masking
combined_stress,transient_shear_spike,cable_threading,4,84,0.392857,0.152207,0.539506,0.101619,0.213221,0.085759,classifier_only_guard,detects negative transfer without control-conditioned masking
combined_stress,transient_shear_spike,cable_threading,5,84,0.476190,0.152729,0.540271,0.099944,0.212073,0.086146,classifier_only_guard,detects negative transfer without control-conditioned masking
combined_stress,transient_shear_spike,cable_threading,6,84,0.440476,0.153251,0.541036,0.101245,0.213067,0.086534,classifier_only_guard,detects negative transfer without control-conditioned masking
combined_stress,transient_shear_spike,lid_twist_force_control,0,84,0.583333,0.147505,0.496487,0.101347,0.210700,0.084504,classifier_only_guard,detects negative transfer without control-conditioned masking
combined_stress,transient_shear_spike,lid_twist_force_control,1,84,0.476190,0.148075,0.497324,0.096467,0.213013,0.084924,classifier_only_guard,detects negative transfer without control-conditioned masking
combined_stress,transient_shear_spike,lid_twist_force_control,2,84,0.607143,0.148645,0.498161,0.093638,0.211039,0.085345,classifier_only_guard,detects negative transfer without control-conditioned masking
combined_stress,transient_shear_spike,lid_twist_force_control,3,84,0.476190,0.149215,0.498998,0.097357,0.213781,0.085765,classifier_only_guard,detects negative transfer without control-conditioned masking
combined_stress,transient_shear_spike,lid_twist_force_control,4,84,0.607143,0.149785,0.499835,0.094528,0.211807,0.086186,classifier_only_guard,detects negative transfer without control-conditioned masking
combined_stress,transient_shear_spike,lid_twist_force_control,5,84,0.392857,0.150355,0.500672,0.100330,0.216049,0.086606,classifier_only_guard,detects negative transfer without control-conditioned masking
combined_stress,transient_shear_spike,lid_twist_force_control,6,84,0.595238,0.150925,0.501509,0.095716,0.212790,0.087027,classifier_only_guard,detects negative transfer without control-conditioned masking
combined_stress,compound_contact_shift,slip_limited_grasp,0,84,0.476190,0.168689,0.519683,0.104172,0.218301,0.087652,classifier_only_guard,detects negative transfer without control-conditioned masking
combined_stress,compound_contact_shift,slip_limited_grasp,1,84,0.666667,0.169235,0.520484,0.099837,0.215240,0.088056,classifier_only_guard,detects negative transfer without control-conditioned masking
combined_stress,compound_contact_shift,slip_limited_grasp,2,84,0.488095,0.169781,0.521285,0.104728,0.218822,0.088460,classifier_only_guard,detects negative transfer without control-conditioned masking
combined_stress,compound_contact_shift,slip_limited_grasp,3,84,0.607143,0.170327,0.522086,0.102178,0.217047,0.088864,classifier_only_guard,detects negative transfer without control-conditioned masking
combined_stress,compound_contact_shift,slip_limited_grasp,4,84,0.440476,0.158867,0.522887,0.105571,0.220415,0.089004,classifier_only_guard,detects negative transfer without control-conditioned masking
combined_stress,compound_contact_shift,slip_limited_grasp,5,84,0.404762,0.159413,0.523688,0.106890,0.221426,0.089408,classifier_only_guard,detects negative transfer without control-conditioned masking
combined_stress,compound_contact_shift,slip_limited_grasp,6,84,0.511905,0.159959,0.524489,0.104638,0.219866,0.089812,classifier_only_guard,detects negative transfer without control-conditioned masking
combined_stress,compound_contact_shift,peg_in_hole_contact_search,0,84,0.511905,0.166009,0.495684,0.108051,0.219282,0.092383,classifier_only_guard,detects negative transfer without control-conditioned masking
combined_stress,compound_contact_shift,peg_in_hole_contact_search,1,84,0.547619,0.166603,0.496557,0.107622,0.219039,0.084816,classifier_only_guard,detects negative transfer without control-conditioned masking
combined_stress,compound_contact_shift,peg_in_hole_contact_search,2,84,0.523810,0.167197,0.497430,0.108680,0.219867,0.085254,classifier_only_guard,detects negative transfer without control-conditioned masking
combined_stress,compound_contact_shift,peg_in_hole_contact_search,3,84,0.476190,0.167791,0.498303,0.110334,0.221125,0.085691,classifier_only_guard,detects negative transfer without control-conditioned masking
combined_stress,compound_contact_shift,peg_in_hole_contact_search,4,84,0.523810,0.168385,0.499176,0.109607,0.220667,0.086128,classifier_only_guard,detects negative transfer without control-conditioned masking
combined_stress,compound_contact_shift,peg_in_hole_contact_search,5,84,0.571429,0.168979,0.500049,0.108880,0.220210,0.086565,classifier_only_guard,detects negative transfer without control-conditioned masking
combined_stress,compound_contact_shift,peg_in_hole_contact_search,6,84,0.464286,0.169573,0.500922,0.104018,0.214535,0.087002,classifier_only_guard,detects negative transfer without control-conditioned masking
combined_stress,compound_contact_shift,cloth_edge_pull,0,84,0.523810,0.160031,0.516679,0.109308,0.218155,0.088072,classifier_only_guard,detects negative transfer without control-conditioned masking
combined_stress,compound_contact_shift,cloth_edge_pull,1,84,0.428571,0.160559,0.517453,0.104098,0.220226,0.088463,classifier_only_guard,detects negative transfer without control-conditioned masking
combined_stress,compound_contact_shift,cloth_edge_pull,2,84,0.464286,0.161087,0.518227,0.103618,0.219939,0.088855,classifier_only_guard,detects negative transfer without control-conditioned masking
combined_stress,compound_contact_shift,cloth_edge_pull,3,84,0.547619,0.161615,0.519001,0.101947,0.218795,0.089247,classifier_only_guard,detects negative transfer without control-conditioned masking
combined_stress,compound_contact_shift,cloth_edge_pull,4,84,0.392857,0.162143,0.519775,0.106229,0.221937,0.089638,classifier_only_guard,detects negative transfer without control-conditioned masking
combined_stress,compound_contact_shift,cloth_edge_pull,5,84,0.500000,0.162671,0.520549,0.103963,0.220364,0.090030,classifier_only_guard,detects negative transfer without control-conditioned masking
combined_stress,compound_contact_shift,cloth_edge_pull,6,84,0.380952,0.163199,0.521323,0.107352,0.222863,0.090422,classifier_only_guard,detects negative transfer without control-conditioned masking
combined_stress,compound_contact_shift,cable_threading,0,84,0.416667,0.170640,0.519338,0.111623,0.218908,0.086396,classifier_only_guard,detects negative transfer without control-conditioned masking
combined_stress,compound_contact_shift,cable_threading,1,84,0.440476,0.171168,0.520112,0.111441,0.218835,0.086788,classifier_only_guard,detects negative transfer without control-conditioned masking
combined_stress,compound_contact_shift,cable_threading,2,84,0.476190,0.159690,0.520886,0.109760,0.218549,0.086916,classifier_only_guard,detects negative transfer without control-conditioned masking
combined_stress,compound_contact_shift,cable_threading,3,84,0.416667,0.160218,0.521660,0.111661,0.219976,0.087307,classifier_only_guard,detects negative transfer without control-conditioned masking
combined_stress,compound_contact_shift,cable_threading,4,84,0.500000,0.160746,0.522434,0.109991,0.218832,0.087699,classifier_only_guard,detects negative transfer without control-conditioned masking
combined_stress,compound_contact_shift,cable_threading,5,84,0.488095,0.161274,0.523208,0.102697,0.219402,0.088090,classifier_only_guard,detects negative transfer without control-conditioned masking
combined_stress,compound_contact_shift,cable_threading,6,84,0.500000,0.161802,0.523982,0.102812,0.219544,0.088482,classifier_only_guard,detects negative transfer without control-conditioned masking
combined_stress,compound_contact_shift,lid_twist_force_control,0,84,0.523810,0.161522,0.487632,0.102077,0.214959,0.090216,classifier_only_guard,detects negative transfer without control-conditioned masking
combined_stress,compound_contact_shift,lid_twist_force_control,1,84,0.535714,0.162098,0.488478,0.102229,0.215133,0.090641,classifier_only_guard,detects negative transfer without control-conditioned masking
combined_stress,compound_contact_shift,lid_twist_force_control,2,84,0.583333,0.162674,0.489324,0.101488,0.214664,0.091065,classifier_only_guard,detects negative transfer without control-conditioned masking
combined_stress,compound_contact_shift,lid_twist_force_control,3,84,0.535714,0.163250,0.490170,0.103128,0.215909,0.091490,classifier_only_guard,detects negative transfer without control-conditioned masking
combined_stress,compound_contact_shift,lid_twist_force_control,4,84,0.500000,0.163826,0.491016,0.104471,0.216940,0.091915,classifier_only_guard,detects negative transfer without control-conditioned masking
combined_stress,compound_contact_shift,lid_twist_force_control,5,84,0.571429,0.164402,0.491862,0.103135,0.216042,0.092339,classifier_only_guard,detects negative transfer without control-conditioned masking
combined_stress,compound_contact_shift,lid_twist_force_control,6,84,0.428571,0.164978,0.492708,0.107156,0.219002,0.084760,classifier_only_guard,detects negative transfer without control-conditioned masking
combined_stress,source_matched,slip_limited_grasp,0,84,0.619048,0.091484,0.576766,0.073824,0.243993,0.078305,no_calibration_guard,mismatch scores are uncalibrated under sensor bias
combined_stress,source_matched,slip_limited_grasp,1,84,0.714286,0.091976,0.577486,0.071828,0.242611,0.078672,no_calibration_guard,mismatch scores are uncalibrated under sensor bias
combined_stress,source_matched,slip_limited_grasp,2,84,0.714286,0.092468,0.578206,0.072214,0.242943,0.079039,no_calibration_guard,mismatch scores are uncalibrated under sensor bias
combined_stress,source_matched,slip_limited_grasp,3,84,0.702381,0.092960,0.578926,0.072897,0.243489,0.079406,no_calibration_guard,mismatch scores are uncalibrated under sensor bias
combined_stress,source_matched,slip_limited_grasp,4,84,0.678571,0.093452,0.579646,0.065873,0.244250,0.079773,no_calibration_guard,mismatch scores are uncalibrated under sensor bias
combined_stress,source_matched,slip_limited_grasp,5,84,0.690476,0.093944,0.580366,0.065961,0.236363,0.080140,no_calibration_guard,mismatch scores are uncalibrated under sensor bias
combined_stress,source_matched,slip_limited_grasp,6,84,0.595238,0.094436,0.581086,0.068727,0.238410,0.080506,no_calibration_guard,mismatch scores are uncalibrated under sensor bias
combined_stress,source_matched,peg_in_hole_contact_search,0,84,0.738095,0.093894,0.560165,0.071413,0.238758,0.078433,no_calibration_guard,mismatch scores are uncalibrated under sensor bias
combined_stress,source_matched,peg_in_hole_contact_search,1,84,0.714286,0.094434,0.560957,0.072430,0.239551,0.078833,no_calibration_guard,mismatch scores are uncalibrated under sensor bias
combined_stress,source_matched,peg_in_hole_contact_search,2,84,0.619048,0.094974,0.561749,0.067229,0.241629,0.079233,no_calibration_guard,mismatch scores are uncalibrated under sensor bias
combined_stress,source_matched,peg_in_hole_contact_search,3,84,0.702381,0.095514,0.544532,0.065568,0.240493,0.079633,no_calibration_guard,mismatch scores are uncalibrated under sensor bias
combined_stress,source_matched,peg_in_hole_contact_search,4,84,0.678571,0.084048,0.545324,0.065384,0.241286,0.079768,no_calibration_guard,mismatch scores are uncalibrated under sensor bias
combined_stress,source_matched,peg_in_hole_contact_search,5,84,0.654762,0.084588,0.546116,0.066402,0.242078,0.080168,no_calibration_guard,mismatch scores are uncalibrated under sensor bias
combined_stress,source_matched,peg_in_hole_contact_search,6,84,0.702381,0.085128,0.546908,0.065633,0.241585,0.080568,no_calibration_guard,mismatch scores are uncalibrated under sensor bias
combined_stress,source_matched,cloth_edge_pull,0,84,0.619048,0.088894,0.583050,0.068877,0.240829,0.074983,no_calibration_guard,mismatch scores are uncalibrated under sensor bias
combined_stress,source_matched,cloth_edge_pull,1,84,0.702381,0.089368,0.583743,0.067165,0.239649,0.075337,no_calibration_guard,mismatch scores are uncalibrated under sensor bias
combined_stress,source_matched,cloth_edge_pull,2,84,0.666667,0.089842,0.584436,0.068430,0.240612,0.075692,no_calibration_guard,mismatch scores are uncalibrated under sensor bias
combined_stress,source_matched,cloth_edge_pull,3,84,0.595238,0.090316,0.585129,0.070587,0.242218,0.076046,no_calibration_guard,mismatch scores are uncalibrated under sensor bias
combined_stress,source_matched,cloth_edge_pull,4,84,0.666667,0.090790,0.585822,0.069172,0.241252,0.076401,no_calibration_guard,mismatch scores are uncalibrated under sensor bias
combined_stress,source_matched,cloth_edge_pull,5,84,0.547619,0.091264,0.586515,0.072520,0.243715,0.076755,no_calibration_guard,mismatch scores are uncalibrated under sensor bias
combined_stress,source_matched,cloth_edge_pull,6,84,0.595238,0.091738,0.587208,0.071701,0.243178,0.077109,no_calibration_guard,mismatch scores are uncalibrated under sensor bias
combined_stress,source_matched,cable_threading,0,84,0.702381,0.089028,0.588139,0.066463,0.239233,0.074157,no_calibration_guard,mismatch scores are uncalibrated under sensor bias
combined_stress,source_matched,cable_threading,1,84,0.595238,0.089502,0.588832,0.069513,0.241482,0.074511,no_calibration_guard,mismatch scores are uncalibrated under sensor bias
combined_stress,source_matched,cable_threading,2,84,0.523810,0.089976,0.589525,0.071670,0.243087,0.074866,no_calibration_guard,mismatch scores are uncalibrated under sensor bias
combined_stress,source_matched,cable_threading,3,84,0.535714,0.090450,0.590218,0.071744,0.243193,0.075220,no_calibration_guard,mismatch scores are uncalibrated under sensor bias
combined_stress,source_matched,cable_threading,4,84,0.630952,0.090924,0.590911,0.069735,0.241799,0.075575,no_calibration_guard,mismatch scores are uncalibrated under sensor bias
combined_stress,source_matched,cable_threading,5,84,0.702381,0.091398,0.591604,0.068320,0.240833,0.075929,no_calibration_guard,mismatch scores are uncalibrated under sensor bias
combined_stress,source_matched,cable_threading,6,84,0.702381,0.091872,0.592297,0.068692,0.241153,0.076284,no_calibration_guard,mismatch scores are uncalibrated under sensor bias
combined_stress,source_matched,lid_twist_force_control,0,84,0.714286,0.090703,0.554192,0.067385,0.236003,0.077218,no_calibration_guard,mismatch scores are uncalibrated under sensor bias
combined_stress,source_matched,lid_twist_force_control,1,84,0.630952,0.091225,0.554957,0.069877,0.237855,0.077605,no_calibration_guard,mismatch scores are uncalibrated under sensor bias
combined_stress,source_matched,lid_twist_force_control,2,84,0.690476,0.091747,0.555722,0.068797,0.237135,0.077993,no_calibration_guard,mismatch scores are uncalibrated under sensor bias
combined_stress,source_matched,lid_twist_force_control,3,84,0.714286,0.092269,0.556487,0.068610,0.237059,0.078380,no_calibration_guard,mismatch scores are uncalibrated under sensor bias
combined_stress,source_matched,lid_twist_force_control,4,84,0.714286,0.092791,0.539243,0.069018,0.237411,0.078768,no_calibration_guard,mismatch scores are uncalibrated under sensor bias
combined_stress,source_matched,lid_twist_force_control,5,84,0.702381,0.093313,0.540008,0.069724,0.237977,0.079155,no_calibration_guard,mismatch scores are uncalibrated under sensor bias
combined_stress,source_matched,lid_twist_force_control,6,84,0.630952,0.093835,0.540773,0.071918,0.239615,0.079543,no_calibration_guard,mismatch scores are uncalibrated under sensor bias
combined_stress,low_friction,slip_limited_grasp,0,84,0.654762,0.099984,0.561880,0.073957,0.241978,0.080372,no_calibration_guard,mismatch scores are uncalibrated under sensor bias
combined_stress,low_friction,slip_limited_grasp,1,84,0.642857,0.100464,0.562582,0.074631,0.242517,0.080731,no_calibration_guard,mismatch scores are uncalibrated under sensor bias
combined_stress,low_friction,slip_limited_grasp,2,84,0.666667,0.100944,0.563284,0.074412,0.242412,0.081090,no_calibration_guard,mismatch scores are uncalibrated under sensor bias
combined_stress,low_friction,slip_limited_grasp,3,84,0.666667,0.101424,0.563986,0.074788,0.242736,0.081448,no_calibration_guard,mismatch scores are uncalibrated under sensor bias
combined_stress,low_friction,slip_limited_grasp,4,84,0.690476,0.101904,0.564688,0.074568,0.242631,0.081807,no_calibration_guard,mismatch scores are uncalibrated under sensor bias
combined_stress,low_friction,slip_limited_grasp,5,84,0.702381,0.102384,0.565390,0.074647,0.242741,0.082165,no_calibration_guard,mismatch scores are uncalibrated under sensor bias
combined_stress,low_friction,slip_limited_grasp,6,84,0.702381,0.102864,0.566092,0.075023,0.243065,0.082524,no_calibration_guard,mismatch scores are uncalibrated under sensor bias
combined_stress,low_friction,peg_in_hole_contact_search,0,84,0.607143,0.104823,0.548924,0.077576,0.241363,0.082173,no_calibration_guard,mismatch scores are uncalibrated under sensor bias
combined_stress,low_friction,peg_in_hole_contact_search,1,84,0.642857,0.105351,0.549698,0.077096,0.241077,0.082565,no_calibration_guard,mismatch scores are uncalibrated under sensor bias
combined_stress,low_friction,peg_in_hole_contact_search,2,84,0.654762,0.105879,0.550472,0.077211,0.241218,0.082957,no_calibration_guard,mismatch scores are uncalibrated under sensor bias
combined_stress,low_friction,peg_in_hole_contact_search,3,84,0.619048,0.106407,0.551246,0.078517,0.242217,0.083348,no_calibration_guard,mismatch scores are uncalibrated under sensor bias
combined_stress,low_friction,peg_in_hole_contact_search,4,84,0.619048,0.106935,0.552020,0.078929,0.242573,0.083740,no_calibration_guard,mismatch scores are uncalibrated under sensor bias
combined_stress,low_friction,peg_in_hole_contact_search,5,84,0.678571,0.107463,0.552794,0.077854,0.241858,0.084131,no_calibration_guard,mismatch scores are uncalibrated under sensor bias
combined_stress,low_friction,peg_in_hole_contact_search,6,84,0.678571,0.107991,0.535559,0.078267,0.242214,0.076519,no_calibration_guard,mismatch scores are uncalibrated under sensor bias
combined_stress,low_friction,cloth_edge_pull,0,84,0.571429,0.101438,0.574230,0.082198,0.243010,0.079835,no_calibration_guard,mismatch scores are uncalibrated under sensor bias
combined_stress,low_friction,cloth_edge_pull,1,84,0.547619,0.101900,0.574905,0.083156,0.243751,0.080181,no_calibration_guard,mismatch scores are uncalibrated under sensor bias
combined_stress,low_friction,cloth_edge_pull,2,84,0.654762,0.102362,0.575580,0.080839,0.242134,0.080527,no_calibration_guard,mismatch scores are uncalibrated under sensor bias
combined_stress,low_friction,cloth_edge_pull,3,84,0.595238,0.102824,0.576255,0.074685,0.243518,0.080873,no_calibration_guard,mismatch scores are uncalibrated under sensor bias
combined_stress,low_friction,cloth_edge_pull,4,84,0.630952,0.103286,0.576930,0.074155,0.243187,0.081219,no_calibration_guard,mismatch scores are uncalibrated under sensor bias
combined_stress,low_friction,cloth_edge_pull,5,84,0.523810,0.103748,0.577605,0.077196,0.245427,0.081566,no_calibration_guard,mismatch scores are uncalibrated under sensor bias
combined_stress,low_friction,cloth_edge_pull,6,84,0.547619,0.104210,0.578280,0.076963,0.245311,0.081912,no_calibration_guard,mismatch scores are uncalibrated under sensor bias
combined_stress,low_friction,cable_threading,0,84,0.523810,0.101931,0.579859,0.083334,0.244011,0.079257,no_calibration_guard,mismatch scores are uncalibrated under sensor bias
combined_stress,low_friction,cable_threading,1,84,0.476190,0.102393,0.580534,0.084887,0.245181,0.079603,no_calibration_guard,mismatch scores are uncalibrated under sensor bias
combined_stress,low_friction,cable_threading,2,84,0.476190,0.102855,0.581209,0.085249,0.245493,0.079949,no_calibration_guard,mismatch scores are uncalibrated under sensor bias
combined_stress,low_friction,cable_threading,3,84,0.583333,0.103317,0.581884,0.074928,0.243876,0.080295,no_calibration_guard,mismatch scores are uncalibrated under sensor bias
combined_stress,low_friction,cable_threading,4,84,0.571429,0.103779,0.582559,0.075588,0.244402,0.080642,no_calibration_guard,mismatch scores are uncalibrated under sensor bias
combined_stress,low_friction,cable_threading,5,84,0.559524,0.104241,0.583234,0.076248,0.244929,0.080988,no_calibration_guard,mismatch scores are uncalibrated under sensor bias
combined_stress,low_friction,cable_threading,6,84,0.583333,0.104703,0.583909,0.076015,0.244812,0.081334,no_calibration_guard,mismatch scores are uncalibrated under sensor bias
combined_stress,low_friction,lid_twist_force_control,0,84,0.654762,0.104609,0.547415,0.074044,0.247310,0.083008,no_calibration_guard,mismatch scores are uncalibrated under sensor bias
combined_stress,low_friction,lid_twist_force_control,1,84,0.738095,0.105119,0.530153,0.072360,0.246154,0.083387,no_calibration_guard,mismatch scores are uncalibrated under sensor bias
combined_stress,low_friction,lid_twist_force_control,2,84,0.726190,0.105629,0.530900,0.073056,0.246713,0.083766,no_calibration_guard,mismatch scores are uncalibrated under sensor bias
combined_stress,low_friction,lid_twist_force_control,3,84,0.654762,0.106139,0.531647,0.075241,0.248342,0.084145,no_calibration_guard,mismatch scores are uncalibrated under sensor bias
combined_stress,low_friction,lid_twist_force_control,4,84,0.654762,0.106649,0.532394,0.075640,0.240682,0.084525,no_calibration_guard,mismatch scores are uncalibrated under sensor bias
combined_stress,low_friction,lid_twist_force_control,5,84,0.678571,0.107159,0.533141,0.075444,0.240598,0.076900,no_calibration_guard,mismatch scores are uncalibrated under sensor bias
combined_stress,low_friction,lid_twist_force_control,6,84,0.654762,0.107669,0.533888,0.076438,0.241370,0.077279,no_calibration_guard,mismatch scores are uncalibrated under sensor bias
combined_stress,soft_compliance,slip_limited_grasp,0,84,0.690476,0.103613,0.572231,0.076999,0.243467,0.081560,no_calibration_guard,mismatch scores are uncalibrated under sensor bias
combined_stress,soft_compliance,slip_limited_grasp,1,84,0.630952,0.104111,0.572960,0.078877,0.244875,0.081931,no_calibration_guard,mismatch scores are uncalibrated under sensor bias
combined_stress,soft_compliance,slip_limited_grasp,2,84,0.630952,0.104609,0.573689,0.079267,0.245211,0.082302,no_calibration_guard,mismatch scores are uncalibrated under sensor bias
combined_stress,soft_compliance,slip_limited_grasp,3,84,0.595238,0.105107,0.574418,0.080550,0.246190,0.082673,no_calibration_guard,mismatch scores are uncalibrated under sensor bias
combined_stress,soft_compliance,slip_limited_grasp,4,84,0.619048,0.105605,0.575147,0.080344,0.246097,0.083044,no_calibration_guard,mismatch scores are uncalibrated under sensor bias
combined_stress,soft_compliance,slip_limited_grasp,5,84,0.678571,0.106103,0.557867,0.079246,0.245362,0.083415,no_calibration_guard,mismatch scores are uncalibrated under sensor bias
combined_stress,soft_compliance,slip_limited_grasp,6,84,0.714286,0.106601,0.558596,0.078743,0.245055,0.083786,no_calibration_guard,mismatch scores are uncalibrated under sensor bias
combined_stress,soft_compliance,peg_in_hole_contact_search,0,84,0.654762,0.110810,0.544803,0.082128,0.244210,0.084985,no_calibration_guard,mismatch scores are uncalibrated under sensor bias
combined_stress,soft_compliance,peg_in_hole_contact_search,1,84,0.642857,0.111356,0.545604,0.082852,0.244793,0.085389,no_calibration_guard,mismatch scores are uncalibrated under sensor bias
combined_stress,soft_compliance,peg_in_hole_contact_search,2,84,0.690476,0.111902,0.546405,0.082088,0.244303,0.077789,no_calibration_guard,mismatch scores are uncalibrated under sensor bias
combined_stress,soft_compliance,peg_in_hole_contact_search,3,84,0.630952,0.112448,0.547206,0.075999,0.245743,0.078193,no_calibration_guard,mismatch scores are uncalibrated under sensor bias
combined_stress,soft_compliance,peg_in_hole_contact_search,4,84,0.559524,0.112994,0.548007,0.078211,0.247397,0.078597,no_calibration_guard,mismatch scores are uncalibrated under sensor bias
combined_stress,soft_compliance,peg_in_hole_contact_search,5,84,0.678571,0.113540,0.548808,0.075662,0.245622,0.079001,no_calibration_guard,mismatch scores are uncalibrated under sensor bias
combined_stress,soft_compliance,peg_in_hole_contact_search,6,84,0.630952,0.114086,0.549609,0.077279,0.246847,0.079405,no_calibration_guard,mismatch scores are uncalibrated under sensor bias
combined_stress,soft_compliance,cloth_edge_pull,0,84,0.571429,0.111007,0.575482,0.082683,0.249102,0.085113,no_calibration_guard,mismatch scores are uncalibrated under sensor bias
combined_stress,soft_compliance,cloth_edge_pull,1,84,0.630952,0.111487,0.576184,0.081571,0.248355,0.085472,no_calibration_guard,mismatch scores are uncalibrated under sensor bias
combined_stress,soft_compliance,cloth_edge_pull,2,84,0.619048,0.111967,0.576886,0.082244,0.248893,0.085830,no_calibration_guard,mismatch scores are uncalibrated under sensor bias
combined_stress,soft_compliance,cloth_edge_pull,3,84,0.630952,0.112447,0.577588,0.082323,0.249003,0.078185,no_calibration_guard,mismatch scores are uncalibrated under sensor bias
combined_stress,soft_compliance,cloth_edge_pull,4,84,0.607143,0.112927,0.578290,0.083294,0.249755,0.078544,no_calibration_guard,mismatch scores are uncalibrated under sensor bias
combined_stress,soft_compliance,cloth_edge_pull,5,84,0.619048,0.113407,0.578992,0.083372,0.249865,0.078902,no_calibration_guard,mismatch scores are uncalibrated under sensor bias
combined_stress,soft_compliance,cloth_edge_pull,6,84,0.678571,0.113887,0.579694,0.082260,0.249118,0.079261,no_calibration_guard,mismatch scores are uncalibrated under sensor bias
combined_stress,soft_compliance,cable_threading,0,84,0.559524,0.110960,0.580301,0.082512,0.249101,0.084164,no_calibration_guard,mismatch scores are uncalibrated under sensor bias
combined_stress,soft_compliance,cable_threading,1,84,0.559524,0.111440,0.581003,0.082888,0.249425,0.084522,no_calibration_guard,mismatch scores are uncalibrated under sensor bias
combined_stress,soft_compliance,cable_threading,2,84,0.619048,0.111920,0.581705,0.081776,0.248677,0.084881,no_calibration_guard,mismatch scores are uncalibrated under sensor bias
combined_stress,soft_compliance,cable_threading,3,84,0.595238,0.112400,0.582407,0.082747,0.249430,0.085239,no_calibration_guard,mismatch scores are uncalibrated under sensor bias
combined_stress,soft_compliance,cable_threading,4,84,0.595238,0.112880,0.583109,0.083123,0.249754,0.085598,no_calibration_guard,mismatch scores are uncalibrated under sensor bias
combined_stress,soft_compliance,cable_threading,5,84,0.535714,0.113360,0.583811,0.084987,0.251149,0.085956,no_calibration_guard,mismatch scores are uncalibrated under sensor bias
combined_stress,soft_compliance,cable_threading,6,84,0.523810,0.113840,0.584513,0.085661,0.251687,0.078311,no_calibration_guard,mismatch scores are uncalibrated under sensor bias
combined_stress,soft_compliance,lid_twist_force_control,0,84,0.630952,0.106132,0.536598,0.076959,0.248467,0.082745,no_calibration_guard,mismatch scores are uncalibrated under sensor bias
combined_stress,soft_compliance,lid_twist_force_control,1,84,0.559524,0.106660,0.537372,0.079158,0.250109,0.083137,no_calibration_guard,mismatch scores are uncalibrated under sensor bias
combined_stress,soft_compliance,lid_twist_force_control,2,84,0.619048,0.107188,0.538146,0.078083,0.249393,0.083529,no_calibration_guard,mismatch scores are uncalibrated under sensor bias
combined_stress,soft_compliance,lid_twist_force_control,3,84,0.714286,0.107716,0.538920,0.076114,0.248035,0.083920,no_calibration_guard,mismatch scores are uncalibrated under sensor bias
combined_stress,soft_compliance,lid_twist_force_control,4,84,0.654762,0.108244,0.539694,0.078015,0.249462,0.084312,no_calibration_guard,mismatch scores are uncalibrated under sensor bias
combined_stress,soft_compliance,lid_twist_force_control,5,84,0.666667,0.108772,0.540468,0.078131,0.241600,0.084703,no_calibration_guard,mismatch scores are uncalibrated under sensor bias
combined_stress,soft_compliance,lid_twist_force_control,6,84,0.702381,0.109300,0.541242,0.077650,0.241313,0.085095,no_calibration_guard,mismatch scores are uncalibrated under sensor bias
combined_stress,texture_aliasing,slip_limited_grasp,0,84,0.607143,0.111370,0.564381,0.084658,0.246647,0.086371,no_calibration_guard,mismatch scores are uncalibrated under sensor bias
combined_stress,texture_aliasing,slip_limited_grasp,1,84,0.595238,0.111874,0.565119,0.085350,0.247202,0.086746,no_calibration_guard,mismatch scores are uncalibrated under sensor bias
combined_stress,texture_aliasing,slip_limited_grasp,2,84,0.642857,0.112378,0.565857,0.084554,0.246685,0.087121,no_calibration_guard,mismatch scores are uncalibrated under sensor bias
combined_stress,texture_aliasing,slip_limited_grasp,3,84,0.559524,0.112882,0.566595,0.087032,0.248525,0.079492,no_calibration_guard,mismatch scores are uncalibrated under sensor bias
combined_stress,texture_aliasing,slip_limited_grasp,4,84,0.666667,0.113386,0.567333,0.084748,0.246936,0.079867,no_calibration_guard,mismatch scores are uncalibrated under sensor bias
combined_stress,texture_aliasing,slip_limited_grasp,5,84,0.726190,0.113890,0.568071,0.083654,0.246205,0.080242,no_calibration_guard,mismatch scores are uncalibrated under sensor bias
combined_stress,texture_aliasing,slip_limited_grasp,6,84,0.607143,0.114394,0.568809,0.087025,0.248687,0.080617,no_calibration_guard,mismatch scores are uncalibrated under sensor bias
combined_stress,texture_aliasing,peg_in_hole_contact_search,0,84,0.464286,0.111350,0.544135,0.086932,0.252511,0.084825,no_calibration_guard,mismatch scores are uncalibrated under sensor bias
combined_stress,texture_aliasing,peg_in_hole_contact_search,1,84,0.619048,0.111902,0.544945,0.083494,0.250097,0.085233,no_calibration_guard,mismatch scores are uncalibrated under sensor bias
combined_stress,texture_aliasing,peg_in_hole_contact_search,2,84,0.583333,0.112454,0.545755,0.084818,0.251112,0.085641,no_calibration_guard,mismatch scores are uncalibrated under sensor bias
combined_stress,texture_aliasing,peg_in_hole_contact_search,3,84,0.523810,0.113006,0.528556,0.086737,0.252555,0.086049,no_calibration_guard,mismatch scores are uncalibrated under sensor bias
combined_stress,texture_aliasing,peg_in_hole_contact_search,4,84,0.630952,0.113558,0.529366,0.084490,0.250999,0.086457,no_calibration_guard,mismatch scores are uncalibrated under sensor bias
combined_stress,texture_aliasing,peg_in_hole_contact_search,5,84,0.654762,0.114110,0.530176,0.084326,0.250942,0.086866,no_calibration_guard,mismatch scores are uncalibrated under sensor bias
combined_stress,texture_aliasing,peg_in_hole_contact_search,6,84,0.607143,0.114662,0.530986,0.085948,0.244167,0.079270,no_calibration_guard,mismatch scores are uncalibrated under sensor bias
combined_stress,texture_aliasing,cloth_edge_pull,0,84,0.607143,0.116742,0.564599,0.085816,0.248791,0.080528,no_calibration_guard,mismatch scores are uncalibrated under sensor bias
combined_stress,texture_aliasing,cloth_edge_pull,1,84,0.511905,0.117228,0.565310,0.088577,0.250834,0.080890,no_calibration_guard,mismatch scores are uncalibrated under sensor bias
combined_stress,texture_aliasing,cloth_edge_pull,2,84,0.619048,0.117714,0.566021,0.086279,0.249233,0.081253,no_calibration_guard,mismatch scores are uncalibrated under sensor bias
combined_stress,texture_aliasing,cloth_edge_pull,3,84,0.630952,0.118200,0.566732,0.086362,0.249347,0.081616,no_calibration_guard,mismatch scores are uncalibrated under sensor bias
combined_stress,texture_aliasing,cloth_edge_pull,4,84,0.619048,0.118686,0.567443,0.087040,0.249889,0.081978,no_calibration_guard,mismatch scores are uncalibrated under sensor bias
combined_stress,texture_aliasing,cloth_edge_pull,5,84,0.583333,0.119172,0.568154,0.088314,0.250860,0.082341,no_calibration_guard,mismatch scores are uncalibrated under sensor bias
combined_stress,texture_aliasing,cloth_edge_pull,6,84,0.476190,0.119658,0.568865,0.091373,0.253117,0.082704,no_calibration_guard,mismatch scores are uncalibrated under sensor bias
combined_stress,texture_aliasing,cable_threading,0,84,0.535714,0.116516,0.569148,0.086995,0.249741,0.087458,no_calibration_guard,mismatch scores are uncalibrated under sensor bias
combined_stress,texture_aliasing,cable_threading,1,84,0.547619,0.117002,0.569859,0.087078,0.249855,0.079816,no_calibration_guard,mismatch scores are uncalibrated under sensor bias
combined_stress,texture_aliasing,cable_threading,2,84,0.523810,0.117488,0.570570,0.088054,0.250611,0.080179,no_calibration_guard,mismatch scores are uncalibrated under sensor bias
combined_stress,texture_aliasing,cable_threading,3,84,0.571429,0.117974,0.571281,0.087244,0.250082,0.080542,no_calibration_guard,mismatch scores are uncalibrated under sensor bias
combined_stress,texture_aliasing,cable_threading,4,84,0.511905,0.118460,0.571992,0.089112,0.251482,0.080905,no_calibration_guard,mismatch scores are uncalibrated under sensor bias
combined_stress,texture_aliasing,cable_threading,5,84,0.523810,0.118946,0.572703,0.089195,0.251595,0.081267,no_calibration_guard,mismatch scores are uncalibrated under sensor bias
combined_stress,texture_aliasing,cable_threading,6,84,0.547619,0.119432,0.573414,0.088981,0.251495,0.081630,no_calibration_guard,mismatch scores are uncalibrated under sensor bias
combined_stress,texture_aliasing,lid_twist_force_control,0,84,0.714286,0.117189,0.533698,0.082982,0.242843,0.081825,no_calibration_guard,mismatch scores are uncalibrated under sensor bias
combined_stress,texture_aliasing,lid_twist_force_control,1,84,0.678571,0.117723,0.534481,0.084292,0.243846,0.082220,no_calibration_guard,mismatch scores are uncalibrated under sensor bias
combined_stress,texture_aliasing,lid_twist_force_control,2,84,0.738095,0.118257,0.535264,0.083221,0.243134,0.082616,no_calibration_guard,mismatch scores are uncalibrated under sensor bias
combined_stress,texture_aliasing,lid_twist_force_control,3,84,0.619048,0.118791,0.536047,0.086615,0.245637,0.083012,no_calibration_guard,mismatch scores are uncalibrated under sensor bias
combined_stress,texture_aliasing,lid_twist_force_control,4,84,0.607143,0.119325,0.536830,0.087330,0.246211,0.083408,no_calibration_guard,mismatch scores are uncalibrated under sensor bias
combined_stress,texture_aliasing,lid_twist_force_control,5,84,0.583333,0.119859,0.537613,0.088343,0.247000,0.083803,no_calibration_guard,mismatch scores are uncalibrated under sensor bias
combined_stress,texture_aliasing,lid_twist_force_control,6,84,0.559524,0.120393,0.538396,0.089355,0.247789,0.084199,no_calibration_guard,mismatch scores are uncalibrated under sensor bias
combined_stress,taxel_bias,slip_limited_grasp,0,84,0.583333,0.112463,0.558780,0.087647,0.245468,0.084703,no_calibration_guard,mismatch scores are uncalibrated under sensor bias
combined_stress,taxel_bias,slip_limited_grasp,1,84,0.642857,0.112931,0.559464,0.086526,0.244713,0.085053,no_calibration_guard,mismatch scores are uncalibrated under sensor bias
combined_stress,taxel_bias,slip_limited_grasp,2,84,0.642857,0.113399,0.560148,0.086892,0.245029,0.085404,no_calibration_guard,mismatch scores are uncalibrated under sensor bias
combined_stress,taxel_bias,slip_limited_grasp,3,84,0.571429,0.113867,0.560832,0.081041,0.246630,0.085754,no_calibration_guard,mismatch scores are uncalibrated under sensor bias
combined_stress,taxel_bias,slip_limited_grasp,4,84,0.702381,0.114335,0.561516,0.078134,0.244589,0.086104,no_calibration_guard,mismatch scores are uncalibrated under sensor bias
combined_stress,taxel_bias,slip_limited_grasp,5,84,0.642857,0.114803,0.562200,0.079989,0.245977,0.086454,no_calibration_guard,mismatch scores are uncalibrated under sensor bias
combined_stress,taxel_bias,slip_limited_grasp,6,84,0.738095,0.115271,0.562884,0.077975,0.244578,0.086805,no_calibration_guard,mismatch scores are uncalibrated under sensor bias
combined_stress,taxel_bias,peg_in_hole_contact_search,0,84,0.595238,0.119733,0.531460,0.083636,0.245402,0.080173,no_calibration_guard,mismatch scores are uncalibrated under sensor bias
combined_stress,taxel_bias,peg_in_hole_contact_search,1,84,0.619048,0.120249,0.532216,0.083445,0.245321,0.080557,no_calibration_guard,mismatch scores are uncalibrated under sensor bias
combined_stress,taxel_bias,peg_in_hole_contact_search,2,84,0.619048,0.120765,0.532972,0.083848,0.245669,0.080940,no_calibration_guard,mismatch scores are uncalibrated under sensor bias
combined_stress,taxel_bias,peg_in_hole_contact_search,3,84,0.547619,0.121281,0.533728,0.086038,0.247303,0.081323,no_calibration_guard,mismatch scores are uncalibrated under sensor bias
combined_stress,taxel_bias,peg_in_hole_contact_search,4,84,0.547619,0.121797,0.534484,0.086441,0.247651,0.081707,no_calibration_guard,mismatch scores are uncalibrated under sensor bias
combined_stress,taxel_bias,peg_in_hole_contact_search,5,84,0.702381,0.122313,0.535240,0.082976,0.245213,0.082090,no_calibration_guard,mismatch scores are uncalibrated under sensor bias
combined_stress,taxel_bias,peg_in_hole_contact_search,6,84,0.500000,0.122829,0.535996,0.088439,0.249204,0.082473,no_calibration_guard,mismatch scores are uncalibrated under sensor bias
combined_stress,taxel_bias,cloth_edge_pull,0,84,0.535714,0.117961,0.559187,0.090091,0.248553,0.086950,no_calibration_guard,mismatch scores are uncalibrated under sensor bias
combined_stress,taxel_bias,cloth_edge_pull,1,84,0.607143,0.118411,0.559844,0.080655,0.247571,0.087288,no_calibration_guard,mismatch scores are uncalibrated under sensor bias
combined_stress,taxel_bias,cloth_edge_pull,2,84,0.547619,0.118861,0.560501,0.082496,0.248947,0.087626,no_calibration_guard,mismatch scores are uncalibrated under sensor bias
combined_stress,taxel_bias,cloth_edge_pull,3,84,0.607143,0.119311,0.561158,0.081361,0.248179,0.087964,no_calibration_guard,mismatch scores are uncalibrated under sensor bias
combined_stress,taxel_bias,cloth_edge_pull,4,84,0.535714,0.119761,0.561815,0.083499,0.249769,0.080298,no_calibration_guard,mismatch scores are uncalibrated under sensor bias
combined_stress,taxel_bias,cloth_edge_pull,5,84,0.535714,0.120211,0.562472,0.083852,0.250073,0.080636,no_calibration_guard,mismatch scores are uncalibrated under sensor bias
combined_stress,taxel_bias,cloth_edge_pull,6,84,0.523810,0.120661,0.563129,0.084503,0.250591,0.080974,no_calibration_guard,mismatch scores are uncalibrated under sensor bias
combined_stress,taxel_bias,cable_threading,0,84,0.523810,0.118814,0.565356,0.082606,0.249151,0.086620,no_calibration_guard,mismatch scores are uncalibrated under sensor bias
combined_stress,taxel_bias,cable_threading,1,84,0.571429,0.119264,0.566013,0.081769,0.248598,0.086958,no_calibration_guard,mismatch scores are uncalibrated under sensor bias
combined_stress,taxel_bias,cable_threading,2,84,0.535714,0.119714,0.566670,0.083015,0.249545,0.087296,no_calibration_guard,mismatch scores are uncalibrated under sensor bias
combined_stress,taxel_bias,cable_threading,3,84,0.559524,0.120164,0.567327,0.082772,0.249421,0.087634,no_calibration_guard,mismatch scores are uncalibrated under sensor bias
combined_stress,taxel_bias,cable_threading,4,84,0.571429,0.120614,0.567984,0.082828,0.249510,0.087972,no_calibration_guard,mismatch scores are uncalibrated under sensor bias
combined_stress,taxel_bias,cable_threading,5,84,0.547619,0.121064,0.568641,0.083776,0.250243,0.080306,no_calibration_guard,mismatch scores are uncalibrated under sensor bias
combined_stress,taxel_bias,cable_threading,6,84,0.607143,0.121514,0.569298,0.082641,0.249475,0.080644,no_calibration_guard,mismatch scores are uncalibrated under sensor bias
combined_stress,taxel_bias,lid_twist_force_control,0,84,0.654762,0.122494,0.534415,0.082088,0.245114,0.083057,no_calibration_guard,mismatch scores are uncalibrated under sensor bias
combined_stress,taxel_bias,lid_twist_force_control,1,84,0.619048,0.122992,0.535144,0.083371,0.246093,0.083428,no_calibration_guard,mismatch scores are uncalibrated under sensor bias
combined_stress,taxel_bias,lid_twist_force_control,2,84,0.690476,0.111484,0.535873,0.080774,0.245143,0.083535,no_calibration_guard,mismatch scores are uncalibrated under sensor bias
combined_stress,taxel_bias,lid_twist_force_control,3,84,0.559524,0.111982,0.536602,0.084438,0.247837,0.083906,no_calibration_guard,mismatch scores are uncalibrated under sensor bias
combined_stress,taxel_bias,lid_twist_force_control,4,84,0.607143,0.112480,0.537331,0.083637,0.247315,0.084277,no_calibration_guard,mismatch scores are uncalibrated under sensor bias
combined_stress,taxel_bias,lid_twist_force_control,5,84,0.690476,0.112978,0.538060,0.081944,0.246151,0.084648,no_calibration_guard,mismatch scores are uncalibrated under sensor bias
combined_stress,taxel_bias,lid_twist_force_control,6,84,0.595238,0.113476,0.538789,0.084715,0.248202,0.085019,no_calibration_guard,mismatch scores are uncalibrated under sensor bias
combined_stress,transient_shear_spike,slip_limited_grasp,0,84,0.607143,0.123254,0.556274,0.087651,0.253415,0.081788,no_calibration_guard,mismatch scores are uncalibrated under sensor bias
combined_stress,transient_shear_spike,slip_limited_grasp,1,84,0.702381,0.123788,0.557057,0.085687,0.252061,0.082184,no_calibration_guard,mismatch scores are uncalibrated under sensor bias
combined_stress,transient_shear_spike,slip_limited_grasp,2,84,0.607143,0.124322,0.557840,0.088486,0.246131,0.082580,no_calibration_guard,mismatch scores are uncalibrated under sensor bias
combined_stress,transient_shear_spike,slip_limited_grasp,3,84,0.571429,0.124856,0.558623,0.089796,0.247134,0.082976,no_calibration_guard,mismatch scores are uncalibrated under sensor bias
combined_stress,transient_shear_spike,slip_limited_grasp,4,84,0.642857,0.125390,0.559406,0.088428,0.246209,0.083371,no_calibration_guard,mismatch scores are uncalibrated under sensor bias
combined_stress,transient_shear_spike,slip_limited_grasp,5,84,0.630952,0.125924,0.560189,0.089143,0.246783,0.083767,no_calibration_guard,mismatch scores are uncalibrated under sensor bias
combined_stress,transient_shear_spike,slip_limited_grasp,6,84,0.559524,0.126458,0.560972,0.091346,0.248429,0.084163,no_calibration_guard,mismatch scores are uncalibrated under sensor bias
combined_stress,transient_shear_spike,peg_in_hole_contact_search,0,84,0.595238,0.123162,0.535920,0.086595,0.248870,0.088197,no_calibration_guard,mismatch scores are uncalibrated under sensor bias
combined_stress,transient_shear_spike,peg_in_hole_contact_search,1,84,0.630952,0.123744,0.536775,0.086157,0.248619,0.088626,no_calibration_guard,mismatch scores are uncalibrated under sensor bias
combined_stress,transient_shear_spike,peg_in_hole_contact_search,2,84,0.500000,0.124326,0.537630,0.089885,0.251368,0.081050,no_calibration_guard,mismatch scores are uncalibrated under sensor bias
combined_stress,transient_shear_spike,peg_in_hole_contact_search,3,84,0.619048,0.124908,0.538485,0.087363,0.249617,0.081479,no_calibration_guard,mismatch scores are uncalibrated under sensor bias
combined_stress,transient_shear_spike,peg_in_hole_contact_search,4,84,0.619048,0.125490,0.539340,0.087817,0.250009,0.081908,no_calibration_guard,mismatch scores are uncalibrated under sensor bias
combined_stress,transient_shear_spike,peg_in_hole_contact_search,5,84,0.583333,0.126072,0.540195,0.089164,0.251044,0.082337,no_calibration_guard,mismatch scores are uncalibrated under sensor bias
combined_stress,transient_shear_spike,peg_in_hole_contact_search,6,84,0.654762,0.126654,0.541050,0.087832,0.250150,0.082766,no_calibration_guard,mismatch scores are uncalibrated under sensor bias
combined_stress,transient_shear_spike,cloth_edge_pull,0,84,0.583333,0.130522,0.559336,0.090857,0.249248,0.085255,no_calibration_guard,mismatch scores are uncalibrated under sensor bias
combined_stress,transient_shear_spike,cloth_edge_pull,1,84,0.583333,0.131038,0.560092,0.091261,0.249596,0.085638,no_calibration_guard,mismatch scores are uncalibrated under sensor bias
combined_stress,transient_shear_spike,cloth_edge_pull,2,84,0.488095,0.119548,0.560848,0.092844,0.251658,0.085757,no_calibration_guard,mismatch scores are uncalibrated under sensor bias
combined_stress,transient_shear_spike,cloth_edge_pull,3,84,0.488095,0.120064,0.561604,0.093248,0.252006,0.086141,no_calibration_guard,mismatch scores are uncalibrated under sensor bias
combined_stress,transient_shear_spike,cloth_edge_pull,4,84,0.523810,0.120580,0.562360,0.092759,0.251711,0.086524,no_calibration_guard,mismatch scores are uncalibrated under sensor bias
combined_stress,transient_shear_spike,cloth_edge_pull,5,84,0.547619,0.121096,0.563116,0.092567,0.251631,0.086907,no_calibration_guard,mismatch scores are uncalibrated under sensor bias
combined_stress,transient_shear_spike,cloth_edge_pull,6,84,0.523810,0.121612,0.563872,0.093566,0.252407,0.087291,no_calibration_guard,mismatch scores are uncalibrated under sensor bias
combined_stress,transient_shear_spike,cable_threading,0,84,0.583333,0.129396,0.562535,0.089560,0.248312,0.083561,no_calibration_guard,mismatch scores are uncalibrated under sensor bias
combined_stress,transient_shear_spike,cable_threading,1,84,0.535714,0.129912,0.563291,0.091154,0.249517,0.083944,no_calibration_guard,mismatch scores are uncalibrated under sensor bias
combined_stress,transient_shear_spike,cable_threading,2,84,0.559524,0.130428,0.564047,0.090963,0.249437,0.084328,no_calibration_guard,mismatch scores are uncalibrated under sensor bias
combined_stress,transient_shear_spike,cable_threading,3,84,0.559524,0.130944,0.564803,0.091366,0.249785,0.084711,no_calibration_guard,mismatch scores are uncalibrated under sensor bias
combined_stress,transient_shear_spike,cable_threading,4,84,0.571429,0.131460,0.565559,0.091472,0.249918,0.085095,no_calibration_guard,mismatch scores are uncalibrated under sensor bias
combined_stress,transient_shear_spike,cable_threading,5,84,0.452381,0.119970,0.566315,0.093651,0.252409,0.085214,no_calibration_guard,mismatch scores are uncalibrated under sensor bias
combined_stress,transient_shear_spike,cable_threading,6,84,0.583333,0.120486,0.567071,0.090781,0.250400,0.085597,no_calibration_guard,mismatch scores are uncalibrated under sensor bias
combined_stress,transient_shear_spike,lid_twist_force_control,0,84,0.523810,0.121561,0.532332,0.092981,0.248031,0.088077,no_calibration_guard,mismatch scores are uncalibrated under sensor bias
combined_stress,transient_shear_spike,lid_twist_force_control,1,84,0.583333,0.122125,0.533160,0.091933,0.247340,0.088493,no_calibration_guard,mismatch scores are uncalibrated under sensor bias
combined_stress,transient_shear_spike,lid_twist_force_control,2,84,0.642857,0.122689,0.533988,0.090886,0.246649,0.088910,no_calibration_guard,mismatch scores are uncalibrated under sensor bias
combined_stress,transient_shear_spike,lid_twist_force_control,3,84,0.452381,0.123253,0.534816,0.096088,0.250457,0.081322,no_calibration_guard,mismatch scores are uncalibrated under sensor bias
combined_stress,transient_shear_spike,lid_twist_force_control,4,84,0.666667,0.123817,0.535644,0.091171,0.246980,0.081738,no_calibration_guard,mismatch scores are uncalibrated under sensor bias
combined_stress,transient_shear_spike,lid_twist_force_control,5,84,0.666667,0.124381,0.536472,0.083607,0.247360,0.082155,no_calibration_guard,mismatch scores are uncalibrated under sensor bias
combined_stress,transient_shear_spike,lid_twist_force_control,6,84,0.571429,0.124945,0.519291,0.086429,0.249454,0.082571,no_calibration_guard,mismatch scores are uncalibrated under sensor bias
combined_stress,compound_contact_shift,slip_limited_grasp,0,84,0.607143,0.131379,0.559542,0.091691,0.253987,0.084755,no_calibration_guard,mismatch scores are uncalibrated under sensor bias
combined_stress,compound_contact_shift,slip_limited_grasp,1,84,0.630952,0.131919,0.542325,0.091518,0.253923,0.085155,no_calibration_guard,mismatch scores are uncalibrated under sensor bias
combined_stress,compound_contact_shift,slip_limited_grasp,2,84,0.571429,0.132459,0.543117,0.093428,0.255358,0.085555,no_calibration_guard,mismatch scores are uncalibrated under sensor bias
combined_stress,compound_contact_shift,slip_limited_grasp,3,84,0.607143,0.132999,0.543909,0.092957,0.255079,0.085955,no_calibration_guard,mismatch scores are uncalibrated under sensor bias
combined_stress,compound_contact_shift,slip_limited_grasp,4,84,0.619048,0.133539,0.544701,0.093082,0.255229,0.086355,no_calibration_guard,mismatch scores are uncalibrated under sensor bias
combined_stress,compound_contact_shift,slip_limited_grasp,5,84,0.523810,0.134079,0.545493,0.095885,0.257307,0.086755,no_calibration_guard,mismatch scores are uncalibrated under sensor bias
combined_stress,compound_contact_shift,slip_limited_grasp,6,84,0.583333,0.134619,0.546285,0.094819,0.256600,0.087154,no_calibration_guard,mismatch scores are uncalibrated under sensor bias
combined_stress,compound_contact_shift,peg_in_hole_contact_search,0,84,0.607143,0.136075,0.528361,0.094009,0.252419,0.086457,no_calibration_guard,mismatch scores are uncalibrated under sensor bias
combined_stress,compound_contact_shift,peg_in_hole_contact_search,1,84,0.583333,0.136663,0.529225,0.095063,0.253244,0.086890,no_calibration_guard,mismatch scores are uncalibrated under sensor bias
combined_stress,compound_contact_shift,peg_in_hole_contact_search,2,84,0.500000,0.137251,0.530089,0.097605,0.255140,0.087323,no_calibration_guard,mismatch scores are uncalibrated under sensor bias
combined_stress,compound_contact_shift,peg_in_hole_contact_search,3,84,0.630952,0.137839,0.530953,0.094790,0.253179,0.087756,no_calibration_guard,mismatch scores are uncalibrated under sensor bias
combined_stress,compound_contact_shift,peg_in_hole_contact_search,4,84,0.583333,0.138427,0.531817,0.096439,0.254432,0.088189,no_calibration_guard,mismatch scores are uncalibrated under sensor bias
combined_stress,compound_contact_shift,peg_in_hole_contact_search,5,84,0.607143,0.139015,0.532681,0.096303,0.254399,0.088622,no_calibration_guard,mismatch scores are uncalibrated under sensor bias
combined_stress,compound_contact_shift,peg_in_hole_contact_search,6,84,0.476190,0.139603,0.533545,0.100036,0.257153,0.089054,no_calibration_guard,mismatch scores are uncalibrated under sensor bias
combined_stress,compound_contact_shift,cloth_edge_pull,0,84,0.559524,0.136625,0.559571,0.093942,0.256905,0.086829,no_calibration_guard,mismatch scores are uncalibrated under sensor bias
combined_stress,compound_contact_shift,cloth_edge_pull,1,84,0.488095,0.137147,0.560336,0.096136,0.258542,0.087216,no_calibration_guard,mismatch scores are uncalibrated under sensor bias
combined_stress,compound_contact_shift,cloth_edge_pull,2,84,0.571429,0.137669,0.561101,0.094461,0.257394,0.087604,no_calibration_guard,mismatch scores are uncalibrated under sensor bias
combined_stress,compound_contact_shift,cloth_edge_pull,3,84,0.583333,0.138191,0.561866,0.094572,0.249528,0.087991,no_calibration_guard,mismatch scores are uncalibrated under sensor bias
combined_stress,compound_contact_shift,cloth_edge_pull,4,84,0.547619,0.138713,0.562631,0.095873,0.250523,0.088379,no_calibration_guard,mismatch scores are uncalibrated under sensor bias
combined_stress,compound_contact_shift,cloth_edge_pull,5,84,0.535714,0.139235,0.563396,0.096579,0.251089,0.088766,no_calibration_guard,mismatch scores are uncalibrated under sensor bias
combined_stress,compound_contact_shift,cloth_edge_pull,6,84,0.547619,0.139757,0.564161,0.096689,0.251227,0.089154,no_calibration_guard,mismatch scores are uncalibrated under sensor bias
combined_stress,compound_contact_shift,cable_threading,0,84,0.535714,0.135319,0.562500,0.093103,0.256277,0.085011,no_calibration_guard,mismatch scores are uncalibrated under sensor bias
combined_stress,compound_contact_shift,cable_threading,1,84,0.416667,0.135841,0.563265,0.096487,0.258772,0.085399,no_calibration_guard,mismatch scores are uncalibrated under sensor bias
combined_stress,compound_contact_shift,cable_threading,2,84,0.452381,0.136363,0.564030,0.096003,0.258481,0.085786,no_calibration_guard,mismatch scores are uncalibrated under sensor bias
combined_stress,compound_contact_shift,cable_threading,3,84,0.500000,0.136885,0.564795,0.095220,0.257976,0.086174,no_calibration_guard,mismatch scores are uncalibrated under sensor bias
combined_stress,compound_contact_shift,cable_threading,4,84,0.547619,0.137407,0.565560,0.094438,0.257471,0.086561,no_calibration_guard,mismatch scores are uncalibrated under sensor bias
combined_stress,compound_contact_shift,cable_threading,5,84,0.452381,0.137929,0.566325,0.097227,0.259537,0.086949,no_calibration_guard,mismatch scores are uncalibrated under sensor bias
combined_stress,compound_contact_shift,cable_threading,6,84,0.452381,0.138451,0.567090,0.097636,0.259889,0.087336,no_calibration_guard,mismatch scores are uncalibrated under sensor bias
combined_stress,compound_contact_shift,lid_twist_force_control,0,84,0.595238,0.132986,0.522541,0.097766,0.249518,0.085312,no_calibration_guard,mismatch scores are uncalibrated under sensor bias
combined_stress,compound_contact_shift,lid_twist_force_control,1,84,0.511905,0.133556,0.523378,0.100294,0.251402,0.085733,no_calibration_guard,mismatch scores are uncalibrated under sensor bias
combined_stress,compound_contact_shift,lid_twist_force_control,2,84,0.583333,0.134126,0.524215,0.098953,0.250500,0.086153,no_calibration_guard,mismatch scores are uncalibrated under sensor bias
combined_stress,compound_contact_shift,lid_twist_force_control,3,84,0.500000,0.134696,0.525052,0.101482,0.252384,0.086574,no_calibration_guard,mismatch scores are uncalibrated under sensor bias
combined_stress,compound_contact_shift,lid_twist_force_control,4,84,0.714286,0.135266,0.525889,0.088565,0.248911,0.086994,no_calibration_guard,mismatch scores are uncalibrated under sensor bias
combined_stress,compound_contact_shift,lid_twist_force_control,5,84,0.607143,0.135836,0.526726,0.091689,0.251223,0.087415,no_calibration_guard,mismatch scores are uncalibrated under sensor bias
combined_stress,compound_contact_shift,lid_twist_force_control,6,84,0.535714,0.136406,0.527563,0.093920,0.252893,0.087835,no_calibration_guard,mismatch scores are uncalibrated under sensor bias
