method,split,task,regime,mean_success_rate,ci95_success_rate,mean_harmful_transfer_rate,ci95_harmful_transfer_rate,mean_tactile_event_f1,ci95_tactile_event_f1,mean_damage_rate,ci95_damage_rate,mean_query_cost,ci95_query_cost,mean_calibration_error,ci95_calibration_error,groups,episodes_per_group
domain_adversarial_transfer,clean_transfer,cable_threading,compound_contact_shift,0.551020,0.040643,0.128786,0.000893,0.555583,0.001311,0.093636,0.002467,0.183466,0.000970,0.108225,0.000660,7,84
domain_adversarial_transfer,clean_transfer,cable_threading,low_friction,0.585034,0.028545,0.086820,0.000797,0.577501,0.006149,0.074740,0.001113,0.176973,0.000874,0.100878,0.000594,7,84
domain_adversarial_transfer,clean_transfer,cable_threading,soft_compliance,0.581633,0.044514,0.095630,0.000826,0.573372,0.005603,0.073986,0.001361,0.178448,0.002917,0.101462,0.002656,7,84
domain_adversarial_transfer,clean_transfer,cable_threading,source_matched,0.651361,0.031269,0.071965,0.004068,0.587999,0.001195,0.064896,0.000584,0.170628,0.000519,0.097864,0.002511,7,84
domain_adversarial_transfer,clean_transfer,cable_threading,taxel_bias,0.557823,0.043631,0.108520,0.002950,0.575549,0.004438,0.081896,0.002486,0.181321,0.002460,0.102491,0.000538,7,84
domain_adversarial_transfer,clean_transfer,cable_threading,texture_aliasing,0.564626,0.026387,0.106729,0.000835,0.569266,0.005592,0.081985,0.000611,0.177525,0.000489,0.103436,0.000620,7,84
domain_adversarial_transfer,clean_transfer,cable_threading,transient_shear_spike,0.544218,0.031681,0.116633,0.000883,0.567984,0.001296,0.086036,0.002799,0.181976,0.000815,0.104130,0.000653,7,84
domain_adversarial_transfer,clean_transfer,cloth_edge_pull,compound_contact_shift,0.525510,0.060767,0.131462,0.000893,0.554057,0.001311,0.090848,0.001636,0.185829,0.001219,0.109765,0.001910,7,84
domain_adversarial_transfer,clean_transfer,cloth_edge_pull,low_friction,0.596939,0.036158,0.087696,0.000797,0.570702,0.005633,0.075354,0.001350,0.177463,0.001046,0.102321,0.000594,7,84
domain_adversarial_transfer,clean_transfer,cloth_edge_pull,soft_compliance,0.607143,0.025963,0.097046,0.000826,0.564811,0.001210,0.074674,0.001081,0.175623,0.001978,0.098703,0.000613,7,84
domain_adversarial_transfer,clean_transfer,cloth_edge_pull,source_matched,0.654762,0.036004,0.068055,0.002934,0.584313,0.001195,0.065484,0.001319,0.171510,0.001124,0.093725,0.000565,7,84
domain_adversarial_transfer,clean_transfer,cloth_edge_pull,taxel_bias,0.588435,0.030912,0.107321,0.003755,0.570783,0.004438,0.079308,0.002824,0.178947,0.002621,0.103649,0.000508,7,84
domain_adversarial_transfer,clean_transfer,cloth_edge_pull,texture_aliasing,0.605442,0.027622,0.106610,0.002926,0.560975,0.001224,0.082257,0.001094,0.177974,0.000822,0.105337,0.000578,7,84
domain_adversarial_transfer,clean_transfer,cloth_edge_pull,transient_shear_spike,0.564626,0.038394,0.113983,0.004013,0.566188,0.001296,0.083735,0.000965,0.183393,0.000694,0.106576,0.000565,7,84
domain_adversarial_transfer,clean_transfer,lid_twist_force_control,compound_contact_shift,0.588435,0.041321,0.124496,0.000970,0.520942,0.005939,0.091031,0.001528,0.183600,0.001188,0.106935,0.000713,7,84
domain_adversarial_transfer,clean_transfer,lid_twist_force_control,low_friction,0.688776,0.059035,0.087540,0.000874,0.532366,0.001282,0.072031,0.001822,0.174680,0.002705,0.101894,0.001915,7,84
domain_adversarial_transfer,clean_transfer,lid_twist_force_control,soft_compliance,0.680272,0.018659,0.093990,0.003998,0.537560,0.001325,0.074168,0.000520,0.178104,0.002048,0.101996,0.000578,7,84
domain_adversarial_transfer,clean_transfer,lid_twist_force_control,source_matched,0.698980,0.040643,0.071683,0.004006,0.549079,0.001311,0.062822,0.001144,0.173250,0.000932,0.094760,0.001925,7,84
domain_adversarial_transfer,clean_transfer,lid_twist_force_control,taxel_bias,0.610544,0.046587,0.105097,0.004037,0.526772,0.004388,0.078429,0.003505,0.180614,0.000800,0.105228,0.000545,7,84
domain_adversarial_transfer,clean_transfer,lid_twist_force_control,texture_aliasing,0.659864,0.043759,0.105445,0.000912,0.528843,0.005512,0.077952,0.001071,0.178622,0.000807,0.104216,0.000673,7,84
domain_adversarial_transfer,clean_transfer,lid_twist_force_control,transient_shear_spike,0.603741,0.036616,0.115417,0.003629,0.532808,0.001411,0.082948,0.001504,0.180332,0.002479,0.107243,0.000633,7,84
domain_adversarial_transfer,clean_transfer,peg_in_hole_contact_search,compound_contact_shift,0.598639,0.036260,0.124850,0.000999,0.529727,0.001469,0.093031,0.001103,0.184644,0.000864,0.106119,0.000733,7,84
domain_adversarial_transfer,clean_transfer,peg_in_hole_contact_search,low_friction,0.632653,0.075768,0.086736,0.002898,0.547131,0.001325,0.073657,0.001621,0.177289,0.003228,0.100280,0.000624,7,84
domain_adversarial_transfer,clean_transfer,peg_in_hole_contact_search,soft_compliance,0.634354,0.047415,0.090788,0.000931,0.541012,0.001368,0.074846,0.003497,0.174358,0.000859,0.102161,0.000686,7,84
domain_adversarial_transfer,clean_transfer,peg_in_hole_contact_search,source_matched,0.673469,0.012323,0.072139,0.003983,0.550299,0.001354,0.065793,0.000465,0.173862,0.001933,0.096301,0.002676,7,84
domain_adversarial_transfer,clean_transfer,peg_in_hole_contact_search,taxel_bias,0.629252,0.044222,0.106461,0.000883,0.534500,0.001296,0.082135,0.001257,0.177605,0.000957,0.101678,0.001912,7,84
domain_adversarial_transfer,clean_transfer,peg_in_hole_contact_search,texture_aliasing,0.617347,0.036868,0.105447,0.003642,0.531955,0.004336,0.082144,0.002197,0.180381,0.002401,0.105444,0.000620,7,84
domain_adversarial_transfer,clean_transfer,peg_in_hole_contact_search,transient_shear_spike,0.615646,0.016667,0.117713,0.000989,0.531643,0.001455,0.082964,0.000729,0.179210,0.001869,0.105478,0.000726,7,84
domain_adversarial_transfer,clean_transfer,slip_limited_grasp,compound_contact_shift,0.578231,0.035590,0.126794,0.000922,0.553998,0.001354,0.089791,0.002591,0.183116,0.000866,0.109125,0.000680,7,84
domain_adversarial_transfer,clean_transfer,slip_limited_grasp,low_friction,0.654762,0.046108,0.086820,0.000826,0.571186,0.001210,0.072503,0.002618,0.177186,0.001103,0.102007,0.001927,7,84
domain_adversarial_transfer,clean_transfer,slip_limited_grasp,soft_compliance,0.603741,0.036968,0.090230,0.000855,0.561530,0.001253,0.072230,0.001400,0.179349,0.001088,0.103445,0.000633,7,84
domain_adversarial_transfer,clean_transfer,slip_limited_grasp,source_matched,0.680272,0.036868,0.069508,0.000845,0.577999,0.001239,0.061796,0.001392,0.174511,0.001082,0.097301,0.000627,7,84
domain_adversarial_transfer,clean_transfer,slip_limited_grasp,taxel_bias,0.641156,0.028996,0.105831,0.000807,0.554910,0.001181,0.079544,0.002611,0.181783,0.000754,0.101768,0.000600,7,84
domain_adversarial_transfer,clean_transfer,slip_limited_grasp,texture_aliasing,0.659864,0.031740,0.103531,0.000864,0.560727,0.001267,0.080088,0.001031,0.176290,0.001719,0.103506,0.000640,7,84
domain_adversarial_transfer,clean_transfer,slip_limited_grasp,transient_shear_spike,0.664966,0.051280,0.112439,0.000912,0.563096,0.001339,0.081595,0.001616,0.178475,0.001181,0.103514,0.000673,7,84
domain_adversarial_transfer,combined_stress,cable_threading,compound_contact_shift,0.425170,0.044012,0.206667,0.000903,0.528604,0.001325,0.114949,0.001202,0.205183,0.000913,0.122681,0.000666,7,84
domain_adversarial_transfer,combined_stress,cable_threading,low_friction,0.506803,0.041006,0.159478,0.004076,0.551327,0.001181,0.095842,0.001102,0.193618,0.000973,0.119007,0.000512,7,84
domain_adversarial_transfer,combined_stress,cable_threading,soft_compliance,0.503401,0.054297,0.163738,0.000835,0.552426,0.001224,0.095813,0.001578,0.198559,0.002261,0.116097,0.000620,7,84
domain_adversarial_transfer,combined_stress,cable_threading,source_matched,0.564626,0.026874,0.141485,0.000826,0.553181,0.001210,0.086629,0.001124,0.188157,0.000889,0.110939,0.000613,7,84
domain_adversarial_transfer,combined_stress,cable_threading,taxel_bias,0.445578,0.051890,0.176554,0.000787,0.539470,0.001152,0.105844,0.001576,0.201036,0.001190,0.119547,0.000587,7,84
domain_adversarial_transfer,combined_stress,cable_threading,texture_aliasing,0.423469,0.035590,0.177416,0.000845,0.546917,0.004394,0.106163,0.001224,0.197002,0.000950,0.120935,0.002428,7,84
domain_adversarial_transfer,combined_stress,cable_threading,transient_shear_spike,0.479592,0.052599,0.188300,0.003675,0.540069,0.001311,0.107068,0.001633,0.202175,0.001173,0.121463,0.002665,7,84
domain_adversarial_transfer,combined_stress,cloth_edge_pull,compound_contact_shift,0.369048,0.051171,0.202162,0.003998,0.527565,0.001325,0.118046,0.001126,0.208089,0.001069,0.125211,0.000578,7,84
domain_adversarial_transfer,combined_stress,cloth_edge_pull,low_friction,0.476190,0.037761,0.156603,0.003735,0.547588,0.001181,0.097264,0.001084,0.194865,0.000871,0.118086,0.002475,7,84
domain_adversarial_transfer,combined_stress,cloth_edge_pull,soft_compliance,0.503401,0.032886,0.164833,0.000835,0.546925,0.004401,0.097226,0.001007,0.196185,0.002962,0.117910,0.000620,7,84
domain_adversarial_transfer,combined_stress,cloth_edge_pull,source_matched,0.574830,0.063538,0.140685,0.002930,0.549982,0.001210,0.087478,0.001887,0.188909,0.001494,0.112590,0.000571,7,84
domain_adversarial_transfer,combined_stress,cloth_edge_pull,taxel_bias,0.484694,0.039675,0.176749,0.000787,0.535191,0.001152,0.105590,0.001335,0.200788,0.001026,0.120740,0.000587,7,84
domain_adversarial_transfer,combined_stress,cloth_edge_pull,texture_aliasing,0.500000,0.055777,0.178691,0.000845,0.536541,0.006090,0.105801,0.001773,0.196800,0.001344,0.117154,0.000627,7,84
domain_adversarial_transfer,combined_stress,cloth_edge_pull,transient_shear_spike,0.426871,0.048686,0.181899,0.000893,0.538760,0.001311,0.109770,0.001578,0.202613,0.002556,0.120401,0.000660,7,84
domain_adversarial_transfer,combined_stress,lid_twist_force_control,compound_contact_shift,0.447279,0.026874,0.204598,0.002868,0.492605,0.001440,0.114330,0.000871,0.200857,0.000723,0.124748,0.000677,7,84
domain_adversarial_transfer,combined_stress,lid_twist_force_control,low_friction,0.564626,0.036667,0.157274,0.000883,0.504834,0.001296,0.096512,0.002210,0.191989,0.000606,0.116406,0.000653,7,84
domain_adversarial_transfer,combined_stress,lid_twist_force_control,soft_compliance,0.549320,0.058373,0.160888,0.000912,0.512683,0.001339,0.096286,0.002314,0.193284,0.001578,0.116482,0.000673,7,84
domain_adversarial_transfer,combined_stress,lid_twist_force_control,source_matched,0.636054,0.038730,0.133134,0.000903,0.523194,0.001325,0.086820,0.001409,0.187902,0.002409,0.115539,0.000666,7,84
domain_adversarial_transfer,combined_stress,lid_twist_force_control,taxel_bias,0.545918,0.075080,0.171922,0.002914,0.499625,0.005562,0.099016,0.001933,0.199309,0.001371,0.117561,0.000598,7,84
domain_adversarial_transfer,combined_stress,lid_twist_force_control,texture_aliasing,0.530612,0.024870,0.173208,0.003983,0.499991,0.001354,0.105207,0.000524,0.197723,0.002934,0.119241,0.000591,7,84
domain_adversarial_transfer,combined_stress,lid_twist_force_control,transient_shear_spike,0.506803,0.019626,0.185874,0.000970,0.495817,0.001426,0.108335,0.002659,0.202094,0.000784,0.123284,0.001891,7,84
domain_adversarial_transfer,combined_stress,peg_in_hole_contact_search,compound_contact_shift,0.445578,0.039063,0.200794,0.003914,0.496121,0.001484,0.117204,0.000697,0.202980,0.000700,0.124717,0.000651,7,84
domain_adversarial_transfer,combined_stress,peg_in_hole_contact_search,low_friction,0.576531,0.054092,0.155741,0.000912,0.519476,0.004353,0.093927,0.002731,0.191950,0.001077,0.114510,0.000673,7,84
domain_adversarial_transfer,combined_stress,peg_in_hole_contact_search,soft_compliance,0.540816,0.037019,0.163819,0.000941,0.518584,0.001383,0.097633,0.001515,0.196589,0.001185,0.117659,0.000693,7,84
domain_adversarial_transfer,combined_stress,peg_in_hole_contact_search,source_matched,0.612245,0.045501,0.134577,0.000931,0.526863,0.001368,0.082836,0.001205,0.188204,0.000913,0.114548,0.001900,7,84
domain_adversarial_transfer,combined_stress,peg_in_hole_contact_search,taxel_bias,0.537415,0.031151,0.177704,0.000893,0.507230,0.001311,0.100262,0.001981,0.197655,0.000858,0.121845,0.000660,7,84
domain_adversarial_transfer,combined_stress,peg_in_hole_contact_search,texture_aliasing,0.476190,0.043205,0.172481,0.000951,0.508124,0.001397,0.103755,0.000940,0.198273,0.000705,0.121330,0.000699,7,84
domain_adversarial_transfer,combined_stress,peg_in_hole_contact_search,transient_shear_spike,0.506803,0.022111,0.185727,0.000999,0.499674,0.004303,0.104823,0.001222,0.199763,0.002482,0.123485,0.000733,7,84
domain_adversarial_transfer,combined_stress,slip_limited_grasp,compound_contact_shift,0.479592,0.050589,0.205687,0.000931,0.520548,0.005985,0.116567,0.001848,0.205507,0.001422,0.124798,0.000686,7,84
domain_adversarial_transfer,combined_stress,slip_limited_grasp,low_friction,0.569728,0.061403,0.153630,0.000835,0.538541,0.001224,0.094657,0.003429,0.195117,0.001166,0.114341,0.000620,7,84
domain_adversarial_transfer,combined_stress,slip_limited_grasp,soft_compliance,0.581633,0.026176,0.159350,0.000864,0.531540,0.001267,0.094222,0.000780,0.197327,0.000625,0.115866,0.000640,7,84
domain_adversarial_transfer,combined_stress,slip_limited_grasp,source_matched,0.615646,0.061040,0.134895,0.000855,0.547001,0.001253,0.084030,0.001739,0.191663,0.001332,0.112623,0.002640,7,84
domain_adversarial_transfer,combined_stress,slip_limited_grasp,taxel_bias,0.540816,0.018954,0.173163,0.000816,0.538087,0.001195,0.103448,0.001660,0.199017,0.000797,0.120002,0.000607,7,84
domain_adversarial_transfer,combined_stress,slip_limited_grasp,texture_aliasing,0.500000,0.039110,0.175230,0.000874,0.531907,0.001282,0.106303,0.001058,0.196124,0.000809,0.117647,0.001915,7,84
domain_adversarial_transfer,combined_stress,slip_limited_grasp,transient_shear_spike,0.500000,0.024419,0.188548,0.000922,0.526137,0.005502,0.108191,0.000550,0.201644,0.000462,0.119852,0.001902,7,84
domain_adversarial_transfer,heldout_geometry,cable_threading,compound_contact_shift,0.420068,0.031269,0.174292,0.003990,0.541994,0.001339,0.109812,0.000982,0.199034,0.002578,0.119353,0.002442,7,84
domain_adversarial_transfer,heldout_geometry,cable_threading,low_friction,0.545918,0.038586,0.134993,0.000816,0.555231,0.001195,0.086171,0.000939,0.187031,0.002565,0.112780,0.001930,7,84
domain_adversarial_transfer,heldout_geometry,cable_threading,soft_compliance,0.544218,0.024795,0.135670,0.000845,0.558985,0.001239,0.086922,0.000551,0.191978,0.000450,0.112115,0.000627,7,84
domain_adversarial_transfer,heldout_geometry,cable_threading,source_matched,0.605442,0.048419,0.113919,0.000835,0.571596,0.005592,0.077340,0.001400,0.183415,0.002872,0.106520,0.000620,7,84
domain_adversarial_transfer,heldout_geometry,cable_threading,taxel_bias,0.496599,0.057090,0.146422,0.002942,0.559196,0.001167,0.094339,0.001297,0.190976,0.001090,0.113367,0.000551,7,84
domain_adversarial_transfer,heldout_geometry,cable_threading,texture_aliasing,0.518707,0.042861,0.149439,0.000855,0.557219,0.001253,0.096440,0.001263,0.188818,0.000963,0.111757,0.000633,7,84
domain_adversarial_transfer,heldout_geometry,cable_threading,transient_shear_spike,0.465986,0.050259,0.156129,0.002898,0.552523,0.001325,0.101747,0.001047,0.194620,0.003254,0.116581,0.000624,7,84
domain_adversarial_transfer,heldout_geometry,cloth_edge_pull,compound_contact_shift,0.484694,0.038345,0.171857,0.000912,0.541150,0.001339,0.106786,0.002399,0.194215,0.000924,0.116372,0.000673,7,84
domain_adversarial_transfer,heldout_geometry,cloth_edge_pull,low_friction,0.557823,0.055411,0.135904,0.000816,0.551687,0.001195,0.087029,0.001782,0.185390,0.001350,0.108672,0.001930,7,84
domain_adversarial_transfer,heldout_geometry,cloth_edge_pull,soft_compliance,0.532313,0.040961,0.137121,0.000845,0.556251,0.001239,0.088788,0.001102,0.189983,0.003024,0.114096,0.000627,7,84
domain_adversarial_transfer,heldout_geometry,cloth_edge_pull,source_matched,0.598639,0.033665,0.115189,0.000835,0.563446,0.006102,0.078941,0.000883,0.181208,0.000681,0.108377,0.000620,7,84
domain_adversarial_transfer,heldout_geometry,cloth_edge_pull,taxel_bias,0.561224,0.043333,0.145257,0.000797,0.552539,0.004425,0.093431,0.001402,0.190433,0.001071,0.114691,0.000594,7,84
domain_adversarial_transfer,heldout_geometry,cloth_edge_pull,texture_aliasing,0.515306,0.026805,0.151069,0.000855,0.554755,0.001253,0.098232,0.000789,0.190220,0.000629,0.113862,0.000633,7,84
domain_adversarial_transfer,heldout_geometry,cloth_edge_pull,transient_shear_spike,0.515306,0.033278,0.156944,0.000903,0.548836,0.004359,0.100453,0.002930,0.191100,0.000621,0.115837,0.002614,7,84
domain_adversarial_transfer,heldout_geometry,lid_twist_force_control,compound_contact_shift,0.534014,0.050000,0.174843,0.000989,0.498574,0.004308,0.103965,0.002912,0.196863,0.002401,0.119554,0.000726,7,84
domain_adversarial_transfer,heldout_geometry,lid_twist_force_control,low_friction,0.579932,0.054058,0.133694,0.000893,0.516753,0.001311,0.084335,0.001473,0.187352,0.001105,0.109420,0.002406,7,84
domain_adversarial_transfer,heldout_geometry,lid_twist_force_control,soft_compliance,0.591837,0.049814,0.138871,0.000922,0.519539,0.005997,0.088195,0.001472,0.189337,0.001118,0.109566,0.001902,7,84
domain_adversarial_transfer,heldout_geometry,lid_twist_force_control,source_matched,0.715986,0.044804,0.111617,0.000912,0.534187,0.004353,0.072822,0.001363,0.180547,0.001043,0.107043,0.000673,7,84
domain_adversarial_transfer,heldout_geometry,lid_twist_force_control,taxel_bias,0.547619,0.022194,0.144409,0.000874,0.514503,0.006055,0.092674,0.000556,0.193945,0.000467,0.115233,0.000647,7,84
domain_adversarial_transfer,heldout_geometry,lid_twist_force_control,texture_aliasing,0.561224,0.030307,0.146135,0.000931,0.515735,0.001368,0.092855,0.001002,0.189936,0.000794,0.111591,0.000686,7,84
domain_adversarial_transfer,heldout_geometry,lid_twist_force_control,transient_shear_spike,0.528912,0.042861,0.154608,0.000979,0.513713,0.004314,0.100162,0.001447,0.193130,0.001121,0.115355,0.002572,7,84
domain_adversarial_transfer,heldout_geometry,peg_in_hole_contact_search,compound_contact_shift,0.523810,0.034157,0.176132,0.002854,0.501674,0.001498,0.107410,0.001345,0.194459,0.001140,0.119524,0.001950,7,84
domain_adversarial_transfer,heldout_geometry,peg_in_hole_contact_search,low_friction,0.583333,0.027420,0.133824,0.000922,0.523260,0.005502,0.086551,0.001195,0.188503,0.000950,0.110879,0.002603,7,84
domain_adversarial_transfer,heldout_geometry,peg_in_hole_contact_search,soft_compliance,0.581633,0.040552,0.134889,0.003635,0.519878,0.004330,0.086456,0.001389,0.185706,0.001107,0.110480,0.000627,7,84
domain_adversarial_transfer,heldout_geometry,peg_in_hole_contact_search,source_matched,0.617347,0.042731,0.114724,0.000941,0.537440,0.005483,0.079871,0.001015,0.185519,0.000768,0.108265,0.000693,7,84
domain_adversarial_transfer,heldout_geometry,peg_in_hole_contact_search,taxel_bias,0.593537,0.032773,0.150140,0.003668,0.519119,0.001325,0.092404,0.000644,0.192348,0.000764,0.112544,0.000594,7,84
domain_adversarial_transfer,heldout_geometry,peg_in_hole_contact_search,texture_aliasing,0.547619,0.036004,0.147072,0.003952,0.523452,0.004325,0.092684,0.002513,0.189645,0.002277,0.114748,0.000618,7,84
domain_adversarial_transfer,heldout_geometry,peg_in_hole_contact_search,transient_shear_spike,0.540816,0.044638,0.156124,0.001008,0.519727,0.001484,0.097511,0.002703,0.195053,0.000689,0.115481,0.002556,7,84
domain_adversarial_transfer,heldout_geometry,slip_limited_grasp,compound_contact_shift,0.511905,0.068313,0.170785,0.000941,0.529342,0.001383,0.103705,0.002117,0.194543,0.001597,0.117261,0.000693,7,84
domain_adversarial_transfer,heldout_geometry,slip_limited_grasp,low_friction,0.603741,0.046027,0.130048,0.003708,0.545567,0.001239,0.085530,0.002880,0.187909,0.000999,0.110841,0.000554,7,84
domain_adversarial_transfer,heldout_geometry,slip_limited_grasp,soft_compliance,0.581633,0.039581,0.133901,0.000874,0.543794,0.004376,0.088081,0.000668,0.189625,0.003023,0.113506,0.000647,7,84
domain_adversarial_transfer,heldout_geometry,slip_limited_grasp,source_matched,0.653061,0.052529,0.109947,0.000864,0.555674,0.001267,0.076556,0.001734,0.182839,0.002365,0.106395,0.000640,7,84
domain_adversarial_transfer,heldout_geometry,slip_limited_grasp,taxel_bias,0.581633,0.023570,0.145649,0.002930,0.542926,0.001210,0.095072,0.000895,0.190715,0.000858,0.115444,0.000571,7,84
domain_adversarial_transfer,heldout_geometry,slip_limited_grasp,texture_aliasing,0.588435,0.036667,0.149871,0.000883,0.542758,0.001296,0.092763,0.003146,0.189637,0.000696,0.114665,0.000653,7,84
domain_adversarial_transfer,heldout_geometry,slip_limited_grasp,transient_shear_spike,0.559524,0.053886,0.153850,0.000931,0.536568,0.001368,0.096540,0.002109,0.189773,0.001293,0.115334,0.002598,7,84
domain_adversarial_transfer,heldout_material,cable_threading,compound_contact_shift,0.503401,0.047687,0.160672,0.000912,0.551588,0.001339,0.103911,0.001916,0.191114,0.001269,0.114487,0.002397,7,84
domain_adversarial_transfer,heldout_material,cable_threading,low_friction,0.535714,0.035277,0.122237,0.004068,0.564825,0.001195,0.084983,0.000857,0.184224,0.000700,0.106790,0.002489,7,84
domain_adversarial_transfer,heldout_material,cable_threading,soft_compliance,0.539116,0.041276,0.127979,0.000845,0.568579,0.001239,0.086112,0.001079,0.185650,0.002968,0.110809,0.000627,7,84
domain_adversarial_transfer,heldout_material,cable_threading,source_matched,0.586735,0.053090,0.106686,0.000835,0.568326,0.001224,0.076916,0.001295,0.179618,0.000956,0.105225,0.000620,7,84
domain_adversarial_transfer,heldout_material,cable_threading,taxel_bias,0.518707,0.044347,0.136800,0.000797,0.550781,0.001167,0.092656,0.001012,0.189874,0.000747,0.112019,0.000594,7,84
domain_adversarial_transfer,heldout_material,cable_threading,texture_aliasing,0.528912,0.034102,0.139762,0.002918,0.559095,0.006078,0.095049,0.001251,0.187931,0.001128,0.110408,0.000591,7,84
domain_adversarial_transfer,heldout_material,cable_threading,transient_shear_spike,0.520408,0.046865,0.146263,0.000903,0.554399,0.006020,0.098089,0.002245,0.188364,0.000885,0.115227,0.000666,7,84
domain_adversarial_transfer,heldout_material,cloth_edge_pull,compound_contact_shift,0.477891,0.029876,0.163483,0.000912,0.540409,0.006009,0.101377,0.001175,0.193660,0.000929,0.115074,0.000673,7,84
domain_adversarial_transfer,heldout_material,cloth_edge_pull,low_friction,0.556122,0.041589,0.119818,0.003728,0.561237,0.001195,0.085295,0.000936,0.184743,0.000677,0.106062,0.000535,7,84
domain_adversarial_transfer,heldout_material,cloth_edge_pull,soft_compliance,0.564626,0.025386,0.129529,0.000845,0.560656,0.005582,0.087053,0.000904,0.184150,0.000721,0.109385,0.002645,7,84
domain_adversarial_transfer,heldout_material,cloth_edge_pull,source_matched,0.607143,0.022771,0.102911,0.004052,0.565278,0.001224,0.077333,0.000630,0.180377,0.000735,0.106994,0.000532,7,84
domain_adversarial_transfer,heldout_material,cloth_edge_pull,taxel_bias,0.517007,0.036311,0.137450,0.000797,0.546653,0.001167,0.093588,0.000731,0.190551,0.000543,0.113406,0.000594,7,84
domain_adversarial_transfer,heldout_material,cloth_edge_pull,texture_aliasing,0.537415,0.047881,0.136347,0.004037,0.548869,0.004388,0.091466,0.002741,0.189144,0.001269,0.112425,0.000545,7,84
domain_adversarial_transfer,heldout_material,cloth_edge_pull,transient_shear_spike,0.488095,0.055076,0.148894,0.000903,0.542950,0.001325,0.094443,0.001778,0.190912,0.001353,0.109974,0.000666,7,84
domain_adversarial_transfer,heldout_material,lid_twist_force_control,compound_contact_shift,0.503401,0.057991,0.164967,0.002865,0.505459,0.001455,0.102432,0.001735,0.191074,0.001321,0.117130,0.001957,7,84
domain_adversarial_transfer,heldout_material,lid_twist_force_control,low_friction,0.659864,0.034480,0.122966,0.003675,0.526211,0.001311,0.081096,0.001027,0.185290,0.001028,0.105833,0.000587,7,84
domain_adversarial_transfer,heldout_material,lid_twist_force_control,soft_compliance,0.651361,0.022608,0.128062,0.003655,0.518706,0.001354,0.085458,0.000951,0.186499,0.002061,0.107121,0.000607,7,84
domain_adversarial_transfer,heldout_material,lid_twist_force_control,source_matched,0.656463,0.054705,0.104698,0.000912,0.528209,0.001339,0.073450,0.002000,0.180995,0.001535,0.105827,0.000673,7,84
domain_adversarial_transfer,heldout_material,lid_twist_force_control,taxel_bias,0.610544,0.032886,0.136815,0.000874,0.513670,0.001282,0.090174,0.000864,0.186472,0.002383,0.112858,0.001915,7,84
domain_adversarial_transfer,heldout_material,lid_twist_force_control,texture_aliasing,0.571429,0.040734,0.138487,0.000931,0.522620,0.004342,0.091667,0.001126,0.189129,0.000864,0.110358,0.000686,7,84
domain_adversarial_transfer,heldout_material,lid_twist_force_control,transient_shear_spike,0.579932,0.045175,0.146771,0.000979,0.507735,0.001440,0.095648,0.003144,0.191588,0.001129,0.110688,0.001888,7,84
domain_adversarial_transfer,heldout_material,peg_in_hole_contact_search,compound_contact_shift,0.540816,0.030062,0.159496,0.002854,0.511088,0.001498,0.102866,0.002664,0.193555,0.000690,0.115830,0.002571,7,84
domain_adversarial_transfer,heldout_material,peg_in_hole_contact_search,low_friction,0.593537,0.044804,0.121481,0.003983,0.527529,0.001354,0.084894,0.001283,0.186578,0.001916,0.106136,0.001916,7,84
domain_adversarial_transfer,heldout_material,peg_in_hole_contact_search,soft_compliance,0.608844,0.033166,0.124181,0.000951,0.526720,0.001397,0.083393,0.001200,0.184618,0.000944,0.109204,0.000699,7,84
domain_adversarial_transfer,heldout_material,peg_in_hole_contact_search,source_matched,0.678571,0.047765,0.101044,0.003967,0.533991,0.001383,0.074517,0.002135,0.179246,0.002564,0.105779,0.001911,7,84
domain_adversarial_transfer,heldout_material,peg_in_hole_contact_search,taxel_bias,0.562925,0.037317,0.134070,0.000903,0.528533,0.001325,0.091394,0.001350,0.188871,0.002569,0.111149,0.000666,7,84
domain_adversarial_transfer,heldout_material,peg_in_hole_contact_search,texture_aliasing,0.603741,0.032886,0.132663,0.000960,0.517430,0.001411,0.088529,0.000853,0.185750,0.000672,0.112247,0.001893,7,84
domain_adversarial_transfer,heldout_material,peg_in_hole_contact_search,transient_shear_spike,0.551020,0.033665,0.148387,0.001008,0.516278,0.005414,0.094027,0.001294,0.189698,0.002647,0.110840,0.001882,7,84
domain_adversarial_transfer,heldout_material,slip_limited_grasp,compound_contact_shift,0.527211,0.028674,0.162549,0.000941,0.538833,0.001383,0.102331,0.001361,0.193625,0.001079,0.115999,0.000693,7,84
domain_adversarial_transfer,heldout_material,slip_limited_grasp,low_friction,0.610544,0.037317,0.119245,0.000845,0.555058,0.001239,0.080681,0.000996,0.187145,0.000762,0.109522,0.000627,7,84
domain_adversarial_transfer,heldout_material,slip_limited_grasp,soft_compliance,0.605442,0.037908,0.126447,0.000874,0.550712,0.001282,0.086573,0.001117,0.182836,0.000860,0.109974,0.002415,7,84
domain_adversarial_transfer,heldout_material,slip_limited_grasp,source_matched,0.646259,0.028219,0.102953,0.000864,0.565165,0.001267,0.075859,0.000780,0.177746,0.000619,0.105160,0.000640,7,84
domain_adversarial_transfer,heldout_material,slip_limited_grasp,taxel_bias,0.612245,0.035953,0.136264,0.000826,0.552417,0.001210,0.088627,0.003093,0.189522,0.000665,0.113013,0.001927,7,84
domain_adversarial_transfer,heldout_material,slip_limited_grasp,texture_aliasing,0.585034,0.032375,0.137002,0.004013,0.552249,0.001296,0.089106,0.001124,0.189056,0.001043,0.113301,0.000565,7,84
domain_adversarial_transfer,heldout_material,slip_limited_grasp,transient_shear_spike,0.556122,0.048496,0.145938,0.000931,0.546059,0.001368,0.093379,0.001342,0.189192,0.001016,0.110649,0.001900,7,84
domain_adversarial_transfer,heldout_object,cable_threading,compound_contact_shift,0.523810,0.036004,0.150133,0.000893,0.547792,0.001311,0.099264,0.002105,0.188939,0.001016,0.113297,0.000660,7,84
domain_adversarial_transfer,heldout_object,cable_threading,low_friction,0.600340,0.046627,0.106535,0.000797,0.567138,0.005633,0.080285,0.001571,0.181682,0.001201,0.105913,0.000594,7,84
domain_adversarial_transfer,heldout_object,cable_threading,soft_compliance,0.557823,0.027622,0.115498,0.000826,0.565582,0.005603,0.080524,0.000934,0.183861,0.002934,0.106500,0.002656,7,84
domain_adversarial_transfer,heldout_object,cable_threading,source_matched,0.612245,0.022111,0.089250,0.004068,0.580208,0.001195,0.071559,0.000705,0.176316,0.000815,0.101703,0.002735,7,84
domain_adversarial_transfer,heldout_object,cable_threading,taxel_bias,0.562925,0.037663,0.127080,0.003755,0.567758,0.004438,0.086437,0.003612,0.185070,0.003223,0.107501,0.000508,7,84
domain_adversarial_transfer,heldout_object,cable_threading,texture_aliasing,0.566327,0.058689,0.127106,0.000835,0.558903,0.004401,0.087936,0.001391,0.182478,0.001016,0.108486,0.000620,7,84
domain_adversarial_transfer,heldout_object,cable_threading,transient_shear_spike,0.547619,0.029250,0.137367,0.000883,0.560193,0.001296,0.090837,0.001964,0.186899,0.001027,0.109188,0.000653,7,84
domain_adversarial_transfer,heldout_object,cloth_edge_pull,compound_contact_shift,0.523810,0.029690,0.152683,0.000893,0.546321,0.001311,0.096969,0.000796,0.190811,0.000630,0.113661,0.002406,7,84
domain_adversarial_transfer,heldout_object,cloth_edge_pull,low_friction,0.547619,0.046108,0.107286,0.000797,0.560393,0.004425,0.082502,0.001492,0.183303,0.001138,0.107325,0.000594,7,84
domain_adversarial_transfer,heldout_object,cloth_edge_pull,soft_compliance,0.568027,0.051604,0.116789,0.000826,0.557075,0.001210,0.081582,0.001682,0.181279,0.002174,0.103710,0.000613,7,84
domain_adversarial_transfer,heldout_object,cloth_edge_pull,source_matched,0.605442,0.021257,0.086930,0.002934,0.576577,0.001195,0.072561,0.000667,0.177350,0.000524,0.098713,0.000565,7,84
domain_adversarial_transfer,heldout_object,cloth_edge_pull,taxel_bias,0.566327,0.046627,0.125756,0.004099,0.560474,0.005653,0.084517,0.002067,0.184297,0.002033,0.108627,0.000493,7,84
domain_adversarial_transfer,heldout_object,cloth_edge_pull,texture_aliasing,0.586735,0.038682,0.126862,0.002926,0.553239,0.001224,0.088706,0.001133,0.183263,0.001052,0.110356,0.000578,7,84
domain_adversarial_transfer,heldout_object,cloth_edge_pull,transient_shear_spike,0.534014,0.048151,0.134593,0.004013,0.558452,0.001296,0.090517,0.001070,0.188896,0.000808,0.111602,0.000565,7,84
domain_adversarial_transfer,heldout_object,lid_twist_force_control,compound_contact_shift,0.561224,0.037218,0.145451,0.000970,0.513321,0.005939,0.097763,0.001504,0.188974,0.001178,0.111908,0.000713,7,84
domain_adversarial_transfer,heldout_object,lid_twist_force_control,low_friction,0.629252,0.043033,0.106864,0.000874,0.524745,0.001282,0.079407,0.001108,0.180636,0.003145,0.106831,0.001915,7,84
domain_adversarial_transfer,heldout_object,lid_twist_force_control,soft_compliance,0.630952,0.031798,0.111751,0.003668,0.529939,0.001325,0.081133,0.000784,0.183875,0.002238,0.106898,0.000594,7,84
domain_adversarial_transfer,heldout_object,lid_twist_force_control,source_matched,0.654762,0.066583,0.090292,0.004006,0.541458,0.001311,0.069744,0.001518,0.178930,0.001009,0.098538,0.000572,7,84
domain_adversarial_transfer,heldout_object,lid_twist_force_control,taxel_bias,0.585034,0.024114,0.123266,0.003701,0.516578,0.001253,0.084840,0.002719,0.185957,0.000671,0.110139,0.000561,7,84
domain_adversarial_transfer,heldout_object,lid_twist_force_control,texture_aliasing,0.629252,0.032773,0.125431,0.000912,0.521223,0.005512,0.084672,0.000903,0.184057,0.000707,0.109167,0.000673,7,84
domain_adversarial_transfer,heldout_object,lid_twist_force_control,transient_shear_spike,0.568027,0.046587,0.134045,0.003952,0.525187,0.001411,0.088516,0.001352,0.184715,0.001849,0.112165,0.000618,7,84
domain_adversarial_transfer,heldout_object,peg_in_hole_contact_search,compound_contact_shift,0.530612,0.037367,0.145680,0.000999,0.522161,0.001469,0.100771,0.001350,0.190721,0.001057,0.111060,0.000733,7,84
domain_adversarial_transfer,heldout_object,peg_in_hole_contact_search,low_friction,0.622449,0.032088,0.105933,0.002898,0.539565,0.001325,0.079788,0.000769,0.182325,0.002942,0.105185,0.000624,7,84
domain_adversarial_transfer,heldout_object,peg_in_hole_contact_search,soft_compliance,0.620748,0.033555,0.110139,0.000931,0.533446,0.001368,0.079934,0.002214,0.179455,0.001152,0.107070,0.000686,7,84
domain_adversarial_transfer,heldout_object,peg_in_hole_contact_search,source_matched,0.673469,0.030062,0.088907,0.003983,0.542733,0.001354,0.071426,0.000825,0.177571,0.002671,0.100010,0.002460,7,84
domain_adversarial_transfer,heldout_object,peg_in_hole_contact_search,taxel_bias,0.603741,0.023727,0.126220,0.000883,0.526934,0.001296,0.087561,0.002106,0.182917,0.000465,0.105452,0.000653,7,84
domain_adversarial_transfer,heldout_object,peg_in_hole_contact_search,texture_aliasing,0.586735,0.051352,0.123592,0.003967,0.524388,0.004336,0.088679,0.002209,0.184640,0.002953,0.109182,0.001925,7,84
domain_adversarial_transfer,heldout_object,peg_in_hole_contact_search,transient_shear_spike,0.574830,0.029123,0.136216,0.002865,0.524077,0.001455,0.089791,0.000815,0.184796,0.001774,0.110368,0.000683,7,84
domain_adversarial_transfer,heldout_object,slip_limited_grasp,compound_contact_shift,0.561224,0.034319,0.147843,0.000922,0.546336,0.001354,0.095134,0.001339,0.188330,0.001050,0.114122,0.000680,7,84
domain_adversarial_transfer,heldout_object,slip_limited_grasp,low_friction,0.647959,0.013333,0.106238,0.000826,0.563524,0.001210,0.078570,0.002644,0.182217,0.000650,0.105824,0.002437,7,84
domain_adversarial_transfer,heldout_object,slip_limited_grasp,soft_compliance,0.624150,0.047997,0.109801,0.000855,0.553868,0.001253,0.077632,0.001097,0.183889,0.000809,0.108409,0.000633,7,84
domain_adversarial_transfer,heldout_object,slip_limited_grasp,source_matched,0.687075,0.034427,0.088211,0.000845,0.570337,0.001239,0.067452,0.001193,0.178153,0.001686,0.102246,0.000627,7,84
domain_adversarial_transfer,heldout_object,slip_limited_grasp,taxel_bias,0.620748,0.057025,0.125809,0.000807,0.547248,0.001181,0.084865,0.002392,0.187059,0.001377,0.106741,0.000600,7,84
domain_adversarial_transfer,heldout_object,slip_limited_grasp,texture_aliasing,0.627551,0.060185,0.123611,0.000864,0.553065,0.001267,0.086860,0.001670,0.181780,0.001987,0.108481,0.000640,7,84
domain_adversarial_transfer,heldout_object,slip_limited_grasp,transient_shear_spike,0.583333,0.022194,0.132876,0.000912,0.552862,0.004353,0.089635,0.002075,0.184852,0.000783,0.108496,0.000673,7,84
ensemble_disagreement_filter,clean_transfer,cable_threading,compound_contact_shift,0.557823,0.025166,0.099140,0.000903,0.573754,0.001325,0.079364,0.000945,0.256260,0.002563,0.085029,0.000666,7,84
ensemble_disagreement_filter,clean_transfer,cable_threading,low_friction,0.610544,0.027285,0.071011,0.000807,0.586186,0.006137,0.062886,0.000870,0.247502,0.000686,0.078344,0.002667,7,84
ensemble_disagreement_filter,clean_transfer,cable_threading,soft_compliance,0.556122,0.033278,0.080489,0.000835,0.579567,0.001224,0.064654,0.000911,0.246502,0.000705,0.078979,0.000620,7,84
ensemble_disagreement_filter,clean_transfer,cable_threading,source_matched,0.639456,0.041899,0.054360,0.000826,0.598331,0.001210,0.054530,0.001128,0.242562,0.000854,0.073736,0.000613,7,84
ensemble_disagreement_filter,clean_transfer,cable_threading,taxel_bias,0.569728,0.035434,0.089442,0.000787,0.584620,0.001152,0.067939,0.002445,0.249979,0.002546,0.082344,0.000587,7,84
ensemble_disagreement_filter,clean_transfer,cable_threading,texture_aliasing,0.566327,0.035224,0.083744,0.004044,0.576631,0.001239,0.070565,0.001820,0.250182,0.001158,0.077870,0.000539,7,84
ensemble_disagreement_filter,clean_transfer,cable_threading,transient_shear_spike,0.603741,0.052104,0.089448,0.000893,0.574928,0.006032,0.072563,0.001478,0.251119,0.002479,0.080572,0.000660,7,84
ensemble_disagreement_filter,clean_transfer,cloth_edge_pull,compound_contact_shift,0.579932,0.032489,0.101996,0.000903,0.564780,0.006020,0.080098,0.001529,0.252169,0.000730,0.087836,0.000666,7,84
ensemble_disagreement_filter,clean_transfer,cloth_edge_pull,low_friction,0.615646,0.042817,0.072067,0.000807,0.579657,0.005623,0.062664,0.002217,0.248234,0.000929,0.075337,0.000600,7,84
ensemble_disagreement_filter,clean_transfer,cloth_edge_pull,soft_compliance,0.603741,0.025313,0.076940,0.004052,0.576421,0.001224,0.064412,0.000663,0.246829,0.000695,0.080805,0.000532,7,84
ensemble_disagreement_filter,clean_transfer,cloth_edge_pull,source_matched,0.668367,0.024646,0.055776,0.000826,0.594915,0.001210,0.053989,0.001597,0.243105,0.000835,0.075551,0.000613,7,84
ensemble_disagreement_filter,clean_transfer,cloth_edge_pull,taxel_bias,0.583333,0.029690,0.088422,0.002946,0.580124,0.001152,0.064771,0.001042,0.249175,0.002454,0.083625,0.000545,7,84
ensemble_disagreement_filter,clean_transfer,cloth_edge_pull,texture_aliasing,0.574830,0.035901,0.080374,0.000845,0.573755,0.001239,0.066866,0.002954,0.251333,0.000749,0.079820,0.000627,7,84
ensemble_disagreement_filter,clean_transfer,cloth_edge_pull,transient_shear_spike,0.551020,0.043419,0.092124,0.000893,0.565684,0.001311,0.073886,0.002233,0.250542,0.001152,0.083255,0.000660,7,84
ensemble_disagreement_filter,clean_transfer,lid_twist_force_control,compound_contact_shift,0.603741,0.023174,0.100352,0.000979,0.531930,0.005443,0.078478,0.001144,0.254193,0.000922,0.087528,0.000719,7,84
ensemble_disagreement_filter,clean_transfer,lid_twist_force_control,low_friction,0.634354,0.045745,0.075518,0.002906,0.549304,0.001296,0.058217,0.001582,0.246886,0.001311,0.079681,0.000611,7,84
ensemble_disagreement_filter,clean_transfer,lid_twist_force_control,soft_compliance,0.680272,0.018659,0.079205,0.000912,0.539144,0.001339,0.059898,0.001043,0.247079,0.000846,0.079759,0.000673,7,84
ensemble_disagreement_filter,clean_transfer,lid_twist_force_control,source_matched,0.697279,0.047454,0.059580,0.000903,0.549655,0.001325,0.049557,0.002467,0.240665,0.001163,0.073278,0.002401,7,84
ensemble_disagreement_filter,clean_transfer,lid_twist_force_control,taxel_bias,0.620748,0.033555,0.084660,0.000864,0.538950,0.001267,0.066903,0.001119,0.248397,0.002303,0.080715,0.000640,7,84
ensemble_disagreement_filter,clean_transfer,lid_twist_force_control,texture_aliasing,0.654762,0.039110,0.082816,0.000922,0.544461,0.001354,0.063545,0.001469,0.247066,0.001143,0.082326,0.000680,7,84
ensemble_disagreement_filter,clean_transfer,lid_twist_force_control,transient_shear_spike,0.559524,0.041051,0.093734,0.003622,0.540287,0.001426,0.070569,0.001124,0.250436,0.001809,0.080614,0.001894,7,84
ensemble_disagreement_filter,clean_transfer,peg_in_hole_contact_search,compound_contact_shift,0.595238,0.028803,0.102194,0.001008,0.537801,0.004297,0.077513,0.002488,0.256566,0.000761,0.087736,0.000739,7,84
ensemble_disagreement_filter,clean_transfer,peg_in_hole_contact_search,low_friction,0.649660,0.039394,0.076201,0.000912,0.548292,0.001339,0.059199,0.001548,0.246914,0.001205,0.077948,0.000673,7,84
ensemble_disagreement_filter,clean_transfer,peg_in_hole_contact_search,soft_compliance,0.620748,0.048952,0.075777,0.003967,0.544828,0.001383,0.064172,0.002565,0.246857,0.002745,0.080911,0.000605,7,84
ensemble_disagreement_filter,clean_transfer,peg_in_hole_contact_search,source_matched,0.715986,0.021257,0.061524,0.000931,0.558252,0.005492,0.051421,0.000829,0.242616,0.000681,0.072413,0.001900,7,84
ensemble_disagreement_filter,clean_transfer,peg_in_hole_contact_search,taxel_bias,0.636054,0.033720,0.082367,0.002902,0.551483,0.001311,0.065603,0.000812,0.252159,0.000754,0.080362,0.002651,7,84
ensemble_disagreement_filter,clean_transfer,peg_in_hole_contact_search,texture_aliasing,0.627551,0.055244,0.087736,0.000951,0.549804,0.004330,0.069981,0.001139,0.250685,0.002159,0.080080,0.002587,7,84
ensemble_disagreement_filter,clean_transfer,peg_in_hole_contact_search,transient_shear_spike,0.641156,0.027148,0.092373,0.003921,0.541354,0.001469,0.070612,0.000864,0.249051,0.000879,0.082046,0.002634,7,84
ensemble_disagreement_filter,clean_transfer,slip_limited_grasp,compound_contact_shift,0.639456,0.030000,0.099350,0.000931,0.557463,0.001368,0.075847,0.002904,0.250682,0.000602,0.087446,0.000686,7,84
ensemble_disagreement_filter,clean_transfer,slip_limited_grasp,low_friction,0.726190,0.027420,0.073213,0.000835,0.583174,0.001224,0.056615,0.001139,0.244926,0.002489,0.077559,0.000620,7,84
ensemble_disagreement_filter,clean_transfer,slip_limited_grasp,soft_compliance,0.651361,0.026805,0.077291,0.000864,0.576173,0.001267,0.062757,0.000987,0.244124,0.000784,0.079048,0.000640,7,84
ensemble_disagreement_filter,clean_transfer,slip_limited_grasp,source_matched,0.714286,0.038103,0.060966,0.000855,0.591634,0.001253,0.052655,0.000777,0.239083,0.000580,0.072553,0.000633,7,84
ensemble_disagreement_filter,clean_transfer,slip_limited_grasp,taxel_bias,0.653061,0.030307,0.087240,0.000816,0.564711,0.001195,0.063673,0.000874,0.248479,0.002987,0.083099,0.000607,7,84
ensemble_disagreement_filter,clean_transfer,slip_limited_grasp,texture_aliasing,0.654762,0.043504,0.084463,0.004021,0.576540,0.001282,0.063837,0.001216,0.249394,0.001051,0.079494,0.000558,7,84
ensemble_disagreement_filter,clean_transfer,slip_limited_grasp,transient_shear_spike,0.653061,0.042426,0.089172,0.002891,0.565625,0.001354,0.071767,0.002217,0.249228,0.002539,0.081510,0.000637,7,84
ensemble_disagreement_filter,combined_stress,cable_threading,compound_contact_shift,0.442177,0.029439,0.158975,0.000912,0.542754,0.005512,0.099118,0.002588,0.272577,0.000802,0.099588,0.000673,7,84
ensemble_disagreement_filter,combined_stress,cable_threading,low_friction,0.513605,0.038249,0.120478,0.002934,0.561137,0.001195,0.082636,0.001280,0.264983,0.000926,0.091889,0.000565,7,84
ensemble_disagreement_filter,combined_stress,cable_threading,soft_compliance,0.535714,0.050148,0.130551,0.000845,0.557173,0.006090,0.083730,0.001546,0.263785,0.001173,0.097147,0.001922,7,84
ensemble_disagreement_filter,combined_stress,cable_threading,source_matched,0.542517,0.035224,0.105835,0.004052,0.564638,0.001224,0.075213,0.000949,0.260775,0.000970,0.092631,0.000532,7,84
ensemble_disagreement_filter,combined_stress,cable_threading,taxel_bias,0.471088,0.045501,0.137715,0.000797,0.547093,0.001167,0.091214,0.001361,0.271092,0.001032,0.099464,0.000594,7,84
ensemble_disagreement_filter,combined_stress,cable_threading,texture_aliasing,0.460884,0.026805,0.136385,0.004037,0.545116,0.001253,0.089115,0.003270,0.269516,0.000815,0.097759,0.000545,7,84
ensemble_disagreement_filter,combined_stress,cable_threading,transient_shear_spike,0.476190,0.035642,0.146500,0.000903,0.542993,0.004359,0.091920,0.002046,0.269521,0.000858,0.099227,0.002614,7,84
ensemble_disagreement_filter,combined_stress,cloth_edge_pull,compound_contact_shift,0.500000,0.050406,0.161652,0.000912,0.529122,0.001339,0.097917,0.001812,0.273552,0.001392,0.102396,0.000673,7,84
ensemble_disagreement_filter,combined_stress,cloth_edge_pull,low_friction,0.510204,0.022443,0.119639,0.000816,0.557668,0.001195,0.083701,0.000797,0.265860,0.000642,0.093419,0.000607,7,84
ensemble_disagreement_filter,combined_stress,cloth_edge_pull,soft_compliance,0.539116,0.043419,0.130252,0.002922,0.546796,0.004394,0.085039,0.001088,0.264900,0.000810,0.093332,0.001923,7,84
ensemble_disagreement_filter,combined_stress,cloth_edge_pull,source_matched,0.600340,0.044928,0.101926,0.000835,0.561709,0.001224,0.072393,0.002571,0.260790,0.000957,0.090903,0.002651,7,84
ensemble_disagreement_filter,combined_stress,cloth_edge_pull,taxel_bias,0.522109,0.039581,0.138231,0.000797,0.543084,0.001167,0.088528,0.002269,0.270750,0.000997,0.098497,0.002451,7,84
ensemble_disagreement_filter,combined_stress,cloth_edge_pull,texture_aliasing,0.489796,0.031972,0.132836,0.000855,0.542727,0.001253,0.086151,0.000962,0.270292,0.000751,0.098566,0.001920,7,84
ensemble_disagreement_filter,combined_stress,cloth_edge_pull,transient_shear_spike,0.472789,0.042208,0.148996,0.000903,0.539381,0.001325,0.092112,0.001259,0.271478,0.000965,0.097337,0.000666,7,84
ensemble_disagreement_filter,combined_stress,lid_twist_force_control,compound_contact_shift,0.506803,0.056437,0.157704,0.003929,0.502145,0.001455,0.098896,0.001423,0.271154,0.001072,0.101910,0.002639,7,84
ensemble_disagreement_filter,combined_stress,lid_twist_force_control,low_friction,0.612245,0.025386,0.119071,0.002902,0.522897,0.001311,0.079173,0.000694,0.265144,0.002283,0.092974,0.000617,7,84
ensemble_disagreement_filter,combined_stress,lid_twist_force_control,soft_compliance,0.569728,0.037218,0.125068,0.003655,0.515392,0.001354,0.083332,0.001464,0.264679,0.002290,0.094282,0.000607,7,84
ensemble_disagreement_filter,combined_stress,lid_twist_force_control,source_matched,0.651361,0.054058,0.106856,0.003662,0.524895,0.001339,0.071070,0.001409,0.261228,0.001214,0.093101,0.000600,7,84
ensemble_disagreement_filter,combined_stress,lid_twist_force_control,taxel_bias,0.566327,0.044928,0.137310,0.000874,0.510356,0.001282,0.088605,0.001488,0.265122,0.001142,0.096666,0.002629,7,84
ensemble_disagreement_filter,combined_stress,lid_twist_force_control,texture_aliasing,0.551020,0.055244,0.139835,0.000931,0.511588,0.005985,0.089588,0.001740,0.269638,0.001323,0.097615,0.000686,7,84
ensemble_disagreement_filter,combined_stress,lid_twist_force_control,transient_shear_spike,0.540816,0.032546,0.146587,0.000979,0.504421,0.001440,0.090453,0.002842,0.270146,0.002474,0.096767,0.000719,7,84
ensemble_disagreement_filter,combined_stress,peg_in_hole_contact_search,compound_contact_shift,0.545918,0.051783,0.155529,0.001018,0.507893,0.001498,0.096188,0.001708,0.273533,0.001247,0.099476,0.001879,7,84
ensemble_disagreement_filter,combined_stress,peg_in_hole_contact_search,low_friction,0.586735,0.024267,0.119167,0.002891,0.524334,0.001354,0.082108,0.000641,0.263341,0.002930,0.092105,0.000637,7,84
ensemble_disagreement_filter,combined_stress,peg_in_hole_contact_search,soft_compliance,0.513605,0.028087,0.126198,0.000951,0.523525,0.001397,0.083252,0.000459,0.266403,0.000385,0.096412,0.000699,7,84
ensemble_disagreement_filter,combined_stress,peg_in_hole_contact_search,source_matched,0.630952,0.026943,0.101353,0.000941,0.530796,0.001383,0.069584,0.002603,0.256743,0.000758,0.090663,0.002593,7,84
ensemble_disagreement_filter,combined_stress,peg_in_hole_contact_search,taxel_bias,0.547619,0.040734,0.134430,0.000903,0.517620,0.006020,0.089089,0.001199,0.264643,0.000921,0.098321,0.000666,7,84
ensemble_disagreement_filter,combined_stress,peg_in_hole_contact_search,texture_aliasing,0.579932,0.049028,0.133877,0.000960,0.514235,0.001411,0.086521,0.001674,0.266249,0.001287,0.096007,0.002582,7,84
ensemble_disagreement_filter,combined_stress,peg_in_hole_contact_search,transient_shear_spike,0.534014,0.039907,0.148069,0.001008,0.507937,0.001484,0.091697,0.001686,0.266644,0.001319,0.096853,0.000739,7,84
ensemble_disagreement_filter,combined_stress,slip_limited_grasp,compound_contact_shift,0.537415,0.038586,0.160533,0.000941,0.535429,0.001383,0.099150,0.001093,0.273635,0.000845,0.103229,0.000693,7,84
ensemble_disagreement_filter,combined_stress,slip_limited_grasp,low_friction,0.583333,0.044969,0.122312,0.000845,0.551654,0.001239,0.078944,0.001295,0.264398,0.003074,0.096864,0.000627,7,84
ensemble_disagreement_filter,combined_stress,slip_limited_grasp,soft_compliance,0.561224,0.044804,0.128700,0.000874,0.547308,0.001282,0.084036,0.001921,0.263826,0.001178,0.093867,0.002415,7,84
ensemble_disagreement_filter,combined_stress,slip_limited_grasp,source_matched,0.620748,0.034319,0.108643,0.000864,0.561761,0.001267,0.074342,0.001329,0.258399,0.001038,0.092559,0.000640,7,84
ensemble_disagreement_filter,combined_stress,slip_limited_grasp,taxel_bias,0.552721,0.046904,0.136860,0.000826,0.543867,0.005603,0.084020,0.001263,0.269644,0.002064,0.096870,0.002656,7,84
ensemble_disagreement_filter,combined_stress,slip_limited_grasp,texture_aliasing,0.554422,0.012323,0.133306,0.002906,0.546272,0.004371,0.086778,0.000707,0.269800,0.000751,0.097063,0.002645,7,84
ensemble_disagreement_filter,combined_stress,slip_limited_grasp,transient_shear_spike,0.545918,0.054941,0.145855,0.000931,0.542655,0.001368,0.090902,0.001756,0.269569,0.001337,0.096778,0.000686,7,84
ensemble_disagreement_filter,heldout_geometry,cable_threading,compound_contact_shift,0.457483,0.030062,0.141357,0.000922,0.546970,0.004347,0.093155,0.001017,0.268844,0.000805,0.095937,0.002603,7,84
ensemble_disagreement_filter,heldout_geometry,cable_threading,low_friction,0.571429,0.041678,0.107319,0.002930,0.566157,0.001210,0.074126,0.001032,0.256269,0.000858,0.087551,0.000571,7,84
ensemble_disagreement_filter,heldout_geometry,cable_threading,soft_compliance,0.607143,0.045256,0.110379,0.000855,0.572566,0.001253,0.075359,0.001719,0.256006,0.001326,0.086974,0.000633,7,84
ensemble_disagreement_filter,heldout_geometry,cable_threading,source_matched,0.544218,0.027756,0.091310,0.002922,0.573878,0.004394,0.068702,0.000777,0.253802,0.000767,0.083277,0.002440,7,84
ensemble_disagreement_filter,heldout_geometry,cable_threading,taxel_bias,0.544218,0.027756,0.113763,0.000807,0.567935,0.001181,0.080271,0.001135,0.261130,0.000894,0.093917,0.000600,7,84
ensemble_disagreement_filter,heldout_geometry,cable_threading,texture_aliasing,0.508503,0.044887,0.116304,0.004029,0.561679,0.006067,0.079581,0.002304,0.262685,0.001105,0.090395,0.002739,7,84
ensemble_disagreement_filter,heldout_geometry,cable_threading,transient_shear_spike,0.511905,0.017638,0.129085,0.000912,0.553990,0.001339,0.085051,0.000972,0.265004,0.000793,0.094022,0.000673,7,84
ensemble_disagreement_filter,heldout_geometry,cloth_edge_pull,compound_contact_shift,0.508503,0.026317,0.137478,0.003983,0.543823,0.001354,0.093875,0.000915,0.266676,0.002494,0.094187,0.000591,7,84
ensemble_disagreement_filter,heldout_geometry,cloth_edge_pull,low_friction,0.574830,0.039016,0.103355,0.004060,0.562883,0.001210,0.074829,0.001100,0.257188,0.001070,0.089173,0.000526,7,84
ensemble_disagreement_filter,heldout_geometry,cloth_edge_pull,soft_compliance,0.615646,0.047958,0.112101,0.000855,0.564956,0.005572,0.076863,0.001429,0.257194,0.001084,0.089081,0.000633,7,84
ensemble_disagreement_filter,heldout_geometry,cloth_edge_pull,source_matched,0.608844,0.039907,0.087706,0.004044,0.568571,0.001239,0.065863,0.002387,0.253860,0.001183,0.082860,0.000539,7,84
ensemble_disagreement_filter,heldout_geometry,cloth_edge_pull,taxel_bias,0.525510,0.022443,0.114585,0.000807,0.561548,0.004419,0.081765,0.000625,0.262208,0.000509,0.090830,0.002667,7,84
ensemble_disagreement_filter,heldout_geometry,cloth_edge_pull,texture_aliasing,0.552721,0.052139,0.113060,0.000864,0.551767,0.001267,0.078672,0.001491,0.263350,0.001124,0.089082,0.000640,7,84
ensemble_disagreement_filter,heldout_geometry,cloth_edge_pull,transient_shear_spike,0.500000,0.028803,0.123311,0.003662,0.553146,0.001339,0.087035,0.000810,0.264992,0.002660,0.092110,0.002675,7,84
ensemble_disagreement_filter,heldout_geometry,lid_twist_force_control,compound_contact_shift,0.540816,0.051890,0.140836,0.000999,0.506657,0.001469,0.090491,0.001060,0.262888,0.000774,0.092922,0.000733,7,84
ensemble_disagreement_filter,heldout_geometry,lid_twist_force_control,low_friction,0.613946,0.054569,0.101517,0.000903,0.535932,0.001325,0.073008,0.002404,0.254387,0.000918,0.086616,0.002401,7,84
ensemble_disagreement_filter,heldout_geometry,lid_twist_force_control,soft_compliance,0.647959,0.048534,0.107362,0.000931,0.531082,0.001368,0.071845,0.001587,0.257155,0.001216,0.086814,0.000686,7,84
ensemble_disagreement_filter,heldout_geometry,lid_twist_force_control,source_matched,0.651361,0.021430,0.084506,0.000922,0.539577,0.001354,0.062913,0.002680,0.250090,0.000819,0.085083,0.000680,7,84
ensemble_disagreement_filter,heldout_geometry,lid_twist_force_control,taxel_bias,0.605442,0.050772,0.119254,0.000883,0.521204,0.001296,0.078196,0.002585,0.259580,0.001276,0.091611,0.000653,7,84
ensemble_disagreement_filter,heldout_geometry,lid_twist_force_control,texture_aliasing,0.608844,0.053020,0.113643,0.000941,0.520730,0.001383,0.077139,0.001672,0.258427,0.001274,0.090480,0.000693,7,84
ensemble_disagreement_filter,heldout_geometry,lid_twist_force_control,transient_shear_spike,0.542517,0.023254,0.123062,0.000989,0.520861,0.005433,0.085204,0.002808,0.264333,0.000584,0.091791,0.000726,7,84
ensemble_disagreement_filter,heldout_geometry,peg_in_hole_contact_search,compound_contact_shift,0.547619,0.040734,0.133414,0.001027,0.514562,0.001512,0.089058,0.002889,0.266886,0.000582,0.094836,0.000752,7,84
ensemble_disagreement_filter,heldout_geometry,peg_in_hole_contact_search,low_friction,0.581633,0.042120,0.103227,0.000931,0.539526,0.001368,0.071550,0.001485,0.257174,0.001150,0.086815,0.002388,7,84
ensemble_disagreement_filter,heldout_geometry,peg_in_hole_contact_search,soft_compliance,0.620748,0.040231,0.106675,0.003952,0.533653,0.005951,0.070709,0.000847,0.255965,0.002575,0.089936,0.000618,7,84
ensemble_disagreement_filter,heldout_geometry,peg_in_hole_contact_search,source_matched,0.634354,0.034427,0.089192,0.000951,0.547635,0.001397,0.065640,0.001368,0.254585,0.001074,0.085044,0.002379,7,84
ensemble_disagreement_filter,heldout_geometry,peg_in_hole_contact_search,taxel_bias,0.569728,0.037565,0.117988,0.000912,0.522906,0.004353,0.076828,0.001488,0.260444,0.001160,0.089761,0.000673,7,84
ensemble_disagreement_filter,heldout_geometry,peg_in_hole_contact_search,texture_aliasing,0.540816,0.053610,0.116160,0.003944,0.533252,0.001426,0.078336,0.001566,0.258964,0.001787,0.090091,0.002650,7,84
ensemble_disagreement_filter,heldout_geometry,peg_in_hole_contact_search,transient_shear_spike,0.590136,0.035590,0.126158,0.001018,0.523960,0.005882,0.082810,0.001410,0.260888,0.002293,0.092944,0.000746,7,84
ensemble_disagreement_filter,heldout_geometry,slip_limited_grasp,compound_contact_shift,0.539116,0.045461,0.133409,0.000951,0.535048,0.001397,0.088327,0.001429,0.263717,0.001098,0.096359,0.000699,7,84
ensemble_disagreement_filter,heldout_geometry,slip_limited_grasp,low_friction,0.607143,0.033389,0.103078,0.000855,0.559796,0.001253,0.072145,0.001325,0.256727,0.002589,0.085952,0.000633,7,84
ensemble_disagreement_filter,heldout_geometry,slip_limited_grasp,soft_compliance,0.586735,0.030000,0.111029,0.000883,0.558105,0.001296,0.072814,0.002236,0.258448,0.000738,0.089887,0.000653,7,84
ensemble_disagreement_filter,heldout_geometry,slip_limited_grasp,source_matched,0.663265,0.050845,0.091473,0.000874,0.571550,0.001282,0.063440,0.003014,0.252266,0.001146,0.082424,0.000647,7,84
ensemble_disagreement_filter,heldout_geometry,slip_limited_grasp,taxel_bias,0.581633,0.043928,0.115410,0.000835,0.554968,0.001224,0.075900,0.000567,0.263195,0.000358,0.089511,0.000620,7,84
ensemble_disagreement_filter,heldout_geometry,slip_limited_grasp,texture_aliasing,0.619048,0.051926,0.114010,0.000893,0.555667,0.005532,0.080653,0.001780,0.257377,0.002483,0.091280,0.000660,7,84
ensemble_disagreement_filter,heldout_geometry,slip_limited_grasp,transient_shear_spike,0.576531,0.036311,0.124081,0.003967,0.543911,0.004336,0.082905,0.003226,0.261002,0.002405,0.090753,0.001925,7,84
ensemble_disagreement_filter,heldout_material,cable_threading,compound_contact_shift,0.508503,0.048496,0.128747,0.003983,0.553730,0.001354,0.090334,0.001384,0.264819,0.002174,0.090978,0.001931,7,84
ensemble_disagreement_filter,heldout_material,cable_threading,low_friction,0.545918,0.031151,0.092143,0.000826,0.575490,0.001210,0.072962,0.000793,0.255909,0.000616,0.085965,0.000613,7,84
ensemble_disagreement_filter,heldout_material,cable_threading,soft_compliance,0.544218,0.020817,0.101983,0.003701,0.569036,0.005572,0.074665,0.002084,0.256319,0.000511,0.085537,0.000561,7,84
ensemble_disagreement_filter,heldout_material,cable_threading,source_matched,0.608844,0.040552,0.076512,0.000845,0.580638,0.001239,0.061892,0.003252,0.251820,0.000693,0.079413,0.000627,7,84
ensemble_disagreement_filter,heldout_material,cable_threading,taxel_bias,0.576531,0.032942,0.108581,0.000807,0.561832,0.004419,0.078661,0.000658,0.259730,0.000498,0.089120,0.002667,7,84
ensemble_disagreement_filter,heldout_material,cable_threading,texture_aliasing,0.530612,0.037712,0.105922,0.000864,0.563294,0.001267,0.076563,0.001402,0.261468,0.001089,0.085484,0.000640,7,84
ensemble_disagreement_filter,heldout_material,cable_threading,transient_shear_spike,0.517007,0.039063,0.115084,0.003662,0.563323,0.001339,0.083239,0.000836,0.261806,0.002559,0.092462,0.000600,7,84
ensemble_disagreement_filter,heldout_material,cloth_edge_pull,compound_contact_shift,0.501701,0.031564,0.126656,0.000922,0.553112,0.001354,0.088105,0.003283,0.261431,0.000291,0.092720,0.000680,7,84
ensemble_disagreement_filter,heldout_material,cloth_edge_pull,low_friction,0.573129,0.028996,0.093397,0.000826,0.572172,0.001210,0.071305,0.002407,0.256425,0.000557,0.087725,0.000613,7,84
ensemble_disagreement_filter,heldout_material,cloth_edge_pull,soft_compliance,0.561224,0.034694,0.098631,0.003701,0.561382,0.001253,0.070875,0.002707,0.257380,0.000824,0.087556,0.000561,7,84
ensemble_disagreement_filter,heldout_material,cloth_edge_pull,source_matched,0.646259,0.042208,0.078126,0.000845,0.577860,0.001239,0.057968,0.001180,0.252393,0.000897,0.081421,0.000627,7,84
ensemble_disagreement_filter,heldout_material,cloth_edge_pull,taxel_bias,0.520408,0.032088,0.109475,0.000807,0.555401,0.001181,0.078810,0.002625,0.261506,0.000656,0.086058,0.000600,7,84
ensemble_disagreement_filter,heldout_material,cloth_edge_pull,texture_aliasing,0.571429,0.052669,0.107896,0.000864,0.561056,0.001267,0.077404,0.001324,0.256503,0.003231,0.087740,0.000640,7,84
ensemble_disagreement_filter,heldout_material,cloth_edge_pull,transient_shear_spike,0.559524,0.036004,0.114528,0.000912,0.562435,0.001339,0.082098,0.002790,0.257410,0.000746,0.087257,0.000673,7,84
ensemble_disagreement_filter,heldout_material,lid_twist_force_control,compound_contact_shift,0.562925,0.041899,0.128451,0.003921,0.515854,0.001469,0.088416,0.001301,0.261751,0.001183,0.091470,0.000644,7,84
ensemble_disagreement_filter,heldout_material,lid_twist_force_control,low_friction,0.656463,0.015635,0.096857,0.000903,0.529693,0.004359,0.065478,0.000694,0.252883,0.000587,0.083047,0.000666,7,84
ensemble_disagreement_filter,heldout_material,lid_twist_force_control,soft_compliance,0.624150,0.054806,0.102621,0.000931,0.532561,0.005985,0.071682,0.001543,0.256845,0.001162,0.085529,0.000686,7,84
ensemble_disagreement_filter,heldout_material,lid_twist_force_control,source_matched,0.656463,0.027622,0.080224,0.000922,0.548774,0.001354,0.058643,0.000985,0.249259,0.000786,0.083809,0.000680,7,84
ensemble_disagreement_filter,heldout_material,lid_twist_force_control,taxel_bias,0.585034,0.049216,0.110867,0.003681,0.530401,0.001296,0.074153,0.001550,0.259209,0.001226,0.090247,0.000581,7,84
ensemble_disagreement_filter,heldout_material,lid_twist_force_control,texture_aliasing,0.629252,0.020638,0.108632,0.000941,0.529927,0.001383,0.075844,0.000711,0.257321,0.000594,0.089190,0.000693,7,84
ensemble_disagreement_filter,heldout_material,lid_twist_force_control,transient_shear_spike,0.564626,0.037019,0.117862,0.000989,0.517194,0.001455,0.079274,0.001645,0.260909,0.002604,0.090497,0.000726,7,84
ensemble_disagreement_filter,heldout_material,peg_in_hole_contact_search,compound_contact_shift,0.520408,0.050332,0.127962,0.001027,0.523715,0.001512,0.086622,0.001775,0.264375,0.002180,0.093559,0.000752,7,84
ensemble_disagreement_filter,heldout_material,peg_in_hole_contact_search,low_friction,0.627551,0.059969,0.098639,0.000931,0.538388,0.005985,0.069659,0.001842,0.255634,0.001394,0.083270,0.000686,7,84
ensemble_disagreement_filter,heldout_material,peg_in_hole_contact_search,soft_compliance,0.612245,0.054331,0.096861,0.000960,0.532516,0.001411,0.069656,0.001707,0.254261,0.001300,0.088563,0.000706,7,84
ensemble_disagreement_filter,heldout_material,peg_in_hole_contact_search,source_matched,0.647959,0.051640,0.083267,0.002879,0.549070,0.005962,0.063280,0.003034,0.251339,0.003136,0.081470,0.002608,7,84
ensemble_disagreement_filter,heldout_material,peg_in_hole_contact_search,taxel_bias,0.588435,0.037019,0.113103,0.000912,0.529487,0.001339,0.075587,0.001036,0.259394,0.000801,0.088496,0.000673,7,84
ensemble_disagreement_filter,heldout_material,peg_in_hole_contact_search,texture_aliasing,0.605442,0.024114,0.104360,0.000970,0.532114,0.005939,0.075256,0.001019,0.255944,0.000824,0.085244,0.000713,7,84
ensemble_disagreement_filter,heldout_material,peg_in_hole_contact_search,transient_shear_spike,0.579932,0.016667,0.119315,0.002854,0.522823,0.001498,0.082097,0.000787,0.258071,0.000725,0.091637,0.000703,7,84
ensemble_disagreement_filter,heldout_material,slip_limited_grasp,compound_contact_shift,0.602041,0.039394,0.127831,0.000951,0.544278,0.001397,0.085912,0.000533,0.261826,0.000380,0.095039,0.000699,7,84
ensemble_disagreement_filter,heldout_material,slip_limited_grasp,low_friction,0.625850,0.033720,0.098364,0.000855,0.569026,0.001253,0.070922,0.000987,0.252201,0.000766,0.084651,0.000633,7,84
ensemble_disagreement_filter,heldout_material,slip_limited_grasp,soft_compliance,0.605442,0.023570,0.099374,0.004013,0.567335,0.001296,0.069753,0.000859,0.257352,0.000741,0.088433,0.000565,7,84
ensemble_disagreement_filter,heldout_material,slip_limited_grasp,source_matched,0.639456,0.025820,0.078561,0.003688,0.575634,0.005552,0.059030,0.000519,0.251936,0.000465,0.080943,0.000574,7,84
ensemble_disagreement_filter,heldout_material,slip_limited_grasp,taxel_bias,0.625850,0.019626,0.110399,0.000835,0.559052,0.005592,0.074010,0.000633,0.257067,0.002787,0.088203,0.000620,7,84
ensemble_disagreement_filter,heldout_material,slip_limited_grasp,texture_aliasing,0.595238,0.032998,0.108946,0.000893,0.552033,0.001311,0.077027,0.002982,0.255904,0.000753,0.089971,0.000660,7,84
ensemble_disagreement_filter,heldout_material,slip_limited_grasp,transient_shear_spike,0.578231,0.022690,0.113682,0.000941,0.550568,0.001383,0.078108,0.000980,0.257926,0.000794,0.088184,0.000693,7,84
ensemble_disagreement_filter,heldout_object,cable_threading,compound_contact_shift,0.530612,0.031329,0.115239,0.000903,0.565999,0.001325,0.085627,0.001172,0.260607,0.002590,0.090001,0.000666,7,84
ensemble_disagreement_filter,heldout_object,cable_threading,low_friction,0.603741,0.050332,0.085478,0.000807,0.578431,0.006137,0.068474,0.001634,0.252625,0.001242,0.082136,0.002667,7,84
ensemble_disagreement_filter,heldout_object,cable_threading,soft_compliance,0.583333,0.037069,0.095109,0.000835,0.571812,0.001224,0.069408,0.001290,0.251012,0.000999,0.083918,0.000620,7,84
ensemble_disagreement_filter,heldout_object,cable_threading,source_matched,0.617347,0.044514,0.068113,0.000826,0.590576,0.001210,0.060430,0.000843,0.247960,0.000605,0.078656,0.000613,7,84
ensemble_disagreement_filter,heldout_object,cable_threading,taxel_bias,0.588435,0.035953,0.102754,0.002946,0.576865,0.001152,0.071631,0.002805,0.254642,0.003258,0.087254,0.000545,7,84
ensemble_disagreement_filter,heldout_object,cable_threading,texture_aliasing,0.586735,0.041589,0.097158,0.003708,0.568876,0.001239,0.074225,0.003386,0.254815,0.000652,0.082783,0.000554,7,84
ensemble_disagreement_filter,heldout_object,cable_threading,transient_shear_spike,0.517007,0.032546,0.104935,0.000893,0.567173,0.006032,0.080252,0.000791,0.256537,0.002685,0.085530,0.000660,7,84
ensemble_disagreement_filter,heldout_object,cloth_edge_pull,compound_contact_shift,0.557823,0.046228,0.118005,0.000903,0.557079,0.006020,0.085080,0.002150,0.257535,0.001299,0.091633,0.001907,7,84
ensemble_disagreement_filter,heldout_object,cloth_edge_pull,low_friction,0.583333,0.022771,0.086444,0.000807,0.569384,0.004419,0.067738,0.002156,0.253784,0.000922,0.080243,0.000600,7,84
ensemble_disagreement_filter,heldout_object,cloth_edge_pull,soft_compliance,0.602041,0.041321,0.091469,0.004052,0.568721,0.001224,0.069880,0.000906,0.251827,0.000744,0.085713,0.000532,7,84
ensemble_disagreement_filter,heldout_object,cloth_edge_pull,source_matched,0.622449,0.021430,0.069439,0.000826,0.587215,0.001210,0.059332,0.002415,0.248900,0.000839,0.080440,0.000613,7,84
ensemble_disagreement_filter,heldout_object,cloth_edge_pull,taxel_bias,0.547619,0.030551,0.101645,0.003749,0.572424,0.001152,0.070958,0.000907,0.253642,0.002011,0.088505,0.000515,7,84
ensemble_disagreement_filter,heldout_object,cloth_edge_pull,texture_aliasing,0.583333,0.035642,0.095414,0.000845,0.566055,0.001239,0.070985,0.001528,0.256148,0.001150,0.084740,0.000627,7,84
ensemble_disagreement_filter,heldout_object,cloth_edge_pull,transient_shear_spike,0.578231,0.059566,0.107521,0.000893,0.557984,0.001311,0.077574,0.003516,0.255020,0.000929,0.088182,0.000660,7,84
ensemble_disagreement_filter,heldout_object,lid_twist_force_control,compound_contact_shift,0.561224,0.046786,0.116169,0.000979,0.521772,0.005928,0.085094,0.001415,0.259858,0.001085,0.091260,0.001888,7,84
ensemble_disagreement_filter,heldout_object,lid_twist_force_control,low_friction,0.630952,0.051676,0.089703,0.002906,0.541719,0.001296,0.063693,0.001512,0.251847,0.001287,0.084521,0.000611,7,84
ensemble_disagreement_filter,heldout_object,lid_twist_force_control,soft_compliance,0.646259,0.058878,0.093544,0.000912,0.531559,0.001339,0.066154,0.001520,0.252591,0.001129,0.084602,0.000673,7,84
ensemble_disagreement_filter,heldout_object,lid_twist_force_control,source_matched,0.692177,0.031972,0.073051,0.000903,0.542070,0.001325,0.055004,0.001538,0.245657,0.001064,0.076958,0.001907,7,84
ensemble_disagreement_filter,heldout_object,lid_twist_force_control,taxel_bias,0.617347,0.030732,0.099406,0.000864,0.531365,0.001267,0.072435,0.001199,0.253359,0.002291,0.085567,0.000640,7,84
ensemble_disagreement_filter,heldout_object,lid_twist_force_control,texture_aliasing,0.596939,0.045947,0.097665,0.000922,0.536876,0.001354,0.070447,0.000520,0.253007,0.000310,0.087180,0.000680,7,84
ensemble_disagreement_filter,heldout_object,lid_twist_force_control,transient_shear_spike,0.605442,0.046228,0.107224,0.003944,0.532702,0.001426,0.074742,0.001212,0.253366,0.000867,0.084295,0.000624,7,84
ensemble_disagreement_filter,heldout_object,peg_in_hole_contact_search,compound_contact_shift,0.561224,0.048686,0.117921,0.001008,0.530271,0.004297,0.082764,0.002902,0.262046,0.001014,0.091438,0.001882,7,84
ensemble_disagreement_filter,heldout_object,peg_in_hole_contact_search,low_friction,0.644558,0.040552,0.090297,0.000912,0.540762,0.001339,0.064708,0.000858,0.251874,0.000643,0.082757,0.000673,7,84
ensemble_disagreement_filter,heldout_object,peg_in_hole_contact_search,soft_compliance,0.581633,0.043033,0.090025,0.003967,0.537298,0.001383,0.069403,0.002935,0.252429,0.003037,0.085723,0.000605,7,84
ensemble_disagreement_filter,heldout_object,peg_in_hole_contact_search,source_matched,0.697279,0.020905,0.074905,0.000931,0.550722,0.005492,0.057199,0.001012,0.247821,0.000821,0.077206,0.001900,7,84
ensemble_disagreement_filter,heldout_object,peg_in_hole_contact_search,taxel_bias,0.596939,0.027622,0.095308,0.000893,0.541380,0.004365,0.071847,0.000732,0.256588,0.001916,0.085146,0.002619,7,84
ensemble_disagreement_filter,heldout_object,peg_in_hole_contact_search,texture_aliasing,0.630952,0.039441,0.102495,0.000951,0.542274,0.004330,0.075344,0.000957,0.255491,0.002318,0.083761,0.002379,7,84
ensemble_disagreement_filter,heldout_object,peg_in_hole_contact_search,transient_shear_spike,0.585034,0.025676,0.107488,0.003921,0.533824,0.001469,0.077499,0.000697,0.254929,0.000902,0.085734,0.002401,7,84
ensemble_disagreement_filter,heldout_object,slip_limited_grasp,compound_contact_shift,0.583333,0.037417,0.115235,0.000931,0.549837,0.001368,0.082810,0.002209,0.256616,0.001067,0.092344,0.000686,7,84
ensemble_disagreement_filter,heldout_object,slip_limited_grasp,low_friction,0.608844,0.040870,0.087466,0.000835,0.575548,0.001224,0.064946,0.000581,0.250819,0.003222,0.082421,0.000620,7,84
ensemble_disagreement_filter,heldout_object,slip_limited_grasp,soft_compliance,0.629252,0.043631,0.091697,0.000864,0.568547,0.001267,0.068722,0.001580,0.249445,0.001218,0.083915,0.000640,7,84
ensemble_disagreement_filter,heldout_object,slip_limited_grasp,source_matched,0.647959,0.046348,0.074505,0.000855,0.584008,0.001253,0.059640,0.001184,0.245201,0.000888,0.077400,0.000633,7,84
ensemble_disagreement_filter,heldout_object,slip_limited_grasp,taxel_bias,0.634354,0.025820,0.102053,0.000816,0.557085,0.001195,0.069595,0.000859,0.253740,0.002896,0.087974,0.000607,7,84
ensemble_disagreement_filter,heldout_object,slip_limited_grasp,texture_aliasing,0.632653,0.021257,0.099379,0.004021,0.568914,0.001282,0.069854,0.000847,0.254716,0.000884,0.084372,0.000558,7,84
ensemble_disagreement_filter,heldout_object,slip_limited_grasp,transient_shear_spike,0.610544,0.046587,0.102729,0.000922,0.557999,0.001354,0.077014,0.002304,0.254917,0.002699,0.086357,0.000680,7,84
frozen_pretrained_tactile,clean_transfer,cable_threading,compound_contact_shift,0.486395,0.017951,0.190575,0.003688,0.516041,0.006055,0.116450,0.000564,0.134145,0.000616,0.145421,0.000574,7,84
frozen_pretrained_tactile,clean_transfer,cable_threading,low_friction,0.608844,0.042731,0.136878,0.000778,0.538922,0.001138,0.096884,0.003162,0.123059,0.003056,0.138243,0.000580,7,84
frozen_pretrained_tactile,clean_transfer,cable_threading,soft_compliance,0.598639,0.026317,0.143264,0.002938,0.532056,0.001181,0.097128,0.000735,0.121152,0.000530,0.139844,0.000558,7,84
frozen_pretrained_tactile,clean_transfer,cable_threading,source_matched,0.651361,0.031269,0.102774,0.000797,0.535835,0.001167,0.087677,0.000670,0.119108,0.000513,0.135629,0.000594,7,84
frozen_pretrained_tactile,clean_transfer,cable_threading,taxel_bias,0.551020,0.047140,0.160262,0.000759,0.528481,0.005674,0.105775,0.001533,0.128758,0.001166,0.141838,0.000567,7,84
frozen_pretrained_tactile,clean_transfer,cable_threading,texture_aliasing,0.561224,0.050259,0.155617,0.003728,0.525610,0.001195,0.104723,0.001430,0.124130,0.001168,0.139662,0.002470,7,84
frozen_pretrained_tactile,clean_transfer,cable_threading,transient_shear_spike,0.537415,0.042731,0.168313,0.000864,0.520023,0.001267,0.109512,0.000953,0.129016,0.002910,0.141935,0.000640,7,84
frozen_pretrained_tactile,clean_transfer,cloth_edge_pull,compound_contact_shift,0.527211,0.040643,0.189461,0.000874,0.503684,0.001282,0.117102,0.000799,0.132787,0.003049,0.147780,0.000647,7,84
frozen_pretrained_tactile,clean_transfer,cloth_edge_pull,low_friction,0.605442,0.025166,0.135679,0.002950,0.534156,0.001138,0.095147,0.002223,0.122440,0.002855,0.139401,0.000538,7,84
frozen_pretrained_tactile,clean_transfer,cloth_edge_pull,soft_compliance,0.636054,0.037019,0.140890,0.004076,0.528100,0.001181,0.096900,0.000907,0.121303,0.000510,0.141336,0.000512,7,84
frozen_pretrained_tactile,clean_transfer,cloth_edge_pull,source_matched,0.681973,0.032886,0.103650,0.000797,0.531609,0.001167,0.087824,0.001042,0.119260,0.000808,0.137072,0.000594,7,84
frozen_pretrained_tactile,clean_transfer,cloth_edge_pull,taxel_bias,0.561224,0.041500,0.160418,0.000759,0.525747,0.004451,0.105879,0.001144,0.128798,0.000863,0.142785,0.000567,7,84
frozen_pretrained_tactile,clean_transfer,cloth_edge_pull,texture_aliasing,0.602041,0.029187,0.153422,0.004068,0.521924,0.001195,0.104547,0.000789,0.124339,0.000505,0.138991,0.000519,7,84
frozen_pretrained_tactile,clean_transfer,cloth_edge_pull,transient_shear_spike,0.588435,0.028739,0.170449,0.000864,0.517687,0.001267,0.110114,0.000950,0.125068,0.000751,0.144246,0.000640,7,84
frozen_pretrained_tactile,clean_transfer,lid_twist_force_control,compound_contact_shift,0.578231,0.028739,0.195863,0.000951,0.480330,0.001397,0.117540,0.002624,0.131681,0.002601,0.145009,0.000699,7,84
frozen_pretrained_tactile,clean_transfer,lid_twist_force_control,low_friction,0.695578,0.024870,0.131739,0.004037,0.492717,0.006078,0.092395,0.002715,0.121740,0.000710,0.140942,0.000545,7,84
frozen_pretrained_tactile,clean_transfer,lid_twist_force_control,soft_compliance,0.664966,0.036868,0.139195,0.000883,0.484883,0.001296,0.098543,0.000975,0.119771,0.000749,0.137562,0.000653,7,84
frozen_pretrained_tactile,clean_transfer,lid_twist_force_control,source_matched,0.721088,0.028284,0.103494,0.000874,0.498418,0.001282,0.085818,0.001073,0.115140,0.002150,0.135502,0.002415,7,84
frozen_pretrained_tactile,clean_transfer,lid_twist_force_control,taxel_bias,0.646259,0.047415,0.157841,0.004052,0.481206,0.001224,0.104300,0.001384,0.124523,0.001236,0.141834,0.002754,7,84
frozen_pretrained_tactile,clean_transfer,lid_twist_force_control,texture_aliasing,0.670068,0.034427,0.157050,0.002902,0.486690,0.001311,0.101289,0.000916,0.125651,0.000764,0.138883,0.000617,7,84
frozen_pretrained_tactile,clean_transfer,lid_twist_force_control,transient_shear_spike,0.595238,0.041051,0.171529,0.000941,0.486350,0.001383,0.109864,0.001438,0.129214,0.001115,0.145814,0.000693,7,84
frozen_pretrained_tactile,clean_transfer,peg_in_hole_contact_search,compound_contact_shift,0.574830,0.043119,0.193241,0.000979,0.476933,0.001440,0.116455,0.002505,0.133273,0.000994,0.146717,0.002572,7,84
frozen_pretrained_tactile,clean_transfer,peg_in_hole_contact_search,low_friction,0.649660,0.023805,0.133104,0.000883,0.495300,0.001296,0.097717,0.000674,0.119894,0.000552,0.136248,0.000653,7,84
frozen_pretrained_tactile,clean_transfer,peg_in_hole_contact_search,soft_compliance,0.642857,0.051171,0.138163,0.000912,0.501880,0.001339,0.098002,0.002589,0.120473,0.001192,0.138078,0.002397,7,84
frozen_pretrained_tactile,clean_transfer,peg_in_hole_contact_search,source_matched,0.695578,0.033720,0.100974,0.000903,0.513183,0.001325,0.086508,0.001213,0.117198,0.002831,0.134993,0.000666,7,84
frozen_pretrained_tactile,clean_transfer,peg_in_hole_contact_search,taxel_bias,0.644558,0.054941,0.154514,0.000864,0.487043,0.001267,0.100345,0.001639,0.127902,0.001237,0.139627,0.001917,7,84
frozen_pretrained_tactile,clean_transfer,peg_in_hole_contact_search,texture_aliasing,0.620748,0.024646,0.155791,0.003655,0.487910,0.001354,0.104684,0.000995,0.127835,0.000917,0.139243,0.001907,7,84
frozen_pretrained_tactile,clean_transfer,peg_in_hole_contact_search,transient_shear_spike,0.579932,0.027756,0.167419,0.000970,0.480721,0.001426,0.109080,0.001075,0.127741,0.000860,0.141923,0.000713,7,84
frozen_pretrained_tactile,clean_transfer,slip_limited_grasp,compound_contact_shift,0.561224,0.037218,0.192755,0.000903,0.502704,0.005522,0.114612,0.002454,0.130002,0.000634,0.143477,0.000666,7,84
frozen_pretrained_tactile,clean_transfer,slip_limited_grasp,low_friction,0.673469,0.041944,0.132474,0.000807,0.520855,0.005623,0.094828,0.002910,0.123858,0.000871,0.137482,0.000600,7,84
frozen_pretrained_tactile,clean_transfer,slip_limited_grasp,soft_compliance,0.647959,0.020905,0.138605,0.003715,0.518753,0.001224,0.098690,0.002233,0.123201,0.000269,0.138908,0.002717,7,84
frozen_pretrained_tactile,clean_transfer,slip_limited_grasp,source_matched,0.732993,0.024870,0.102774,0.000826,0.537238,0.001210,0.082855,0.002498,0.119106,0.000695,0.134471,0.002656,7,84
frozen_pretrained_tactile,clean_transfer,slip_limited_grasp,taxel_bias,0.659864,0.045501,0.158315,0.004091,0.521817,0.001152,0.099923,0.001129,0.122394,0.000667,0.140482,0.002503,7,84
frozen_pretrained_tactile,clean_transfer,slip_limited_grasp,texture_aliasing,0.641156,0.027622,0.151445,0.000845,0.515610,0.001239,0.100176,0.000907,0.127095,0.000718,0.142492,0.000627,7,84
frozen_pretrained_tactile,clean_transfer,slip_limited_grasp,transient_shear_spike,0.595238,0.050406,0.171721,0.000893,0.508529,0.001311,0.106755,0.002662,0.127142,0.000862,0.144267,0.002406,7,84
frozen_pretrained_tactile,combined_stress,cable_threading,compound_contact_shift,0.306122,0.020184,0.311812,0.000883,0.486812,0.006043,0.148176,0.000615,0.153555,0.002531,0.164404,0.002624,7,84
frozen_pretrained_tactile,combined_stress,cable_threading,low_friction,0.467687,0.028219,0.249461,0.000787,0.500207,0.001152,0.125982,0.001111,0.143266,0.000873,0.156251,0.000587,7,84
frozen_pretrained_tactile,combined_stress,cable_threading,soft_compliance,0.437075,0.042514,0.259872,0.000816,0.495996,0.001195,0.124888,0.001158,0.144050,0.003103,0.159120,0.000607,7,84
frozen_pretrained_tactile,combined_stress,cable_threading,source_matched,0.556122,0.037663,0.217365,0.003735,0.516776,0.001181,0.113129,0.001145,0.135790,0.000814,0.154412,0.000528,7,84
frozen_pretrained_tactile,combined_stress,cable_threading,taxel_bias,0.442177,0.030732,0.273367,0.000768,0.492724,0.001123,0.129714,0.001268,0.143981,0.000991,0.158884,0.000574,7,84
frozen_pretrained_tactile,combined_stress,cable_threading,texture_aliasing,0.433673,0.042861,0.276520,0.000826,0.493293,0.004407,0.132582,0.001385,0.143505,0.002514,0.157266,0.000613,7,84
frozen_pretrained_tactile,combined_stress,cable_threading,transient_shear_spike,0.350340,0.038394,0.290196,0.000874,0.489858,0.001282,0.141057,0.001273,0.146989,0.001715,0.162803,0.001915,7,84
frozen_pretrained_tactile,combined_stress,cloth_edge_pull,compound_contact_shift,0.301020,0.036616,0.313444,0.000883,0.474942,0.001296,0.150371,0.000702,0.150729,0.002308,0.162255,0.000653,7,84
frozen_pretrained_tactile,combined_stress,cloth_edge_pull,low_friction,0.467687,0.038345,0.249293,0.000787,0.495928,0.001152,0.126669,0.000915,0.143722,0.000687,0.157436,0.000587,7,84
frozen_pretrained_tactile,combined_stress,cloth_edge_pull,soft_compliance,0.457483,0.052387,0.260244,0.000816,0.492527,0.001195,0.125479,0.001730,0.142212,0.002022,0.158390,0.002442,7,84
frozen_pretrained_tactile,combined_stress,cloth_edge_pull,source_matched,0.564626,0.028739,0.214127,0.000807,0.513037,0.001181,0.113537,0.001240,0.136333,0.000975,0.152340,0.002667,7,84
frozen_pretrained_tactile,combined_stress,cloth_edge_pull,taxel_bias,0.420068,0.036616,0.272839,0.000768,0.487905,0.001123,0.130678,0.000724,0.144595,0.000533,0.159822,0.000574,7,84
frozen_pretrained_tactile,combined_stress,cloth_edge_pull,texture_aliasing,0.413265,0.043119,0.277072,0.000826,0.487521,0.001210,0.134332,0.001325,0.143665,0.001011,0.158947,0.000613,7,84
frozen_pretrained_tactile,combined_stress,cloth_edge_pull,transient_shear_spike,0.394558,0.025166,0.291648,0.000874,0.488009,0.001282,0.140737,0.001874,0.146586,0.000743,0.158243,0.000647,7,84
frozen_pretrained_tactile,combined_stress,lid_twist_force_control,compound_contact_shift,0.386054,0.052139,0.311328,0.000960,0.442025,0.001411,0.146937,0.000855,0.151143,0.000590,0.162600,0.000706,7,84
frozen_pretrained_tactile,combined_stress,lid_twist_force_control,low_friction,0.494898,0.038055,0.247126,0.004029,0.468080,0.005562,0.121212,0.000962,0.142856,0.001039,0.154315,0.000552,7,84
frozen_pretrained_tactile,combined_stress,lid_twist_force_control,soft_compliance,0.534014,0.017213,0.256892,0.000893,0.457756,0.001311,0.123598,0.002100,0.140812,0.000851,0.157883,0.002406,7,84
frozen_pretrained_tactile,combined_stress,lid_twist_force_control,source_matched,0.612245,0.034102,0.217459,0.000883,0.470283,0.001296,0.112929,0.002979,0.134192,0.000568,0.151862,0.000653,7,84
frozen_pretrained_tactile,combined_stress,lid_twist_force_control,taxel_bias,0.457483,0.042557,0.277180,0.002922,0.456955,0.006090,0.134529,0.001271,0.144453,0.000902,0.157752,0.000584,7,84
frozen_pretrained_tactile,combined_stress,lid_twist_force_control,texture_aliasing,0.498299,0.048151,0.267036,0.000903,0.460733,0.001325,0.132830,0.001005,0.143373,0.002838,0.159554,0.002401,7,84
frozen_pretrained_tactile,combined_stress,lid_twist_force_control,transient_shear_spike,0.457483,0.039721,0.284210,0.000951,0.449682,0.004330,0.134920,0.001198,0.144993,0.000926,0.162927,0.000699,7,84
frozen_pretrained_tactile,combined_stress,peg_in_hole_contact_search,compound_contact_shift,0.365646,0.039675,0.309330,0.000989,0.456514,0.004308,0.148476,0.000933,0.151618,0.000716,0.161768,0.001886,7,84
frozen_pretrained_tactile,combined_stress,peg_in_hole_contact_search,low_friction,0.528912,0.043162,0.249115,0.000893,0.467967,0.001311,0.121016,0.001981,0.140436,0.000576,0.157372,0.001910,7,84
frozen_pretrained_tactile,combined_stress,peg_in_hole_contact_search,soft_compliance,0.525510,0.025676,0.256484,0.000922,0.466912,0.005997,0.123771,0.000977,0.142133,0.000784,0.159290,0.000680,7,84
frozen_pretrained_tactile,combined_stress,peg_in_hole_contact_search,source_matched,0.586735,0.025820,0.215563,0.000912,0.479779,0.006009,0.110099,0.002017,0.134827,0.000541,0.149958,0.000673,7,84
frozen_pretrained_tactile,combined_stress,peg_in_hole_contact_search,taxel_bias,0.413265,0.026805,0.271047,0.000874,0.457523,0.001282,0.132349,0.000894,0.147174,0.002584,0.159790,0.000647,7,84
frozen_pretrained_tactile,combined_stress,peg_in_hole_contact_search,texture_aliasing,0.471088,0.034854,0.268116,0.000931,0.464402,0.001368,0.128894,0.001249,0.142592,0.000978,0.158555,0.002598,7,84
frozen_pretrained_tactile,combined_stress,peg_in_hole_contact_search,transient_shear_spike,0.375850,0.048266,0.287585,0.003937,0.461938,0.001440,0.137534,0.001402,0.145579,0.001210,0.160078,0.000631,7,84
frozen_pretrained_tactile,combined_stress,slip_limited_grasp,compound_contact_shift,0.411565,0.054092,0.317573,0.000912,0.472150,0.001339,0.146256,0.001736,0.152312,0.001322,0.164877,0.002397,7,84
frozen_pretrained_tactile,combined_stress,slip_limited_grasp,low_friction,0.522109,0.060553,0.245208,0.000816,0.498824,0.001195,0.124521,0.002858,0.141982,0.000962,0.156687,0.000607,7,84
frozen_pretrained_tactile,combined_stress,slip_limited_grasp,soft_compliance,0.527211,0.031269,0.257080,0.004044,0.486513,0.001239,0.125941,0.002303,0.141954,0.000876,0.155989,0.000539,7,84
frozen_pretrained_tactile,combined_stress,slip_limited_grasp,source_matched,0.630952,0.045256,0.214086,0.000835,0.503990,0.001224,0.109618,0.001464,0.137075,0.001303,0.149803,0.000620,7,84
frozen_pretrained_tactile,combined_stress,slip_limited_grasp,taxel_bias,0.488095,0.043801,0.276716,0.000797,0.484735,0.001167,0.130864,0.003272,0.146775,0.002249,0.156553,0.000594,7,84
frozen_pretrained_tactile,combined_stress,slip_limited_grasp,texture_aliasing,0.471088,0.019626,0.269069,0.000855,0.484540,0.001253,0.130238,0.000757,0.147256,0.000621,0.156644,0.001920,7,84
frozen_pretrained_tactile,combined_stress,slip_limited_grasp,transient_shear_spike,0.448980,0.048496,0.290325,0.003668,0.482184,0.001325,0.137276,0.001341,0.148974,0.001262,0.161684,0.000594,7,84
frozen_pretrained_tactile,heldout_geometry,cable_threading,compound_contact_shift,0.362245,0.031740,0.266437,0.000893,0.497970,0.006032,0.139216,0.000801,0.143025,0.002053,0.157511,0.000660,7,84
frozen_pretrained_tactile,heldout_geometry,cable_threading,low_friction,0.491497,0.054058,0.203401,0.003742,0.519888,0.001167,0.113545,0.001407,0.133675,0.000986,0.149701,0.000521,7,84
frozen_pretrained_tactile,heldout_geometry,cable_threading,soft_compliance,0.481293,0.038055,0.211944,0.000826,0.518332,0.001210,0.115221,0.002964,0.138703,0.000682,0.151422,0.002437,7,84
frozen_pretrained_tactile,heldout_geometry,cable_threading,source_matched,0.595238,0.035277,0.178514,0.000816,0.520095,0.001195,0.101762,0.001166,0.127800,0.002362,0.146466,0.002442,7,84
frozen_pretrained_tactile,heldout_geometry,cable_threading,taxel_bias,0.455782,0.035538,0.233665,0.000778,0.510218,0.001138,0.125200,0.001169,0.141606,0.000902,0.151502,0.000580,7,84
frozen_pretrained_tactile,heldout_geometry,cable_threading,texture_aliasing,0.459184,0.059784,0.228682,0.000835,0.514226,0.001224,0.121625,0.001698,0.139015,0.002415,0.152377,0.000620,7,84
frozen_pretrained_tactile,heldout_geometry,cable_threading,transient_shear_spike,0.442177,0.024114,0.245025,0.000883,0.500080,0.001296,0.129665,0.002084,0.138831,0.000737,0.153212,0.000653,7,84
frozen_pretrained_tactile,heldout_geometry,cloth_edge_pull,compound_contact_shift,0.404762,0.041366,0.268552,0.000893,0.486295,0.001311,0.135814,0.003141,0.142937,0.000770,0.158964,0.001910,7,84
frozen_pretrained_tactile,heldout_geometry,cloth_edge_pull,low_friction,0.522109,0.043631,0.202000,0.002942,0.515804,0.001167,0.113463,0.001402,0.133745,0.000999,0.151019,0.000551,7,84
frozen_pretrained_tactile,heldout_geometry,cloth_edge_pull,soft_compliance,0.505102,0.044638,0.212799,0.000826,0.512485,0.004407,0.113608,0.000945,0.138112,0.002257,0.147432,0.000613,7,84
frozen_pretrained_tactile,heldout_geometry,cloth_edge_pull,source_matched,0.593537,0.031564,0.179189,0.000816,0.516551,0.001195,0.102936,0.001246,0.127548,0.000974,0.143496,0.001930,7,84
frozen_pretrained_tactile,heldout_geometry,cloth_edge_pull,taxel_bias,0.474490,0.013878,0.233620,0.000778,0.505594,0.001138,0.124168,0.001783,0.141650,0.000654,0.152611,0.000580,7,84
frozen_pretrained_tactile,heldout_geometry,cloth_edge_pull,texture_aliasing,0.486395,0.038586,0.229717,0.000835,0.508649,0.004401,0.122352,0.000776,0.135052,0.000575,0.154229,0.000620,7,84
frozen_pretrained_tactile,heldout_geometry,cloth_edge_pull,transient_shear_spike,0.474490,0.012910,0.246960,0.000883,0.498426,0.001296,0.125237,0.001879,0.139950,0.000579,0.155684,0.000653,7,84
frozen_pretrained_tactile,heldout_geometry,lid_twist_force_control,compound_contact_shift,0.438776,0.017951,0.267254,0.003944,0.461198,0.001426,0.133856,0.000273,0.141052,0.000404,0.156099,0.000624,7,84
frozen_pretrained_tactile,heldout_geometry,lid_twist_force_control,low_friction,0.571429,0.032998,0.200652,0.002910,0.480340,0.004376,0.111083,0.001121,0.136125,0.001037,0.151550,0.000604,7,84
frozen_pretrained_tactile,heldout_geometry,lid_twist_force_control,soft_compliance,0.557823,0.039907,0.215411,0.000903,0.470098,0.001325,0.114179,0.001446,0.136210,0.001122,0.150691,0.000666,7,84
frozen_pretrained_tactile,heldout_geometry,lid_twist_force_control,source_matched,0.627551,0.030852,0.176479,0.000893,0.481617,0.001311,0.099895,0.001117,0.129294,0.000880,0.144233,0.002406,7,84
frozen_pretrained_tactile,heldout_geometry,lid_twist_force_control,taxel_bias,0.532313,0.023727,0.233634,0.000855,0.474746,0.001253,0.122620,0.001935,0.136781,0.000746,0.154080,0.000633,7,84
frozen_pretrained_tactile,heldout_geometry,lid_twist_force_control,texture_aliasing,0.515306,0.058436,0.225645,0.000912,0.474245,0.001339,0.118394,0.001987,0.135983,0.001516,0.152884,0.000673,7,84
frozen_pretrained_tactile,heldout_geometry,lid_twist_force_control,transient_shear_spike,0.498299,0.032375,0.245486,0.000960,0.465346,0.001411,0.126829,0.002593,0.141562,0.001904,0.156128,0.000706,7,84
frozen_pretrained_tactile,heldout_geometry,peg_in_hole_contact_search,compound_contact_shift,0.445578,0.049591,0.265332,0.003921,0.462407,0.001469,0.135714,0.001485,0.142075,0.001393,0.155158,0.000644,7,84
frozen_pretrained_tactile,heldout_geometry,peg_in_hole_contact_search,low_friction,0.573129,0.066667,0.206146,0.002898,0.479811,0.001325,0.111894,0.001528,0.135323,0.001193,0.148856,0.000624,7,84
frozen_pretrained_tactile,heldout_geometry,peg_in_hole_contact_search,soft_compliance,0.561224,0.024114,0.211648,0.003975,0.473692,0.001368,0.116998,0.000661,0.134923,0.002377,0.150769,0.000598,7,84
frozen_pretrained_tactile,heldout_geometry,peg_in_hole_contact_search,source_matched,0.695578,0.032942,0.176373,0.000922,0.485551,0.004347,0.100472,0.001116,0.129283,0.000876,0.144543,0.002603,7,84
frozen_pretrained_tactile,heldout_geometry,peg_in_hole_contact_search,taxel_bias,0.530612,0.023254,0.227576,0.000883,0.467180,0.001296,0.121520,0.000776,0.136343,0.002768,0.150291,0.001912,7,84
frozen_pretrained_tactile,heldout_geometry,peg_in_hole_contact_search,texture_aliasing,0.505102,0.049329,0.228515,0.000941,0.480071,0.001383,0.123208,0.001880,0.139363,0.001451,0.154100,0.000693,7,84
frozen_pretrained_tactile,heldout_geometry,peg_in_hole_contact_search,transient_shear_spike,0.506803,0.028284,0.243790,0.000989,0.464323,0.001455,0.124244,0.001637,0.140418,0.002831,0.154200,0.000726,7,84
frozen_pretrained_tactile,heldout_geometry,slip_limited_grasp,compound_contact_shift,0.430272,0.044222,0.263113,0.000922,0.486430,0.001354,0.135360,0.003111,0.141743,0.002227,0.158204,0.000680,7,84
frozen_pretrained_tactile,heldout_geometry,slip_limited_grasp,low_friction,0.583333,0.033775,0.202068,0.003722,0.503618,0.001210,0.114051,0.000821,0.133293,0.000520,0.151765,0.000541,7,84
frozen_pretrained_tactile,heldout_geometry,slip_limited_grasp,soft_compliance,0.569728,0.024646,0.213787,0.003701,0.504253,0.006078,0.114817,0.003253,0.134782,0.000365,0.152243,0.000561,7,84
frozen_pretrained_tactile,heldout_geometry,slip_limited_grasp,source_matched,0.625850,0.035590,0.171295,0.002922,0.510431,0.001239,0.100430,0.003324,0.130311,0.000226,0.145620,0.000584,7,84
frozen_pretrained_tactile,heldout_geometry,slip_limited_grasp,taxel_bias,0.523810,0.048572,0.227929,0.000807,0.502778,0.004419,0.122926,0.001210,0.138716,0.000898,0.150534,0.000600,7,84
frozen_pretrained_tactile,heldout_geometry,slip_limited_grasp,texture_aliasing,0.581633,0.040870,0.224152,0.000864,0.493159,0.001267,0.118914,0.001096,0.137093,0.002783,0.152239,0.000640,7,84
frozen_pretrained_tactile,heldout_geometry,slip_limited_grasp,transient_shear_spike,0.501701,0.033555,0.239499,0.000912,0.495528,0.001339,0.127764,0.002441,0.138521,0.002186,0.152389,0.000673,7,84
frozen_pretrained_tactile,heldout_material,cable_threading,compound_contact_shift,0.404762,0.051424,0.250862,0.000893,0.497795,0.001311,0.132085,0.003393,0.140645,0.001006,0.156265,0.000660,7,84
frozen_pretrained_tactile,heldout_material,cable_threading,low_friction,0.520408,0.036616,0.185259,0.000797,0.517141,0.005633,0.111072,0.000964,0.132684,0.000734,0.148397,0.000594,7,84
frozen_pretrained_tactile,heldout_material,cable_threading,soft_compliance,0.537415,0.030307,0.197152,0.000826,0.513012,0.004407,0.110116,0.001017,0.131505,0.002559,0.145618,0.001927,7,84
frozen_pretrained_tactile,heldout_material,cable_threading,source_matched,0.600340,0.039721,0.155605,0.003728,0.530211,0.001195,0.099408,0.001054,0.126093,0.001116,0.140484,0.001980,7,84
frozen_pretrained_tactile,heldout_material,cable_threading,taxel_bias,0.498299,0.036868,0.213511,0.004099,0.515189,0.005653,0.116469,0.003063,0.134653,0.002739,0.150155,0.000493,7,84
frozen_pretrained_tactile,heldout_material,cable_threading,texture_aliasing,0.476190,0.051171,0.213620,0.000835,0.508906,0.004401,0.119757,0.000892,0.133664,0.000616,0.151141,0.000620,7,84
frozen_pretrained_tactile,heldout_material,cable_threading,transient_shear_spike,0.452381,0.052175,0.229774,0.000883,0.510196,0.001296,0.122231,0.002276,0.138176,0.000942,0.151973,0.000653,7,84
frozen_pretrained_tactile,heldout_material,cloth_edge_pull,compound_contact_shift,0.469388,0.028739,0.253149,0.000893,0.496367,0.001311,0.129292,0.001244,0.141329,0.000984,0.154313,0.002619,7,84
frozen_pretrained_tactile,heldout_material,cloth_edge_pull,low_friction,0.564626,0.040046,0.185746,0.000797,0.510440,0.004425,0.110839,0.001134,0.132534,0.000862,0.147493,0.002451,7,84
frozen_pretrained_tactile,heldout_material,cloth_edge_pull,soft_compliance,0.542517,0.023254,0.198179,0.000826,0.507121,0.001210,0.111275,0.000803,0.130132,0.000646,0.146230,0.000613,7,84
frozen_pretrained_tactile,heldout_material,cloth_edge_pull,source_matched,0.641156,0.027148,0.153022,0.000816,0.526623,0.001195,0.099193,0.001188,0.126245,0.000938,0.140896,0.000607,7,84
frozen_pretrained_tactile,heldout_material,cloth_edge_pull,taxel_bias,0.523810,0.032203,0.211924,0.004099,0.510521,0.005653,0.113969,0.000614,0.132313,0.000550,0.151252,0.000493,7,84
frozen_pretrained_tactile,heldout_material,cloth_edge_pull,texture_aliasing,0.508503,0.059098,0.211397,0.003715,0.503285,0.001224,0.120031,0.001236,0.134209,0.001057,0.150658,0.002527,7,84
frozen_pretrained_tactile,heldout_material,cloth_edge_pull,transient_shear_spike,0.501701,0.047062,0.225021,0.004013,0.508498,0.001296,0.121284,0.001300,0.139015,0.001168,0.153177,0.001927,7,84
frozen_pretrained_tactile,heldout_material,lid_twist_force_control,compound_contact_shift,0.486395,0.042120,0.245358,0.000970,0.460887,0.005939,0.130540,0.001383,0.139804,0.001070,0.154786,0.000713,7,84
frozen_pretrained_tactile,heldout_material,lid_twist_force_control,low_friction,0.624150,0.044928,0.184765,0.000874,0.474884,0.001282,0.108241,0.001496,0.129067,0.002180,0.145795,0.002629,7,84
frozen_pretrained_tactile,heldout_material,lid_twist_force_control,soft_compliance,0.596939,0.040231,0.190867,0.002898,0.480078,0.001325,0.110811,0.000843,0.132827,0.002686,0.149319,0.000624,7,84
frozen_pretrained_tactile,heldout_material,lid_twist_force_control,source_matched,0.690476,0.027889,0.155824,0.004006,0.491597,0.001311,0.096321,0.000720,0.127771,0.000683,0.140660,0.000572,7,84
frozen_pretrained_tactile,heldout_material,lid_twist_force_control,taxel_bias,0.547619,0.041988,0.208874,0.002918,0.466717,0.001253,0.112965,0.001249,0.136114,0.001102,0.151559,0.001921,7,84
frozen_pretrained_tactile,heldout_material,lid_twist_force_control,texture_aliasing,0.561224,0.053748,0.211122,0.000912,0.468789,0.004353,0.115858,0.001598,0.134765,0.001210,0.151732,0.000673,7,84
frozen_pretrained_tactile,heldout_material,lid_twist_force_control,transient_shear_spike,0.515306,0.045175,0.225628,0.003952,0.472753,0.004325,0.119908,0.001277,0.134004,0.001127,0.152573,0.002442,7,84
frozen_pretrained_tactile,heldout_material,peg_in_hole_contact_search,compound_contact_shift,0.460884,0.029123,0.245323,0.000999,0.472343,0.001469,0.132251,0.001727,0.141434,0.000739,0.153909,0.000733,7,84
frozen_pretrained_tactile,heldout_material,peg_in_hole_contact_search,low_friction,0.603741,0.043716,0.181856,0.000903,0.489747,0.001325,0.108764,0.001390,0.130976,0.002957,0.147513,0.000666,7,84
frozen_pretrained_tactile,heldout_material,peg_in_hole_contact_search,soft_compliance,0.598639,0.049291,0.190707,0.000931,0.483628,0.001368,0.108316,0.002511,0.129310,0.001162,0.149499,0.000686,7,84
frozen_pretrained_tactile,heldout_material,peg_in_hole_contact_search,source_matched,0.630952,0.051676,0.154177,0.003655,0.492915,0.001354,0.099932,0.001556,0.126650,0.002508,0.139816,0.000607,7,84
frozen_pretrained_tactile,heldout_material,peg_in_hole_contact_search,taxel_bias,0.537415,0.044222,0.213280,0.000883,0.477116,0.001296,0.117698,0.002502,0.133568,0.000964,0.148024,0.000653,7,84
frozen_pretrained_tactile,heldout_material,peg_in_hole_contact_search,texture_aliasing,0.556122,0.021430,0.209020,0.003967,0.474571,0.004336,0.117760,0.002657,0.133506,0.002436,0.149432,0.002696,7,84
frozen_pretrained_tactile,heldout_material,peg_in_hole_contact_search,transient_shear_spike,0.501701,0.042731,0.225821,0.003609,0.474259,0.001455,0.121496,0.001255,0.134427,0.001167,0.152996,0.000653,7,84
frozen_pretrained_tactile,heldout_material,slip_limited_grasp,compound_contact_shift,0.474490,0.035066,0.247947,0.000922,0.496443,0.001354,0.128228,0.001079,0.139394,0.000841,0.157021,0.000680,7,84
frozen_pretrained_tactile,heldout_material,slip_limited_grasp,low_friction,0.617347,0.054941,0.184336,0.000826,0.513631,0.001210,0.105775,0.002944,0.132270,0.001188,0.145952,0.002656,7,84
frozen_pretrained_tactile,heldout_material,slip_limited_grasp,soft_compliance,0.619048,0.026943,0.190829,0.000855,0.503975,0.001253,0.106779,0.000995,0.133484,0.000790,0.148602,0.002424,7,84
frozen_pretrained_tactile,heldout_material,slip_limited_grasp,source_matched,0.653061,0.045947,0.155656,0.000845,0.520444,0.001239,0.095963,0.001172,0.127124,0.002807,0.144427,0.000627,7,84
frozen_pretrained_tactile,heldout_material,slip_limited_grasp,taxel_bias,0.559524,0.034907,0.213330,0.000807,0.497355,0.001181,0.114920,0.002479,0.136520,0.002263,0.149364,0.000600,7,84
frozen_pretrained_tactile,heldout_material,slip_limited_grasp,texture_aliasing,0.528912,0.030062,0.209499,0.000864,0.503172,0.001267,0.118831,0.001098,0.131914,0.000864,0.151068,0.000640,7,84
frozen_pretrained_tactile,heldout_material,slip_limited_grasp,transient_shear_spike,0.511905,0.068503,0.224657,0.000912,0.502968,0.004353,0.120372,0.003401,0.135640,0.001118,0.151213,0.000673,7,84
frozen_pretrained_tactile,heldout_object,cable_threading,compound_contact_shift,0.448980,0.052845,0.223702,0.002910,0.505605,0.006055,0.124622,0.001243,0.139770,0.001017,0.150719,0.000604,7,84
frozen_pretrained_tactile,heldout_object,cable_threading,low_friction,0.581633,0.066277,0.170088,0.000778,0.531059,0.001138,0.103666,0.003473,0.127357,0.003233,0.143544,0.000580,7,84
frozen_pretrained_tactile,heldout_object,cable_threading,soft_compliance,0.542517,0.044347,0.176627,0.002938,0.524193,0.001181,0.105792,0.001469,0.127115,0.001083,0.145147,0.000558,7,84
frozen_pretrained_tactile,heldout_object,cable_threading,source_matched,0.641156,0.063683,0.135270,0.000797,0.527972,0.001167,0.095106,0.001470,0.124243,0.001063,0.140914,0.000594,7,84
frozen_pretrained_tactile,heldout_object,cable_threading,taxel_bias,0.552721,0.025892,0.194033,0.000759,0.520618,0.005674,0.113033,0.000454,0.133679,0.000358,0.147150,0.000567,7,84
frozen_pretrained_tactile,heldout_object,cable_threading,texture_aliasing,0.517007,0.040689,0.189490,0.003728,0.517747,0.001195,0.113140,0.001329,0.129878,0.001247,0.144977,0.002470,7,84
frozen_pretrained_tactile,heldout_object,cable_threading,transient_shear_spike,0.500000,0.041988,0.202543,0.000864,0.512160,0.001267,0.117794,0.001452,0.133498,0.002494,0.147258,0.000640,7,84
frozen_pretrained_tactile,heldout_object,cloth_edge_pull,compound_contact_shift,0.486395,0.025166,0.224087,0.000874,0.495876,0.001282,0.125509,0.000748,0.137299,0.002873,0.153083,0.000647,7,84
frozen_pretrained_tactile,heldout_object,cloth_edge_pull,low_friction,0.590136,0.028284,0.166958,0.003755,0.526348,0.001138,0.101438,0.002300,0.126492,0.002766,0.144630,0.000508,7,84
frozen_pretrained_tactile,heldout_object,cloth_edge_pull,soft_compliance,0.566327,0.036667,0.172322,0.004076,0.520292,0.001181,0.105710,0.000723,0.127478,0.000564,0.146568,0.000512,7,84
frozen_pretrained_tactile,heldout_object,cloth_edge_pull,source_matched,0.666667,0.041678,0.135930,0.000797,0.523801,0.001167,0.095358,0.001347,0.124456,0.001031,0.141180,0.001935,7,84
frozen_pretrained_tactile,heldout_object,cloth_edge_pull,taxel_bias,0.561224,0.040552,0.193973,0.000759,0.515366,0.005674,0.113159,0.000574,0.133718,0.000378,0.148064,0.000567,7,84
frozen_pretrained_tactile,heldout_object,cloth_edge_pull,texture_aliasing,0.532313,0.035538,0.187080,0.004068,0.514116,0.001195,0.113580,0.000734,0.130514,0.000447,0.144273,0.000519,7,84
frozen_pretrained_tactile,heldout_object,cloth_edge_pull,transient_shear_spike,0.503401,0.036616,0.204463,0.000864,0.509879,0.001267,0.119565,0.001075,0.131519,0.000830,0.149535,0.000640,7,84
frozen_pretrained_tactile,heldout_object,lid_twist_force_control,compound_contact_shift,0.535714,0.034534,0.230031,0.000951,0.472637,0.001397,0.125943,0.002806,0.137298,0.002729,0.150240,0.000699,7,84
frozen_pretrained_tactile,heldout_object,lid_twist_force_control,low_friction,0.637755,0.047726,0.164275,0.004037,0.482452,0.005572,0.101018,0.002697,0.127632,0.000985,0.144994,0.001936,7,84
frozen_pretrained_tactile,heldout_object,lid_twist_force_control,soft_compliance,0.668367,0.047336,0.171884,0.000883,0.477190,0.001296,0.105651,0.001344,0.124561,0.001018,0.142761,0.000653,7,84
frozen_pretrained_tactile,heldout_object,lid_twist_force_control,source_matched,0.670068,0.029565,0.135316,0.000874,0.490725,0.001282,0.094200,0.000800,0.119767,0.000632,0.139538,0.002629,7,84
frozen_pretrained_tactile,heldout_object,lid_twist_force_control,taxel_bias,0.569728,0.045664,0.190937,0.004052,0.473513,0.001224,0.113447,0.001131,0.130753,0.000724,0.147042,0.002754,7,84
frozen_pretrained_tactile,heldout_object,lid_twist_force_control,texture_aliasing,0.615646,0.039347,0.188533,0.003675,0.478997,0.001311,0.109722,0.000996,0.131482,0.000968,0.144055,0.000587,7,84
frozen_pretrained_tactile,heldout_object,lid_twist_force_control,transient_shear_spike,0.561224,0.049740,0.205085,0.000941,0.478657,0.001383,0.117994,0.001391,0.134678,0.001054,0.149888,0.001898,7,84
frozen_pretrained_tactile,heldout_object,peg_in_hole_contact_search,compound_contact_shift,0.517007,0.025892,0.227193,0.000979,0.469295,0.001440,0.125220,0.002509,0.137990,0.001931,0.150771,0.002572,7,84
frozen_pretrained_tactile,heldout_object,peg_in_hole_contact_search,low_friction,0.607143,0.038442,0.165424,0.000883,0.487662,0.001296,0.104792,0.002151,0.125479,0.000593,0.141410,0.000653,7,84
frozen_pretrained_tactile,heldout_object,peg_in_hole_contact_search,soft_compliance,0.619048,0.035642,0.170636,0.000912,0.494242,0.001339,0.105769,0.002297,0.125721,0.001080,0.142100,0.001905,7,84
frozen_pretrained_tactile,heldout_object,peg_in_hole_contact_search,source_matched,0.732993,0.025892,0.132580,0.000903,0.505545,0.001325,0.092657,0.000919,0.120201,0.002668,0.140140,0.000666,7,84
frozen_pretrained_tactile,heldout_object,peg_in_hole_contact_search,taxel_bias,0.573129,0.053748,0.187395,0.000864,0.479405,0.001267,0.109343,0.001473,0.134008,0.001104,0.143657,0.000640,7,84
frozen_pretrained_tactile,heldout_object,peg_in_hole_contact_search,texture_aliasing,0.554422,0.040046,0.187058,0.003983,0.480272,0.001354,0.113393,0.001354,0.132705,0.001714,0.143238,0.000591,7,84
frozen_pretrained_tactile,heldout_object,peg_in_hole_contact_search,transient_shear_spike,0.583333,0.027889,0.200759,0.000970,0.473083,0.001426,0.116253,0.000835,0.132500,0.000674,0.147107,0.000713,7,84
frozen_pretrained_tactile,heldout_object,slip_limited_grasp,compound_contact_shift,0.511905,0.032998,0.227084,0.000903,0.492398,0.004359,0.123202,0.001661,0.135766,0.001068,0.148733,0.000666,7,84
frozen_pretrained_tactile,heldout_object,slip_limited_grasp,low_friction,0.647959,0.036667,0.165171,0.000807,0.510549,0.004419,0.101516,0.002982,0.129193,0.000488,0.142703,0.000600,7,84
frozen_pretrained_tactile,heldout_object,slip_limited_grasp,soft_compliance,0.620748,0.024114,0.169741,0.002926,0.511019,0.001224,0.106408,0.002316,0.128567,0.000559,0.142950,0.002479,7,84
frozen_pretrained_tactile,heldout_object,slip_limited_grasp,source_matched,0.695578,0.063770,0.134757,0.000826,0.529504,0.001210,0.089770,0.003351,0.124656,0.001176,0.139676,0.002656,7,84
frozen_pretrained_tactile,heldout_object,slip_limited_grasp,taxel_bias,0.585034,0.031972,0.189858,0.004091,0.514083,0.001152,0.108872,0.000891,0.128617,0.000714,0.144534,0.001970,7,84
frozen_pretrained_tactile,heldout_object,slip_limited_grasp,texture_aliasing,0.619048,0.043801,0.184805,0.000845,0.507876,0.001239,0.107988,0.001420,0.132369,0.001088,0.147727,0.000627,7,84
frozen_pretrained_tactile,heldout_object,slip_limited_grasp,transient_shear_spike,0.540816,0.044638,0.205438,0.000893,0.500795,0.001311,0.114267,0.001548,0.132997,0.001192,0.148367,0.002619,7,84
full_finetune_pretrained,clean_transfer,cable_threading,compound_contact_shift,0.561224,0.054229,0.155498,0.000864,0.550441,0.001267,0.105587,0.001638,0.152730,0.001239,0.130065,0.000640,7,84
full_finetune_pretrained,clean_transfer,cable_threading,low_friction,0.641156,0.018659,0.108632,0.003762,0.567372,0.006184,0.083980,0.003375,0.146625,0.003003,0.119250,0.000502,7,84
full_finetune_pretrained,clean_transfer,cable_threading,soft_compliance,0.629252,0.032773,0.116702,0.000797,0.565569,0.001167,0.083255,0.001109,0.147000,0.002660,0.120851,0.001935,7,84
full_finetune_pretrained,clean_transfer,cable_threading,source_matched,0.685374,0.053368,0.082948,0.000787,0.570356,0.001152,0.074840,0.001586,0.141911,0.001194,0.116089,0.000587,7,84
full_finetune_pretrained,clean_transfer,cable_threading,taxel_bias,0.603741,0.047140,0.128063,0.003776,0.553972,0.001095,0.092937,0.000932,0.152929,0.000684,0.123729,0.000489,7,84
full_finetune_pretrained,clean_transfer,cable_threading,texture_aliasing,0.591837,0.045175,0.127285,0.000807,0.557953,0.001181,0.090153,0.001269,0.148314,0.002316,0.124684,0.000600,7,84
full_finetune_pretrained,clean_transfer,cable_threading,transient_shear_spike,0.562925,0.031269,0.136879,0.004037,0.550214,0.004388,0.097233,0.003526,0.152335,0.000411,0.127075,0.000545,7,84
full_finetune_pretrained,clean_transfer,cloth_edge_pull,compound_contact_shift,0.559524,0.043205,0.157634,0.000864,0.548105,0.001267,0.105220,0.001812,0.154305,0.001293,0.131233,0.001917,7,84
full_finetune_pretrained,clean_transfer,cloth_edge_pull,low_friction,0.688776,0.031564,0.108968,0.003762,0.562336,0.006184,0.082144,0.003077,0.143825,0.002970,0.120321,0.000502,7,84
full_finetune_pretrained,clean_transfer,cloth_edge_pull,soft_compliance,0.612245,0.020276,0.115863,0.002942,0.561343,0.001167,0.084420,0.000842,0.145723,0.002052,0.121113,0.000551,7,84
full_finetune_pretrained,clean_transfer,cloth_edge_pull,source_matched,0.698980,0.033278,0.083644,0.000787,0.565860,0.001152,0.075274,0.001169,0.142250,0.000907,0.117408,0.000587,7,84
full_finetune_pretrained,clean_transfer,cloth_edge_pull,taxel_bias,0.629252,0.016443,0.128039,0.003776,0.548396,0.001095,0.092521,0.000478,0.151430,0.002197,0.124553,0.000489,7,84
full_finetune_pretrained,clean_transfer,cloth_edge_pull,texture_aliasing,0.625850,0.026387,0.128341,0.000807,0.553997,0.001181,0.090352,0.000992,0.146239,0.000784,0.126251,0.000600,7,84
full_finetune_pretrained,clean_transfer,cloth_edge_pull,transient_shear_spike,0.574830,0.030852,0.131975,0.000855,0.545035,0.001253,0.093415,0.001214,0.153545,0.000953,0.129111,0.000633,7,84
full_finetune_pretrained,clean_transfer,lid_twist_force_control,compound_contact_shift,0.617347,0.062657,0.156999,0.002883,0.509050,0.005974,0.103523,0.002546,0.154101,0.002569,0.128189,0.002395,7,84
full_finetune_pretrained,clean_transfer,lid_twist_force_control,low_friction,0.704082,0.026667,0.108282,0.000845,0.530923,0.001239,0.082614,0.001041,0.142067,0.000825,0.119530,0.001922,7,84
full_finetune_pretrained,clean_transfer,lid_twist_force_control,soft_compliance,0.673469,0.044638,0.115707,0.002910,0.528152,0.001282,0.083005,0.002020,0.146922,0.001253,0.121830,0.000604,7,84
full_finetune_pretrained,clean_transfer,lid_twist_force_control,source_matched,0.755102,0.038730,0.085027,0.004029,0.537550,0.005562,0.070593,0.001768,0.141136,0.000744,0.116897,0.002466,7,84
full_finetune_pretrained,clean_transfer,lid_twist_force_control,taxel_bias,0.687075,0.019532,0.128715,0.000826,0.516453,0.005603,0.088399,0.000677,0.146384,0.002229,0.123556,0.000613,7,84
full_finetune_pretrained,clean_transfer,lid_twist_force_control,texture_aliasing,0.664966,0.037908,0.121501,0.000883,0.518498,0.006043,0.091226,0.000939,0.147953,0.002846,0.122365,0.000653,7,84
full_finetune_pretrained,clean_transfer,lid_twist_force_control,transient_shear_spike,0.613946,0.039063,0.139739,0.000931,0.516006,0.005985,0.097481,0.000969,0.153561,0.000742,0.127278,0.000686,7,84
full_finetune_pretrained,clean_transfer,peg_in_hole_contact_search,compound_contact_shift,0.622449,0.034427,0.154604,0.000970,0.511139,0.001426,0.104687,0.001426,0.155692,0.001122,0.130053,0.000713,7,84
full_finetune_pretrained,clean_transfer,peg_in_hole_contact_search,low_friction,0.651361,0.035172,0.106444,0.004021,0.533847,0.005552,0.081076,0.000781,0.147356,0.000748,0.120634,0.000558,7,84
full_finetune_pretrained,clean_transfer,peg_in_hole_contact_search,soft_compliance,0.714286,0.044969,0.114902,0.000903,0.524908,0.001325,0.081065,0.001464,0.145499,0.001124,0.121359,0.002401,7,84
full_finetune_pretrained,clean_transfer,peg_in_hole_contact_search,source_matched,0.732993,0.037019,0.086164,0.000893,0.537219,0.001311,0.072858,0.002159,0.139854,0.001117,0.118908,0.000660,7,84
full_finetune_pretrained,clean_transfer,peg_in_hole_contact_search,taxel_bias,0.644558,0.047610,0.130761,0.000855,0.525204,0.006078,0.093014,0.001446,0.148362,0.001099,0.123905,0.000633,7,84
full_finetune_pretrained,clean_transfer,peg_in_hole_contact_search,texture_aliasing,0.658163,0.043119,0.120469,0.000912,0.527777,0.001339,0.092589,0.000761,0.147236,0.002815,0.124025,0.002608,7,84
full_finetune_pretrained,clean_transfer,peg_in_hole_contact_search,transient_shear_spike,0.642857,0.041051,0.134141,0.000960,0.515863,0.001411,0.094451,0.000819,0.150301,0.000615,0.125793,0.002582,7,84
full_finetune_pretrained,clean_transfer,slip_limited_grasp,compound_contact_shift,0.634354,0.029565,0.155476,0.003675,0.538947,0.001311,0.100961,0.000751,0.155154,0.000482,0.126604,0.000587,7,84
full_finetune_pretrained,clean_transfer,slip_limited_grasp,low_friction,0.697279,0.037019,0.105456,0.000797,0.553720,0.005633,0.084222,0.001447,0.146109,0.001122,0.122765,0.002451,7,84
full_finetune_pretrained,clean_transfer,slip_limited_grasp,soft_compliance,0.693878,0.032886,0.116702,0.000826,0.548963,0.001210,0.084575,0.001003,0.143874,0.000778,0.121979,0.000613,7,84
full_finetune_pretrained,clean_transfer,slip_limited_grasp,source_matched,0.726190,0.030123,0.080746,0.000816,0.568456,0.001195,0.075068,0.001284,0.141177,0.001008,0.116844,0.000607,7,84
full_finetune_pretrained,clean_transfer,slip_limited_grasp,taxel_bias,0.666667,0.030551,0.125629,0.004099,0.551724,0.005653,0.086716,0.000652,0.145924,0.000467,0.126612,0.000493,7,84
full_finetune_pretrained,clean_transfer,slip_limited_grasp,texture_aliasing,0.671769,0.025892,0.124341,0.004052,0.544650,0.001224,0.092264,0.000727,0.147524,0.000508,0.123786,0.002724,7,84
full_finetune_pretrained,clean_transfer,slip_limited_grasp,transient_shear_spike,0.634354,0.038006,0.134655,0.003681,0.550853,0.001296,0.094391,0.001201,0.153322,0.001027,0.126672,0.002670,7,84
full_finetune_pretrained,combined_stress,cable_threading,compound_contact_shift,0.382653,0.031972,0.250573,0.000874,0.520087,0.001282,0.133012,0.001319,0.173896,0.000883,0.145686,0.002415,7,84
full_finetune_pretrained,combined_stress,cable_threading,low_friction,0.482993,0.058246,0.195053,0.000778,0.535250,0.001138,0.110387,0.001788,0.166638,0.001346,0.136182,0.000580,7,84
full_finetune_pretrained,combined_stress,cable_threading,soft_compliance,0.496599,0.058878,0.202003,0.000807,0.528384,0.001181,0.112379,0.003014,0.168877,0.001169,0.137794,0.000600,7,84
full_finetune_pretrained,combined_stress,cable_threading,source_matched,0.545918,0.024646,0.171378,0.004083,0.550172,0.001167,0.098282,0.000740,0.158889,0.000769,0.133797,0.000506,7,84
full_finetune_pretrained,combined_stress,cable_threading,taxel_bias,0.467687,0.039016,0.215006,0.000759,0.529954,0.001109,0.114440,0.001211,0.168142,0.000925,0.139701,0.000567,7,84
full_finetune_pretrained,combined_stress,cable_threading,texture_aliasing,0.433673,0.018257,0.215166,0.000816,0.529656,0.006125,0.116118,0.002124,0.172314,0.000376,0.143348,0.000607,7,84
full_finetune_pretrained,combined_stress,cable_threading,transient_shear_spike,0.433673,0.046348,0.229170,0.004029,0.526642,0.006067,0.120443,0.002777,0.172198,0.000866,0.143362,0.002708,7,84
full_finetune_pretrained,combined_stress,cloth_edge_pull,compound_contact_shift,0.406463,0.031151,0.250527,0.002910,0.518238,0.001282,0.128479,0.002227,0.175004,0.001018,0.145667,0.000604,7,84
full_finetune_pretrained,combined_stress,cloth_edge_pull,low_friction,0.505102,0.032546,0.194923,0.000778,0.530701,0.001138,0.110405,0.000931,0.166576,0.000718,0.137247,0.000580,7,84
full_finetune_pretrained,combined_stress,cloth_edge_pull,soft_compliance,0.498299,0.050516,0.202413,0.000807,0.524645,0.001181,0.109891,0.002911,0.168399,0.002292,0.139232,0.000600,7,84
full_finetune_pretrained,combined_stress,cloth_edge_pull,source_matched,0.596939,0.032375,0.168176,0.003742,0.546163,0.001167,0.097510,0.001007,0.158547,0.000864,0.135035,0.000521,7,84
full_finetune_pretrained,combined_stress,cloth_edge_pull,taxel_bias,0.477891,0.046228,0.214515,0.000759,0.524865,0.001109,0.114480,0.001307,0.168054,0.000983,0.140519,0.000567,7,84
full_finetune_pretrained,combined_stress,cloth_edge_pull,texture_aliasing,0.489796,0.024114,0.215755,0.000816,0.521042,0.004413,0.114695,0.000759,0.168689,0.002808,0.142623,0.002442,7,84
full_finetune_pretrained,combined_stress,cloth_edge_pull,transient_shear_spike,0.467687,0.035172,0.223799,0.000864,0.516805,0.004382,0.119576,0.000988,0.173002,0.000764,0.141963,0.000640,7,84
full_finetune_pretrained,combined_stress,lid_twist_force_control,compound_contact_shift,0.460884,0.020184,0.245263,0.000951,0.477338,0.001397,0.128808,0.001166,0.173564,0.000942,0.145824,0.002587,7,84
full_finetune_pretrained,combined_stress,lid_twist_force_control,low_friction,0.539116,0.030000,0.194754,0.000855,0.500016,0.001253,0.109433,0.000871,0.162040,0.000684,0.138627,0.000633,7,84
full_finetune_pretrained,combined_stress,lid_twist_force_control,soft_compliance,0.568027,0.017427,0.199343,0.004013,0.499900,0.001296,0.108090,0.000601,0.167004,0.000715,0.139758,0.002697,7,84
full_finetune_pretrained,combined_stress,lid_twist_force_control,source_matched,0.637755,0.020905,0.168361,0.004021,0.510862,0.004376,0.095496,0.000615,0.160984,0.000804,0.135514,0.000558,7,84
full_finetune_pretrained,combined_stress,lid_twist_force_control,taxel_bias,0.523810,0.031388,0.215709,0.000835,0.496223,0.001224,0.114256,0.000682,0.167642,0.003070,0.142836,0.000620,7,84
full_finetune_pretrained,combined_stress,lid_twist_force_control,texture_aliasing,0.513605,0.036868,0.212862,0.000893,0.488843,0.005532,0.116464,0.002917,0.165951,0.000836,0.143270,0.001910,7,84
full_finetune_pretrained,combined_stress,lid_twist_force_control,transient_shear_spike,0.498299,0.064089,0.223504,0.000941,0.483358,0.001383,0.118593,0.001607,0.168443,0.001186,0.143255,0.000693,7,84
full_finetune_pretrained,combined_stress,peg_in_hole_contact_search,compound_contact_shift,0.406463,0.030732,0.241995,0.000979,0.487022,0.005443,0.130078,0.000956,0.173660,0.000761,0.147403,0.000719,7,84
full_finetune_pretrained,combined_stress,peg_in_hole_contact_search,low_friction,0.569728,0.035798,0.190326,0.002906,0.507962,0.004371,0.106545,0.000753,0.166693,0.000722,0.139408,0.002422,7,84
full_finetune_pretrained,combined_stress,peg_in_hole_contact_search,soft_compliance,0.547619,0.032998,0.201095,0.003662,0.499105,0.001339,0.110071,0.000986,0.167547,0.000762,0.141363,0.000600,7,84
full_finetune_pretrained,combined_stress,peg_in_hole_contact_search,source_matched,0.598639,0.024267,0.172055,0.000903,0.510408,0.001325,0.097147,0.000621,0.160872,0.000513,0.132740,0.000666,7,84
full_finetune_pretrained,combined_stress,peg_in_hole_contact_search,taxel_bias,0.528912,0.028739,0.218596,0.000864,0.502277,0.001267,0.116470,0.002112,0.167340,0.000898,0.144080,0.000640,7,84
full_finetune_pretrained,combined_stress,peg_in_hole_contact_search,texture_aliasing,0.515306,0.033278,0.212671,0.000922,0.500572,0.004347,0.114116,0.001216,0.167088,0.000955,0.143538,0.000680,7,84
full_finetune_pretrained,combined_stress,peg_in_hole_contact_search,transient_shear_spike,0.481293,0.044638,0.227323,0.003622,0.495955,0.001426,0.118644,0.001144,0.169160,0.002431,0.142855,0.002622,7,84
full_finetune_pretrained,combined_stress,slip_limited_grasp,compound_contact_shift,0.457483,0.044347,0.242641,0.000903,0.512413,0.001325,0.130163,0.001323,0.174023,0.002333,0.148963,0.000666,7,84
full_finetune_pretrained,combined_stress,slip_limited_grasp,low_friction,0.566327,0.025892,0.190828,0.002938,0.530564,0.001181,0.107881,0.000903,0.163366,0.000762,0.137438,0.002493,7,84
full_finetune_pretrained,combined_stress,slip_limited_grasp,soft_compliance,0.527211,0.034427,0.202669,0.000835,0.528461,0.005592,0.110367,0.000949,0.162954,0.000732,0.141276,0.000620,7,84
full_finetune_pretrained,combined_stress,slip_limited_grasp,source_matched,0.664966,0.030732,0.169841,0.004060,0.534083,0.001210,0.098088,0.000893,0.157911,0.000906,0.135761,0.000526,7,84
full_finetune_pretrained,combined_stress,slip_limited_grasp,taxel_bias,0.552721,0.035953,0.216668,0.000787,0.518662,0.001152,0.116405,0.002567,0.169907,0.000693,0.143867,0.000587,7,84
full_finetune_pretrained,combined_stress,slip_limited_grasp,texture_aliasing,0.544218,0.039675,0.216318,0.002922,0.520173,0.006090,0.118198,0.001337,0.166420,0.000994,0.140304,0.000584,7,84
full_finetune_pretrained,combined_stress,slip_limited_grasp,transient_shear_spike,0.522109,0.042426,0.224181,0.000893,0.520810,0.004365,0.121797,0.000828,0.168325,0.002953,0.144093,0.000660,7,84
full_finetune_pretrained,heldout_geometry,cable_threading,compound_contact_shift,0.411565,0.024870,0.215429,0.000883,0.530129,0.001296,0.120685,0.002511,0.167934,0.000810,0.140809,0.000653,7,84
full_finetune_pretrained,heldout_geometry,cable_threading,low_friction,0.520408,0.041899,0.162654,0.004091,0.553815,0.001152,0.098479,0.001223,0.156307,0.001060,0.129436,0.000499,7,84
full_finetune_pretrained,heldout_geometry,cable_threading,soft_compliance,0.520408,0.051352,0.164306,0.000816,0.549604,0.001195,0.103748,0.001652,0.159971,0.001255,0.132112,0.000607,7,84
full_finetune_pretrained,heldout_geometry,cable_threading,source_matched,0.622449,0.053817,0.139327,0.000807,0.552375,0.001181,0.088450,0.003153,0.155447,0.002616,0.127791,0.000600,7,84
full_finetune_pretrained,heldout_geometry,cable_threading,taxel_bias,0.484694,0.038682,0.185535,0.000768,0.546332,0.001123,0.110368,0.000920,0.165210,0.000689,0.135478,0.002688,7,84
full_finetune_pretrained,heldout_geometry,cable_threading,texture_aliasing,0.498299,0.037908,0.177558,0.000826,0.544328,0.001210,0.108140,0.003051,0.163193,0.000881,0.137045,0.001927,7,84
full_finetune_pretrained,heldout_geometry,cable_threading,transient_shear_spike,0.484694,0.012172,0.192515,0.004021,0.543466,0.001282,0.110426,0.000594,0.165422,0.000714,0.136893,0.000558,7,84
full_finetune_pretrained,heldout_geometry,cloth_edge_pull,compound_contact_shift,0.459184,0.074461,0.212359,0.004013,0.528475,0.001296,0.118804,0.002095,0.168778,0.001609,0.142027,0.001942,7,84
full_finetune_pretrained,heldout_geometry,cloth_edge_pull,low_friction,0.574830,0.023727,0.159499,0.003749,0.549461,0.001152,0.097507,0.000549,0.155828,0.000600,0.130596,0.000515,7,84
full_finetune_pretrained,heldout_geometry,cloth_edge_pull,soft_compliance,0.552721,0.034854,0.165121,0.000816,0.546060,0.001195,0.102943,0.002394,0.160250,0.000731,0.133720,0.000607,7,84
full_finetune_pretrained,heldout_geometry,cloth_edge_pull,source_matched,0.602041,0.042861,0.139962,0.000807,0.548561,0.001181,0.087681,0.001428,0.153125,0.002688,0.129274,0.000600,7,84
full_finetune_pretrained,heldout_geometry,cloth_edge_pull,taxel_bias,0.532313,0.045175,0.185450,0.000768,0.541438,0.001123,0.109633,0.001342,0.164614,0.001016,0.133035,0.000574,7,84
full_finetune_pretrained,heldout_geometry,cloth_edge_pull,texture_aliasing,0.484694,0.034427,0.178554,0.000826,0.541054,0.001210,0.106333,0.002541,0.164419,0.000649,0.133058,0.001927,7,84
full_finetune_pretrained,heldout_geometry,cloth_edge_pull,transient_shear_spike,0.484694,0.061252,0.189265,0.000874,0.531251,0.006055,0.111885,0.001454,0.165859,0.002222,0.139131,0.000647,7,84
full_finetune_pretrained,heldout_geometry,lid_twist_force_control,compound_contact_shift,0.491497,0.031269,0.212898,0.003629,0.495395,0.001411,0.116954,0.001009,0.164519,0.001861,0.140229,0.002648,7,84
full_finetune_pretrained,heldout_geometry,lid_twist_force_control,low_friction,0.566327,0.046904,0.161703,0.000864,0.508587,0.001267,0.101384,0.001513,0.155701,0.001157,0.133374,0.002419,7,84
full_finetune_pretrained,heldout_geometry,lid_twist_force_control,soft_compliance,0.602041,0.059129,0.162710,0.000893,0.511126,0.001311,0.100692,0.001719,0.158291,0.002316,0.133319,0.000660,7,84
full_finetune_pretrained,heldout_geometry,lid_twist_force_control,source_matched,0.676871,0.038921,0.133944,0.002906,0.523653,0.001296,0.087745,0.001155,0.154019,0.001967,0.126390,0.001983,7,84
full_finetune_pretrained,heldout_geometry,lid_twist_force_control,taxel_bias,0.576531,0.056437,0.180441,0.000845,0.502607,0.001239,0.104375,0.001438,0.161015,0.002822,0.136563,0.002428,7,84
full_finetune_pretrained,heldout_geometry,lid_twist_force_control,texture_aliasing,0.619048,0.053159,0.181464,0.000903,0.496094,0.001325,0.103750,0.001447,0.159904,0.001087,0.135180,0.000666,7,84
full_finetune_pretrained,heldout_geometry,lid_twist_force_control,transient_shear_spike,0.566327,0.044054,0.194773,0.000951,0.500479,0.001397,0.112612,0.001920,0.164025,0.001891,0.136181,0.000699,7,84
full_finetune_pretrained,heldout_geometry,peg_in_hole_contact_search,compound_contact_shift,0.479592,0.073030,0.214774,0.000989,0.494372,0.001455,0.118668,0.001955,0.164886,0.002322,0.141810,0.000726,7,84
full_finetune_pretrained,heldout_geometry,peg_in_hole_contact_search,low_friction,0.639456,0.045461,0.157274,0.000893,0.518689,0.004365,0.098425,0.001394,0.156051,0.002870,0.131757,0.000660,7,84
full_finetune_pretrained,heldout_geometry,peg_in_hole_contact_search,soft_compliance,0.598639,0.039675,0.162745,0.000922,0.512488,0.001354,0.100782,0.003213,0.156135,0.001679,0.132489,0.000680,7,84
full_finetune_pretrained,heldout_geometry,peg_in_hole_contact_search,source_matched,0.642857,0.029690,0.134206,0.003662,0.522783,0.001339,0.089917,0.001005,0.153709,0.002246,0.129147,0.002424,7,84
full_finetune_pretrained,heldout_geometry,peg_in_hole_contact_search,taxel_bias,0.559524,0.034534,0.185042,0.000874,0.510818,0.001282,0.104875,0.002766,0.161004,0.000813,0.133160,0.000647,7,84
full_finetune_pretrained,heldout_geometry,peg_in_hole_contact_search,texture_aliasing,0.576531,0.039721,0.181273,0.002887,0.504833,0.005492,0.108074,0.000857,0.161730,0.002430,0.135337,0.000644,7,84
full_finetune_pretrained,heldout_geometry,peg_in_hole_contact_search,transient_shear_spike,0.513605,0.052775,0.191731,0.000979,0.497224,0.001440,0.112718,0.003019,0.165278,0.000841,0.136661,0.002572,7,84
full_finetune_pretrained,heldout_geometry,slip_limited_grasp,compound_contact_shift,0.488095,0.034534,0.210236,0.000912,0.525577,0.001339,0.117249,0.002043,0.165031,0.000972,0.139993,0.000673,7,84
full_finetune_pretrained,heldout_geometry,slip_limited_grasp,low_friction,0.642857,0.046388,0.164598,0.000816,0.534242,0.001195,0.097080,0.000880,0.153905,0.000627,0.130105,0.000607,7,84
full_finetune_pretrained,heldout_geometry,slip_limited_grasp,soft_compliance,0.622449,0.028674,0.167711,0.000845,0.539940,0.001239,0.099406,0.000963,0.156624,0.002732,0.132644,0.002645,7,84
full_finetune_pretrained,heldout_geometry,slip_limited_grasp,source_matched,0.678571,0.049889,0.140530,0.000835,0.544553,0.005592,0.089285,0.001439,0.150315,0.001086,0.130236,0.001925,7,84
full_finetune_pretrained,heldout_geometry,slip_limited_grasp,taxel_bias,0.564626,0.024870,0.177930,0.000797,0.535589,0.004425,0.106141,0.001134,0.160638,0.000898,0.137574,0.000594,7,84
full_finetune_pretrained,heldout_geometry,slip_limited_grasp,texture_aliasing,0.547619,0.024419,0.183166,0.000855,0.537967,0.001253,0.109091,0.002113,0.159976,0.000734,0.136806,0.000633,7,84
full_finetune_pretrained,heldout_geometry,slip_limited_grasp,transient_shear_spike,0.596939,0.058151,0.191981,0.000903,0.527893,0.006020,0.108525,0.002760,0.160408,0.001141,0.134711,0.000666,7,84
full_finetune_pretrained,heldout_material,cable_threading,compound_contact_shift,0.450680,0.052775,0.195901,0.003681,0.540506,0.001296,0.115647,0.001246,0.166875,0.001075,0.139591,0.000581,7,84
full_finetune_pretrained,heldout_material,cable_threading,low_friction,0.585034,0.045379,0.145705,0.000787,0.546183,0.001152,0.095349,0.001267,0.154789,0.000954,0.128275,0.000587,7,84
full_finetune_pretrained,heldout_material,cable_threading,soft_compliance,0.571429,0.064607,0.154137,0.000816,0.549690,0.006125,0.097062,0.003123,0.158697,0.001333,0.131101,0.000607,7,84
full_finetune_pretrained,heldout_material,cable_threading,source_matched,0.629252,0.048686,0.127901,0.002938,0.562752,0.001181,0.085031,0.001410,0.148109,0.000922,0.126752,0.000558,7,84
full_finetune_pretrained,heldout_material,cable_threading,taxel_bias,0.568027,0.040000,0.166574,0.003762,0.538700,0.001123,0.100852,0.002873,0.156494,0.002114,0.130842,0.000502,7,84
full_finetune_pretrained,heldout_material,cable_threading,texture_aliasing,0.501701,0.056797,0.167119,0.000826,0.546987,0.006113,0.102617,0.001636,0.159346,0.003050,0.130310,0.001927,7,84
full_finetune_pretrained,heldout_material,cable_threading,transient_shear_spike,0.501701,0.030307,0.176741,0.000874,0.535834,0.001282,0.108604,0.000477,0.161330,0.003054,0.135758,0.000647,7,84
full_finetune_pretrained,heldout_material,cloth_edge_pull,compound_contact_shift,0.484694,0.055943,0.194675,0.000883,0.528517,0.006043,0.116578,0.001842,0.164559,0.002358,0.136300,0.002410,7,84
full_finetune_pretrained,heldout_material,cloth_edge_pull,low_friction,0.615646,0.034427,0.146110,0.000787,0.541785,0.001152,0.095328,0.000954,0.154764,0.000732,0.129536,0.000587,7,84
full_finetune_pretrained,heldout_material,cloth_edge_pull,soft_compliance,0.583333,0.038103,0.155082,0.000816,0.540957,0.004413,0.094493,0.001108,0.157083,0.002438,0.132734,0.000607,7,84
full_finetune_pretrained,heldout_material,cloth_edge_pull,source_matched,0.636054,0.044054,0.123521,0.004076,0.558894,0.001181,0.085367,0.001103,0.148753,0.001157,0.128147,0.000512,7,84
full_finetune_pretrained,heldout_material,cloth_edge_pull,taxel_bias,0.525510,0.053264,0.166619,0.003762,0.533762,0.001123,0.101240,0.002263,0.156402,0.001158,0.131855,0.000502,7,84
full_finetune_pretrained,heldout_material,cloth_edge_pull,texture_aliasing,0.549320,0.018659,0.168244,0.000826,0.538524,0.005603,0.102723,0.000948,0.156065,0.001784,0.130923,0.000613,7,84
full_finetune_pretrained,heldout_material,cloth_edge_pull,transient_shear_spike,0.547619,0.020367,0.178766,0.000874,0.533866,0.001282,0.109442,0.001025,0.157536,0.000827,0.134704,0.002629,7,84
full_finetune_pretrained,heldout_material,lid_twist_force_control,compound_contact_shift,0.530612,0.053125,0.193775,0.000960,0.490200,0.004325,0.114244,0.001653,0.162396,0.001259,0.134519,0.000706,7,84
full_finetune_pretrained,heldout_material,lid_twist_force_control,low_friction,0.605442,0.058151,0.150304,0.002914,0.518828,0.001267,0.093729,0.003323,0.154721,0.000849,0.126690,0.000598,7,84
full_finetune_pretrained,heldout_material,lid_twist_force_control,soft_compliance,0.615646,0.018856,0.152945,0.000893,0.508504,0.005532,0.097269,0.002262,0.153198,0.000809,0.132388,0.000660,7,84
full_finetune_pretrained,heldout_material,lid_twist_force_control,source_matched,0.698980,0.041899,0.122923,0.000883,0.515885,0.001296,0.086270,0.000531,0.146486,0.000348,0.124288,0.000653,7,84
full_finetune_pretrained,heldout_material,lid_twist_force_control,taxel_bias,0.608844,0.040231,0.170460,0.000845,0.510275,0.004394,0.102749,0.001311,0.155584,0.001008,0.131053,0.001922,7,84
full_finetune_pretrained,heldout_material,lid_twist_force_control,texture_aliasing,0.595238,0.048838,0.164569,0.003998,0.506335,0.001325,0.102836,0.001203,0.160057,0.001034,0.134092,0.000578,7,84
full_finetune_pretrained,heldout_material,lid_twist_force_control,transient_shear_spike,0.551020,0.044305,0.177689,0.003960,0.503002,0.005962,0.105749,0.002195,0.158308,0.001930,0.135089,0.000611,7,84
full_finetune_pretrained,heldout_material,peg_in_hole_contact_search,compound_contact_shift,0.503401,0.056174,0.194065,0.002865,0.504569,0.001455,0.116181,0.001268,0.163064,0.000971,0.137231,0.002587,7,84
full_finetune_pretrained,heldout_material,peg_in_hole_contact_search,low_friction,0.612245,0.031740,0.147720,0.000893,0.513450,0.001311,0.094900,0.002914,0.152861,0.000821,0.130854,0.000660,7,84
full_finetune_pretrained,heldout_material,peg_in_hole_contact_search,soft_compliance,0.591837,0.049291,0.153110,0.000922,0.520112,0.004347,0.094451,0.001292,0.154865,0.000972,0.131584,0.000680,7,84
full_finetune_pretrained,heldout_material,peg_in_hole_contact_search,source_matched,0.676871,0.040552,0.121600,0.000912,0.532980,0.001339,0.085699,0.002216,0.147130,0.001284,0.123602,0.001905,7,84
full_finetune_pretrained,heldout_material,peg_in_hole_contact_search,taxel_bias,0.574830,0.033278,0.163185,0.000874,0.508152,0.005552,0.100200,0.001087,0.160479,0.000849,0.131986,0.000647,7,84
full_finetune_pretrained,heldout_material,peg_in_hole_contact_search,texture_aliasing,0.600340,0.049852,0.161076,0.000931,0.509885,0.001368,0.101065,0.002195,0.155335,0.002064,0.134200,0.000686,7,84
full_finetune_pretrained,heldout_material,peg_in_hole_contact_search,transient_shear_spike,0.537415,0.021257,0.181636,0.000979,0.507421,0.001440,0.105576,0.001061,0.160026,0.002584,0.132316,0.000719,7,84
full_finetune_pretrained,heldout_material,slip_limited_grasp,compound_contact_shift,0.585034,0.022443,0.199591,0.000912,0.520414,0.004353,0.112797,0.001205,0.162992,0.000966,0.139026,0.000673,7,84
full_finetune_pretrained,heldout_material,slip_limited_grasp,low_friction,0.646259,0.032886,0.144527,0.002934,0.544516,0.001195,0.095168,0.000413,0.153550,0.000410,0.128930,0.000565,7,84
full_finetune_pretrained,heldout_material,slip_limited_grasp,soft_compliance,0.613946,0.042251,0.157850,0.000845,0.539923,0.006090,0.098812,0.000688,0.154195,0.000483,0.128263,0.000627,7,84
full_finetune_pretrained,heldout_material,slip_limited_grasp,source_matched,0.668367,0.032375,0.120836,0.002926,0.549682,0.001224,0.086607,0.002370,0.150204,0.000767,0.124496,0.002479,7,84
full_finetune_pretrained,heldout_material,slip_limited_grasp,taxel_bias,0.588435,0.022690,0.167852,0.000797,0.530427,0.001167,0.103575,0.001858,0.159915,0.000871,0.133189,0.002672,7,84
full_finetune_pretrained,heldout_material,slip_limited_grasp,texture_aliasing,0.578231,0.038394,0.162743,0.002918,0.530232,0.001253,0.099603,0.001273,0.159130,0.000960,0.133336,0.002436,7,84
full_finetune_pretrained,heldout_material,slip_limited_grasp,transient_shear_spike,0.579932,0.035172,0.181660,0.000903,0.527876,0.001325,0.105812,0.000967,0.160420,0.000750,0.133751,0.000666,7,84
full_finetune_pretrained,heldout_object,cable_threading,compound_contact_shift,0.493197,0.037712,0.182226,0.000864,0.542542,0.001267,0.113869,0.001255,0.158890,0.000971,0.135207,0.000640,7,84
full_finetune_pretrained,heldout_object,cable_threading,low_friction,0.566327,0.035953,0.133728,0.003762,0.559473,0.006184,0.092268,0.002253,0.151764,0.002466,0.124356,0.000502,7,84
full_finetune_pretrained,heldout_object,cable_threading,soft_compliance,0.578231,0.024343,0.141952,0.000797,0.557670,0.001167,0.090963,0.000986,0.151711,0.002623,0.124817,0.000594,7,84
full_finetune_pretrained,heldout_object,cable_threading,source_matched,0.632653,0.056108,0.107330,0.000787,0.562457,0.001152,0.082505,0.001426,0.147796,0.001052,0.121179,0.000587,7,84
full_finetune_pretrained,heldout_object,cable_threading,taxel_bias,0.530612,0.044347,0.153720,0.003776,0.546073,0.001095,0.101239,0.001336,0.158038,0.002338,0.128847,0.000489,7,84
full_finetune_pretrained,heldout_object,cable_threading,texture_aliasing,0.545918,0.024114,0.153044,0.000807,0.550054,0.001181,0.097784,0.001031,0.154076,0.002416,0.129805,0.000600,7,84
full_finetune_pretrained,heldout_object,cable_threading,transient_shear_spike,0.515306,0.047415,0.161281,0.004037,0.542315,0.004388,0.104771,0.002951,0.158128,0.001115,0.132166,0.000545,7,84
full_finetune_pretrained,heldout_object,cloth_edge_pull,compound_contact_shift,0.537415,0.047062,0.184201,0.000864,0.540261,0.001267,0.112338,0.002410,0.159607,0.001183,0.135198,0.002419,7,84
full_finetune_pretrained,heldout_object,cloth_edge_pull,low_friction,0.617347,0.057252,0.132188,0.004107,0.554491,0.006184,0.090159,0.003109,0.150015,0.002880,0.125357,0.000486,7,84
full_finetune_pretrained,heldout_object,cloth_edge_pull,soft_compliance,0.598639,0.048496,0.140951,0.002942,0.553499,0.001167,0.091177,0.000950,0.149728,0.000873,0.126190,0.000551,7,84
full_finetune_pretrained,heldout_object,cloth_edge_pull,source_matched,0.671769,0.044347,0.107865,0.000787,0.558016,0.001152,0.082284,0.001031,0.147644,0.000762,0.122466,0.000587,7,84
full_finetune_pretrained,heldout_object,cloth_edge_pull,taxel_bias,0.576531,0.046904,0.153535,0.003776,0.540552,0.001095,0.100296,0.001496,0.157283,0.002062,0.129639,0.000489,7,84
full_finetune_pretrained,heldout_object,cloth_edge_pull,texture_aliasing,0.569728,0.028087,0.152223,0.002938,0.546153,0.001181,0.098051,0.000704,0.152153,0.000626,0.131302,0.000558,7,84
full_finetune_pretrained,heldout_object,cloth_edge_pull,transient_shear_spike,0.542517,0.041633,0.157929,0.000855,0.537191,0.001253,0.100726,0.001237,0.159031,0.000945,0.133064,0.001920,7,84
full_finetune_pretrained,heldout_object,lid_twist_force_control,compound_contact_shift,0.554422,0.035953,0.181507,0.003642,0.501321,0.005974,0.111455,0.002219,0.160070,0.002670,0.133192,0.002410,7,84
full_finetune_pretrained,heldout_object,lid_twist_force_control,low_friction,0.675170,0.051352,0.132873,0.000845,0.523194,0.001239,0.089704,0.001810,0.147423,0.001385,0.124534,0.001922,7,84
full_finetune_pretrained,heldout_object,lid_twist_force_control,soft_compliance,0.639456,0.050074,0.140451,0.002910,0.520423,0.001282,0.089095,0.001659,0.152370,0.001334,0.126838,0.000604,7,84
full_finetune_pretrained,heldout_object,lid_twist_force_control,source_matched,0.722789,0.040000,0.108904,0.004029,0.529821,0.005562,0.077696,0.002196,0.146554,0.000718,0.120743,0.001933,7,84
full_finetune_pretrained,heldout_object,lid_twist_force_control,taxel_bias,0.654762,0.038103,0.153867,0.000826,0.506152,0.004407,0.095630,0.001353,0.151802,0.002352,0.128573,0.000613,7,84
full_finetune_pretrained,heldout_object,lid_twist_force_control,texture_aliasing,0.637755,0.022690,0.146755,0.000883,0.510769,0.006043,0.098340,0.001167,0.152135,0.002235,0.127384,0.000653,7,84
full_finetune_pretrained,heldout_object,lid_twist_force_control,transient_shear_spike,0.610544,0.034427,0.165350,0.000931,0.505704,0.005985,0.104035,0.000866,0.158458,0.000674,0.132305,0.000686,7,84
full_finetune_pretrained,heldout_object,peg_in_hole_contact_search,compound_contact_shift,0.556122,0.024267,0.180665,0.000970,0.503465,0.001426,0.112859,0.000915,0.161690,0.000744,0.135061,0.000713,7,84
full_finetune_pretrained,heldout_object,peg_in_hole_contact_search,low_friction,0.653061,0.049740,0.129158,0.003688,0.526172,0.005552,0.087213,0.001516,0.152129,0.001414,0.125568,0.000574,7,84
full_finetune_pretrained,heldout_object,peg_in_hole_contact_search,soft_compliance,0.649660,0.042251,0.139485,0.000903,0.517234,0.001325,0.089047,0.000808,0.151466,0.000594,0.126334,0.002401,7,84
full_finetune_pretrained,heldout_object,peg_in_hole_contact_search,source_matched,0.736395,0.023014,0.109879,0.000893,0.529545,0.001311,0.079052,0.002306,0.144597,0.000816,0.123864,0.000660,7,84
full_finetune_pretrained,heldout_object,peg_in_hole_contact_search,taxel_bias,0.573129,0.057252,0.154036,0.002918,0.514957,0.006078,0.101035,0.001743,0.154452,0.001295,0.128852,0.000591,7,84
full_finetune_pretrained,heldout_object,peg_in_hole_contact_search,texture_aliasing,0.622449,0.052845,0.145561,0.000912,0.520103,0.001339,0.099899,0.001698,0.152683,0.002544,0.127868,0.002397,7,84
full_finetune_pretrained,heldout_object,peg_in_hole_contact_search,transient_shear_spike,0.588435,0.048266,0.159590,0.000960,0.508189,0.001411,0.102264,0.001142,0.156084,0.000854,0.130788,0.002582,7,84
full_finetune_pretrained,heldout_object,slip_limited_grasp,compound_contact_shift,0.595238,0.056009,0.181820,0.003675,0.531177,0.001311,0.108481,0.001287,0.160718,0.001180,0.131669,0.000587,7,84
full_finetune_pretrained,heldout_object,slip_limited_grasp,low_friction,0.670068,0.050845,0.130169,0.000797,0.545951,0.005633,0.091281,0.001370,0.151459,0.001024,0.126651,0.002672,7,84
full_finetune_pretrained,heldout_object,slip_limited_grasp,soft_compliance,0.671769,0.028284,0.141568,0.000826,0.541193,0.001210,0.091523,0.000861,0.149132,0.000678,0.127012,0.000613,7,84
full_finetune_pretrained,heldout_object,slip_limited_grasp,source_matched,0.678571,0.049889,0.104744,0.000816,0.560686,0.001195,0.082566,0.001305,0.146894,0.000973,0.121858,0.000607,7,84
full_finetune_pretrained,heldout_object,slip_limited_grasp,taxel_bias,0.653061,0.041811,0.150902,0.004099,0.543954,0.005653,0.093492,0.001056,0.151029,0.000925,0.131653,0.000493,7,84
full_finetune_pretrained,heldout_object,slip_limited_grasp,texture_aliasing,0.651361,0.051854,0.149717,0.004052,0.536880,0.001224,0.099220,0.001450,0.152752,0.001227,0.128829,0.002724,7,84
full_finetune_pretrained,heldout_object,slip_limited_grasp,transient_shear_spike,0.605442,0.035066,0.158672,0.002906,0.543083,0.001296,0.101423,0.000795,0.158702,0.000635,0.130542,0.002656,7,84
no_tactile_policy,clean_transfer,cable_threading,compound_contact_shift,0.352041,0.054569,0.101432,0.004083,0.322952,0.001167,0.109562,0.001407,0.090639,0.000975,0.116076,0.000506,7,84
no_tactile_policy,clean_transfer,cable_threading,low_friction,0.397959,0.019626,0.071253,0.004162,0.341967,0.001023,0.091400,0.000563,0.086073,0.000647,0.111128,0.000440,7,84
no_tactile_policy,clean_transfer,cable_threading,soft_compliance,0.375850,0.055744,0.080071,0.000730,0.331870,0.001066,0.095323,0.001752,0.087519,0.001321,0.111346,0.000547,7,84
no_tactile_policy,clean_transfer,cable_threading,source_matched,0.414966,0.038921,0.061596,0.000720,0.343713,0.001051,0.083993,0.001017,0.081299,0.000765,0.104339,0.001957,7,84
no_tactile_policy,clean_transfer,cable_threading,taxel_bias,0.372449,0.033278,0.088388,0.000682,0.333585,0.004503,0.102060,0.002192,0.087532,0.000741,0.114357,0.000514,7,84
no_tactile_policy,clean_transfer,cable_threading,texture_aliasing,0.343537,0.033555,0.081515,0.000739,0.334073,0.001080,0.098682,0.002233,0.086244,0.000656,0.112481,0.000554,7,84
no_tactile_policy,clean_transfer,cable_threading,transient_shear_spike,0.355442,0.025676,0.093619,0.000787,0.326704,0.001152,0.105158,0.002816,0.091983,0.002295,0.116236,0.000587,7,84
no_tactile_policy,clean_transfer,cloth_edge_pull,compound_contact_shift,0.363946,0.049065,0.098878,0.002942,0.318726,0.001167,0.109833,0.001439,0.091129,0.001040,0.117443,0.000551,7,84
no_tactile_policy,clean_transfer,cloth_edge_pull,low_friction,0.379252,0.030307,0.073760,0.003810,0.335041,0.001023,0.091743,0.000727,0.085913,0.000730,0.111407,0.000456,7,84
no_tactile_policy,clean_transfer,cloth_edge_pull,soft_compliance,0.362245,0.037367,0.079687,0.000730,0.325754,0.001066,0.095609,0.001022,0.087628,0.000774,0.111921,0.000547,7,84
no_tactile_policy,clean_transfer,cloth_edge_pull,source_matched,0.440476,0.032998,0.061032,0.000720,0.337327,0.001051,0.083163,0.001065,0.080583,0.000820,0.103647,0.000541,7,84
no_tactile_policy,clean_transfer,cloth_edge_pull,taxel_bias,0.397959,0.032146,0.087104,0.000682,0.328692,0.000994,0.101821,0.000606,0.086337,0.000444,0.114312,0.000514,7,84
no_tactile_policy,clean_transfer,cloth_edge_pull,texture_aliasing,0.353741,0.043119,0.081311,0.000739,0.328227,0.001080,0.098511,0.002382,0.086045,0.001059,0.113181,0.000554,7,84
no_tactile_policy,clean_transfer,cloth_edge_pull,transient_shear_spike,0.328231,0.026387,0.094315,0.000787,0.322208,0.001152,0.104325,0.002632,0.090770,0.002897,0.116412,0.001938,7,84
no_tactile_policy,clean_transfer,lid_twist_force_control,compound_contact_shift,0.397959,0.026387,0.100437,0.003688,0.280390,0.005552,0.108127,0.000739,0.093961,0.000757,0.118198,0.000574,7,84
no_tactile_policy,clean_transfer,lid_twist_force_control,low_friction,0.423469,0.030490,0.071838,0.000778,0.294056,0.001138,0.093973,0.000497,0.085098,0.000374,0.108620,0.000580,7,84
no_tactile_policy,clean_transfer,lid_twist_force_control,soft_compliance,0.428571,0.047765,0.078295,0.000807,0.290709,0.001181,0.091975,0.001302,0.084480,0.002886,0.111786,0.000600,7,84
no_tactile_policy,clean_transfer,lid_twist_force_control,source_matched,0.433673,0.047997,0.054318,0.000797,0.309735,0.004425,0.085282,0.001451,0.079778,0.001099,0.107851,0.000594,7,84
no_tactile_policy,clean_transfer,lid_twist_force_control,taxel_bias,0.389456,0.035901,0.083114,0.000759,0.289750,0.001109,0.098067,0.000715,0.087378,0.000528,0.112389,0.000567,7,84
no_tactile_policy,clean_transfer,lid_twist_force_control,texture_aliasing,0.394558,0.048151,0.085241,0.000816,0.283156,0.001195,0.098452,0.001246,0.085761,0.002948,0.112138,0.002661,7,84
no_tactile_policy,clean_transfer,lid_twist_force_control,transient_shear_spike,0.401361,0.046587,0.088837,0.000864,0.281034,0.001267,0.103106,0.000659,0.089349,0.003231,0.114606,0.000640,7,84
no_tactile_policy,clean_transfer,peg_in_hole_contact_search,compound_contact_shift,0.365646,0.033278,0.104778,0.002898,0.282291,0.001325,0.109673,0.001141,0.093854,0.001049,0.115553,0.000624,7,84
no_tactile_policy,clean_transfer,peg_in_hole_contact_search,low_friction,0.465986,0.047062,0.071589,0.004076,0.304510,0.001181,0.091273,0.001336,0.081728,0.001306,0.111963,0.000512,7,84
no_tactile_policy,clean_transfer,peg_in_hole_contact_search,soft_compliance,0.382653,0.026176,0.077365,0.000835,0.300141,0.006102,0.094394,0.001027,0.084535,0.002497,0.110086,0.000620,7,84
no_tactile_policy,clean_transfer,peg_in_hole_contact_search,source_matched,0.421769,0.041006,0.057045,0.004060,0.309217,0.001210,0.086224,0.001043,0.079372,0.000688,0.105239,0.000526,7,84
no_tactile_policy,clean_transfer,peg_in_hole_contact_search,taxel_bias,0.386054,0.040369,0.086750,0.000787,0.295740,0.001152,0.100637,0.003057,0.090855,0.000307,0.113832,0.000587,7,84
no_tactile_policy,clean_transfer,peg_in_hole_contact_search,texture_aliasing,0.418367,0.053264,0.085799,0.000845,0.297393,0.005582,0.100269,0.001292,0.084409,0.000953,0.113749,0.002428,7,84
no_tactile_policy,clean_transfer,peg_in_hole_contact_search,transient_shear_spike,0.370748,0.038249,0.089974,0.004006,0.293567,0.001311,0.103297,0.001183,0.091651,0.001056,0.113186,0.002474,7,84
no_tactile_policy,clean_transfer,slip_limited_grasp,compound_contact_shift,0.433673,0.020276,0.101432,0.004060,0.306346,0.001210,0.110457,0.000793,0.090638,0.000796,0.118348,0.000526,7,84
no_tactile_policy,clean_transfer,slip_limited_grasp,low_friction,0.418367,0.041186,0.068100,0.000730,0.328349,0.001066,0.094839,0.001273,0.082784,0.002078,0.107798,0.001954,7,84
no_tactile_policy,clean_transfer,slip_limited_grasp,soft_compliance,0.462585,0.044514,0.076663,0.000759,0.328161,0.001109,0.093478,0.001042,0.085153,0.000769,0.111271,0.000567,7,84
no_tactile_policy,clean_transfer,slip_limited_grasp,source_matched,0.482993,0.050881,0.055986,0.000749,0.336701,0.001095,0.080928,0.001357,0.077802,0.001010,0.107321,0.002474,7,84
no_tactile_policy,clean_transfer,slip_limited_grasp,taxel_bias,0.450680,0.050259,0.085976,0.000711,0.315934,0.001037,0.096617,0.002905,0.085984,0.000876,0.114967,0.000534,7,84
no_tactile_policy,clean_transfer,slip_limited_grasp,texture_aliasing,0.408163,0.051604,0.080309,0.000768,0.315658,0.001123,0.097935,0.001650,0.085745,0.001250,0.113923,0.000574,7,84
no_tactile_policy,clean_transfer,slip_limited_grasp,transient_shear_spike,0.428571,0.033775,0.091417,0.000816,0.311940,0.005613,0.100003,0.000867,0.089523,0.002446,0.116991,0.000607,7,84
no_tactile_policy,combined_stress,cable_threading,compound_contact_shift,0.258503,0.028674,0.158906,0.000807,0.284723,0.001181,0.129887,0.001998,0.112492,0.002683,0.133086,0.000600,7,84
no_tactile_policy,combined_stress,cable_threading,low_friction,0.318027,0.041589,0.118358,0.002980,0.312261,0.001037,0.112993,0.000723,0.105752,0.000463,0.123694,0.000492,7,84
no_tactile_policy,combined_stress,cable_threading,soft_compliance,0.280612,0.016777,0.122625,0.002967,0.304819,0.001080,0.118023,0.000565,0.104079,0.002801,0.124992,0.000512,7,84
no_tactile_policy,combined_stress,cable_threading,source_matched,0.386054,0.038055,0.105564,0.004138,0.315654,0.001066,0.104729,0.001045,0.100791,0.000932,0.124429,0.000460,7,84
no_tactile_policy,combined_stress,cable_threading,taxel_bias,0.289116,0.040961,0.139445,0.000691,0.304265,0.001008,0.120874,0.003332,0.106300,0.000879,0.128325,0.002502,7,84
no_tactile_policy,combined_stress,cable_threading,texture_aliasing,0.307823,0.029876,0.136940,0.000749,0.305619,0.004457,0.120558,0.000850,0.106827,0.000658,0.126931,0.000561,7,84
no_tactile_policy,combined_stress,cable_threading,transient_shear_spike,0.265306,0.030852,0.141448,0.000797,0.295257,0.006149,0.126304,0.001044,0.108784,0.000814,0.132618,0.000594,7,84
no_tactile_policy,combined_stress,cloth_edge_pull,compound_contact_shift,0.261905,0.029690,0.159610,0.000807,0.280984,0.001181,0.129673,0.001174,0.110840,0.002323,0.134531,0.000600,7,84
no_tactile_policy,combined_stress,cloth_edge_pull,low_friction,0.328231,0.040046,0.120692,0.004154,0.305822,0.001037,0.112715,0.001197,0.105064,0.001010,0.123974,0.000447,7,84
no_tactile_policy,combined_stress,cloth_edge_pull,soft_compliance,0.321429,0.041988,0.122069,0.002967,0.299190,0.001080,0.117051,0.000991,0.103201,0.002785,0.125569,0.000512,7,84
no_tactile_policy,combined_stress,cloth_edge_pull,source_matched,0.357143,0.037069,0.106542,0.003789,0.309755,0.001066,0.105534,0.001078,0.101047,0.000939,0.124919,0.000475,7,84
no_tactile_policy,combined_stress,cloth_edge_pull,taxel_bias,0.294218,0.030000,0.137989,0.000691,0.297286,0.001008,0.122392,0.001850,0.105464,0.000610,0.128282,0.002502,7,84
no_tactile_policy,combined_stress,cloth_edge_pull,texture_aliasing,0.282313,0.044012,0.136564,0.000749,0.300261,0.004457,0.121383,0.001138,0.107262,0.000850,0.127632,0.000561,7,84
no_tactile_policy,combined_stress,cloth_edge_pull,transient_shear_spike,0.285714,0.024944,0.141972,0.000797,0.288676,0.005633,0.126670,0.001016,0.108993,0.000805,0.132795,0.001935,7,84
no_tactile_policy,combined_stress,lid_twist_force_control,compound_contact_shift,0.299320,0.023570,0.152020,0.000883,0.256239,0.001296,0.130515,0.000752,0.112313,0.002085,0.131526,0.001912,7,84
no_tactile_policy,combined_stress,lid_twist_force_control,low_friction,0.346939,0.044222,0.119913,0.004091,0.273283,0.001152,0.111242,0.001277,0.099979,0.000964,0.124516,0.000499,7,84
no_tactile_policy,combined_stress,lid_twist_force_control,soft_compliance,0.363946,0.037019,0.123534,0.000816,0.270018,0.004413,0.113273,0.003112,0.104901,0.000799,0.128800,0.000607,7,84
no_tactile_policy,combined_stress,lid_twist_force_control,source_matched,0.391156,0.029439,0.107831,0.000807,0.275173,0.001181,0.102976,0.000947,0.094779,0.000742,0.124599,0.000600,7,84
no_tactile_policy,combined_stress,lid_twist_force_control,taxel_bias,0.377551,0.031269,0.138571,0.000768,0.266790,0.001123,0.119203,0.002543,0.105841,0.002547,0.127475,0.000574,7,84
no_tactile_policy,combined_stress,lid_twist_force_control,texture_aliasing,0.335034,0.043033,0.133060,0.000826,0.266208,0.001210,0.116970,0.000751,0.107753,0.000532,0.126298,0.000613,7,84
no_tactile_policy,combined_stress,lid_twist_force_control,transient_shear_spike,0.336735,0.013194,0.141066,0.000874,0.250802,0.001282,0.124292,0.000544,0.105530,0.002530,0.130964,0.002629,7,84
no_tactile_policy,combined_stress,peg_in_hole_contact_search,compound_contact_shift,0.289116,0.026805,0.154066,0.003662,0.255444,0.001339,0.132271,0.000539,0.111529,0.002858,0.134282,0.002424,7,84
no_tactile_policy,combined_stress,peg_in_hole_contact_search,low_friction,0.331633,0.020000,0.122515,0.000816,0.268177,0.001195,0.111265,0.001003,0.100801,0.002339,0.127655,0.001930,7,84
no_tactile_policy,combined_stress,peg_in_hole_contact_search,soft_compliance,0.350340,0.041633,0.123740,0.000845,0.274181,0.001239,0.112559,0.001286,0.104095,0.002213,0.128001,0.000627,7,84
no_tactile_policy,combined_stress,peg_in_hole_contact_search,source_matched,0.343537,0.053507,0.106549,0.000835,0.277104,0.004401,0.105402,0.001404,0.095880,0.001046,0.122775,0.000620,7,84
no_tactile_policy,combined_stress,peg_in_hole_contact_search,taxel_bias,0.306122,0.027756,0.131337,0.000797,0.264939,0.006149,0.119949,0.001110,0.105690,0.000873,0.129557,0.000594,7,84
no_tactile_policy,combined_stress,peg_in_hole_contact_search,texture_aliasing,0.321429,0.054365,0.134754,0.000855,0.270030,0.001253,0.120828,0.001076,0.102222,0.000764,0.126524,0.000633,7,84
no_tactile_policy,combined_stress,peg_in_hole_contact_search,transient_shear_spike,0.328231,0.026874,0.138194,0.000903,0.265784,0.001325,0.124522,0.001291,0.107154,0.002241,0.131475,0.000666,7,84
no_tactile_policy,combined_stress,slip_limited_grasp,compound_contact_shift,0.328231,0.040689,0.160271,0.000835,0.277082,0.005592,0.131541,0.001272,0.108152,0.000975,0.135439,0.001925,7,84
no_tactile_policy,combined_stress,slip_limited_grasp,low_friction,0.377551,0.019532,0.120000,0.000739,0.302463,0.001080,0.109397,0.000808,0.100636,0.000649,0.128525,0.000554,7,84
no_tactile_policy,combined_stress,slip_limited_grasp,soft_compliance,0.387755,0.021517,0.125727,0.004107,0.294639,0.006184,0.112070,0.002754,0.100224,0.001815,0.126255,0.000486,7,84
no_tactile_policy,combined_stress,slip_limited_grasp,source_matched,0.396259,0.042208,0.106464,0.000759,0.312462,0.001109,0.105228,0.000980,0.099499,0.000725,0.124175,0.000567,7,84
no_tactile_policy,combined_stress,slip_limited_grasp,taxel_bias,0.355442,0.043033,0.138398,0.000720,0.287861,0.001051,0.117334,0.001292,0.106130,0.000978,0.127874,0.000541,7,84
no_tactile_policy,combined_stress,slip_limited_grasp,texture_aliasing,0.360544,0.065149,0.137099,0.000778,0.293597,0.001138,0.120569,0.003375,0.106563,0.002047,0.129597,0.000580,7,84
no_tactile_policy,combined_stress,slip_limited_grasp,transient_shear_spike,0.369048,0.036717,0.140611,0.000826,0.289459,0.001210,0.121989,0.002854,0.108081,0.000668,0.130025,0.002656,7,84
no_tactile_policy,heldout_geometry,cable_threading,compound_contact_shift,0.292517,0.030912,0.133473,0.000816,0.304962,0.001195,0.126366,0.001045,0.105253,0.000816,0.127238,0.000607,7,84
no_tactile_policy,heldout_geometry,cable_threading,low_friction,0.380952,0.030551,0.099100,0.000720,0.323014,0.001051,0.106294,0.000909,0.094920,0.002690,0.121770,0.000541,7,84
no_tactile_policy,heldout_geometry,cable_threading,soft_compliance,0.316327,0.031740,0.104930,0.000749,0.318227,0.001095,0.105337,0.001238,0.096061,0.000964,0.121995,0.002474,7,84
no_tactile_policy,heldout_geometry,cable_threading,source_matched,0.408163,0.032886,0.083224,0.000739,0.328054,0.001080,0.098331,0.002092,0.089139,0.002082,0.115165,0.000554,7,84
no_tactile_policy,heldout_geometry,cable_threading,taxel_bias,0.357143,0.043801,0.119685,0.000701,0.312831,0.001023,0.109595,0.001843,0.098978,0.001093,0.123131,0.000528,7,84
no_tactile_policy,heldout_geometry,cable_threading,texture_aliasing,0.324830,0.044887,0.115905,0.004115,0.304761,0.001109,0.114243,0.003178,0.098522,0.003154,0.122094,0.002767,7,84
no_tactile_policy,heldout_geometry,cable_threading,transient_shear_spike,0.299320,0.031564,0.126510,0.002938,0.306842,0.001181,0.116556,0.001090,0.098843,0.000882,0.126585,0.000558,7,84
no_tactile_policy,heldout_geometry,cloth_edge_pull,compound_contact_shift,0.261905,0.037069,0.134480,0.000816,0.301418,0.001195,0.124866,0.003255,0.106665,0.000563,0.128849,0.000607,7,84
no_tactile_policy,heldout_geometry,cloth_edge_pull,low_friction,0.387755,0.047180,0.098307,0.000720,0.316770,0.001051,0.105909,0.001358,0.095601,0.002750,0.122142,0.000541,7,84
no_tactile_policy,heldout_geometry,cloth_edge_pull,soft_compliance,0.375850,0.032546,0.104677,0.000749,0.312793,0.001095,0.104047,0.000792,0.095010,0.000603,0.120452,0.002699,7,84
no_tactile_policy,heldout_geometry,cloth_edge_pull,source_matched,0.406463,0.032375,0.082791,0.000739,0.322350,0.001080,0.098434,0.001894,0.089070,0.001917,0.115784,0.000554,7,84
no_tactile_policy,heldout_geometry,cloth_edge_pull,taxel_bias,0.312925,0.038682,0.118532,0.000701,0.306047,0.001023,0.111353,0.003177,0.099195,0.000724,0.123255,0.000528,7,84
no_tactile_policy,heldout_geometry,cloth_edge_pull,texture_aliasing,0.382653,0.035798,0.114117,0.004115,0.302169,0.004451,0.111819,0.003478,0.096478,0.002430,0.120637,0.001979,7,84
no_tactile_policy,heldout_geometry,cloth_edge_pull,transient_shear_spike,0.319728,0.036868,0.123907,0.004076,0.303028,0.001181,0.116729,0.000796,0.099216,0.000850,0.125710,0.002516,7,84
no_tactile_policy,heldout_geometry,lid_twist_force_control,compound_contact_shift,0.309524,0.039441,0.132475,0.000893,0.266484,0.001311,0.124985,0.001218,0.102450,0.002487,0.128458,0.000660,7,84
no_tactile_policy,heldout_geometry,lid_twist_force_control,low_friction,0.392857,0.042601,0.103112,0.000797,0.274042,0.001167,0.103165,0.002436,0.096692,0.001803,0.118436,0.000594,7,84
no_tactile_policy,heldout_geometry,lid_twist_force_control,soft_compliance,0.401361,0.031269,0.103151,0.002930,0.276005,0.001210,0.107374,0.002163,0.096086,0.000792,0.122678,0.001929,7,84
no_tactile_policy,heldout_geometry,lid_twist_force_control,source_matched,0.447279,0.015986,0.086234,0.000816,0.290443,0.005613,0.093753,0.002256,0.093183,0.000444,0.118001,0.001930,7,84
no_tactile_policy,heldout_geometry,lid_twist_force_control,taxel_bias,0.370748,0.026667,0.112693,0.000778,0.265362,0.001138,0.110565,0.000948,0.097957,0.000747,0.120223,0.000580,7,84
no_tactile_policy,heldout_geometry,lid_twist_force_control,texture_aliasing,0.387755,0.024343,0.111052,0.000835,0.270792,0.001224,0.108759,0.001916,0.099183,0.000822,0.121803,0.000620,7,84
no_tactile_policy,heldout_geometry,lid_twist_force_control,transient_shear_spike,0.329932,0.037317,0.121725,0.000883,0.262684,0.004371,0.118792,0.001258,0.097844,0.000975,0.124054,0.000653,7,84
no_tactile_policy,heldout_geometry,peg_in_hole_contact_search,compound_contact_shift,0.331633,0.020638,0.132702,0.000922,0.267846,0.001354,0.122170,0.002444,0.100978,0.000943,0.127632,0.000680,7,84
no_tactile_policy,heldout_geometry,peg_in_hole_contact_search,low_friction,0.374150,0.034854,0.100465,0.000826,0.289102,0.001210,0.102596,0.001764,0.097469,0.000924,0.120205,0.002656,7,84
no_tactile_policy,heldout_geometry,peg_in_hole_contact_search,soft_compliance,0.360544,0.035172,0.103253,0.000855,0.279752,0.001253,0.104892,0.001249,0.099093,0.000972,0.121766,0.002424,7,84
no_tactile_policy,heldout_geometry,peg_in_hole_contact_search,source_matched,0.445578,0.049329,0.086563,0.000845,0.297103,0.001239,0.095041,0.001162,0.089921,0.002947,0.118389,0.000627,7,84
no_tactile_policy,heldout_geometry,peg_in_hole_contact_search,taxel_bias,0.343537,0.038586,0.119076,0.000807,0.275958,0.001181,0.110271,0.001358,0.096903,0.002141,0.123637,0.000600,7,84
no_tactile_policy,heldout_geometry,peg_in_hole_contact_search,texture_aliasing,0.363946,0.049065,0.114357,0.000864,0.276771,0.001267,0.112881,0.001690,0.096016,0.002228,0.123097,0.000640,7,84
no_tactile_policy,heldout_geometry,peg_in_hole_contact_search,transient_shear_spike,0.335034,0.033166,0.120464,0.000912,0.277250,0.001339,0.116404,0.003029,0.097973,0.000802,0.122203,0.000673,7,84
no_tactile_policy,heldout_geometry,slip_limited_grasp,compound_contact_shift,0.369048,0.027420,0.137333,0.000845,0.295298,0.001239,0.122707,0.000812,0.100078,0.000644,0.125493,0.001922,7,84
no_tactile_policy,heldout_geometry,slip_limited_grasp,low_friction,0.420068,0.031269,0.104952,0.000749,0.313765,0.004457,0.105098,0.000746,0.096320,0.000570,0.120253,0.000561,7,84
no_tactile_policy,heldout_geometry,slip_limited_grasp,soft_compliance,0.397959,0.044638,0.105382,0.000778,0.303451,0.001138,0.106941,0.001008,0.096526,0.000740,0.119046,0.000580,7,84
no_tactile_policy,heldout_geometry,slip_limited_grasp,source_matched,0.421769,0.016777,0.083189,0.002954,0.312548,0.004444,0.093259,0.000810,0.088217,0.000707,0.116454,0.000532,7,84
no_tactile_policy,heldout_geometry,slip_limited_grasp,taxel_bias,0.425170,0.023727,0.115988,0.004138,0.299549,0.001066,0.110646,0.000639,0.100352,0.000414,0.124185,0.002554,7,84
no_tactile_policy,heldout_geometry,slip_limited_grasp,texture_aliasing,0.392857,0.047219,0.111698,0.000787,0.301006,0.006160,0.111472,0.001080,0.097269,0.000792,0.122797,0.000587,7,84
no_tactile_policy,heldout_geometry,slip_limited_grasp,transient_shear_spike,0.397959,0.035953,0.121307,0.003715,0.293875,0.001224,0.115687,0.003086,0.099806,0.000764,0.122029,0.000548,7,84
no_tactile_policy,heldout_material,cable_threading,compound_contact_shift,0.316327,0.050626,0.129788,0.000816,0.299157,0.001195,0.118391,0.001184,0.100708,0.003430,0.127181,0.000607,7,84
no_tactile_policy,heldout_material,cable_threading,low_friction,0.353741,0.035172,0.096279,0.000720,0.317209,0.001051,0.100824,0.002064,0.092436,0.000506,0.117158,0.002715,7,84
no_tactile_policy,heldout_material,cable_threading,soft_compliance,0.355442,0.056108,0.102028,0.000749,0.317568,0.005684,0.105061,0.001572,0.095813,0.001173,0.116238,0.000561,7,84
no_tactile_policy,heldout_material,cable_threading,source_matched,0.336735,0.024795,0.080781,0.000739,0.332540,0.006219,0.094004,0.000988,0.089738,0.000779,0.115135,0.000554,7,84
no_tactile_policy,heldout_material,cable_threading,taxel_bias,0.345238,0.041366,0.104561,0.000701,0.314744,0.006266,0.108229,0.000970,0.098505,0.002343,0.122822,0.000528,7,84
no_tactile_policy,heldout_material,cable_threading,texture_aliasing,0.319728,0.039252,0.105872,0.000759,0.316965,0.001109,0.108642,0.001165,0.095640,0.000887,0.118467,0.000567,7,84
no_tactile_policy,heldout_material,cable_threading,transient_shear_spike,0.316327,0.045785,0.112858,0.000807,0.313901,0.005623,0.115758,0.001470,0.098993,0.001120,0.121735,0.002667,7,84
no_tactile_policy,heldout_material,cloth_edge_pull,compound_contact_shift,0.285714,0.039768,0.130866,0.000816,0.295569,0.001195,0.120328,0.001527,0.099858,0.002143,0.125387,0.002661,7,84
no_tactile_policy,heldout_material,cloth_edge_pull,low_friction,0.363946,0.031740,0.095557,0.000720,0.313494,0.004477,0.100360,0.002285,0.091939,0.000797,0.115268,0.001957,7,84
no_tactile_policy,heldout_material,cloth_edge_pull,soft_compliance,0.380952,0.038442,0.101846,0.000749,0.314662,0.006207,0.104629,0.001178,0.095400,0.000899,0.117006,0.000561,7,84
no_tactile_policy,heldout_material,cloth_edge_pull,source_matched,0.358844,0.020638,0.080419,0.000739,0.329365,0.005694,0.093519,0.000330,0.089266,0.000286,0.115779,0.000554,7,84
no_tactile_policy,heldout_material,cloth_edge_pull,taxel_bias,0.352041,0.025386,0.103479,0.000701,0.315634,0.004490,0.107575,0.000840,0.098973,0.000658,0.122970,0.000528,7,84
no_tactile_policy,heldout_material,cloth_edge_pull,texture_aliasing,0.379252,0.038586,0.105870,0.000759,0.311757,0.001109,0.107498,0.001467,0.094735,0.001133,0.119359,0.000567,7,84
no_tactile_policy,heldout_material,cloth_edge_pull,transient_shear_spike,0.350340,0.028284,0.113756,0.000807,0.307470,0.006137,0.115941,0.001225,0.099147,0.000964,0.119816,0.000600,7,84
no_tactile_policy,heldout_material,lid_twist_force_control,compound_contact_shift,0.399660,0.036311,0.129011,0.000893,0.260543,0.001311,0.116517,0.002191,0.099077,0.001069,0.125048,0.002619,7,84
no_tactile_policy,heldout_material,lid_twist_force_control,low_friction,0.399660,0.039721,0.095366,0.004083,0.286110,0.001167,0.100925,0.001145,0.090245,0.001044,0.118362,0.000506,7,84
no_tactile_policy,heldout_material,lid_twist_force_control,soft_compliance,0.414966,0.035798,0.098755,0.000826,0.285500,0.004407,0.100725,0.001199,0.094091,0.002212,0.115816,0.000613,7,84
no_tactile_policy,heldout_material,lid_twist_force_control,source_matched,0.421769,0.035224,0.082296,0.002934,0.289647,0.001195,0.093845,0.001144,0.086175,0.000987,0.111150,0.000565,7,84
no_tactile_policy,heldout_material,lid_twist_force_control,taxel_bias,0.386054,0.029187,0.109796,0.000778,0.277430,0.001138,0.110884,0.001102,0.098218,0.000863,0.120255,0.000580,7,84
no_tactile_policy,heldout_material,lid_twist_force_control,texture_aliasing,0.357143,0.017638,0.108101,0.000835,0.282860,0.001224,0.109077,0.000954,0.093410,0.001856,0.121834,0.000620,7,84
no_tactile_policy,heldout_material,lid_twist_force_control,transient_shear_spike,0.399660,0.022690,0.118585,0.000883,0.272179,0.001296,0.109723,0.000957,0.097125,0.000771,0.124081,0.000653,7,84
no_tactile_policy,heldout_material,peg_in_hole_contact_search,compound_contact_shift,0.369048,0.061101,0.129308,0.000922,0.267007,0.005502,0.118457,0.001629,0.100867,0.001214,0.126533,0.001902,7,84
no_tactile_policy,heldout_material,peg_in_hole_contact_search,low_friction,0.384354,0.029565,0.097935,0.000826,0.283117,0.001210,0.101937,0.001299,0.089843,0.001022,0.115694,0.000613,7,84
no_tactile_policy,heldout_material,peg_in_hole_contact_search,soft_compliance,0.391156,0.029876,0.100642,0.000855,0.291776,0.001253,0.104857,0.001099,0.091101,0.000865,0.116110,0.000633,7,84
no_tactile_policy,heldout_material,peg_in_hole_contact_search,source_matched,0.403061,0.027148,0.080981,0.003708,0.291118,0.001239,0.096538,0.000642,0.087818,0.000760,0.112668,0.002456,7,84
no_tactile_policy,heldout_material,peg_in_hole_contact_search,taxel_bias,0.340136,0.038730,0.104243,0.000807,0.285409,0.004419,0.109865,0.000832,0.096383,0.000618,0.122286,0.001933,7,84
no_tactile_policy,heldout_material,peg_in_hole_contact_search,texture_aliasing,0.346939,0.031564,0.109761,0.002914,0.286222,0.004382,0.109265,0.003061,0.095741,0.000889,0.121971,0.001989,7,84
no_tactile_policy,heldout_material,peg_in_hole_contact_search,transient_shear_spike,0.318027,0.035172,0.117394,0.000912,0.271265,0.001339,0.112941,0.001373,0.098841,0.001075,0.122255,0.000673,7,84
no_tactile_policy,heldout_material,slip_limited_grasp,compound_contact_shift,0.350340,0.036311,0.126955,0.004044,0.289390,0.001239,0.119699,0.003233,0.100932,0.000867,0.124200,0.000539,7,84
no_tactile_policy,heldout_material,slip_limited_grasp,low_friction,0.448980,0.042514,0.090293,0.000749,0.310430,0.001095,0.099327,0.002808,0.088313,0.000904,0.120009,0.000561,7,84
no_tactile_policy,heldout_material,slip_limited_grasp,soft_compliance,0.440476,0.026458,0.102648,0.000778,0.315552,0.001138,0.102023,0.003113,0.092848,0.002777,0.119065,0.000580,7,84
no_tactile_policy,heldout_material,slip_limited_grasp,source_matched,0.455782,0.029123,0.079199,0.000768,0.322076,0.001123,0.093001,0.000829,0.088122,0.000645,0.116445,0.000574,7,84
no_tactile_policy,heldout_material,slip_limited_grasp,taxel_bias,0.426871,0.012910,0.106177,0.000730,0.311650,0.001066,0.106040,0.002946,0.092835,0.000405,0.118330,0.000547,7,84
no_tactile_policy,heldout_material,slip_limited_grasp,texture_aliasing,0.377551,0.041589,0.108694,0.000787,0.305389,0.001152,0.110260,0.002423,0.098062,0.000889,0.122810,0.000587,7,84
no_tactile_policy,heldout_material,slip_limited_grasp,transient_shear_spike,0.357143,0.053159,0.114684,0.000835,0.305976,0.001224,0.111320,0.001799,0.098771,0.002471,0.121962,0.000620,7,84
no_tactile_policy,heldout_object,cable_threading,compound_contact_shift,0.329932,0.051854,0.116994,0.004083,0.314801,0.001167,0.115467,0.001297,0.095861,0.001083,0.120859,0.000506,7,84
no_tactile_policy,heldout_object,cable_threading,low_friction,0.338435,0.062952,0.085183,0.004162,0.333816,0.001023,0.098077,0.001408,0.091968,0.001088,0.115876,0.000440,7,84
no_tactile_policy,heldout_object,cable_threading,soft_compliance,0.380952,0.045826,0.094154,0.000730,0.323719,0.001066,0.100400,0.001536,0.092251,0.001171,0.116097,0.000547,7,84
no_tactile_policy,heldout_object,cable_threading,source_matched,0.380952,0.032203,0.074812,0.000720,0.335562,0.001051,0.089961,0.001077,0.086735,0.000832,0.109071,0.001957,7,84
no_tactile_policy,heldout_object,cable_threading,taxel_bias,0.338435,0.020276,0.102879,0.000682,0.325434,0.004503,0.108156,0.002280,0.092968,0.000578,0.119117,0.000514,7,84
no_tactile_policy,heldout_object,cable_threading,texture_aliasing,0.329932,0.038345,0.096108,0.000739,0.325922,0.001080,0.104278,0.002727,0.091313,0.000589,0.117244,0.000554,7,84
no_tactile_policy,heldout_object,cable_threading,transient_shear_spike,0.343537,0.059691,0.108569,0.000787,0.318553,0.001152,0.110746,0.003674,0.095877,0.002811,0.121006,0.000587,7,84
no_tactile_policy,heldout_object,cloth_edge_pull,compound_contact_shift,0.319728,0.040870,0.114352,0.002942,0.310630,0.001167,0.116282,0.001046,0.096717,0.000770,0.122197,0.000551,7,84
no_tactile_policy,heldout_object,cloth_edge_pull,low_friction,0.379252,0.049479,0.087601,0.003810,0.326945,0.001023,0.096923,0.001353,0.090705,0.001020,0.116124,0.000456,7,84
no_tactile_policy,heldout_object,cloth_edge_pull,soft_compliance,0.392857,0.041051,0.093682,0.000730,0.317658,0.001066,0.100039,0.001089,0.091869,0.000817,0.116642,0.000547,7,84
no_tactile_policy,heldout_object,cloth_edge_pull,source_matched,0.374150,0.047726,0.074160,0.000720,0.329231,0.001051,0.089930,0.001106,0.086569,0.000808,0.108348,0.000541,7,84
no_tactile_policy,heldout_object,cloth_edge_pull,taxel_bias,0.348639,0.030852,0.101507,0.000682,0.320596,0.000994,0.108291,0.000968,0.092016,0.000745,0.119042,0.000514,7,84
no_tactile_policy,heldout_object,cloth_edge_pull,texture_aliasing,0.357143,0.056699,0.095816,0.000739,0.320131,0.001080,0.103672,0.002853,0.090775,0.000771,0.117913,0.000554,7,84
no_tactile_policy,heldout_object,cloth_edge_pull,transient_shear_spike,0.345238,0.029250,0.109177,0.000787,0.314112,0.001152,0.109182,0.002634,0.095255,0.003002,0.121151,0.001938,7,84
no_tactile_policy,heldout_object,lid_twist_force_control,compound_contact_shift,0.341837,0.036616,0.115724,0.003688,0.272409,0.005552,0.114854,0.001114,0.099695,0.000969,0.122886,0.000574,7,84
no_tactile_policy,heldout_object,lid_twist_force_control,low_friction,0.438776,0.020638,0.085492,0.000778,0.286075,0.001138,0.098752,0.001055,0.089546,0.000842,0.113272,0.000580,7,84
no_tactile_policy,heldout_object,lid_twist_force_control,soft_compliance,0.367347,0.038921,0.092102,0.000807,0.282728,0.001181,0.098683,0.001433,0.090306,0.002685,0.116442,0.000600,7,84
no_tactile_policy,heldout_object,lid_twist_force_control,source_matched,0.413265,0.028219,0.067258,0.000797,0.301754,0.004425,0.090882,0.001018,0.084869,0.000800,0.112487,0.000594,7,84
no_tactile_policy,heldout_object,lid_twist_force_control,taxel_bias,0.399660,0.027822,0.097329,0.000759,0.281769,0.001109,0.103029,0.001105,0.091918,0.000867,0.117053,0.000567,7,84
no_tactile_policy,heldout_object,lid_twist_force_control,texture_aliasing,0.423469,0.059129,0.099558,0.000816,0.275175,0.001195,0.102957,0.001555,0.089964,0.003069,0.115661,0.002442,7,84
no_tactile_policy,heldout_object,lid_twist_force_control,transient_shear_spike,0.440476,0.044096,0.103511,0.000864,0.273053,0.001267,0.107391,0.001544,0.093369,0.002193,0.119281,0.000640,7,84
no_tactile_policy,heldout_object,peg_in_hole_contact_search,compound_contact_shift,0.352041,0.047454,0.119976,0.002898,0.274365,0.001325,0.115329,0.001364,0.098791,0.001041,0.120210,0.000624,7,84
no_tactile_policy,heldout_object,peg_in_hole_contact_search,low_friction,0.420068,0.034801,0.085156,0.004076,0.296584,0.001181,0.097574,0.000840,0.087247,0.000689,0.116584,0.000512,7,84
no_tactile_policy,heldout_object,peg_in_hole_contact_search,soft_compliance,0.401361,0.052104,0.091084,0.000835,0.292214,0.006102,0.099094,0.001270,0.088890,0.003300,0.114711,0.000620,7,84
no_tactile_policy,heldout_object,peg_in_hole_contact_search,source_matched,0.421769,0.028284,0.069898,0.004060,0.301291,0.001210,0.091306,0.000673,0.084064,0.000615,0.109845,0.000526,7,84
no_tactile_policy,heldout_object,peg_in_hole_contact_search,taxel_bias,0.377551,0.049291,0.100877,0.000787,0.287814,0.001152,0.106058,0.002109,0.094557,0.002402,0.118466,0.000587,7,84
no_tactile_policy,heldout_object,peg_in_hole_contact_search,texture_aliasing,0.392857,0.035277,0.100028,0.000845,0.289466,0.005582,0.106125,0.001299,0.089561,0.001010,0.117241,0.002645,7,84
no_tactile_policy,heldout_object,peg_in_hole_contact_search,transient_shear_spike,0.380952,0.020367,0.104561,0.004006,0.285641,0.001311,0.108296,0.000555,0.096159,0.000694,0.117830,0.002474,7,84
no_tactile_policy,heldout_object,slip_limited_grasp,compound_contact_shift,0.413265,0.035538,0.116785,0.004060,0.298324,0.001210,0.116299,0.000942,0.095753,0.000840,0.123058,0.000526,7,84
no_tactile_policy,heldout_object,slip_limited_grasp,low_friction,0.416667,0.051424,0.081821,0.000730,0.320327,0.001066,0.100049,0.001564,0.087563,0.002960,0.111329,0.000547,7,84
no_tactile_policy,heldout_object,slip_limited_grasp,soft_compliance,0.394558,0.031972,0.090537,0.000759,0.320139,0.001109,0.100362,0.001264,0.091126,0.000985,0.115949,0.000567,7,84
no_tactile_policy,heldout_object,slip_limited_grasp,source_matched,0.408163,0.039347,0.068993,0.000749,0.328679,0.001095,0.087895,0.000976,0.083897,0.000731,0.111980,0.002474,7,84
no_tactile_policy,heldout_object,slip_limited_grasp,taxel_bias,0.401361,0.038006,0.100258,0.000711,0.307912,0.001037,0.103075,0.002291,0.091620,0.000910,0.119655,0.000534,7,84
no_tactile_policy,heldout_object,slip_limited_grasp,texture_aliasing,0.406463,0.042120,0.094693,0.000768,0.307636,0.001123,0.103212,0.001116,0.090524,0.000839,0.118612,0.000574,7,84
no_tactile_policy,heldout_object,slip_limited_grasp,transient_shear_spike,0.346939,0.034694,0.106158,0.000816,0.303919,0.005613,0.107314,0.001237,0.095740,0.002262,0.121689,0.000607,7,84
oracle_feature_selector,clean_transfer,cable_threading,compound_contact_shift,0.719388,0.047454,0.052957,0.002918,0.686007,0.001253,0.044378,0.002675,0.179095,0.000974,0.048045,0.000591,7,84
oracle_feature_selector,clean_transfer,cable_threading,low_friction,0.736395,0.030307,0.044472,0.002959,0.704706,0.004451,0.033541,0.000852,0.171478,0.002215,0.042290,0.000525,7,84
oracle_feature_selector,clean_transfer,cable_threading,soft_compliance,0.712585,0.027622,0.044725,0.000787,0.707966,0.001152,0.035726,0.000830,0.174317,0.000652,0.041396,0.000587,7,84
oracle_feature_selector,clean_transfer,cable_threading,source_matched,0.746599,0.047687,0.031570,0.000778,0.713761,0.001138,0.022368,0.001299,0.165501,0.000974,0.038679,0.000580,7,84
oracle_feature_selector,clean_transfer,cable_threading,taxel_bias,0.736395,0.028087,0.046353,0.004130,0.701211,0.001080,0.037349,0.000656,0.174650,0.002667,0.042782,0.002808,7,84
oracle_feature_selector,clean_transfer,cable_threading,texture_aliasing,0.714286,0.033775,0.047596,0.000797,0.699180,0.001167,0.039211,0.001780,0.175551,0.000836,0.044540,0.001935,7,84
oracle_feature_selector,clean_transfer,cable_threading,transient_shear_spike,0.739796,0.044222,0.050522,0.000845,0.702152,0.001239,0.038733,0.001535,0.175349,0.002173,0.045827,0.000627,7,84
oracle_feature_selector,clean_transfer,cloth_edge_pull,compound_contact_shift,0.727891,0.036868,0.053198,0.000855,0.683401,0.001253,0.043447,0.001225,0.180366,0.000948,0.049051,0.001920,7,84
oracle_feature_selector,clean_transfer,cloth_edge_pull,low_friction,0.750000,0.032203,0.042913,0.003769,0.699400,0.004451,0.033389,0.000879,0.171457,0.002465,0.042057,0.001997,7,84
oracle_feature_selector,clean_transfer,cloth_edge_pull,soft_compliance,0.761905,0.028803,0.045421,0.000787,0.703470,0.001152,0.032980,0.002244,0.172870,0.001850,0.042715,0.000587,7,84
oracle_feature_selector,clean_transfer,cloth_edge_pull,source_matched,0.794218,0.034427,0.032086,0.000778,0.708995,0.001138,0.021813,0.001148,0.165108,0.000888,0.038730,0.001941,7,84
oracle_feature_selector,clean_transfer,cloth_edge_pull,taxel_bias,0.729592,0.020817,0.046149,0.004130,0.695365,0.001080,0.037603,0.000672,0.175900,0.001777,0.041195,0.001985,7,84
oracle_feature_selector,clean_transfer,cloth_edge_pull,texture_aliasing,0.768707,0.024343,0.048472,0.000797,0.694954,0.001167,0.036475,0.002992,0.175275,0.000545,0.041409,0.002451,7,84
oracle_feature_selector,clean_transfer,cloth_edge_pull,transient_shear_spike,0.731293,0.035224,0.052298,0.000845,0.699276,0.001239,0.040548,0.001131,0.172233,0.000877,0.045604,0.002428,7,84
oracle_feature_selector,clean_transfer,lid_twist_force_control,compound_contact_shift,0.763605,0.032375,0.057532,0.003648,0.646654,0.004342,0.047255,0.000549,0.179300,0.002205,0.048286,0.000614,7,84
oracle_feature_selector,clean_transfer,lid_twist_force_control,low_friction,0.794218,0.015031,0.036905,0.000835,0.667722,0.001224,0.029057,0.002504,0.170204,0.000708,0.037600,0.000620,7,84
oracle_feature_selector,clean_transfer,lid_twist_force_control,soft_compliance,0.801020,0.034048,0.039943,0.000864,0.662296,0.001267,0.029181,0.001138,0.172062,0.001951,0.039767,0.000640,7,84
oracle_feature_selector,clean_transfer,lid_twist_force_control,source_matched,0.831633,0.021257,0.033292,0.000855,0.677847,0.001253,0.020894,0.000799,0.165356,0.002784,0.034668,0.001920,7,84
oracle_feature_selector,clean_transfer,lid_twist_force_control,taxel_bias,0.812925,0.035172,0.044934,0.000816,0.668303,0.001195,0.034823,0.002656,0.173707,0.000923,0.043469,0.000607,7,84
oracle_feature_selector,clean_transfer,lid_twist_force_control,texture_aliasing,0.790816,0.040689,0.048316,0.000874,0.661763,0.001282,0.037182,0.002137,0.170317,0.001220,0.039839,0.000647,7,84
oracle_feature_selector,clean_transfer,lid_twist_force_control,transient_shear_spike,0.819728,0.028545,0.054740,0.000922,0.651973,0.001354,0.039301,0.000938,0.175817,0.000747,0.042392,0.000680,7,84
oracle_feature_selector,clean_transfer,peg_in_hole_contact_search,compound_contact_shift,0.767007,0.031740,0.055364,0.000960,0.654229,0.001411,0.045205,0.000980,0.177642,0.000776,0.046876,0.002582,7,84
oracle_feature_selector,clean_transfer,peg_in_hole_contact_search,low_friction,0.761905,0.032203,0.040439,0.000864,0.673559,0.001267,0.029984,0.001125,0.169560,0.002585,0.038974,0.000640,7,84
oracle_feature_selector,clean_transfer,peg_in_hole_contact_search,soft_compliance,0.835034,0.037218,0.044511,0.003675,0.674829,0.001311,0.028099,0.001175,0.170913,0.001030,0.042996,0.001958,7,84
oracle_feature_selector,clean_transfer,peg_in_hole_contact_search,source_matched,0.829932,0.020184,0.036372,0.003681,0.688148,0.001296,0.019565,0.000471,0.166145,0.000697,0.036872,0.000581,7,84
oracle_feature_selector,clean_transfer,peg_in_hole_contact_search,taxel_bias,0.792517,0.034102,0.045492,0.000845,0.669676,0.001239,0.032028,0.001169,0.175439,0.000909,0.042793,0.000627,7,84
oracle_feature_selector,clean_transfer,peg_in_hole_contact_search,texture_aliasing,0.789116,0.039675,0.045796,0.000903,0.668810,0.006020,0.037276,0.002220,0.169660,0.000954,0.045048,0.000666,7,84
oracle_feature_selector,clean_transfer,peg_in_hole_contact_search,transient_shear_spike,0.789116,0.036616,0.047654,0.000951,0.659889,0.001397,0.036618,0.001385,0.172636,0.001083,0.044456,0.000699,7,84
oracle_feature_selector,clean_transfer,slip_limited_grasp,compound_contact_shift,0.811224,0.027148,0.052448,0.000883,0.681501,0.006043,0.043484,0.000795,0.177427,0.002801,0.046536,0.002624,7,84
oracle_feature_selector,clean_transfer,slip_limited_grasp,low_friction,0.804422,0.028284,0.037379,0.000787,0.700615,0.006160,0.028195,0.000927,0.168136,0.000727,0.038534,0.000587,7,84
oracle_feature_selector,clean_transfer,slip_limited_grasp,soft_compliance,0.809524,0.042904,0.042523,0.000816,0.698348,0.006125,0.028833,0.002593,0.172573,0.000851,0.042152,0.000607,7,84
oracle_feature_selector,clean_transfer,slip_limited_grasp,source_matched,0.833333,0.035277,0.037457,0.002938,0.708558,0.001181,0.020788,0.000996,0.162472,0.000688,0.038144,0.000558,7,84
oracle_feature_selector,clean_transfer,slip_limited_grasp,taxel_bias,0.807823,0.024646,0.048577,0.003762,0.693087,0.006184,0.034488,0.003134,0.171741,0.003033,0.040869,0.000502,7,84
oracle_feature_selector,clean_transfer,slip_limited_grasp,texture_aliasing,0.780612,0.030062,0.047596,0.000826,0.695438,0.005603,0.033628,0.000834,0.172395,0.003064,0.039951,0.000613,7,84
oracle_feature_selector,clean_transfer,slip_limited_grasp,transient_shear_spike,0.811224,0.030307,0.049526,0.000874,0.684052,0.001282,0.039120,0.001020,0.172581,0.002532,0.046270,0.001915,7,84
oracle_feature_selector,combined_stress,cable_threading,compound_contact_shift,0.709184,0.032546,0.075111,0.003695,0.659673,0.005562,0.058657,0.000850,0.196731,0.000663,0.062705,0.002701,7,84
oracle_feature_selector,combined_stress,cable_threading,low_friction,0.695578,0.025892,0.054542,0.000768,0.679177,0.001123,0.045449,0.000907,0.187736,0.000715,0.057042,0.000574,7,84
oracle_feature_selector,combined_stress,cable_threading,soft_compliance,0.709184,0.049329,0.055390,0.000797,0.677374,0.006149,0.047937,0.001090,0.188795,0.000794,0.057341,0.000594,7,84
oracle_feature_selector,combined_stress,cable_threading,source_matched,0.704082,0.045947,0.050508,0.000787,0.692452,0.001152,0.039367,0.002265,0.184808,0.002266,0.054358,0.000587,7,84
oracle_feature_selector,combined_stress,cable_threading,taxel_bias,0.698980,0.027756,0.062090,0.000749,0.676068,0.001095,0.048767,0.000952,0.189874,0.000745,0.061260,0.000561,7,84
oracle_feature_selector,combined_stress,cable_threading,texture_aliasing,0.707483,0.034480,0.060841,0.000807,0.680049,0.001181,0.053429,0.001174,0.190609,0.000910,0.058775,0.002667,7,84
oracle_feature_selector,combined_stress,cable_threading,transient_shear_spike,0.695578,0.027822,0.068177,0.000855,0.669737,0.001253,0.055284,0.000825,0.193181,0.003017,0.059973,0.002640,7,84
oracle_feature_selector,combined_stress,cloth_edge_pull,compound_contact_shift,0.709184,0.028739,0.073724,0.000864,0.652409,0.001267,0.060183,0.000835,0.197003,0.002291,0.061393,0.000640,7,84
oracle_feature_selector,combined_stress,cloth_edge_pull,low_friction,0.702381,0.032203,0.054785,0.000768,0.674358,0.001123,0.045767,0.000839,0.187829,0.000644,0.057996,0.000574,7,84
oracle_feature_selector,combined_stress,cloth_edge_pull,soft_compliance,0.734694,0.026805,0.056173,0.000797,0.670793,0.005633,0.048202,0.000804,0.188912,0.000635,0.058667,0.000594,7,84
oracle_feature_selector,combined_stress,cloth_edge_pull,source_matched,0.753401,0.022027,0.049397,0.002946,0.688173,0.001152,0.036440,0.002083,0.182090,0.002496,0.054379,0.002010,7,84
oracle_feature_selector,combined_stress,cloth_edge_pull,taxel_bias,0.704082,0.031151,0.061974,0.000749,0.670709,0.001095,0.048851,0.000540,0.189759,0.000402,0.060823,0.001949,7,84
oracle_feature_selector,combined_stress,cloth_edge_pull,texture_aliasing,0.685374,0.028739,0.061804,0.000807,0.673738,0.004419,0.055022,0.001274,0.191703,0.001002,0.055651,0.000600,7,84
oracle_feature_selector,combined_stress,cloth_edge_pull,transient_shear_spike,0.690476,0.060031,0.070040,0.000855,0.667348,0.001253,0.057142,0.001717,0.189995,0.001286,0.058612,0.000633,7,84
oracle_feature_selector,combined_stress,lid_twist_force_control,compound_contact_shift,0.736395,0.027622,0.074608,0.000941,0.621535,0.001383,0.059403,0.001080,0.193649,0.000861,0.062712,0.000693,7,84
oracle_feature_selector,combined_stress,lid_twist_force_control,low_friction,0.784014,0.040231,0.053903,0.003708,0.635690,0.001239,0.043416,0.003210,0.186892,0.000736,0.055812,0.000554,7,84
oracle_feature_selector,combined_stress,lid_twist_force_control,soft_compliance,0.761905,0.037069,0.055821,0.000874,0.632919,0.001282,0.046474,0.000889,0.187020,0.003026,0.059134,0.000647,7,84
oracle_feature_selector,combined_stress,lid_twist_force_control,source_matched,0.787415,0.029439,0.045438,0.000864,0.647462,0.001267,0.037494,0.000889,0.182245,0.002901,0.052362,0.000640,7,84
oracle_feature_selector,combined_stress,lid_twist_force_control,taxel_bias,0.772109,0.038586,0.059023,0.000826,0.634084,0.001210,0.052116,0.001304,0.189974,0.001005,0.060645,0.000613,7,84
oracle_feature_selector,combined_stress,lid_twist_force_control,texture_aliasing,0.770408,0.055711,0.066774,0.000883,0.633556,0.001296,0.049069,0.002388,0.188889,0.001239,0.059783,0.000653,7,84
oracle_feature_selector,combined_stress,lid_twist_force_control,transient_shear_spike,0.746599,0.036968,0.065602,0.000931,0.628491,0.001368,0.052703,0.001745,0.189433,0.001192,0.058553,0.002388,7,84
oracle_feature_selector,combined_stress,peg_in_hole_contact_search,compound_contact_shift,0.715986,0.021257,0.075551,0.003944,0.634132,0.001426,0.059251,0.000557,0.192140,0.000548,0.062248,0.002681,7,84
oracle_feature_selector,combined_stress,peg_in_hole_contact_search,low_friction,0.761905,0.026943,0.055402,0.000874,0.643976,0.001282,0.046021,0.000995,0.184641,0.002085,0.058018,0.000647,7,84
oracle_feature_selector,combined_stress,peg_in_hole_contact_search,soft_compliance,0.768707,0.047180,0.054924,0.002898,0.647901,0.001325,0.046519,0.001500,0.188368,0.002067,0.056260,0.000624,7,84
oracle_feature_selector,combined_stress,peg_in_hole_contact_search,source_matched,0.760204,0.041811,0.044768,0.003675,0.660212,0.001311,0.037420,0.000751,0.185500,0.000607,0.050787,0.002500,7,84
oracle_feature_selector,combined_stress,peg_in_hole_contact_search,taxel_bias,0.767007,0.030490,0.060977,0.000855,0.637906,0.001253,0.047783,0.000855,0.192294,0.000671,0.060877,0.000633,7,84
oracle_feature_selector,combined_stress,peg_in_hole_contact_search,texture_aliasing,0.773810,0.044969,0.065650,0.000912,0.635334,0.004353,0.049024,0.000715,0.189003,0.000500,0.057895,0.000673,7,84
oracle_feature_selector,combined_stress,peg_in_hole_contact_search,transient_shear_spike,0.758503,0.047140,0.071918,0.000960,0.638856,0.001411,0.055862,0.001788,0.192068,0.001973,0.059501,0.000706,7,84
oracle_feature_selector,combined_stress,slip_limited_grasp,compound_contact_shift,0.773810,0.027889,0.074869,0.000893,0.651269,0.006032,0.062226,0.001222,0.190999,0.000969,0.063540,0.000660,7,84
oracle_feature_selector,combined_stress,slip_limited_grasp,low_friction,0.787415,0.046228,0.059722,0.000797,0.671188,0.001167,0.042203,0.001195,0.185129,0.003051,0.054751,0.000594,7,84
oracle_feature_selector,combined_stress,slip_limited_grasp,soft_compliance,0.768707,0.024343,0.055170,0.000826,0.671576,0.001210,0.045933,0.002832,0.188887,0.000582,0.058191,0.001927,7,84
oracle_feature_selector,combined_stress,slip_limited_grasp,source_matched,0.807823,0.045947,0.048087,0.000816,0.673060,0.001195,0.034569,0.000961,0.182637,0.003236,0.054835,0.000607,7,84
oracle_feature_selector,combined_stress,slip_limited_grasp,taxel_bias,0.782313,0.019532,0.062867,0.000778,0.661473,0.001138,0.050361,0.000711,0.190202,0.000579,0.055936,0.000580,7,84
oracle_feature_selector,combined_stress,slip_limited_grasp,texture_aliasing,0.782313,0.043119,0.062823,0.000835,0.667263,0.001224,0.048157,0.000863,0.190751,0.002544,0.057711,0.000620,7,84
oracle_feature_selector,combined_stress,slip_limited_grasp,transient_shear_spike,0.761905,0.020367,0.069163,0.000883,0.655457,0.001296,0.056321,0.001584,0.189382,0.000678,0.059366,0.000653,7,84
oracle_feature_selector,heldout_geometry,cable_threading,compound_contact_shift,0.709184,0.024343,0.067335,0.003688,0.673745,0.006055,0.053868,0.000670,0.190793,0.000683,0.056791,0.000574,7,84
oracle_feature_selector,heldout_geometry,cable_threading,low_friction,0.727891,0.031972,0.054656,0.000778,0.696626,0.001138,0.039855,0.002758,0.181574,0.002835,0.050516,0.000580,7,84
oracle_feature_selector,heldout_geometry,cable_threading,soft_compliance,0.697279,0.020905,0.055352,0.002938,0.689760,0.001181,0.041183,0.000912,0.180035,0.000807,0.051992,0.000558,7,84
oracle_feature_selector,heldout_geometry,cable_threading,source_matched,0.738095,0.036004,0.040681,0.000797,0.693539,0.001167,0.034612,0.001076,0.178205,0.000826,0.048345,0.000594,7,84
oracle_feature_selector,heldout_geometry,cable_threading,taxel_bias,0.721088,0.020905,0.059988,0.000759,0.688757,0.004451,0.046808,0.000512,0.186355,0.000422,0.053713,0.000567,7,84
oracle_feature_selector,heldout_geometry,cable_threading,texture_aliasing,0.707483,0.045785,0.059178,0.003728,0.683314,0.001195,0.046735,0.001053,0.182156,0.000685,0.050479,0.001937,7,84
oracle_feature_selector,heldout_geometry,cable_threading,transient_shear_spike,0.664966,0.043631,0.060605,0.000864,0.677727,0.001267,0.050864,0.001151,0.186235,0.002900,0.053647,0.000640,7,84
oracle_feature_selector,heldout_geometry,cloth_edge_pull,compound_contact_shift,0.724490,0.021858,0.066161,0.000874,0.664102,0.004376,0.055152,0.000776,0.188668,0.002824,0.059074,0.000647,7,84
oracle_feature_selector,heldout_geometry,cloth_edge_pull,low_friction,0.732993,0.051388,0.053397,0.002950,0.692002,0.001138,0.037898,0.002861,0.179576,0.002894,0.051598,0.000538,7,84
oracle_feature_selector,heldout_geometry,cloth_edge_pull,soft_compliance,0.719388,0.041321,0.052918,0.004076,0.685946,0.001181,0.041331,0.001026,0.180378,0.000709,0.053407,0.000512,7,84
oracle_feature_selector,heldout_geometry,cloth_edge_pull,source_matched,0.763605,0.036868,0.041497,0.000797,0.689455,0.001167,0.034880,0.000959,0.178366,0.000729,0.047425,0.002451,7,84
oracle_feature_selector,heldout_geometry,cloth_edge_pull,taxel_bias,0.707483,0.030062,0.060083,0.000759,0.683593,0.004451,0.047501,0.001132,0.186741,0.000884,0.054585,0.000567,7,84
oracle_feature_selector,heldout_geometry,cloth_edge_pull,texture_aliasing,0.717687,0.028219,0.056924,0.004068,0.679770,0.001195,0.047318,0.000650,0.182833,0.000731,0.050875,0.000519,7,84
oracle_feature_selector,heldout_geometry,cloth_edge_pull,transient_shear_spike,0.707483,0.029187,0.062681,0.000864,0.675533,0.001267,0.051673,0.000922,0.183501,0.000728,0.055882,0.000640,7,84
oracle_feature_selector,heldout_geometry,lid_twist_force_control,compound_contact_shift,0.784014,0.035066,0.072435,0.000951,0.638476,0.001397,0.055364,0.002841,0.188375,0.002753,0.056141,0.000699,7,84
oracle_feature_selector,heldout_geometry,lid_twist_force_control,low_friction,0.795918,0.020000,0.049330,0.004037,0.650863,0.006078,0.036958,0.003048,0.180332,0.000423,0.050690,0.002470,7,84
oracle_feature_selector,heldout_geometry,lid_twist_force_control,soft_compliance,0.806122,0.023174,0.051095,0.000883,0.643029,0.001296,0.041516,0.000888,0.177628,0.000717,0.049472,0.000653,7,84
oracle_feature_selector,heldout_geometry,lid_twist_force_control,source_matched,0.814626,0.022690,0.041213,0.000874,0.656564,0.001282,0.032564,0.000926,0.173855,0.001945,0.045693,0.002629,7,84
oracle_feature_selector,heldout_geometry,lid_twist_force_control,taxel_bias,0.765306,0.028674,0.057378,0.004052,0.639352,0.001224,0.046589,0.000756,0.182779,0.000736,0.052328,0.002724,7,84
oracle_feature_selector,heldout_geometry,lid_twist_force_control,texture_aliasing,0.756803,0.035953,0.060423,0.002902,0.644836,0.001311,0.044770,0.001032,0.184488,0.000805,0.050605,0.000617,7,84
oracle_feature_selector,heldout_geometry,lid_twist_force_control,transient_shear_spike,0.777211,0.033278,0.063634,0.000941,0.644496,0.001383,0.049837,0.001040,0.186337,0.000817,0.055001,0.002384,7,84
oracle_feature_selector,heldout_geometry,peg_in_hole_contact_search,compound_contact_shift,0.751701,0.031151,0.069753,0.000979,0.635221,0.001440,0.054997,0.002498,0.190405,0.000798,0.055486,0.002366,7,84
oracle_feature_selector,heldout_geometry,peg_in_hole_contact_search,low_friction,0.777211,0.030852,0.050634,0.000883,0.653588,0.001296,0.040450,0.002152,0.177913,0.000443,0.048207,0.000653,7,84
oracle_feature_selector,heldout_geometry,peg_in_hole_contact_search,soft_compliance,0.760204,0.025676,0.050003,0.000912,0.660168,0.001339,0.041564,0.002841,0.178676,0.000652,0.048768,0.001905,7,84
oracle_feature_selector,heldout_geometry,peg_in_hole_contact_search,source_matched,0.806122,0.029123,0.038633,0.000903,0.671471,0.001325,0.032822,0.000756,0.174380,0.002402,0.047395,0.000666,7,84
oracle_feature_selector,heldout_geometry,peg_in_hole_contact_search,taxel_bias,0.741497,0.050845,0.053992,0.000864,0.645331,0.001267,0.043182,0.001723,0.186472,0.001317,0.050045,0.000640,7,84
oracle_feature_selector,heldout_geometry,peg_in_hole_contact_search,texture_aliasing,0.784014,0.036515,0.059104,0.003655,0.646198,0.001354,0.046246,0.001179,0.184068,0.001917,0.049745,0.000607,7,84
oracle_feature_selector,heldout_geometry,peg_in_hole_contact_search,transient_shear_spike,0.753401,0.013194,0.059464,0.000970,0.641581,0.004319,0.049259,0.000841,0.184934,0.000706,0.053321,0.000713,7,84
oracle_feature_selector,heldout_geometry,slip_limited_grasp,compound_contact_shift,0.760204,0.037908,0.069372,0.000903,0.660744,0.005522,0.052612,0.001983,0.186881,0.001036,0.054666,0.000666,7,84
oracle_feature_selector,heldout_geometry,slip_limited_grasp,low_friction,0.802721,0.035953,0.050109,0.000807,0.678895,0.005623,0.037529,0.002022,0.181992,0.001024,0.049574,0.000600,7,84
oracle_feature_selector,heldout_geometry,slip_limited_grasp,soft_compliance,0.784014,0.027148,0.050551,0.003715,0.676793,0.001224,0.041795,0.001852,0.181213,0.000897,0.048587,0.001974,7,84
oracle_feature_selector,heldout_geometry,slip_limited_grasp,source_matched,0.806122,0.031269,0.040538,0.000826,0.695278,0.001210,0.028972,0.002275,0.178251,0.000671,0.045862,0.002656,7,84
oracle_feature_selector,heldout_geometry,slip_limited_grasp,taxel_bias,0.761905,0.022771,0.056182,0.004091,0.679857,0.001152,0.042471,0.000700,0.181019,0.000641,0.049852,0.000499,7,84
oracle_feature_selector,heldout_geometry,slip_limited_grasp,texture_aliasing,0.780612,0.027822,0.054864,0.000845,0.673650,0.001239,0.042343,0.001101,0.185046,0.000870,0.054271,0.000627,7,84
oracle_feature_selector,heldout_geometry,slip_limited_grasp,transient_shear_spike,0.772109,0.043333,0.063871,0.000893,0.666569,0.001311,0.045716,0.001395,0.184419,0.001071,0.054655,0.002619,7,84
oracle_feature_selector,heldout_material,cable_threading,compound_contact_shift,0.685374,0.037019,0.064525,0.000874,0.674092,0.001282,0.054478,0.001209,0.185265,0.002243,0.056057,0.000647,7,84
oracle_feature_selector,heldout_material,cable_threading,low_friction,0.705782,0.025820,0.044134,0.000778,0.689255,0.001138,0.036221,0.000644,0.177159,0.000510,0.049613,0.000580,7,84
oracle_feature_selector,heldout_material,cable_threading,soft_compliance,0.750000,0.024419,0.046464,0.000807,0.700398,0.001181,0.039272,0.000526,0.178847,0.000427,0.051124,0.000600,7,84
oracle_feature_selector,heldout_material,cable_threading,source_matched,0.792517,0.031740,0.042543,0.000797,0.704177,0.001167,0.029160,0.002602,0.175842,0.002015,0.045427,0.002451,7,84
oracle_feature_selector,heldout_material,cable_threading,taxel_bias,0.709184,0.038730,0.052599,0.003769,0.683959,0.001109,0.044375,0.002425,0.180613,0.002443,0.052879,0.000495,7,84
oracle_feature_selector,heldout_material,cable_threading,texture_aliasing,0.704082,0.043928,0.051736,0.000816,0.693952,0.001195,0.046372,0.001024,0.181978,0.000760,0.048500,0.000607,7,84
oracle_feature_selector,heldout_material,cable_threading,transient_shear_spike,0.724490,0.027622,0.061550,0.000864,0.688365,0.001267,0.049767,0.000989,0.181494,0.000784,0.052996,0.000640,7,84
oracle_feature_selector,heldout_material,cloth_edge_pull,compound_contact_shift,0.722789,0.031681,0.066800,0.000874,0.672124,0.001282,0.055554,0.000778,0.183911,0.000608,0.055009,0.002629,7,84
oracle_feature_selector,heldout_material,cloth_edge_pull,low_friction,0.775510,0.017213,0.044609,0.000778,0.684587,0.001138,0.035109,0.000555,0.176310,0.000466,0.048468,0.002460,7,84
oracle_feature_selector,heldout_material,cloth_edge_pull,soft_compliance,0.731293,0.037367,0.047479,0.000807,0.691395,0.005623,0.040786,0.001360,0.179950,0.001053,0.048065,0.002667,7,84
oracle_feature_selector,heldout_material,cloth_edge_pull,source_matched,0.772109,0.021257,0.043378,0.000797,0.700049,0.001167,0.028290,0.002157,0.173426,0.002576,0.042244,0.001935,7,84
oracle_feature_selector,heldout_material,cloth_edge_pull,taxel_bias,0.729592,0.033278,0.052714,0.003769,0.678751,0.001109,0.043077,0.003384,0.180412,0.002821,0.051487,0.002498,7,84
oracle_feature_selector,heldout_material,cloth_edge_pull,texture_aliasing,0.732993,0.022111,0.052930,0.000816,0.690364,0.001195,0.044545,0.002343,0.182344,0.000789,0.050138,0.000607,7,84
oracle_feature_selector,heldout_material,cloth_edge_pull,transient_shear_spike,0.724490,0.030307,0.061929,0.002914,0.686127,0.001267,0.048038,0.002724,0.182981,0.000915,0.052929,0.002465,7,84
oracle_feature_selector,heldout_material,lid_twist_force_control,compound_contact_shift,0.778912,0.033720,0.062822,0.002879,0.633542,0.004330,0.049109,0.000940,0.182591,0.000778,0.055330,0.000657,7,84
oracle_feature_selector,heldout_material,lid_twist_force_control,low_friction,0.756803,0.040046,0.045726,0.000855,0.653647,0.001253,0.035585,0.001286,0.179733,0.002474,0.045437,0.001920,7,84
oracle_feature_selector,heldout_material,lid_twist_force_control,soft_compliance,0.780612,0.043461,0.052556,0.000883,0.653531,0.001296,0.036879,0.003300,0.177928,0.000848,0.048904,0.000653,7,84
oracle_feature_selector,heldout_material,lid_twist_force_control,source_matched,0.797619,0.027420,0.043133,0.000874,0.667066,0.001282,0.030047,0.002514,0.172858,0.000914,0.041705,0.000647,7,84
oracle_feature_selector,heldout_material,lid_twist_force_control,taxel_bias,0.784014,0.027622,0.051763,0.000835,0.649854,0.001224,0.040139,0.002741,0.182283,0.000769,0.048174,0.000620,7,84
oracle_feature_selector,heldout_material,lid_twist_force_control,texture_aliasing,0.746599,0.040323,0.051324,0.000893,0.655338,0.001311,0.044411,0.001633,0.181082,0.001979,0.049805,0.000660,7,84
oracle_feature_selector,heldout_material,lid_twist_force_control,transient_shear_spike,0.804422,0.029627,0.059490,0.003967,0.642135,0.005483,0.045608,0.002903,0.181114,0.002500,0.049736,0.001911,7,84
oracle_feature_selector,heldout_material,peg_in_hole_contact_search,compound_contact_shift,0.778912,0.036667,0.067019,0.003616,0.645679,0.001440,0.049765,0.000991,0.182921,0.001756,0.052562,0.000646,7,84
oracle_feature_selector,heldout_material,peg_in_hole_contact_search,low_friction,0.802721,0.048534,0.052195,0.000883,0.664046,0.001296,0.033403,0.001629,0.177321,0.001247,0.047664,0.000653,7,84
oracle_feature_selector,heldout_material,peg_in_hole_contact_search,soft_compliance,0.773810,0.030123,0.051483,0.000912,0.652617,0.001339,0.035951,0.001048,0.178297,0.000829,0.047080,0.000673,7,84
oracle_feature_selector,heldout_material,peg_in_hole_contact_search,source_matched,0.795918,0.033166,0.040572,0.000903,0.663920,0.001325,0.028993,0.002376,0.172143,0.000928,0.045717,0.001907,7,84
oracle_feature_selector,heldout_material,peg_in_hole_contact_search,taxel_bias,0.773810,0.036717,0.055255,0.000864,0.655789,0.001267,0.042796,0.001360,0.177753,0.001058,0.049495,0.000640,7,84
oracle_feature_selector,heldout_material,peg_in_hole_contact_search,texture_aliasing,0.784014,0.033166,0.051738,0.000922,0.656656,0.001354,0.042375,0.002619,0.177073,0.000946,0.049006,0.000680,7,84
oracle_feature_selector,heldout_material,peg_in_hole_contact_search,transient_shear_spike,0.784014,0.040231,0.060484,0.000970,0.649467,0.001426,0.047749,0.002477,0.184249,0.001169,0.052766,0.000713,7,84
oracle_feature_selector,heldout_material,slip_limited_grasp,compound_contact_shift,0.775510,0.043928,0.068321,0.002898,0.666134,0.001325,0.051276,0.000779,0.186427,0.000382,0.054026,0.000624,7,84
oracle_feature_selector,heldout_material,slip_limited_grasp,low_friction,0.787415,0.046228,0.051638,0.000807,0.684285,0.001181,0.034930,0.001023,0.175228,0.002516,0.048991,0.000600,7,84
oracle_feature_selector,heldout_material,slip_limited_grasp,soft_compliance,0.816327,0.024870,0.048568,0.000835,0.687328,0.001224,0.034225,0.000851,0.180453,0.000680,0.046783,0.000620,7,84
oracle_feature_selector,heldout_material,slip_limited_grasp,source_matched,0.831633,0.025166,0.042444,0.000826,0.690376,0.004407,0.027678,0.000994,0.170752,0.002095,0.041856,0.000613,7,84
oracle_feature_selector,heldout_material,slip_limited_grasp,taxel_bias,0.806122,0.029565,0.052268,0.000787,0.672383,0.001152,0.041270,0.001076,0.180044,0.000842,0.049148,0.000587,7,84
oracle_feature_selector,heldout_material,slip_limited_grasp,texture_aliasing,0.790816,0.040046,0.056041,0.000845,0.684185,0.001239,0.042502,0.001161,0.177823,0.002017,0.050249,0.002645,7,84
oracle_feature_selector,heldout_material,slip_limited_grasp,transient_shear_spike,0.821429,0.061524,0.059713,0.004006,0.677104,0.001311,0.044364,0.001705,0.183353,0.001231,0.049372,0.000572,7,84
oracle_feature_selector,heldout_object,cable_threading,compound_contact_shift,0.697279,0.032942,0.058937,0.002918,0.678072,0.001253,0.049421,0.003246,0.184413,0.000402,0.052714,0.000591,7,84
oracle_feature_selector,heldout_object,cable_threading,low_friction,0.719388,0.029627,0.047105,0.003769,0.696771,0.004451,0.038122,0.000890,0.176704,0.002585,0.046886,0.000495,7,84
oracle_feature_selector,heldout_object,cable_threading,soft_compliance,0.675170,0.037317,0.049226,0.000787,0.700031,0.001152,0.039860,0.002215,0.179911,0.000563,0.046033,0.000587,7,84
oracle_feature_selector,heldout_object,cable_threading,source_matched,0.761905,0.049628,0.035204,0.000778,0.705826,0.001138,0.026241,0.001240,0.170146,0.000918,0.043296,0.000580,7,84
oracle_feature_selector,heldout_object,cable_threading,taxel_bias,0.707483,0.032546,0.049547,0.003783,0.693276,0.001080,0.042284,0.000650,0.180090,0.002908,0.046246,0.002573,7,84
oracle_feature_selector,heldout_object,cable_threading,texture_aliasing,0.719388,0.037367,0.052607,0.000797,0.691245,0.001167,0.043477,0.001714,0.180379,0.000962,0.048044,0.002451,7,84
oracle_feature_selector,heldout_object,cable_threading,transient_shear_spike,0.698980,0.040643,0.055890,0.000845,0.694217,0.001239,0.044183,0.001509,0.179861,0.002345,0.050483,0.000627,7,84
oracle_feature_selector,heldout_object,cloth_edge_pull,compound_contact_shift,0.732993,0.055042,0.059155,0.000855,0.675521,0.001253,0.047807,0.001764,0.185162,0.001339,0.052547,0.002424,7,84
oracle_feature_selector,heldout_object,cloth_edge_pull,low_friction,0.741497,0.030429,0.047238,0.003769,0.691519,0.004451,0.036783,0.001953,0.175355,0.003053,0.046661,0.001997,7,84
oracle_feature_selector,heldout_object,cloth_edge_pull,soft_compliance,0.748299,0.029876,0.049899,0.000787,0.695590,0.001152,0.036516,0.002995,0.178003,0.002101,0.047323,0.000587,7,84
oracle_feature_selector,heldout_object,cloth_edge_pull,source_matched,0.772109,0.026176,0.035697,0.000778,0.701115,0.001138,0.026619,0.000894,0.170394,0.000705,0.042175,0.002460,7,84
oracle_feature_selector,heldout_object,cloth_edge_pull,taxel_bias,0.709184,0.024870,0.051035,0.004130,0.687485,0.001080,0.042494,0.000513,0.180012,0.002720,0.044668,0.000466,7,84
oracle_feature_selector,heldout_object,cloth_edge_pull,texture_aliasing,0.777211,0.046865,0.053460,0.000797,0.687074,0.001167,0.039510,0.003040,0.178867,0.001601,0.046028,0.002451,7,84
oracle_feature_selector,heldout_object,cloth_edge_pull,transient_shear_spike,0.714286,0.042601,0.057643,0.000845,0.691396,0.001239,0.045399,0.001655,0.177427,0.001280,0.050230,0.002428,7,84
oracle_feature_selector,heldout_object,lid_twist_force_control,compound_contact_shift,0.746599,0.033665,0.063440,0.003648,0.638889,0.004342,0.052163,0.001140,0.183282,0.002783,0.052863,0.000614,7,84
oracle_feature_selector,heldout_object,lid_twist_force_control,low_friction,0.780612,0.020276,0.041181,0.000835,0.659957,0.001224,0.033717,0.002482,0.175269,0.000758,0.042142,0.000620,7,84
oracle_feature_selector,heldout_object,lid_twist_force_control,soft_compliance,0.795918,0.031151,0.044372,0.000864,0.654531,0.001267,0.033643,0.001053,0.176974,0.002325,0.044312,0.000640,7,84
oracle_feature_selector,heldout_object,lid_twist_force_control,source_matched,0.804422,0.022111,0.036854,0.000855,0.670082,0.001253,0.025823,0.000978,0.170666,0.002517,0.039194,0.001920,7,84
oracle_feature_selector,heldout_object,lid_twist_force_control,taxel_bias,0.782313,0.012172,0.049770,0.000816,0.660538,0.001195,0.039964,0.002396,0.179078,0.000581,0.048023,0.000607,7,84
oracle_feature_selector,heldout_object,lid_twist_force_control,texture_aliasing,0.795918,0.027148,0.053255,0.000874,0.653998,0.001282,0.041440,0.001677,0.175045,0.000919,0.044395,0.000647,7,84
oracle_feature_selector,heldout_object,lid_twist_force_control,transient_shear_spike,0.778912,0.028284,0.058321,0.002891,0.644208,0.001354,0.044571,0.000916,0.181372,0.000764,0.046919,0.000637,7,84
oracle_feature_selector,heldout_object,peg_in_hole_contact_search,compound_contact_shift,0.804422,0.022690,0.061249,0.000960,0.646519,0.001411,0.048750,0.000912,0.181756,0.000744,0.050281,0.002375,7,84
oracle_feature_selector,heldout_object,peg_in_hole_contact_search,low_friction,0.795918,0.036158,0.044692,0.000864,0.665849,0.001267,0.033451,0.001033,0.172592,0.002623,0.043486,0.000640,7,84
oracle_feature_selector,heldout_object,peg_in_hole_contact_search,soft_compliance,0.772109,0.025166,0.048917,0.003675,0.667119,0.001311,0.034005,0.000836,0.176834,0.000863,0.046368,0.002500,7,84
oracle_feature_selector,heldout_object,peg_in_hole_contact_search,source_matched,0.789116,0.036968,0.038195,0.004013,0.680438,0.001296,0.024660,0.001045,0.171668,0.000701,0.041331,0.000565,7,84
oracle_feature_selector,heldout_object,peg_in_hole_contact_search,taxel_bias,0.750000,0.041988,0.050305,0.000845,0.661966,0.001239,0.037465,0.001465,0.179849,0.002382,0.047318,0.000627,7,84
oracle_feature_selector,heldout_object,peg_in_hole_contact_search,texture_aliasing,0.785714,0.025963,0.050712,0.000903,0.658527,0.006020,0.040602,0.002507,0.174509,0.000674,0.049574,0.000666,7,84
oracle_feature_selector,heldout_object,peg_in_hole_contact_search,transient_shear_spike,0.770408,0.046308,0.052927,0.000951,0.652179,0.001397,0.041505,0.001564,0.177761,0.001204,0.048991,0.000699,7,84
oracle_feature_selector,heldout_object,slip_limited_grasp,compound_contact_shift,0.790816,0.046348,0.058373,0.000883,0.673695,0.006043,0.048479,0.001010,0.182638,0.003114,0.051136,0.002624,7,84
oracle_feature_selector,heldout_object,slip_limited_grasp,low_friction,0.739796,0.029876,0.041672,0.000787,0.690237,0.006160,0.034132,0.001110,0.174144,0.000868,0.043098,0.000587,7,84
oracle_feature_selector,heldout_object,slip_limited_grasp,soft_compliance,0.816327,0.030062,0.046969,0.000816,0.687970,0.006125,0.033000,0.003088,0.177294,0.000571,0.046719,0.000607,7,84
oracle_feature_selector,heldout_object,slip_limited_grasp,source_matched,0.821429,0.039110,0.041036,0.002938,0.700752,0.001181,0.025336,0.001078,0.167530,0.000919,0.042692,0.000558,7,84
oracle_feature_selector,heldout_object,slip_limited_grasp,taxel_bias,0.782313,0.038682,0.053431,0.003762,0.682709,0.006184,0.039503,0.003377,0.177045,0.003331,0.045445,0.000502,7,84
oracle_feature_selector,heldout_object,slip_limited_grasp,texture_aliasing,0.795918,0.043033,0.052553,0.000826,0.687632,0.005603,0.037633,0.000587,0.176963,0.003177,0.044529,0.000613,7,84
oracle_feature_selector,heldout_object,slip_limited_grasp,transient_shear_spike,0.792517,0.022111,0.054840,0.000874,0.676246,0.001282,0.044011,0.000734,0.176618,0.002064,0.050856,0.001915,7,84
proposed_negative_transfer_guard,clean_transfer,cable_threading,compound_contact_shift,0.579932,0.049291,0.076664,0.000941,0.627642,0.005483,0.066284,0.001852,0.228025,0.001429,0.068471,0.000693,7,84
proposed_negative_transfer_guard,clean_transfer,cable_threading,low_friction,0.695578,0.034480,0.057093,0.000845,0.640720,0.005582,0.048232,0.001022,0.214992,0.000791,0.057687,0.001922,7,84
proposed_negative_transfer_guard,clean_transfer,cable_threading,soft_compliance,0.673469,0.046348,0.056885,0.003688,0.647294,0.001282,0.046083,0.002603,0.218130,0.001232,0.058255,0.000574,7,84
proposed_negative_transfer_guard,clean_transfer,cable_threading,source_matched,0.690476,0.034534,0.042761,0.004029,0.649162,0.005562,0.037026,0.002488,0.213591,0.000764,0.057202,0.002466,7,84
proposed_negative_transfer_guard,clean_transfer,cable_threading,taxel_bias,0.687075,0.020184,0.063720,0.002930,0.632979,0.001210,0.051983,0.000918,0.217573,0.000714,0.060970,0.000571,7,84
proposed_negative_transfer_guard,clean_transfer,cable_threading,texture_aliasing,0.632653,0.026176,0.059416,0.000883,0.631029,0.001296,0.055277,0.000542,0.217948,0.001986,0.059211,0.000653,7,84
proposed_negative_transfer_guard,clean_transfer,cable_threading,transient_shear_spike,0.622449,0.018856,0.068200,0.000931,0.632790,0.005985,0.058027,0.000866,0.223568,0.000713,0.062376,0.000686,7,84
proposed_negative_transfer_guard,clean_transfer,cloth_edge_pull,compound_contact_shift,0.651361,0.032489,0.071664,0.003642,0.614602,0.001383,0.060905,0.003256,0.222383,0.002133,0.064724,0.001945,7,84
proposed_negative_transfer_guard,clean_transfer,cloth_edge_pull,low_friction,0.644558,0.043928,0.052009,0.004044,0.632699,0.001239,0.048136,0.002821,0.217214,0.000793,0.058456,0.000539,7,84
proposed_negative_transfer_guard,clean_transfer,cloth_edge_pull,soft_compliance,0.688776,0.030307,0.052340,0.002910,0.634937,0.006055,0.045887,0.000566,0.219518,0.000475,0.060539,0.000604,7,84
proposed_negative_transfer_guard,clean_transfer,cloth_edge_pull,source_matched,0.675170,0.024795,0.039752,0.000864,0.641681,0.001267,0.037628,0.000966,0.215411,0.000772,0.053683,0.000640,7,84
proposed_negative_transfer_guard,clean_transfer,cloth_edge_pull,taxel_bias,0.663265,0.022027,0.059991,0.004060,0.629563,0.001210,0.053389,0.000617,0.219065,0.000722,0.062672,0.000526,7,84
proposed_negative_transfer_guard,clean_transfer,cloth_edge_pull,texture_aliasing,0.658163,0.053576,0.061912,0.000883,0.629233,0.001296,0.053363,0.002902,0.218129,0.001312,0.061770,0.000653,7,84
proposed_negative_transfer_guard,clean_transfer,cloth_edge_pull,transient_shear_spike,0.675170,0.052352,0.064736,0.003975,0.622053,0.001368,0.057723,0.002554,0.221573,0.002895,0.065404,0.000598,7,84
proposed_negative_transfer_guard,clean_transfer,lid_twist_force_control,compound_contact_shift,0.700680,0.043631,0.075872,0.001018,0.585384,0.005882,0.061990,0.000906,0.220988,0.000682,0.068446,0.001879,7,84
proposed_negative_transfer_guard,clean_transfer,lid_twist_force_control,low_friction,0.755102,0.042251,0.049305,0.000922,0.603405,0.001354,0.043535,0.003035,0.212396,0.000997,0.060849,0.000680,7,84
proposed_negative_transfer_guard,clean_transfer,lid_twist_force_control,soft_compliance,0.761905,0.025459,0.057027,0.000951,0.603865,0.001397,0.047887,0.001015,0.218014,0.000817,0.057731,0.000699,7,84
proposed_negative_transfer_guard,clean_transfer,lid_twist_force_control,source_matched,0.736395,0.023014,0.040832,0.000941,0.610344,0.001383,0.036017,0.001138,0.210573,0.000915,0.055250,0.000693,7,84
proposed_negative_transfer_guard,clean_transfer,lid_twist_force_control,taxel_bias,0.704082,0.053264,0.058650,0.000903,0.602312,0.001325,0.052719,0.001318,0.216411,0.001115,0.063715,0.002401,7,84
proposed_negative_transfer_guard,clean_transfer,lid_twist_force_control,texture_aliasing,0.727891,0.028087,0.061630,0.000960,0.595853,0.001411,0.053926,0.001240,0.220234,0.000987,0.062400,0.000706,7,84
proposed_negative_transfer_guard,clean_transfer,lid_twist_force_control,transient_shear_spike,0.739796,0.034694,0.061906,0.001008,0.592570,0.001484,0.054173,0.002390,0.220928,0.000958,0.064280,0.002556,7,84
proposed_negative_transfer_guard,clean_transfer,peg_in_hole_contact_search,compound_contact_shift,0.729592,0.037317,0.071660,0.001047,0.587320,0.001541,0.060022,0.001325,0.223225,0.002817,0.065629,0.000766,7,84
proposed_negative_transfer_guard,clean_transfer,peg_in_hole_contact_search,low_friction,0.721088,0.034480,0.054225,0.000951,0.611321,0.001397,0.046711,0.000930,0.217280,0.000727,0.059747,0.002587,7,84
proposed_negative_transfer_guard,clean_transfer,peg_in_hole_contact_search,soft_compliance,0.692177,0.037218,0.054405,0.000979,0.600468,0.001440,0.049604,0.000964,0.218513,0.000749,0.062869,0.000719,7,84
proposed_negative_transfer_guard,clean_transfer,peg_in_hole_contact_search,source_matched,0.736395,0.024114,0.043583,0.003944,0.622724,0.001426,0.035536,0.000414,0.209968,0.001936,0.057228,0.002438,7,84
proposed_negative_transfer_guard,clean_transfer,peg_in_hole_contact_search,taxel_bias,0.714286,0.044096,0.060594,0.000931,0.605764,0.001368,0.049078,0.001512,0.218515,0.001167,0.062851,0.002598,7,84
proposed_negative_transfer_guard,clean_transfer,peg_in_hole_contact_search,texture_aliasing,0.700680,0.030732,0.060496,0.000989,0.597261,0.004308,0.052290,0.002388,0.220960,0.000955,0.060559,0.000726,7,84
proposed_negative_transfer_guard,clean_transfer,peg_in_hole_contact_search,transient_shear_spike,0.744898,0.020905,0.068212,0.001037,0.602565,0.001527,0.056291,0.001215,0.218028,0.000985,0.062989,0.000759,7,84
proposed_negative_transfer_guard,clean_transfer,slip_limited_grasp,compound_contact_shift,0.732993,0.034854,0.073676,0.000970,0.611699,0.001426,0.063103,0.001120,0.224746,0.000879,0.068685,0.000713,7,84
proposed_negative_transfer_guard,clean_transfer,slip_limited_grasp,low_friction,0.753401,0.022608,0.056097,0.000874,0.635484,0.001282,0.044385,0.002650,0.214755,0.000716,0.058130,0.000647,7,84
proposed_negative_transfer_guard,clean_transfer,slip_limited_grasp,soft_compliance,0.729592,0.047958,0.053919,0.000903,0.633958,0.005522,0.046486,0.002411,0.214323,0.001347,0.060772,0.002614,7,84
proposed_negative_transfer_guard,clean_transfer,slip_limited_grasp,source_matched,0.773810,0.030123,0.041024,0.000893,0.642814,0.006032,0.038833,0.001038,0.208971,0.001848,0.055991,0.000660,7,84
proposed_negative_transfer_guard,clean_transfer,slip_limited_grasp,taxel_bias,0.729592,0.039347,0.060036,0.000855,0.626282,0.001253,0.049888,0.001342,0.218106,0.002699,0.060704,0.001920,7,84
proposed_negative_transfer_guard,clean_transfer,slip_limited_grasp,texture_aliasing,0.687075,0.033278,0.058653,0.003662,0.626141,0.001339,0.053980,0.000959,0.219070,0.002647,0.060957,0.002491,7,84
proposed_negative_transfer_guard,clean_transfer,slip_limited_grasp,transient_shear_spike,0.710884,0.046027,0.063010,0.000960,0.616117,0.001411,0.054773,0.001287,0.219984,0.000981,0.061074,0.000706,7,84
proposed_negative_transfer_guard,combined_stress,cable_threading,compound_contact_shift,0.576531,0.030912,0.104809,0.000951,0.593424,0.001397,0.079776,0.000862,0.242034,0.000684,0.084332,0.000699,7,84
proposed_negative_transfer_guard,combined_stress,cable_threading,low_friction,0.613946,0.051388,0.083445,0.002918,0.615026,0.006078,0.066144,0.002417,0.234197,0.000937,0.076154,0.000591,7,84
proposed_negative_transfer_guard,combined_stress,cable_threading,soft_compliance,0.591837,0.023727,0.080401,0.002906,0.616536,0.004371,0.064892,0.000734,0.238515,0.000659,0.078983,0.000611,7,84
proposed_negative_transfer_guard,combined_stress,cable_threading,source_matched,0.658163,0.021430,0.064261,0.000874,0.619969,0.005552,0.053952,0.000920,0.232641,0.000744,0.071720,0.000647,7,84
proposed_negative_transfer_guard,combined_stress,cable_threading,taxel_bias,0.578231,0.040689,0.094025,0.000835,0.602525,0.004401,0.071143,0.000997,0.236296,0.000751,0.079695,0.000620,7,84
proposed_negative_transfer_guard,combined_stress,cable_threading,texture_aliasing,0.605442,0.035066,0.092373,0.000893,0.604014,0.001311,0.069616,0.002062,0.236730,0.000913,0.080667,0.000660,7,84
proposed_negative_transfer_guard,combined_stress,cable_threading,transient_shear_spike,0.585034,0.050772,0.093561,0.000941,0.600209,0.001383,0.071674,0.000634,0.237773,0.000388,0.077761,0.000693,7,84
proposed_negative_transfer_guard,combined_stress,cloth_edge_pull,compound_contact_shift,0.590136,0.083644,0.108375,0.000951,0.593735,0.001397,0.082536,0.001508,0.244286,0.001015,0.080779,0.001895,7,84
proposed_negative_transfer_guard,combined_stress,cloth_edge_pull,low_friction,0.656463,0.043333,0.078351,0.003701,0.604919,0.004388,0.060399,0.001911,0.234728,0.001125,0.076927,0.001926,7,84
proposed_negative_transfer_guard,combined_stress,cloth_edge_pull,soft_compliance,0.596939,0.041500,0.080992,0.000883,0.604667,0.005542,0.066728,0.001127,0.235505,0.002708,0.073381,0.000653,7,84
proposed_negative_transfer_guard,combined_stress,cloth_edge_pull,source_matched,0.680272,0.037565,0.066387,0.000874,0.612975,0.001282,0.055396,0.001422,0.229205,0.002629,0.074036,0.000647,7,84
proposed_negative_transfer_guard,combined_stress,cloth_edge_pull,taxel_bias,0.573129,0.031972,0.092001,0.003715,0.597023,0.001224,0.072372,0.001030,0.237444,0.001031,0.080296,0.001974,7,84
proposed_negative_transfer_guard,combined_stress,cloth_edge_pull,texture_aliasing,0.615646,0.028674,0.093145,0.002902,0.602705,0.001311,0.069175,0.000856,0.238322,0.000774,0.075188,0.000617,7,84
proposed_negative_transfer_guard,combined_stress,cloth_edge_pull,transient_shear_spike,0.610544,0.020184,0.096948,0.000941,0.600250,0.001383,0.073999,0.000818,0.239690,0.000675,0.080944,0.000693,7,84
proposed_negative_transfer_guard,combined_stress,lid_twist_force_control,compound_contact_shift,0.627551,0.031269,0.108926,0.001027,0.562672,0.001512,0.081384,0.001143,0.239520,0.000910,0.080863,0.000752,7,84
proposed_negative_transfer_guard,combined_stress,lid_twist_force_control,low_friction,0.695578,0.034854,0.082281,0.000931,0.578925,0.004342,0.062939,0.001056,0.234472,0.000824,0.075909,0.000686,7,84
proposed_negative_transfer_guard,combined_stress,lid_twist_force_control,soft_compliance,0.688776,0.037218,0.080307,0.000960,0.566604,0.001411,0.063267,0.001523,0.233510,0.001192,0.073757,0.000706,7,84
proposed_negative_transfer_guard,combined_stress,lid_twist_force_control,source_matched,0.719388,0.055042,0.070671,0.002879,0.587511,0.004330,0.054776,0.002278,0.229185,0.002196,0.070973,0.000657,7,84
proposed_negative_transfer_guard,combined_stress,lid_twist_force_control,taxel_bias,0.659864,0.033333,0.092148,0.000912,0.565354,0.005512,0.067390,0.001096,0.237238,0.000859,0.080102,0.000673,7,84
proposed_negative_transfer_guard,combined_stress,lid_twist_force_control,texture_aliasing,0.681973,0.032489,0.087491,0.000970,0.567480,0.005939,0.069404,0.000891,0.235760,0.000705,0.079003,0.000713,7,84
proposed_negative_transfer_guard,combined_stress,lid_twist_force_control,transient_shear_spike,0.661565,0.038394,0.093892,0.002854,0.561204,0.001498,0.072028,0.002188,0.239136,0.001110,0.078544,0.000703,7,84
proposed_negative_transfer_guard,combined_stress,peg_in_hole_contact_search,compound_contact_shift,0.641156,0.035434,0.106012,0.001056,0.559339,0.001556,0.080920,0.001220,0.238323,0.000964,0.082381,0.002530,7,84
proposed_negative_transfer_guard,combined_stress,peg_in_hole_contact_search,low_friction,0.685374,0.042251,0.076494,0.000960,0.576427,0.004325,0.060867,0.001461,0.231787,0.001132,0.074304,0.002582,7,84
proposed_negative_transfer_guard,combined_stress,peg_in_hole_contact_search,soft_compliance,0.659864,0.022690,0.078984,0.000989,0.583665,0.001455,0.065086,0.000686,0.234138,0.000577,0.075227,0.002567,7,84
proposed_negative_transfer_guard,combined_stress,peg_in_hole_contact_search,source_matched,0.692177,0.026667,0.069574,0.000979,0.586904,0.001440,0.054439,0.002076,0.231077,0.002070,0.070313,0.002366,7,84
proposed_negative_transfer_guard,combined_stress,peg_in_hole_contact_search,taxel_bias,0.647959,0.041944,0.090245,0.003967,0.568683,0.004336,0.069483,0.003473,0.237174,0.003129,0.078886,0.002451,7,84
proposed_negative_transfer_guard,combined_stress,peg_in_hole_contact_search,texture_aliasing,0.654762,0.056240,0.087655,0.000999,0.579055,0.001469,0.070034,0.003475,0.237350,0.000569,0.078068,0.000733,7,84
proposed_negative_transfer_guard,combined_stress,peg_in_hole_contact_search,transient_shear_spike,0.653061,0.044804,0.099781,0.001047,0.573648,0.001541,0.074293,0.002287,0.237345,0.000885,0.080408,0.002336,7,84
proposed_negative_transfer_guard,combined_stress,slip_limited_grasp,compound_contact_shift,0.641156,0.045664,0.103572,0.000979,0.589019,0.005443,0.080448,0.001491,0.241511,0.001149,0.083493,0.002366,7,84
proposed_negative_transfer_guard,combined_stress,slip_limited_grasp,low_friction,0.709184,0.045501,0.080770,0.004013,0.608464,0.001296,0.060375,0.001445,0.234451,0.001368,0.075467,0.002728,7,84
proposed_negative_transfer_guard,combined_stress,slip_limited_grasp,soft_compliance,0.642857,0.034907,0.086048,0.000912,0.596729,0.001339,0.064321,0.001179,0.235965,0.000921,0.078310,0.000673,7,84
proposed_negative_transfer_guard,combined_stress,slip_limited_grasp,source_matched,0.756803,0.044928,0.069420,0.000903,0.607150,0.001325,0.050674,0.001193,0.227766,0.000903,0.069568,0.000666,7,84
proposed_negative_transfer_guard,combined_stress,slip_limited_grasp,taxel_bias,0.680272,0.034694,0.090376,0.000864,0.597075,0.001267,0.069031,0.000954,0.233491,0.000737,0.079481,0.000640,7,84
proposed_negative_transfer_guard,combined_stress,slip_limited_grasp,texture_aliasing,0.721088,0.034480,0.089931,0.000922,0.602946,0.001354,0.065802,0.001285,0.234484,0.001007,0.077853,0.002603,7,84
proposed_negative_transfer_guard,combined_stress,slip_limited_grasp,transient_shear_spike,0.642857,0.065997,0.096983,0.003944,0.597647,0.001426,0.071515,0.001847,0.235905,0.001496,0.077842,0.000624,7,84
proposed_negative_transfer_guard,heldout_geometry,cable_threading,compound_contact_shift,0.602041,0.037367,0.097082,0.002876,0.612394,0.001411,0.073100,0.002540,0.235528,0.002665,0.078310,0.000663,7,84
proposed_negative_transfer_guard,heldout_geometry,cable_threading,low_friction,0.649660,0.049852,0.071602,0.003695,0.629655,0.004382,0.055730,0.003003,0.227865,0.001001,0.068112,0.002447,7,84
proposed_negative_transfer_guard,heldout_geometry,cable_threading,soft_compliance,0.619048,0.056699,0.070122,0.000893,0.626103,0.005532,0.060600,0.001881,0.227798,0.002533,0.069868,0.000660,7,84
proposed_negative_transfer_guard,heldout_geometry,cable_threading,source_matched,0.654762,0.046667,0.056197,0.000883,0.631101,0.005542,0.050199,0.000923,0.224314,0.003315,0.064493,0.002410,7,84
proposed_negative_transfer_guard,heldout_geometry,cable_threading,taxel_bias,0.624150,0.044054,0.081680,0.000845,0.622685,0.004394,0.064024,0.001409,0.228808,0.001078,0.072956,0.002645,7,84
proposed_negative_transfer_guard,heldout_geometry,cable_threading,texture_aliasing,0.624150,0.035953,0.082184,0.002898,0.617323,0.001325,0.063779,0.001377,0.232404,0.001151,0.072074,0.000624,7,84
proposed_negative_transfer_guard,heldout_geometry,cable_threading,transient_shear_spike,0.602041,0.055042,0.087754,0.000951,0.618243,0.001397,0.070704,0.000896,0.235578,0.000610,0.071364,0.000699,7,84
proposed_negative_transfer_guard,heldout_geometry,cloth_edge_pull,compound_contact_shift,0.634354,0.024795,0.090604,0.000960,0.600036,0.005463,0.072222,0.000532,0.234177,0.000453,0.074696,0.001893,7,84
proposed_negative_transfer_guard,heldout_geometry,cloth_edge_pull,low_friction,0.661565,0.044638,0.066754,0.002914,0.619743,0.006067,0.054324,0.001431,0.229111,0.001201,0.067907,0.000598,7,84
proposed_negative_transfer_guard,heldout_geometry,cloth_edge_pull,soft_compliance,0.653061,0.028087,0.072674,0.000893,0.611855,0.001311,0.058599,0.002973,0.226720,0.000664,0.072474,0.000660,7,84
proposed_negative_transfer_guard,heldout_geometry,cloth_edge_pull,source_matched,0.663265,0.041276,0.058570,0.000883,0.624301,0.001296,0.052127,0.001376,0.221288,0.001061,0.064687,0.000653,7,84
proposed_negative_transfer_guard,heldout_geometry,cloth_edge_pull,taxel_bias,0.646259,0.036616,0.083333,0.000845,0.612233,0.006090,0.065061,0.001363,0.229631,0.001059,0.070368,0.000627,7,84
proposed_negative_transfer_guard,heldout_geometry,cloth_edge_pull,texture_aliasing,0.636054,0.030912,0.076341,0.002898,0.616209,0.001325,0.065041,0.001027,0.230700,0.002841,0.073471,0.001907,7,84
proposed_negative_transfer_guard,heldout_geometry,cloth_edge_pull,transient_shear_spike,0.632653,0.037908,0.084526,0.003960,0.608188,0.005962,0.064356,0.000800,0.229563,0.000558,0.074562,0.000611,7,84
proposed_negative_transfer_guard,heldout_geometry,lid_twist_force_control,compound_contact_shift,0.668367,0.052775,0.096618,0.001037,0.571648,0.001527,0.074105,0.002240,0.233116,0.000880,0.078533,0.000759,7,84
proposed_negative_transfer_guard,heldout_geometry,lid_twist_force_control,low_friction,0.692177,0.027622,0.065857,0.000941,0.580988,0.001383,0.053281,0.000664,0.224647,0.000540,0.069273,0.000693,7,84
proposed_negative_transfer_guard,heldout_geometry,lid_twist_force_control,soft_compliance,0.683673,0.043461,0.074022,0.003622,0.586758,0.001426,0.055846,0.001369,0.224896,0.001073,0.068524,0.000640,7,84
proposed_negative_transfer_guard,heldout_geometry,lid_twist_force_control,source_matched,0.714286,0.024944,0.058026,0.000960,0.591221,0.001411,0.049701,0.001143,0.223553,0.000917,0.065152,0.000706,7,84
proposed_negative_transfer_guard,heldout_geometry,lid_twist_force_control,taxel_bias,0.695578,0.030912,0.076937,0.003655,0.575521,0.001354,0.062765,0.002050,0.229168,0.002526,0.072520,0.000607,7,84
proposed_negative_transfer_guard,heldout_geometry,lid_twist_force_control,texture_aliasing,0.707483,0.020905,0.077865,0.003937,0.581086,0.001440,0.061403,0.000367,0.227116,0.000605,0.074217,0.000631,7,84
proposed_negative_transfer_guard,heldout_geometry,lid_twist_force_control,transient_shear_spike,0.663265,0.043716,0.081788,0.002851,0.569244,0.001512,0.064189,0.003039,0.233020,0.001023,0.075803,0.000709,7,84
proposed_negative_transfer_guard,heldout_geometry,peg_in_hole_contact_search,compound_contact_shift,0.680272,0.049216,0.095259,0.001066,0.570472,0.001570,0.072545,0.002778,0.232986,0.001305,0.076545,0.000779,7,84
proposed_negative_transfer_guard,heldout_geometry,peg_in_hole_contact_search,low_friction,0.681973,0.062716,0.071915,0.002872,0.593510,0.001426,0.054530,0.002197,0.225287,0.002902,0.067818,0.002381,7,84
proposed_negative_transfer_guard,heldout_geometry,peg_in_hole_contact_search,soft_compliance,0.644558,0.048151,0.072538,0.003921,0.587967,0.001469,0.058896,0.001083,0.226745,0.000899,0.067593,0.000644,7,84
proposed_negative_transfer_guard,heldout_geometry,peg_in_hole_contact_search,source_matched,0.715986,0.048151,0.056769,0.000989,0.600488,0.005916,0.049618,0.002012,0.223675,0.001423,0.063234,0.000726,7,84
proposed_negative_transfer_guard,heldout_geometry,peg_in_hole_contact_search,taxel_bias,0.683673,0.064176,0.078303,0.000951,0.583579,0.001397,0.061603,0.001027,0.230141,0.000677,0.074696,0.000699,7,84
proposed_negative_transfer_guard,heldout_geometry,peg_in_hole_contact_search,texture_aliasing,0.661565,0.029187,0.076153,0.002858,0.584527,0.001484,0.064449,0.002208,0.230079,0.000914,0.073129,0.001880,7,84
proposed_negative_transfer_guard,heldout_geometry,peg_in_hole_contact_search,transient_shear_spike,0.698980,0.042208,0.085801,0.003564,0.583845,0.001556,0.063865,0.002183,0.231470,0.000531,0.072940,0.000699,7,84
proposed_negative_transfer_guard,heldout_geometry,slip_limited_grasp,compound_contact_shift,0.690476,0.032203,0.093060,0.003929,0.598248,0.001455,0.072080,0.000815,0.232720,0.000845,0.074399,0.001912,7,84
proposed_negative_transfer_guard,heldout_geometry,slip_limited_grasp,low_friction,0.693878,0.038345,0.066142,0.000893,0.621070,0.001311,0.056999,0.000804,0.226037,0.003043,0.070071,0.000660,7,84
proposed_negative_transfer_guard,heldout_geometry,slip_limited_grasp,soft_compliance,0.731293,0.025892,0.069552,0.002891,0.611990,0.001354,0.057058,0.002612,0.225720,0.002594,0.070622,0.000637,7,84
proposed_negative_transfer_guard,heldout_geometry,slip_limited_grasp,source_matched,0.717687,0.035901,0.060286,0.003662,0.621403,0.001339,0.049174,0.000808,0.225086,0.000745,0.066168,0.002675,7,84
proposed_negative_transfer_guard,heldout_geometry,slip_limited_grasp,taxel_bias,0.692177,0.036515,0.080391,0.000874,0.607494,0.001282,0.063323,0.002297,0.228190,0.000721,0.069785,0.000647,7,84
proposed_negative_transfer_guard,heldout_geometry,slip_limited_grasp,texture_aliasing,0.690476,0.044680,0.080386,0.003648,0.606513,0.005492,0.065017,0.001406,0.230333,0.002513,0.074268,0.000614,7,84
proposed_negative_transfer_guard,heldout_geometry,slip_limited_grasp,transient_shear_spike,0.673469,0.035224,0.086675,0.000979,0.600794,0.001440,0.064362,0.002077,0.231608,0.002550,0.072911,0.000719,7,84
proposed_negative_transfer_guard,heldout_material,cable_threading,compound_contact_shift,0.630952,0.040734,0.087276,0.003629,0.610392,0.005951,0.068362,0.000601,0.230294,0.000477,0.076378,0.000633,7,84
proposed_negative_transfer_guard,heldout_material,cable_threading,low_friction,0.656463,0.049740,0.062660,0.002914,0.625081,0.004382,0.051630,0.001489,0.226459,0.001286,0.065056,0.001989,7,84
proposed_negative_transfer_guard,heldout_material,cable_threading,soft_compliance,0.659864,0.035953,0.067959,0.000893,0.621528,0.001311,0.057472,0.001602,0.223494,0.000916,0.068105,0.000660,7,84
proposed_negative_transfer_guard,heldout_material,cable_threading,source_matched,0.666667,0.051171,0.054494,0.000883,0.634244,0.001296,0.048983,0.001509,0.218243,0.001142,0.061596,0.001912,7,84
proposed_negative_transfer_guard,heldout_material,cable_threading,taxel_bias,0.602041,0.030490,0.077586,0.002922,0.618111,0.004394,0.063420,0.001171,0.227922,0.001082,0.068863,0.002440,7,84
proposed_negative_transfer_guard,heldout_material,cable_threading,texture_aliasing,0.651361,0.026805,0.072891,0.003668,0.625612,0.001325,0.061421,0.000549,0.229487,0.002041,0.070153,0.000594,7,84
proposed_negative_transfer_guard,heldout_material,cable_threading,transient_shear_spike,0.653061,0.030732,0.081702,0.003635,0.621387,0.005473,0.064645,0.002692,0.229946,0.002497,0.069515,0.000627,7,84
proposed_negative_transfer_guard,heldout_material,cloth_edge_pull,compound_contact_shift,0.649660,0.052139,0.087697,0.000960,0.603136,0.001411,0.070800,0.001148,0.232644,0.000844,0.071795,0.000706,7,84
proposed_negative_transfer_guard,heldout_material,cloth_edge_pull,low_friction,0.649660,0.034102,0.062996,0.000864,0.620270,0.001267,0.053498,0.000928,0.225781,0.002486,0.066132,0.000640,7,84
proposed_negative_transfer_guard,heldout_material,cloth_edge_pull,soft_compliance,0.687075,0.027756,0.070550,0.000893,0.620100,0.001311,0.053358,0.001976,0.224850,0.000763,0.069591,0.001910,7,84
proposed_negative_transfer_guard,heldout_material,cloth_edge_pull,source_matched,0.671769,0.045216,0.056905,0.000883,0.632546,0.001296,0.047570,0.002913,0.219878,0.001058,0.062958,0.000653,7,84
proposed_negative_transfer_guard,heldout_material,cloth_edge_pull,taxel_bias,0.644558,0.034694,0.074132,0.004044,0.612760,0.001239,0.061148,0.002870,0.228404,0.000837,0.068473,0.000539,7,84
proposed_negative_transfer_guard,heldout_material,cloth_edge_pull,texture_aliasing,0.673469,0.025892,0.072231,0.000903,0.624454,0.001325,0.061803,0.002240,0.224195,0.000538,0.070544,0.002401,7,84
proposed_negative_transfer_guard,heldout_material,cloth_edge_pull,transient_shear_spike,0.625850,0.030490,0.076797,0.000951,0.608715,0.001397,0.063005,0.001098,0.228428,0.000871,0.072699,0.000699,7,84
proposed_negative_transfer_guard,heldout_material,lid_twist_force_control,compound_contact_shift,0.680272,0.048419,0.090361,0.003577,0.574656,0.005385,0.069004,0.003332,0.231698,0.000836,0.075608,0.001920,7,84
proposed_negative_transfer_guard,heldout_material,lid_twist_force_control,low_friction,0.690476,0.026458,0.063894,0.000941,0.589141,0.001383,0.052380,0.001194,0.223475,0.000953,0.067585,0.000693,7,84
proposed_negative_transfer_guard,heldout_material,lid_twist_force_control,soft_compliance,0.693878,0.023174,0.065118,0.002872,0.592338,0.004319,0.053953,0.000782,0.223509,0.000754,0.066684,0.000670,7,84
proposed_negative_transfer_guard,heldout_material,lid_twist_force_control,source_matched,0.724490,0.020638,0.056441,0.000960,0.599374,0.001411,0.047396,0.002103,0.222166,0.000605,0.063473,0.000706,7,84
proposed_negative_transfer_guard,heldout_material,lid_twist_force_control,taxel_bias,0.659864,0.063770,0.071247,0.000922,0.583674,0.001354,0.058910,0.003210,0.225178,0.001438,0.070751,0.000680,7,84
proposed_negative_transfer_guard,heldout_material,lid_twist_force_control,texture_aliasing,0.722789,0.035172,0.070406,0.000979,0.589239,0.001440,0.059527,0.001153,0.225637,0.000905,0.070122,0.002366,7,84
proposed_negative_transfer_guard,heldout_material,lid_twist_force_control,transient_shear_spike,0.700680,0.034319,0.077570,0.001027,0.577397,0.001512,0.060940,0.001114,0.230000,0.001906,0.072923,0.001877,7,84
proposed_negative_transfer_guard,heldout_material,peg_in_hole_contact_search,compound_contact_shift,0.671769,0.054569,0.092470,0.001066,0.578581,0.001570,0.068300,0.002371,0.231962,0.001252,0.074862,0.000779,7,84
proposed_negative_transfer_guard,heldout_material,peg_in_hole_contact_search,low_friction,0.714286,0.035642,0.064844,0.003944,0.599046,0.004319,0.051123,0.000763,0.221240,0.000388,0.064898,0.001918,7,84
proposed_negative_transfer_guard,heldout_material,peg_in_hole_contact_search,soft_compliance,0.680272,0.038249,0.065386,0.002861,0.596076,0.001469,0.056540,0.001038,0.224925,0.001028,0.065814,0.000690,7,84
proposed_negative_transfer_guard,heldout_material,peg_in_hole_contact_search,source_matched,0.676871,0.019341,0.055222,0.000989,0.598307,0.001455,0.046263,0.002817,0.223202,0.000634,0.061579,0.000726,7,84
proposed_negative_transfer_guard,heldout_material,peg_in_hole_contact_search,taxel_bias,0.681973,0.029565,0.076081,0.000951,0.591688,0.001397,0.060675,0.001389,0.228994,0.001100,0.070739,0.002379,7,84
proposed_negative_transfer_guard,heldout_material,peg_in_hole_contact_search,texture_aliasing,0.698980,0.037663,0.072162,0.001008,0.592636,0.001484,0.058936,0.002523,0.228228,0.001074,0.070277,0.002353,7,84
proposed_negative_transfer_guard,heldout_material,peg_in_hole_contact_search,transient_shear_spike,0.697279,0.040369,0.078191,0.003564,0.584236,0.005836,0.061255,0.000893,0.230323,0.000677,0.071152,0.000699,7,84
proposed_negative_transfer_guard,heldout_material,slip_limited_grasp,compound_contact_shift,0.666667,0.035277,0.085059,0.000989,0.606434,0.001455,0.071127,0.001171,0.231926,0.000920,0.071418,0.000726,7,84
proposed_negative_transfer_guard,heldout_material,slip_limited_grasp,low_friction,0.705782,0.030852,0.064150,0.000893,0.618965,0.006032,0.054611,0.001526,0.221170,0.001103,0.068366,0.000660,7,84
proposed_negative_transfer_guard,heldout_material,slip_limited_grasp,soft_compliance,0.697279,0.035953,0.065764,0.000922,0.620176,0.001354,0.053351,0.002647,0.222823,0.001067,0.068877,0.000680,7,84
proposed_negative_transfer_guard,heldout_material,slip_limited_grasp,source_matched,0.727891,0.025676,0.051812,0.002894,0.629589,0.001339,0.047324,0.000952,0.220250,0.002547,0.062033,0.002443,7,84
proposed_negative_transfer_guard,heldout_material,slip_limited_grasp,taxel_bias,0.707483,0.029187,0.078103,0.000874,0.615680,0.001282,0.058533,0.003030,0.226692,0.000603,0.068073,0.000647,7,84
proposed_negative_transfer_guard,heldout_material,slip_limited_grasp,texture_aliasing,0.724490,0.032375,0.071183,0.002887,0.609554,0.001368,0.059068,0.003049,0.223925,0.002315,0.070118,0.002399,7,84
proposed_negative_transfer_guard,heldout_material,slip_limited_grasp,transient_shear_spike,0.680272,0.055877,0.082428,0.002868,0.608980,0.001440,0.061876,0.001516,0.226833,0.002517,0.071156,0.000677,7,84
proposed_negative_transfer_guard,heldout_object,cable_threading,compound_contact_shift,0.595238,0.047219,0.086496,0.000941,0.617458,0.005974,0.070921,0.001088,0.232814,0.000811,0.073369,0.000693,7,84
proposed_negative_transfer_guard,heldout_object,cable_threading,low_friction,0.613946,0.024343,0.063578,0.002922,0.630537,0.004394,0.054957,0.000864,0.221525,0.000801,0.061368,0.000584,7,84
proposed_negative_transfer_guard,heldout_object,cable_threading,soft_compliance,0.658163,0.049028,0.063523,0.004021,0.637110,0.004376,0.050022,0.001348,0.223469,0.001343,0.063083,0.000558,7,84
proposed_negative_transfer_guard,heldout_object,cable_threading,source_matched,0.664966,0.050000,0.048532,0.003695,0.641552,0.005562,0.041133,0.001522,0.219115,0.001401,0.060867,0.002681,7,84
proposed_negative_transfer_guard,heldout_object,cable_threading,taxel_bias,0.639456,0.055943,0.070766,0.003722,0.625368,0.001210,0.057914,0.001572,0.223494,0.001416,0.065806,0.000541,7,84
proposed_negative_transfer_guard,heldout_object,cable_threading,texture_aliasing,0.642857,0.033389,0.068279,0.000883,0.623418,0.001296,0.059945,0.001126,0.221685,0.000880,0.064088,0.000653,7,84
proposed_negative_transfer_guard,heldout_object,cable_threading,transient_shear_spike,0.613946,0.047726,0.077420,0.000931,0.622606,0.005985,0.063197,0.001066,0.228785,0.000790,0.067261,0.000686,7,84
proposed_negative_transfer_guard,heldout_object,cloth_edge_pull,compound_contact_shift,0.624150,0.041944,0.079734,0.002883,0.607046,0.001383,0.066428,0.002730,0.226761,0.001054,0.068411,0.000650,7,84
proposed_negative_transfer_guard,heldout_object,cloth_edge_pull,low_friction,0.695578,0.035224,0.058446,0.003708,0.625143,0.001239,0.050397,0.003181,0.221328,0.000679,0.063251,0.000554,7,84
proposed_negative_transfer_guard,heldout_object,cloth_edge_pull,soft_compliance,0.685374,0.035590,0.058931,0.000874,0.627381,0.006055,0.050667,0.001406,0.224611,0.001097,0.065337,0.000647,7,84
proposed_negative_transfer_guard,heldout_object,cloth_edge_pull,source_matched,0.683673,0.041321,0.047190,0.000864,0.634125,0.001267,0.042195,0.001510,0.220290,0.001168,0.058499,0.000640,7,84
proposed_negative_transfer_guard,heldout_object,cloth_edge_pull,taxel_bias,0.647959,0.046068,0.068704,0.004060,0.622007,0.001210,0.058679,0.001250,0.224373,0.000928,0.067516,0.000526,7,84
proposed_negative_transfer_guard,heldout_object,cloth_edge_pull,texture_aliasing,0.653061,0.027148,0.070728,0.000883,0.621677,0.001296,0.057265,0.002861,0.223253,0.000493,0.066617,0.000653,7,84
proposed_negative_transfer_guard,heldout_object,cloth_edge_pull,transient_shear_spike,0.659864,0.038055,0.073908,0.003975,0.614497,0.001368,0.061915,0.002994,0.225737,0.002428,0.070259,0.000598,7,84
proposed_negative_transfer_guard,heldout_object,lid_twist_force_control,compound_contact_shift,0.719388,0.044638,0.085556,0.001018,0.577943,0.005882,0.066527,0.001501,0.225615,0.001162,0.072107,0.002349,7,84
proposed_negative_transfer_guard,heldout_object,lid_twist_force_control,low_friction,0.724490,0.044804,0.057357,0.000922,0.595964,0.001354,0.047998,0.003005,0.217911,0.001055,0.065617,0.000680,7,84
proposed_negative_transfer_guard,heldout_object,lid_twist_force_control,soft_compliance,0.732993,0.034854,0.065232,0.000951,0.596424,0.001397,0.053466,0.001076,0.223498,0.000842,0.062503,0.000699,7,84
proposed_negative_transfer_guard,heldout_object,lid_twist_force_control,source_matched,0.707483,0.049852,0.048170,0.000941,0.602903,0.001383,0.041510,0.001464,0.216057,0.001113,0.060003,0.000693,7,84
proposed_negative_transfer_guard,heldout_object,lid_twist_force_control,taxel_bias,0.726190,0.041051,0.067262,0.000903,0.592298,0.004359,0.055921,0.003001,0.220977,0.000431,0.067353,0.002614,7,84
proposed_negative_transfer_guard,heldout_object,lid_twist_force_control,texture_aliasing,0.707483,0.040369,0.070345,0.000960,0.588412,0.001411,0.058200,0.001144,0.225565,0.000973,0.067183,0.000706,7,84
proposed_negative_transfer_guard,heldout_object,lid_twist_force_control,transient_shear_spike,0.698980,0.022608,0.070978,0.001008,0.585129,0.001484,0.060137,0.002628,0.226626,0.000737,0.067927,0.002556,7,84
proposed_negative_transfer_guard,heldout_object,peg_in_hole_contact_search,compound_contact_shift,0.639456,0.020184,0.081296,0.001047,0.579934,0.001541,0.067275,0.001248,0.228636,0.002317,0.070403,0.000766,7,84
proposed_negative_transfer_guard,heldout_object,peg_in_hole_contact_search,low_friction,0.702381,0.036362,0.062229,0.000951,0.603935,0.001397,0.052015,0.001553,0.222549,0.001217,0.063342,0.002587,7,84
proposed_negative_transfer_guard,heldout_object,peg_in_hole_contact_search,soft_compliance,0.693878,0.030852,0.062562,0.000979,0.593082,0.001440,0.054413,0.000671,0.223414,0.000539,0.066468,0.001888,7,84
proposed_negative_transfer_guard,heldout_object,peg_in_hole_contact_search,source_matched,0.732993,0.035224,0.050873,0.003944,0.615338,0.001426,0.040386,0.001233,0.213818,0.001137,0.060808,0.002681,7,84
proposed_negative_transfer_guard,heldout_object,peg_in_hole_contact_search,taxel_bias,0.680272,0.029876,0.069159,0.000931,0.598378,0.001368,0.054821,0.001144,0.224059,0.000906,0.066459,0.002598,7,84
proposed_negative_transfer_guard,heldout_object,peg_in_hole_contact_search,texture_aliasing,0.698980,0.031681,0.069164,0.000989,0.589874,0.004308,0.056092,0.001997,0.225922,0.001129,0.065312,0.000726,7,84
proposed_negative_transfer_guard,heldout_object,peg_in_hole_contact_search,transient_shear_spike,0.692177,0.038586,0.077237,0.001037,0.592606,0.004281,0.062547,0.001498,0.223909,0.001174,0.067750,0.000759,7,84
proposed_negative_transfer_guard,heldout_object,slip_limited_grasp,compound_contact_shift,0.712585,0.041500,0.083395,0.000970,0.604217,0.001426,0.067477,0.002312,0.230101,0.000775,0.073512,0.000713,7,84
proposed_negative_transfer_guard,heldout_object,slip_limited_grasp,low_friction,0.727891,0.051783,0.064184,0.000874,0.628002,0.001282,0.048724,0.002417,0.220202,0.001122,0.062921,0.000647,7,84
proposed_negative_transfer_guard,heldout_object,slip_limited_grasp,soft_compliance,0.736395,0.037218,0.062159,0.000903,0.623903,0.006020,0.051176,0.002312,0.219189,0.001112,0.064423,0.002614,7,84
proposed_negative_transfer_guard,heldout_object,slip_limited_grasp,source_matched,0.732993,0.030490,0.048397,0.000893,0.632760,0.006032,0.044627,0.001289,0.214694,0.001643,0.060766,0.000660,7,84
proposed_negative_transfer_guard,heldout_object,slip_limited_grasp,taxel_bias,0.707483,0.034854,0.068684,0.000855,0.618800,0.001253,0.055341,0.001357,0.223492,0.002615,0.064364,0.000633,7,84
proposed_negative_transfer_guard,heldout_object,slip_limited_grasp,texture_aliasing,0.727891,0.028996,0.065688,0.002894,0.618659,0.001339,0.057700,0.000408,0.223324,0.003051,0.064582,0.001976,7,84
proposed_negative_transfer_guard,heldout_object,slip_limited_grasp,transient_shear_spike,0.668367,0.021257,0.072118,0.000960,0.608635,0.001411,0.060783,0.001130,0.225737,0.000913,0.065888,0.000706,7,84
scratch_tactile_policy,clean_transfer,cable_threading,compound_contact_shift,0.430272,0.040870,0.093170,0.000845,0.463663,0.001239,0.092460,0.001340,0.138106,0.002803,0.102030,0.000627,7,84
scratch_tactile_policy,clean_transfer,cable_threading,low_friction,0.506803,0.051890,0.067193,0.003776,0.471266,0.001095,0.076885,0.001469,0.132490,0.002201,0.092102,0.000489,7,84
scratch_tactile_policy,clean_transfer,cable_threading,soft_compliance,0.506803,0.038394,0.068987,0.000778,0.474444,0.001138,0.077449,0.001032,0.132578,0.000782,0.092349,0.002460,7,84
scratch_tactile_policy,clean_transfer,cable_threading,source_matched,0.472789,0.051099,0.049162,0.000768,0.481247,0.001123,0.065572,0.001368,0.125434,0.001019,0.087646,0.000574,7,84
scratch_tactile_policy,clean_transfer,cable_threading,taxel_bias,0.472789,0.035172,0.072208,0.000730,0.472531,0.001066,0.082829,0.001197,0.133816,0.002814,0.098209,0.000547,7,84
scratch_tactile_policy,clean_transfer,cable_threading,texture_aliasing,0.462585,0.045092,0.073632,0.000787,0.464488,0.001152,0.082883,0.001402,0.134117,0.001066,0.093868,0.000587,7,84
scratch_tactile_policy,clean_transfer,cable_threading,transient_shear_spike,0.459184,0.036311,0.080030,0.003715,0.462735,0.001224,0.088235,0.000939,0.135767,0.001057,0.099993,0.000548,7,84
scratch_tactile_policy,clean_transfer,cloth_edge_pull,compound_contact_shift,0.476190,0.064205,0.094946,0.000845,0.455642,0.005582,0.092914,0.001955,0.136297,0.001471,0.099519,0.002645,7,84
scratch_tactile_policy,clean_transfer,cloth_edge_pull,low_friction,0.515306,0.045175,0.067169,0.003776,0.465690,0.001095,0.076894,0.001113,0.132441,0.001833,0.092926,0.000489,7,84
scratch_tactile_policy,clean_transfer,cloth_edge_pull,soft_compliance,0.479592,0.053333,0.069503,0.000778,0.469678,0.001138,0.078764,0.001575,0.133531,0.001184,0.091257,0.000580,7,84
scratch_tactile_policy,clean_transfer,cloth_edge_pull,source_matched,0.537415,0.036158,0.049498,0.000768,0.476211,0.001123,0.064454,0.000738,0.124615,0.000547,0.088717,0.000574,7,84
scratch_tactile_policy,clean_transfer,cloth_edge_pull,taxel_bias,0.488095,0.046667,0.071824,0.000730,0.466415,0.001066,0.082392,0.001448,0.134548,0.002699,0.097641,0.001954,7,84
scratch_tactile_policy,clean_transfer,cloth_edge_pull,texture_aliasing,0.520408,0.036968,0.074328,0.000787,0.459992,0.001152,0.082211,0.001294,0.133661,0.000999,0.095187,0.000587,7,84
scratch_tactile_policy,clean_transfer,cloth_edge_pull,transient_shear_spike,0.496599,0.059535,0.078196,0.000835,0.459589,0.001224,0.084990,0.003602,0.136277,0.001097,0.094996,0.001925,7,84
scratch_tactile_policy,clean_transfer,lid_twist_force_control,compound_contact_shift,0.488095,0.036362,0.093958,0.003655,0.413484,0.001354,0.093237,0.001310,0.140115,0.002002,0.098519,0.000607,7,84
scratch_tactile_policy,clean_transfer,lid_twist_force_control,low_friction,0.549320,0.031972,0.067845,0.000826,0.433747,0.005603,0.073367,0.000826,0.127824,0.001822,0.091929,0.000613,7,84
scratch_tactile_policy,clean_transfer,lid_twist_force_control,soft_compliance,0.501701,0.034319,0.070709,0.000855,0.438530,0.001253,0.078228,0.000675,0.129481,0.000512,0.092912,0.000633,7,84
scratch_tactile_policy,clean_transfer,lid_twist_force_control,source_matched,0.579932,0.052352,0.055673,0.002922,0.442225,0.005582,0.068361,0.001386,0.124653,0.000867,0.086933,0.000584,7,84
scratch_tactile_policy,clean_transfer,lid_twist_force_control,taxel_bias,0.517007,0.050626,0.075578,0.004076,0.431370,0.001181,0.080209,0.001325,0.132074,0.001293,0.097619,0.001950,7,84
scratch_tactile_policy,clean_transfer,lid_twist_force_control,texture_aliasing,0.506803,0.045216,0.075710,0.004029,0.434254,0.004382,0.079272,0.002633,0.133802,0.000927,0.093533,0.001933,7,84
scratch_tactile_policy,clean_transfer,lid_twist_force_control,transient_shear_spike,0.568027,0.033665,0.083891,0.003662,0.422312,0.001339,0.084376,0.001209,0.136620,0.001030,0.097455,0.002675,7,84
scratch_tactile_policy,clean_transfer,peg_in_hole_contact_search,compound_contact_shift,0.518707,0.019626,0.090302,0.000951,0.421400,0.001397,0.089367,0.000661,0.136975,0.000561,0.100659,0.000699,7,84
scratch_tactile_policy,clean_transfer,peg_in_hole_contact_search,low_friction,0.505102,0.049591,0.068176,0.002918,0.442498,0.006078,0.077854,0.001390,0.129832,0.001257,0.092240,0.000591,7,84
scratch_tactile_policy,clean_transfer,peg_in_hole_contact_search,soft_compliance,0.554422,0.032546,0.065213,0.000883,0.438540,0.006043,0.074681,0.001249,0.132721,0.001707,0.096071,0.000653,7,84
scratch_tactile_policy,clean_transfer,peg_in_hole_contact_search,source_matched,0.586735,0.015031,0.050404,0.000874,0.445149,0.001282,0.064992,0.000378,0.126584,0.002624,0.089105,0.000647,7,84
scratch_tactile_policy,clean_transfer,peg_in_hole_contact_search,taxel_bias,0.517007,0.024343,0.078078,0.003715,0.430511,0.001224,0.081823,0.000887,0.132446,0.000733,0.097138,0.000548,7,84
scratch_tactile_policy,clean_transfer,peg_in_hole_contact_search,texture_aliasing,0.515306,0.049028,0.076848,0.000893,0.431351,0.001311,0.080772,0.002341,0.131968,0.001054,0.096687,0.000660,7,84
scratch_tactile_policy,clean_transfer,peg_in_hole_contact_search,transient_shear_spike,0.484694,0.032088,0.078748,0.000941,0.427996,0.001383,0.083357,0.001686,0.133396,0.000720,0.095140,0.001898,7,84
scratch_tactile_policy,clean_transfer,slip_limited_grasp,compound_contact_shift,0.501701,0.055411,0.092174,0.000874,0.445563,0.001282,0.092847,0.001360,0.135337,0.001005,0.100186,0.002629,7,84
scratch_tactile_policy,clean_transfer,slip_limited_grasp,low_friction,0.562925,0.023727,0.064758,0.004099,0.469018,0.005653,0.070835,0.000662,0.126751,0.000677,0.094985,0.000493,7,84
scratch_tactile_policy,clean_transfer,slip_limited_grasp,soft_compliance,0.535714,0.031798,0.064583,0.000807,0.469241,0.001181,0.076285,0.001154,0.130589,0.000900,0.093875,0.002667,7,84
scratch_tactile_policy,clean_transfer,slip_limited_grasp,source_matched,0.649660,0.041633,0.054562,0.000797,0.472741,0.001167,0.063653,0.002361,0.126175,0.001920,0.087919,0.002451,7,84
scratch_tactile_policy,clean_transfer,slip_limited_grasp,taxel_bias,0.549320,0.025166,0.079091,0.002959,0.455958,0.005674,0.082268,0.000917,0.135065,0.001907,0.098360,0.000525,7,84
scratch_tactile_policy,clean_transfer,slip_limited_grasp,texture_aliasing,0.551020,0.022027,0.071430,0.000816,0.462588,0.001195,0.081919,0.000687,0.132526,0.000559,0.094623,0.000607,7,84
scratch_tactile_policy,clean_transfer,slip_limited_grasp,transient_shear_spike,0.535714,0.039768,0.085408,0.000864,0.459341,0.001267,0.086520,0.001553,0.133725,0.001175,0.099108,0.001917,7,84
scratch_tactile_policy,combined_stress,cable_threading,compound_contact_shift,0.396259,0.034048,0.140080,0.000855,0.431059,0.001253,0.111598,0.001123,0.155670,0.002584,0.114448,0.001920,7,84
scratch_tactile_policy,combined_stress,cable_threading,low_friction,0.435374,0.022111,0.105449,0.000759,0.447185,0.001109,0.091877,0.000836,0.147655,0.000668,0.106974,0.000567,7,84
scratch_tactile_policy,combined_stress,cable_threading,soft_compliance,0.404762,0.034907,0.109553,0.003749,0.447872,0.005643,0.094616,0.001022,0.148330,0.000961,0.109595,0.002744,7,84
scratch_tactile_policy,combined_stress,cable_threading,source_matched,0.462585,0.057025,0.094572,0.000778,0.458813,0.001138,0.088485,0.001826,0.147089,0.001381,0.103407,0.000580,7,84
scratch_tactile_policy,combined_stress,cable_threading,taxel_bias,0.428571,0.036362,0.119562,0.000739,0.446263,0.001080,0.097078,0.000854,0.150950,0.000639,0.112309,0.000554,7,84
scratch_tactile_policy,combined_stress,cable_threading,texture_aliasing,0.403061,0.059035,0.120208,0.004083,0.444232,0.001167,0.100108,0.001645,0.149625,0.001508,0.110623,0.000506,7,84
scratch_tactile_policy,combined_stress,cable_threading,transient_shear_spike,0.389456,0.039675,0.129301,0.003708,0.431768,0.004394,0.108086,0.000939,0.153558,0.000526,0.110903,0.000554,7,84
scratch_tactile_policy,combined_stress,cloth_edge_pull,compound_contact_shift,0.363946,0.051135,0.141739,0.000855,0.428670,0.001253,0.114115,0.001571,0.155261,0.001191,0.115369,0.000633,7,84
scratch_tactile_policy,combined_stress,cloth_edge_pull,low_friction,0.391156,0.028545,0.105308,0.000759,0.442096,0.001109,0.093312,0.000580,0.148547,0.000447,0.107800,0.000567,7,84
scratch_tactile_policy,combined_stress,cloth_edge_pull,soft_compliance,0.447279,0.026387,0.106522,0.000787,0.441021,0.006160,0.093954,0.001002,0.148021,0.000791,0.107287,0.000587,7,84
scratch_tactile_policy,combined_stress,cloth_edge_pull,source_matched,0.500000,0.029250,0.094791,0.000778,0.454264,0.001138,0.088155,0.001277,0.146752,0.001001,0.104481,0.000580,7,84
scratch_tactile_policy,combined_stress,cloth_edge_pull,taxel_bias,0.413265,0.031681,0.119062,0.000739,0.440634,0.001080,0.097515,0.000898,0.151081,0.000690,0.112887,0.000554,7,84
scratch_tactile_policy,combined_stress,cloth_edge_pull,texture_aliasing,0.397959,0.028284,0.117357,0.003742,0.440223,0.001167,0.100775,0.000932,0.150293,0.000901,0.111869,0.000521,7,84
scratch_tactile_policy,combined_stress,cloth_edge_pull,transient_shear_spike,0.375850,0.042557,0.125635,0.003708,0.426536,0.001239,0.106053,0.002885,0.154979,0.001005,0.112731,0.000554,7,84
scratch_tactile_policy,combined_stress,lid_twist_force_control,compound_contact_shift,0.386054,0.027352,0.136867,0.000931,0.389813,0.001368,0.109339,0.001046,0.155311,0.000835,0.114157,0.001900,7,84
scratch_tactile_policy,combined_stress,lid_twist_force_control,low_friction,0.479592,0.042514,0.107245,0.000835,0.413454,0.001224,0.092099,0.001300,0.147370,0.002515,0.110134,0.000620,7,84
scratch_tactile_policy,combined_stress,lid_twist_force_control,soft_compliance,0.476190,0.053645,0.112419,0.000864,0.408028,0.001267,0.097265,0.001296,0.147125,0.000957,0.112348,0.000640,7,84
scratch_tactile_policy,combined_stress,lid_twist_force_control,source_matched,0.522109,0.021257,0.095367,0.000855,0.421006,0.004388,0.087556,0.000708,0.142430,0.000581,0.105876,0.000633,7,84
scratch_tactile_policy,combined_stress,lid_twist_force_control,taxel_bias,0.437075,0.040643,0.122361,0.000816,0.396026,0.001195,0.098961,0.001270,0.149688,0.001934,0.111585,0.002661,7,84
scratch_tactile_policy,combined_stress,lid_twist_force_control,texture_aliasing,0.489796,0.041186,0.118286,0.004021,0.407495,0.001282,0.097560,0.001111,0.151812,0.001034,0.112365,0.000558,7,84
scratch_tactile_policy,combined_stress,lid_twist_force_control,transient_shear_spike,0.431973,0.034048,0.124016,0.000922,0.397705,0.001354,0.102921,0.002512,0.150868,0.001068,0.114903,0.000680,7,84
scratch_tactile_policy,combined_stress,peg_in_hole_contact_search,compound_contact_shift,0.416667,0.050406,0.141263,0.002876,0.400178,0.001411,0.110696,0.003235,0.156466,0.002899,0.116207,0.000663,7,84
scratch_tactile_policy,combined_stress,peg_in_hole_contact_search,low_friction,0.481293,0.029187,0.110483,0.000864,0.419508,0.001267,0.094433,0.002671,0.147129,0.000757,0.110242,0.001917,7,84
scratch_tactile_policy,combined_stress,peg_in_hole_contact_search,soft_compliance,0.472789,0.047687,0.108115,0.000893,0.410488,0.006032,0.096232,0.001465,0.146521,0.002469,0.108406,0.000660,7,84
scratch_tactile_policy,combined_stress,peg_in_hole_contact_search,source_matched,0.476190,0.041366,0.089574,0.000883,0.416088,0.001296,0.086445,0.001175,0.142743,0.002348,0.104340,0.002624,7,84
scratch_tactile_policy,combined_stress,peg_in_hole_contact_search,taxel_bias,0.447279,0.057574,0.122622,0.000845,0.402762,0.005582,0.101088,0.001346,0.149597,0.000983,0.111931,0.002645,7,84
scratch_tactile_policy,combined_stress,peg_in_hole_contact_search,texture_aliasing,0.438776,0.036868,0.122330,0.000903,0.404468,0.001325,0.099544,0.001017,0.151914,0.000785,0.109598,0.000666,7,84
scratch_tactile_policy,combined_stress,peg_in_hole_contact_search,transient_shear_spike,0.438776,0.018659,0.128640,0.000951,0.405838,0.001397,0.106191,0.000985,0.154890,0.000805,0.112536,0.002587,7,84
scratch_tactile_policy,combined_stress,slip_limited_grasp,compound_contact_shift,0.448980,0.027756,0.140581,0.000883,0.416779,0.001296,0.110639,0.002459,0.154402,0.000677,0.116118,0.000653,7,84
scratch_tactile_policy,combined_stress,slip_limited_grasp,low_friction,0.493197,0.046904,0.107942,0.000787,0.435893,0.001152,0.094605,0.002934,0.149910,0.000769,0.111160,0.000587,7,84
scratch_tactile_policy,combined_stress,slip_limited_grasp,soft_compliance,0.489796,0.058595,0.113507,0.002934,0.433626,0.001195,0.094354,0.001733,0.146496,0.001161,0.107925,0.001932,7,84
scratch_tactile_policy,combined_stress,slip_limited_grasp,source_matched,0.525510,0.029439,0.089463,0.000807,0.448981,0.005623,0.086401,0.000864,0.144185,0.000676,0.102357,0.000600,7,84
scratch_tactile_policy,combined_stress,slip_limited_grasp,taxel_bias,0.471088,0.030912,0.117652,0.000768,0.428365,0.001123,0.097956,0.000990,0.150544,0.000769,0.113461,0.000574,7,84
scratch_tactile_policy,combined_stress,slip_limited_grasp,texture_aliasing,0.496599,0.049028,0.119503,0.004060,0.428143,0.001210,0.100635,0.001048,0.149105,0.000857,0.112606,0.000526,7,84
scratch_tactile_policy,combined_stress,slip_limited_grasp,transient_shear_spike,0.418367,0.039907,0.131031,0.000874,0.429621,0.001282,0.104091,0.002152,0.153537,0.000921,0.112275,0.000647,7,84
scratch_tactile_policy,heldout_geometry,cable_threading,compound_contact_shift,0.355442,0.060123,0.121203,0.000864,0.438869,0.001267,0.106222,0.001655,0.149971,0.002613,0.110080,0.000640,7,84
scratch_tactile_policy,heldout_geometry,cable_threading,low_friction,0.413265,0.040000,0.094462,0.000768,0.463518,0.001123,0.090611,0.001384,0.145408,0.001063,0.100851,0.001943,7,84
scratch_tactile_policy,heldout_geometry,cable_threading,soft_compliance,0.433673,0.022690,0.096699,0.000797,0.453997,0.001167,0.089638,0.002396,0.146344,0.000792,0.103467,0.002672,7,84
scratch_tactile_policy,heldout_geometry,cable_threading,source_matched,0.474490,0.042731,0.073643,0.000787,0.463930,0.005643,0.078102,0.001050,0.136958,0.000783,0.096654,0.000587,7,84
scratch_tactile_policy,heldout_geometry,cable_threading,taxel_bias,0.433673,0.044347,0.106358,0.000749,0.450118,0.006207,0.093938,0.001129,0.147240,0.000841,0.104022,0.000561,7,84
scratch_tactile_policy,heldout_geometry,cable_threading,texture_aliasing,0.421769,0.027822,0.104014,0.000807,0.446381,0.001181,0.093284,0.002536,0.147199,0.002005,0.104942,0.000600,7,84
scratch_tactile_policy,heldout_geometry,cable_threading,transient_shear_spike,0.409864,0.026874,0.114059,0.000855,0.451505,0.004388,0.101127,0.000846,0.146341,0.000673,0.107343,0.000633,7,84
scratch_tactile_policy,heldout_geometry,cloth_edge_pull,compound_contact_shift,0.389456,0.040643,0.123146,0.000864,0.436675,0.001267,0.107230,0.001048,0.148533,0.000795,0.112312,0.000640,7,84
scratch_tactile_policy,heldout_geometry,cloth_edge_pull,low_friction,0.452381,0.012472,0.094605,0.000768,0.458624,0.001123,0.090111,0.000505,0.144964,0.000438,0.100700,0.000574,7,84
scratch_tactile_policy,heldout_geometry,cloth_edge_pull,soft_compliance,0.469388,0.043162,0.097382,0.000797,0.449913,0.001167,0.086207,0.001781,0.142892,0.003268,0.101401,0.000594,7,84
scratch_tactile_policy,heldout_geometry,cloth_edge_pull,source_matched,0.500000,0.036362,0.074146,0.000787,0.459575,0.005643,0.078219,0.000998,0.136999,0.000762,0.097894,0.000587,7,84
scratch_tactile_policy,heldout_geometry,cloth_edge_pull,taxel_bias,0.442177,0.057478,0.106141,0.000749,0.447256,0.006207,0.093928,0.001411,0.147108,0.001032,0.104766,0.000561,7,84
scratch_tactile_policy,heldout_geometry,cloth_edge_pull,texture_aliasing,0.397959,0.035953,0.104877,0.000807,0.442567,0.001181,0.092623,0.001474,0.146082,0.002403,0.106430,0.000600,7,84
scratch_tactile_policy,heldout_geometry,cloth_edge_pull,transient_shear_spike,0.418367,0.048952,0.110676,0.004037,0.441323,0.006078,0.097547,0.002152,0.147529,0.001393,0.109338,0.000545,7,84
scratch_tactile_policy,heldout_geometry,lid_twist_force_control,compound_contact_shift,0.479592,0.052845,0.123816,0.000941,0.405638,0.001383,0.104856,0.001727,0.151002,0.001319,0.110281,0.002593,7,84
scratch_tactile_policy,heldout_geometry,lid_twist_force_control,low_friction,0.498299,0.025166,0.090079,0.000845,0.419793,0.001239,0.084858,0.000900,0.141335,0.002917,0.101952,0.002645,7,84
scratch_tactile_policy,heldout_geometry,lid_twist_force_control,soft_compliance,0.494898,0.046348,0.096816,0.000874,0.417022,0.001282,0.087931,0.003182,0.141126,0.000772,0.101950,0.000647,7,84
scratch_tactile_policy,heldout_geometry,lid_twist_force_control,source_matched,0.540816,0.052387,0.080264,0.000864,0.431565,0.001267,0.078967,0.003296,0.135984,0.000934,0.098472,0.002635,7,84
scratch_tactile_policy,heldout_geometry,lid_twist_force_control,taxel_bias,0.479592,0.036616,0.102978,0.000826,0.415614,0.004407,0.089932,0.001205,0.145683,0.002843,0.103525,0.000613,7,84
scratch_tactile_policy,heldout_geometry,lid_twist_force_control,texture_aliasing,0.459184,0.028284,0.099342,0.002906,0.417659,0.001296,0.093075,0.000982,0.146078,0.001638,0.102413,0.000611,7,84
scratch_tactile_policy,heldout_geometry,lid_twist_force_control,transient_shear_spike,0.481293,0.042251,0.111170,0.000931,0.412594,0.001368,0.096861,0.000988,0.146939,0.000746,0.107185,0.000686,7,84
scratch_tactile_policy,heldout_geometry,peg_in_hole_contact_search,compound_contact_shift,0.425170,0.041276,0.119513,0.000970,0.400151,0.001426,0.105030,0.001196,0.150150,0.000922,0.109742,0.000713,7,84
scratch_tactile_policy,heldout_geometry,peg_in_hole_contact_search,low_friction,0.469388,0.016777,0.094908,0.000874,0.428004,0.001282,0.085679,0.002566,0.141538,0.000605,0.100841,0.000647,7,84
scratch_tactile_policy,heldout_geometry,peg_in_hole_contact_search,soft_compliance,0.482993,0.037712,0.094103,0.000903,0.419065,0.005522,0.087118,0.002544,0.140569,0.000878,0.103649,0.002614,7,84
scratch_tactile_policy,heldout_geometry,peg_in_hole_contact_search,source_matched,0.510204,0.052529,0.076063,0.000893,0.426231,0.001311,0.079768,0.002750,0.134772,0.000667,0.099146,0.000660,7,84
scratch_tactile_policy,heldout_geometry,peg_in_hole_contact_search,taxel_bias,0.471088,0.054331,0.104831,0.000855,0.421934,0.001253,0.093678,0.001064,0.142392,0.000754,0.103795,0.000633,7,84
scratch_tactile_policy,heldout_geometry,peg_in_hole_contact_search,texture_aliasing,0.467687,0.036616,0.101547,0.003990,0.416789,0.001339,0.094379,0.001039,0.145002,0.002491,0.105213,0.002681,7,84
scratch_tactile_policy,heldout_geometry,peg_in_hole_contact_search,transient_shear_spike,0.464286,0.023882,0.105379,0.000960,0.410020,0.005463,0.094959,0.000576,0.144422,0.000488,0.107908,0.002375,7,84
scratch_tactile_policy,heldout_geometry,slip_limited_grasp,compound_contact_shift,0.413265,0.051099,0.124153,0.000893,0.427711,0.001311,0.102276,0.001345,0.150186,0.001008,0.108794,0.002406,7,84
scratch_tactile_policy,heldout_geometry,slip_limited_grasp,low_friction,0.549320,0.021257,0.087398,0.000797,0.455348,0.001167,0.085035,0.000882,0.139825,0.000708,0.105247,0.000594,7,84
scratch_tactile_policy,heldout_geometry,slip_limited_grasp,soft_compliance,0.528912,0.026387,0.096241,0.000826,0.445445,0.006113,0.085573,0.000887,0.140183,0.002376,0.102121,0.000613,7,84
scratch_tactile_policy,heldout_geometry,slip_limited_grasp,source_matched,0.518707,0.018257,0.076128,0.004068,0.457220,0.001195,0.078713,0.000620,0.135964,0.000620,0.097335,0.000519,7,84
scratch_tactile_policy,heldout_geometry,slip_limited_grasp,taxel_bias,0.510204,0.024114,0.106896,0.000778,0.445633,0.001138,0.091105,0.002746,0.144367,0.002826,0.106792,0.000580,7,84
scratch_tactile_policy,heldout_geometry,slip_limited_grasp,texture_aliasing,0.481293,0.025386,0.105757,0.000835,0.441132,0.006102,0.094087,0.000861,0.142006,0.000686,0.106256,0.002433,7,84
scratch_tactile_policy,heldout_geometry,slip_limited_grasp,transient_shear_spike,0.445578,0.036667,0.111376,0.003681,0.439617,0.001296,0.095702,0.000768,0.147772,0.000685,0.109039,0.001960,7,84
scratch_tactile_policy,heldout_material,cable_threading,compound_contact_shift,0.411565,0.051640,0.117798,0.000864,0.449768,0.001267,0.103747,0.002551,0.146551,0.000700,0.109449,0.000640,7,84
scratch_tactile_policy,heldout_material,cable_threading,low_friction,0.462585,0.048151,0.081630,0.002954,0.456408,0.001123,0.081646,0.002187,0.136393,0.001100,0.098870,0.000532,7,84
scratch_tactile_policy,heldout_material,cable_threading,soft_compliance,0.442177,0.023570,0.088931,0.004083,0.464896,0.001167,0.084487,0.000666,0.138064,0.000665,0.099310,0.000506,7,84
scratch_tactile_policy,heldout_material,cable_threading,source_matched,0.498299,0.049216,0.071480,0.000787,0.469683,0.001152,0.077702,0.001615,0.136406,0.001229,0.096050,0.000587,7,84
scratch_tactile_policy,heldout_material,cable_threading,taxel_bias,0.411565,0.038394,0.094944,0.003776,0.453299,0.001095,0.093761,0.001022,0.142941,0.002972,0.103214,0.000489,7,84
scratch_tactile_policy,heldout_material,cable_threading,texture_aliasing,0.447279,0.027822,0.097691,0.003735,0.457280,0.001181,0.090139,0.000987,0.139756,0.000825,0.104247,0.000528,7,84
scratch_tactile_policy,heldout_material,cable_threading,transient_shear_spike,0.455782,0.049291,0.098971,0.000855,0.446968,0.001253,0.092022,0.001845,0.145391,0.000875,0.106455,0.000633,7,84
scratch_tactile_policy,heldout_material,cloth_edge_pull,compound_contact_shift,0.435374,0.048534,0.114655,0.004029,0.442385,0.005562,0.099928,0.003086,0.147609,0.001122,0.107019,0.002708,7,84
scratch_tactile_policy,heldout_material,cloth_edge_pull,low_friction,0.481293,0.019626,0.081832,0.002954,0.451470,0.001123,0.080519,0.000678,0.136342,0.000730,0.099886,0.000532,7,84
scratch_tactile_policy,heldout_material,cloth_edge_pull,soft_compliance,0.433673,0.035590,0.086243,0.003742,0.460768,0.001167,0.085254,0.000846,0.138863,0.000804,0.100623,0.000521,7,84
scratch_tactile_policy,heldout_material,cloth_edge_pull,source_matched,0.465986,0.042120,0.072042,0.000787,0.465285,0.001152,0.079271,0.001546,0.137514,0.001190,0.097315,0.000587,7,84
scratch_tactile_policy,heldout_material,cloth_edge_pull,taxel_bias,0.476190,0.020367,0.094787,0.003776,0.447821,0.001095,0.091211,0.002115,0.141824,0.002772,0.103983,0.000489,7,84
scratch_tactile_policy,heldout_material,cloth_edge_pull,texture_aliasing,0.420068,0.031681,0.095183,0.004076,0.453422,0.001181,0.091513,0.000838,0.141012,0.000727,0.104540,0.001950,7,84
scratch_tactile_policy,heldout_material,cloth_edge_pull,transient_shear_spike,0.452381,0.032203,0.100794,0.000855,0.444460,0.001253,0.092690,0.001140,0.146819,0.000892,0.105157,0.002640,7,84
scratch_tactile_policy,heldout_material,lid_twist_force_control,compound_contact_shift,0.462585,0.050259,0.112021,0.003642,0.400965,0.004336,0.099940,0.003352,0.144404,0.001638,0.104964,0.000620,7,84
scratch_tactile_policy,heldout_material,lid_twist_force_control,low_friction,0.545918,0.055877,0.087723,0.000845,0.427983,0.004394,0.083844,0.001904,0.135861,0.001450,0.097986,0.000627,7,84
scratch_tactile_policy,heldout_material,lid_twist_force_control,soft_compliance,0.542517,0.028739,0.087519,0.004021,0.425212,0.004376,0.081649,0.000905,0.140226,0.000756,0.101261,0.000558,7,84
scratch_tactile_policy,heldout_material,lid_twist_force_control,source_matched,0.562925,0.067495,0.067996,0.002914,0.429465,0.005562,0.071882,0.001696,0.135543,0.001147,0.094288,0.000598,7,84
scratch_tactile_policy,heldout_material,lid_twist_force_control,taxel_bias,0.474490,0.030732,0.100325,0.000826,0.410941,0.001210,0.090206,0.000947,0.140014,0.000740,0.102983,0.000613,7,84
scratch_tactile_policy,heldout_material,lid_twist_force_control,texture_aliasing,0.525510,0.026667,0.094920,0.000883,0.410413,0.001296,0.091386,0.000959,0.137980,0.000765,0.101832,0.000653,7,84
scratch_tactile_policy,heldout_material,lid_twist_force_control,transient_shear_spike,0.491497,0.058878,0.104844,0.003648,0.405348,0.001368,0.096385,0.001811,0.144425,0.001966,0.106562,0.000614,7,84
scratch_tactile_policy,heldout_material,peg_in_hole_contact_search,compound_contact_shift,0.445578,0.034854,0.116353,0.000970,0.410870,0.001426,0.101186,0.001949,0.148622,0.001640,0.109212,0.000713,7,84
scratch_tactile_policy,heldout_material,peg_in_hole_contact_search,low_friction,0.503401,0.025820,0.080606,0.000874,0.425860,0.005552,0.081524,0.000902,0.140908,0.000721,0.100065,0.000647,7,84
scratch_tactile_policy,heldout_material,peg_in_hole_contact_search,soft_compliance,0.491497,0.043119,0.091726,0.000903,0.424639,0.001325,0.083649,0.001150,0.140399,0.000874,0.098562,0.000666,7,84
scratch_tactile_policy,heldout_material,peg_in_hole_contact_search,source_matched,0.527211,0.048762,0.074145,0.000893,0.436950,0.001311,0.072702,0.001164,0.134448,0.000866,0.098643,0.000660,7,84
scratch_tactile_policy,heldout_material,peg_in_hole_contact_search,taxel_bias,0.484694,0.044012,0.095377,0.004037,0.414644,0.001253,0.089374,0.003509,0.142129,0.000950,0.103126,0.000545,7,84
scratch_tactile_policy,heldout_material,peg_in_hole_contact_search,texture_aliasing,0.496599,0.039347,0.093755,0.000912,0.427508,0.001339,0.089858,0.002259,0.138747,0.001121,0.100006,0.000673,7,84
scratch_tactile_policy,heldout_material,peg_in_hole_contact_search,transient_shear_spike,0.462585,0.055176,0.102543,0.000960,0.415594,0.001411,0.095130,0.001352,0.144435,0.001004,0.102811,0.001893,7,84
scratch_tactile_policy,heldout_material,slip_limited_grasp,compound_contact_shift,0.513605,0.033555,0.112313,0.003675,0.438507,0.001311,0.098995,0.000986,0.148318,0.000799,0.105745,0.000587,7,84
scratch_tactile_policy,heldout_material,slip_limited_grasp,low_friction,0.532313,0.022027,0.084997,0.000797,0.448135,0.001167,0.083345,0.002794,0.140069,0.000688,0.098975,0.002451,7,84
scratch_tactile_policy,heldout_material,slip_limited_grasp,soft_compliance,0.491497,0.028219,0.088614,0.004060,0.448523,0.001210,0.086158,0.000741,0.138507,0.000531,0.101452,0.000526,7,84
scratch_tactile_policy,heldout_material,slip_limited_grasp,source_matched,0.559524,0.043801,0.068961,0.000816,0.468016,0.001195,0.075101,0.002065,0.135167,0.001275,0.096676,0.000607,7,84
scratch_tactile_policy,heldout_material,slip_limited_grasp,taxel_bias,0.477891,0.028087,0.092193,0.000778,0.440992,0.004438,0.087424,0.000941,0.140312,0.000738,0.105967,0.000580,7,84
scratch_tactile_policy,heldout_material,slip_limited_grasp,texture_aliasing,0.527211,0.034801,0.092715,0.002926,0.444210,0.001224,0.089760,0.002393,0.141117,0.000928,0.100894,0.001996,7,84
scratch_tactile_policy,heldout_material,slip_limited_grasp,transient_shear_spike,0.505102,0.024343,0.099860,0.000883,0.442695,0.006043,0.093474,0.000920,0.143208,0.002690,0.102567,0.001912,7,84
scratch_tactile_policy,heldout_object,cable_threading,compound_contact_shift,0.428571,0.035642,0.106761,0.000845,0.455692,0.001239,0.097738,0.001068,0.143041,0.002476,0.106850,0.000627,7,84
scratch_tactile_policy,heldout_object,cable_threading,low_friction,0.474490,0.043631,0.079152,0.003776,0.463295,0.001095,0.082765,0.000895,0.137976,0.001852,0.096887,0.000489,7,84
scratch_tactile_policy,heldout_object,cable_threading,soft_compliance,0.447279,0.036311,0.081099,0.000778,0.466473,0.001138,0.084024,0.001423,0.138553,0.001103,0.097137,0.002460,7,84
scratch_tactile_policy,heldout_object,cable_threading,source_matched,0.496599,0.029565,0.060407,0.000768,0.473276,0.001123,0.069978,0.001226,0.129909,0.000959,0.092415,0.000574,7,84
scratch_tactile_policy,heldout_object,cable_threading,taxel_bias,0.438776,0.061192,0.084729,0.000730,0.464560,0.001066,0.088807,0.001535,0.139332,0.003016,0.103006,0.000547,7,84
scratch_tactile_policy,heldout_object,cable_threading,texture_aliasing,0.459184,0.068096,0.086254,0.000787,0.456517,0.001152,0.088106,0.001816,0.139083,0.001341,0.098667,0.000587,7,84
scratch_tactile_policy,heldout_object,cable_threading,transient_shear_spike,0.452381,0.044680,0.093009,0.003715,0.454764,0.001224,0.093579,0.001052,0.140793,0.000924,0.103656,0.001932,7,84
scratch_tactile_policy,heldout_object,cloth_edge_pull,compound_contact_shift,0.447279,0.042861,0.108463,0.000845,0.447725,0.005582,0.098864,0.001370,0.141689,0.001049,0.104309,0.002645,7,84
scratch_tactile_policy,heldout_object,cloth_edge_pull,low_friction,0.515306,0.030000,0.079054,0.003776,0.457774,0.001095,0.081959,0.000881,0.136170,0.002756,0.097680,0.000489,7,84
scratch_tactile_policy,heldout_object,cloth_edge_pull,soft_compliance,0.491497,0.029565,0.081541,0.000778,0.461762,0.001138,0.083547,0.000581,0.138189,0.000446,0.096015,0.000580,7,84
scratch_tactile_policy,heldout_object,cloth_edge_pull,source_matched,0.511905,0.024419,0.060669,0.000768,0.468295,0.001123,0.070085,0.000699,0.129946,0.000556,0.093456,0.000574,7,84
scratch_tactile_policy,heldout_object,cloth_edge_pull,taxel_bias,0.479592,0.048228,0.084271,0.000730,0.458499,0.001066,0.087725,0.001058,0.138430,0.003319,0.102407,0.001954,7,84
scratch_tactile_policy,heldout_object,cloth_edge_pull,texture_aliasing,0.508503,0.025820,0.086876,0.000787,0.452076,0.001152,0.087639,0.001014,0.138747,0.000801,0.099956,0.000587,7,84
scratch_tactile_policy,heldout_object,cloth_edge_pull,transient_shear_spike,0.491497,0.024795,0.091101,0.000835,0.451673,0.001224,0.090284,0.002517,0.141241,0.000842,0.099772,0.001925,7,84
scratch_tactile_policy,heldout_object,lid_twist_force_control,compound_contact_shift,0.460884,0.025313,0.107317,0.003655,0.405683,0.001354,0.099130,0.000879,0.145409,0.002197,0.103245,0.000607,7,84
scratch_tactile_policy,heldout_object,lid_twist_force_control,low_friction,0.523810,0.054840,0.079572,0.000826,0.425947,0.005603,0.079054,0.001330,0.131943,0.000978,0.096618,0.000613,7,84
scratch_tactile_policy,heldout_object,lid_twist_force_control,soft_compliance,0.578231,0.031329,0.082589,0.000855,0.430729,0.001253,0.081379,0.001294,0.132908,0.001015,0.097605,0.000633,7,84
scratch_tactile_policy,heldout_object,lid_twist_force_control,source_matched,0.559524,0.038103,0.066686,0.002922,0.434425,0.005582,0.073849,0.001085,0.129825,0.000792,0.091607,0.000584,7,84
scratch_tactile_policy,heldout_object,lid_twist_force_control,taxel_bias,0.532313,0.039347,0.087866,0.004076,0.423569,0.001181,0.084931,0.001001,0.136602,0.000682,0.102321,0.001950,7,84
scratch_tactile_policy,heldout_object,lid_twist_force_control,texture_aliasing,0.520408,0.028674,0.088101,0.004029,0.426453,0.004382,0.084047,0.001996,0.138361,0.000873,0.097094,0.000552,7,84
scratch_tactile_policy,heldout_object,lid_twist_force_control,transient_shear_spike,0.554422,0.044347,0.096639,0.003662,0.414511,0.001339,0.089867,0.001246,0.141668,0.000922,0.102167,0.002675,7,84
scratch_tactile_policy,heldout_object,peg_in_hole_contact_search,compound_contact_shift,0.460884,0.061252,0.103587,0.000951,0.413654,0.001397,0.096017,0.001788,0.142788,0.001347,0.105354,0.000699,7,84
scratch_tactile_policy,heldout_object,peg_in_hole_contact_search,low_friction,0.511905,0.067932,0.079829,0.002918,0.432179,0.006078,0.081582,0.002966,0.134482,0.001648,0.096899,0.000591,7,84
scratch_tactile_policy,heldout_object,peg_in_hole_contact_search,soft_compliance,0.510204,0.031564,0.077019,0.000883,0.428221,0.005542,0.080843,0.000837,0.137145,0.002483,0.100733,0.000653,7,84
scratch_tactile_policy,heldout_object,peg_in_hole_contact_search,source_matched,0.557823,0.020638,0.061343,0.000874,0.437403,0.001282,0.070685,0.000601,0.131876,0.002578,0.093748,0.000647,7,84
scratch_tactile_policy,heldout_object,peg_in_hole_contact_search,taxel_bias,0.511905,0.033775,0.088577,0.004052,0.422765,0.001224,0.086876,0.000773,0.137310,0.000548,0.101772,0.000532,7,84
scratch_tactile_policy,heldout_object,peg_in_hole_contact_search,texture_aliasing,0.472789,0.041276,0.089164,0.000893,0.423605,0.001311,0.086943,0.002681,0.137506,0.001152,0.101360,0.000660,7,84
scratch_tactile_policy,heldout_object,peg_in_hole_contact_search,transient_shear_spike,0.496599,0.036616,0.091421,0.000941,0.420250,0.001383,0.087059,0.001236,0.137953,0.000964,0.099821,0.001898,7,84
scratch_tactile_policy,heldout_object,slip_limited_grasp,compound_contact_shift,0.464286,0.066193,0.105589,0.000874,0.437721,0.001282,0.099000,0.002016,0.140839,0.001517,0.104934,0.002629,7,84
scratch_tactile_policy,heldout_object,slip_limited_grasp,low_friction,0.522109,0.039907,0.076541,0.004099,0.461176,0.005653,0.076909,0.001206,0.132314,0.001148,0.099697,0.000493,7,84
scratch_tactile_policy,heldout_object,slip_limited_grasp,soft_compliance,0.540816,0.032146,0.076519,0.000807,0.461399,0.001181,0.081227,0.000348,0.135325,0.000240,0.098590,0.002667,7,84
scratch_tactile_policy,heldout_object,slip_limited_grasp,source_matched,0.557823,0.041811,0.065631,0.000797,0.464899,0.001167,0.070932,0.002973,0.132656,0.001869,0.092616,0.002451,7,84
scratch_tactile_policy,heldout_object,slip_limited_grasp,taxel_bias,0.508503,0.046308,0.091435,0.002959,0.448117,0.005674,0.088399,0.000958,0.139484,0.002985,0.103085,0.000525,7,84
scratch_tactile_policy,heldout_object,slip_limited_grasp,texture_aliasing,0.491497,0.041589,0.083876,0.000816,0.454746,0.001195,0.088528,0.001229,0.138425,0.000936,0.099350,0.000607,7,84
scratch_tactile_policy,heldout_object,slip_limited_grasp,transient_shear_spike,0.522109,0.050000,0.098211,0.000864,0.451499,0.001267,0.090873,0.001920,0.138798,0.000996,0.103842,0.001917,7,84
uncertainty_gated_transfer,clean_transfer,cable_threading,compound_contact_shift,0.535714,0.036004,0.111515,0.004013,0.551484,0.001296,0.080331,0.001168,0.278797,0.000913,0.092101,0.000565,7,84
uncertainty_gated_transfer,clean_transfer,cable_threading,low_friction,0.579932,0.042817,0.074636,0.000787,0.562306,0.005643,0.063617,0.001277,0.268333,0.000970,0.081078,0.000587,7,84
uncertainty_gated_transfer,clean_transfer,cable_threading,soft_compliance,0.598639,0.040000,0.080916,0.000816,0.565814,0.005613,0.066595,0.003015,0.271660,0.000861,0.083856,0.000607,7,84
uncertainty_gated_transfer,clean_transfer,cable_threading,source_matched,0.600340,0.040369,0.066564,0.000807,0.573730,0.001181,0.054868,0.001335,0.263225,0.001683,0.079768,0.000600,7,84
uncertainty_gated_transfer,clean_transfer,cable_threading,taxel_bias,0.571429,0.041678,0.091932,0.004107,0.554823,0.005664,0.070837,0.002342,0.272173,0.002073,0.083566,0.000486,7,84
uncertainty_gated_transfer,clean_transfer,cable_threading,texture_aliasing,0.573129,0.027622,0.090019,0.000826,0.563110,0.004407,0.068370,0.000808,0.273800,0.002118,0.085267,0.002656,7,84
uncertainty_gated_transfer,clean_transfer,cable_threading,transient_shear_spike,0.568027,0.037317,0.095253,0.000874,0.549385,0.004376,0.074045,0.001252,0.275876,0.001870,0.088332,0.000647,7,84
uncertainty_gated_transfer,clean_transfer,cloth_edge_pull,compound_contact_shift,0.557823,0.030732,0.107150,0.000883,0.544543,0.005542,0.081245,0.000788,0.279040,0.002181,0.089936,0.002624,7,84
uncertainty_gated_transfer,clean_transfer,cloth_edge_pull,low_friction,0.607143,0.025459,0.075332,0.000787,0.557810,0.005643,0.063711,0.000850,0.268427,0.000673,0.082397,0.000587,7,84
uncertainty_gated_transfer,clean_transfer,cloth_edge_pull,soft_compliance,0.605442,0.033166,0.082152,0.000816,0.556982,0.006125,0.064182,0.002692,0.272482,0.000950,0.085547,0.000607,7,84
uncertainty_gated_transfer,clean_transfer,cloth_edge_pull,source_matched,0.605442,0.046786,0.064190,0.003735,0.569774,0.001181,0.055447,0.001051,0.262814,0.001009,0.081260,0.000528,7,84
uncertainty_gated_transfer,clean_transfer,cloth_edge_pull,taxel_bias,0.559524,0.050662,0.092268,0.004107,0.549787,0.005664,0.070489,0.003466,0.271587,0.002598,0.084638,0.000486,7,84
uncertainty_gated_transfer,clean_transfer,cloth_edge_pull,texture_aliasing,0.602041,0.029187,0.091435,0.000826,0.554549,0.006113,0.068972,0.001091,0.270914,0.002706,0.083652,0.000613,7,84
uncertainty_gated_transfer,clean_transfer,cloth_edge_pull,transient_shear_spike,0.517007,0.056667,0.097569,0.000874,0.544746,0.001282,0.077336,0.001565,0.273885,0.002462,0.088480,0.002415,7,84
uncertainty_gated_transfer,clean_transfer,lid_twist_force_control,compound_contact_shift,0.581633,0.036515,0.106868,0.000960,0.506017,0.005951,0.079526,0.000691,0.275111,0.000529,0.088279,0.001893,7,84
uncertainty_gated_transfer,clean_transfer,lid_twist_force_control,low_friction,0.651361,0.024267,0.081860,0.000864,0.529500,0.001267,0.063272,0.002757,0.267528,0.000549,0.082000,0.002419,7,84
uncertainty_gated_transfer,clean_transfer,lid_twist_force_control,soft_compliance,0.625850,0.052139,0.080634,0.000893,0.524321,0.006032,0.067317,0.001688,0.266647,0.001287,0.085326,0.000660,7,84
uncertainty_gated_transfer,clean_transfer,lid_twist_force_control,source_matched,0.646259,0.043119,0.060780,0.000883,0.531702,0.005542,0.056622,0.001351,0.263354,0.002441,0.077449,0.000653,7,84
uncertainty_gated_transfer,clean_transfer,lid_twist_force_control,taxel_bias,0.591837,0.042208,0.093297,0.000845,0.523520,0.001239,0.070706,0.001390,0.269523,0.001067,0.085027,0.002428,7,84
uncertainty_gated_transfer,clean_transfer,lid_twist_force_control,texture_aliasing,0.605442,0.045379,0.091809,0.003668,0.517007,0.001325,0.070553,0.001266,0.273506,0.000806,0.087020,0.000594,7,84
uncertainty_gated_transfer,clean_transfer,lid_twist_force_control,transient_shear_spike,0.639456,0.042514,0.100541,0.003635,0.516247,0.005473,0.072215,0.002138,0.271493,0.002099,0.087920,0.000627,7,84
uncertainty_gated_transfer,clean_transfer,peg_in_hole_contact_search,compound_contact_shift,0.595238,0.032998,0.109164,0.003609,0.515143,0.001455,0.080643,0.000725,0.275102,0.000508,0.092230,0.001889,7,84
uncertainty_gated_transfer,clean_transfer,peg_in_hole_contact_search,low_friction,0.605442,0.030307,0.077852,0.000893,0.524024,0.001311,0.065618,0.002345,0.266674,0.000604,0.083897,0.000660,7,84
uncertainty_gated_transfer,clean_transfer,peg_in_hole_contact_search,soft_compliance,0.668367,0.016443,0.081090,0.000922,0.533259,0.001354,0.061727,0.001998,0.267177,0.000771,0.084580,0.000680,7,84
uncertainty_gated_transfer,clean_transfer,peg_in_hole_contact_search,source_matched,0.642857,0.047765,0.059748,0.000912,0.543554,0.001339,0.056756,0.002383,0.262576,0.002640,0.079109,0.002608,7,84
uncertainty_gated_transfer,clean_transfer,peg_in_hole_contact_search,taxel_bias,0.637755,0.047997,0.089743,0.003688,0.523871,0.006055,0.066530,0.001084,0.273036,0.000921,0.084950,0.000574,7,84
uncertainty_gated_transfer,clean_transfer,peg_in_hole_contact_search,texture_aliasing,0.600340,0.039721,0.088607,0.003648,0.520459,0.001368,0.071353,0.002887,0.270169,0.002542,0.087185,0.000614,7,84
uncertainty_gated_transfer,clean_transfer,peg_in_hole_contact_search,transient_shear_spike,0.622449,0.041276,0.101349,0.000979,0.517995,0.001440,0.072957,0.003059,0.273330,0.002735,0.085130,0.000719,7,84
uncertainty_gated_transfer,clean_transfer,slip_limited_grasp,compound_contact_shift,0.605442,0.017951,0.112466,0.000912,0.536305,0.006009,0.078823,0.000897,0.276214,0.000736,0.091598,0.000673,7,84
uncertainty_gated_transfer,clean_transfer,slip_limited_grasp,low_friction,0.658163,0.023727,0.077580,0.004068,0.555261,0.001195,0.063424,0.000776,0.266925,0.000813,0.081947,0.000519,7,84
uncertainty_gated_transfer,clean_transfer,slip_limited_grasp,soft_compliance,0.658163,0.028674,0.085320,0.000845,0.555814,0.005582,0.065702,0.000811,0.266989,0.000640,0.081157,0.000627,7,84
uncertainty_gated_transfer,clean_transfer,slip_limited_grasp,source_matched,0.695578,0.024343,0.061905,0.004052,0.560427,0.001224,0.056425,0.000550,0.263304,0.000586,0.078832,0.002754,7,84
uncertainty_gated_transfer,clean_transfer,slip_limited_grasp,taxel_bias,0.670068,0.040323,0.090471,0.000797,0.541172,0.001167,0.070187,0.001458,0.272035,0.001124,0.087120,0.002451,7,84
uncertainty_gated_transfer,clean_transfer,slip_limited_grasp,texture_aliasing,0.634354,0.015870,0.089764,0.004037,0.546122,0.005572,0.068436,0.002718,0.271710,0.000665,0.087363,0.001936,7,84
uncertainty_gated_transfer,clean_transfer,slip_limited_grasp,transient_shear_spike,0.568027,0.058658,0.100863,0.000903,0.538621,0.001325,0.073278,0.001955,0.274224,0.001488,0.086463,0.000666,7,84
uncertainty_gated_transfer,combined_stress,cable_threading,compound_contact_shift,0.411565,0.044638,0.168823,0.000893,0.523380,0.001311,0.104761,0.001334,0.297697,0.002968,0.105604,0.000660,7,84
uncertainty_gated_transfer,combined_stress,cable_threading,low_friction,0.476190,0.034534,0.138727,0.000797,0.537580,0.001167,0.084000,0.001347,0.286080,0.001841,0.098518,0.000594,7,84
uncertainty_gated_transfer,combined_stress,cable_threading,soft_compliance,0.496599,0.040000,0.135311,0.000826,0.536024,0.001210,0.088289,0.002272,0.289413,0.000887,0.102263,0.000613,7,84
uncertainty_gated_transfer,combined_stress,cable_threading,source_matched,0.569728,0.028996,0.117227,0.000816,0.540360,0.004413,0.072811,0.000999,0.284961,0.001614,0.097645,0.000607,7,84
uncertainty_gated_transfer,combined_stress,cable_threading,taxel_bias,0.459184,0.041633,0.149684,0.000778,0.527910,0.001138,0.093257,0.001404,0.292531,0.001076,0.099895,0.000580,7,84
uncertainty_gated_transfer,combined_stress,cable_threading,texture_aliasing,0.467687,0.035172,0.146993,0.000835,0.531918,0.001224,0.089783,0.000907,0.293278,0.000695,0.100820,0.000620,7,84
uncertainty_gated_transfer,combined_stress,cable_threading,transient_shear_spike,0.447279,0.032546,0.156637,0.000883,0.520345,0.004371,0.098382,0.001357,0.292012,0.002224,0.101508,0.000653,7,84
uncertainty_gated_transfer,combined_stress,cloth_edge_pull,compound_contact_shift,0.420068,0.027285,0.171095,0.000893,0.514353,0.006032,0.106800,0.000772,0.293603,0.000618,0.108163,0.000660,7,84
uncertainty_gated_transfer,combined_stress,cloth_edge_pull,low_friction,0.552721,0.035953,0.135769,0.003742,0.533571,0.001167,0.082615,0.001070,0.284135,0.000785,0.099762,0.000521,7,84
uncertainty_gated_transfer,combined_stress,cloth_edge_pull,soft_compliance,0.518707,0.053125,0.136323,0.000826,0.532825,0.001210,0.085591,0.003507,0.289951,0.000918,0.101667,0.002437,7,84
uncertainty_gated_transfer,combined_stress,cloth_edge_pull,source_matched,0.528912,0.044347,0.118059,0.000816,0.534318,0.001195,0.074979,0.001046,0.283082,0.003098,0.096926,0.002442,7,84
uncertainty_gated_transfer,combined_stress,cloth_edge_pull,taxel_bias,0.520408,0.046027,0.149796,0.000778,0.523361,0.001138,0.092321,0.001220,0.291765,0.000913,0.100967,0.000580,7,84
uncertainty_gated_transfer,combined_stress,cloth_edge_pull,texture_aliasing,0.450680,0.043928,0.148186,0.000835,0.528989,0.001224,0.091632,0.001623,0.292353,0.002150,0.102635,0.000620,7,84
uncertainty_gated_transfer,combined_stress,cloth_edge_pull,transient_shear_spike,0.469388,0.044347,0.158730,0.000883,0.516193,0.001296,0.097655,0.003212,0.290983,0.000792,0.103943,0.000653,7,84
uncertainty_gated_transfer,combined_stress,lid_twist_force_control,compound_contact_shift,0.467687,0.040323,0.175277,0.000970,0.479128,0.001426,0.101619,0.001853,0.294808,0.002124,0.104190,0.000713,7,84
uncertainty_gated_transfer,combined_stress,lid_twist_force_control,low_friction,0.571429,0.060246,0.134755,0.003688,0.500843,0.001282,0.081034,0.001442,0.286970,0.001023,0.100215,0.000574,7,84
uncertainty_gated_transfer,combined_stress,lid_twist_force_control,soft_compliance,0.581633,0.031151,0.139269,0.000903,0.490601,0.004359,0.082510,0.001169,0.286627,0.000921,0.099130,0.000666,7,84
uncertainty_gated_transfer,combined_stress,lid_twist_force_control,source_matched,0.610544,0.036616,0.115683,0.000893,0.499547,0.001311,0.074211,0.002227,0.280446,0.000925,0.097584,0.001910,7,84
uncertainty_gated_transfer,combined_stress,lid_twist_force_control,taxel_bias,0.489796,0.035798,0.150144,0.000855,0.492676,0.001253,0.093018,0.001251,0.288392,0.000972,0.102358,0.000633,7,84
uncertainty_gated_transfer,combined_stress,lid_twist_force_control,texture_aliasing,0.522109,0.031972,0.144448,0.000912,0.492175,0.001339,0.091218,0.002854,0.286706,0.000563,0.101212,0.000673,7,84
uncertainty_gated_transfer,combined_stress,lid_twist_force_control,transient_shear_spike,0.500000,0.029250,0.157590,0.000960,0.483276,0.001411,0.097967,0.000971,0.293520,0.000775,0.104309,0.000706,7,84
uncertainty_gated_transfer,combined_stress,peg_in_hole_contact_search,compound_contact_shift,0.477891,0.035066,0.175227,0.000999,0.480412,0.001469,0.102435,0.001568,0.292294,0.001235,0.105537,0.002357,7,84
uncertainty_gated_transfer,combined_stress,peg_in_hole_contact_search,low_friction,0.579932,0.047415,0.135262,0.000903,0.497816,0.001325,0.081176,0.001698,0.286001,0.001307,0.097371,0.000666,7,84
uncertainty_gated_transfer,combined_stress,peg_in_hole_contact_search,soft_compliance,0.552721,0.048800,0.140810,0.000931,0.499416,0.005985,0.086667,0.001623,0.289307,0.001245,0.099285,0.000686,7,84
uncertainty_gated_transfer,combined_stress,peg_in_hole_contact_search,source_matched,0.585034,0.030732,0.115735,0.000922,0.513848,0.005502,0.073712,0.000889,0.282073,0.000703,0.097857,0.000680,7,84
uncertainty_gated_transfer,combined_stress,peg_in_hole_contact_search,taxel_bias,0.505102,0.048800,0.144245,0.000883,0.495476,0.006043,0.090365,0.001537,0.292177,0.001749,0.103106,0.002410,7,84
uncertainty_gated_transfer,combined_stress,peg_in_hole_contact_search,texture_aliasing,0.518707,0.020905,0.147476,0.000941,0.498076,0.001383,0.091304,0.001123,0.289919,0.000907,0.102392,0.000693,7,84
uncertainty_gated_transfer,combined_stress,peg_in_hole_contact_search,transient_shear_spike,0.518707,0.046348,0.156052,0.000989,0.490047,0.005916,0.096287,0.002250,0.293291,0.001211,0.102344,0.000726,7,84
uncertainty_gated_transfer,combined_stress,slip_limited_grasp,compound_contact_shift,0.462585,0.020000,0.172732,0.003983,0.504303,0.001354,0.105485,0.000610,0.296615,0.002646,0.106361,0.000591,7,84
uncertainty_gated_transfer,combined_stress,slip_limited_grasp,low_friction,0.552721,0.035953,0.137768,0.000826,0.521491,0.001210,0.084927,0.000781,0.284723,0.000589,0.100496,0.000613,7,84
uncertainty_gated_transfer,combined_stress,slip_limited_grasp,soft_compliance,0.586735,0.031681,0.140958,0.000855,0.529844,0.001253,0.087079,0.001170,0.285355,0.000917,0.100786,0.000633,7,84
uncertainty_gated_transfer,combined_stress,slip_limited_grasp,source_matched,0.619048,0.033389,0.117242,0.003708,0.530876,0.004394,0.076309,0.002307,0.281313,0.000690,0.094576,0.000554,7,84
uncertainty_gated_transfer,combined_stress,slip_limited_grasp,taxel_bias,0.528912,0.052387,0.144321,0.000807,0.523224,0.001181,0.090977,0.001409,0.289504,0.001051,0.101127,0.002446,7,84
uncertainty_gated_transfer,combined_stress,slip_limited_grasp,texture_aliasing,0.551020,0.038006,0.146267,0.003695,0.521322,0.006067,0.088431,0.001057,0.290810,0.000874,0.100671,0.000567,7,84
uncertainty_gated_transfer,combined_stress,slip_limited_grasp,transient_shear_spike,0.527211,0.038682,0.158345,0.003990,0.513401,0.001339,0.096694,0.000771,0.293515,0.002341,0.103035,0.002442,7,84
uncertainty_gated_transfer,heldout_geometry,cable_threading,compound_contact_shift,0.501701,0.046228,0.147496,0.000903,0.533081,0.004359,0.096708,0.001530,0.285908,0.001059,0.100880,0.002614,7,84
uncertainty_gated_transfer,heldout_geometry,cable_threading,low_friction,0.540816,0.039063,0.113285,0.000807,0.542941,0.004419,0.076530,0.002772,0.283112,0.000911,0.092918,0.000600,7,84
uncertainty_gated_transfer,heldout_geometry,cable_threading,soft_compliance,0.532313,0.063333,0.116577,0.004052,0.541467,0.001224,0.081106,0.001672,0.281285,0.001146,0.094560,0.002724,7,84
uncertainty_gated_transfer,heldout_geometry,cable_threading,source_matched,0.551020,0.035538,0.093848,0.000826,0.560231,0.001210,0.068364,0.003168,0.278508,0.000764,0.091679,0.001927,7,84
uncertainty_gated_transfer,heldout_geometry,cable_threading,taxel_bias,0.496599,0.041276,0.127170,0.004091,0.546520,0.001152,0.082358,0.001214,0.282220,0.001107,0.094531,0.001970,7,84
uncertainty_gated_transfer,heldout_geometry,cable_threading,texture_aliasing,0.517007,0.026874,0.123204,0.000845,0.538531,0.001239,0.081131,0.000786,0.285424,0.000625,0.096956,0.000627,7,84
uncertainty_gated_transfer,heldout_geometry,cable_threading,transient_shear_spike,0.465986,0.054941,0.135515,0.000893,0.531683,0.004365,0.090575,0.001929,0.284523,0.001214,0.099803,0.000660,7,84
uncertainty_gated_transfer,heldout_geometry,cloth_edge_pull,compound_contact_shift,0.517007,0.035590,0.150090,0.000903,0.521676,0.005522,0.091868,0.001000,0.287573,0.000776,0.099033,0.000666,7,84
uncertainty_gated_transfer,heldout_geometry,cloth_edge_pull,low_friction,0.549320,0.030307,0.114078,0.000807,0.536554,0.001181,0.073911,0.001288,0.281413,0.002220,0.094405,0.000600,7,84
uncertainty_gated_transfer,heldout_geometry,cloth_edge_pull,soft_compliance,0.535714,0.031388,0.112765,0.000835,0.538463,0.001224,0.078513,0.002322,0.282324,0.000823,0.091732,0.000620,7,84
uncertainty_gated_transfer,heldout_geometry,cloth_edge_pull,source_matched,0.588435,0.035953,0.095002,0.000826,0.556957,0.001210,0.065297,0.000642,0.278815,0.000474,0.087696,0.001927,7,84
uncertainty_gated_transfer,heldout_geometry,cloth_edge_pull,taxel_bias,0.488095,0.055544,0.124173,0.002946,0.539593,0.004432,0.082975,0.001376,0.282873,0.001215,0.094551,0.000545,7,84
uncertainty_gated_transfer,heldout_geometry,cloth_edge_pull,texture_aliasing,0.544218,0.046865,0.124718,0.000845,0.535797,0.001239,0.082026,0.001771,0.285012,0.001959,0.097795,0.001922,7,84
uncertainty_gated_transfer,heldout_geometry,cloth_edge_pull,transient_shear_spike,0.479592,0.030429,0.137929,0.000893,0.527726,0.001311,0.086783,0.001131,0.286099,0.000891,0.096688,0.002406,7,84
uncertainty_gated_transfer,heldout_geometry,lid_twist_force_control,compound_contact_shift,0.467687,0.042208,0.147888,0.000979,0.486554,0.005443,0.096594,0.002289,0.290736,0.001300,0.098553,0.000719,7,84
uncertainty_gated_transfer,heldout_geometry,lid_twist_force_control,low_friction,0.585034,0.037565,0.111826,0.004013,0.511646,0.001296,0.075329,0.001100,0.281868,0.001057,0.090460,0.000565,7,84
uncertainty_gated_transfer,heldout_geometry,lid_twist_force_control,soft_compliance,0.566327,0.052387,0.119619,0.002894,0.501486,0.001339,0.079036,0.001562,0.283225,0.001288,0.092914,0.002408,7,84
uncertainty_gated_transfer,heldout_geometry,lid_twist_force_control,source_matched,0.636054,0.038055,0.098248,0.000903,0.511997,0.001325,0.066059,0.001456,0.275861,0.001134,0.089825,0.000666,7,84
uncertainty_gated_transfer,heldout_geometry,lid_twist_force_control,taxel_bias,0.573129,0.025166,0.128429,0.000864,0.501292,0.001267,0.084719,0.001223,0.281062,0.000972,0.097374,0.002419,7,84
uncertainty_gated_transfer,heldout_geometry,lid_twist_force_control,texture_aliasing,0.561224,0.087220,0.126602,0.000922,0.506803,0.001354,0.082510,0.002456,0.282844,0.001823,0.093269,0.000680,7,84
uncertainty_gated_transfer,heldout_geometry,lid_twist_force_control,transient_shear_spike,0.530612,0.046627,0.132120,0.002872,0.502629,0.001426,0.087379,0.001610,0.283907,0.001312,0.098298,0.000670,7,84
uncertainty_gated_transfer,heldout_geometry,peg_in_hole_contact_search,compound_contact_shift,0.522109,0.034319,0.149468,0.001008,0.495139,0.005893,0.092886,0.001220,0.287320,0.002667,0.098681,0.000739,7,84
uncertainty_gated_transfer,heldout_geometry,peg_in_hole_contact_search,low_friction,0.624150,0.060000,0.112247,0.003990,0.510776,0.001339,0.075689,0.001732,0.281385,0.001418,0.093220,0.002712,7,84
uncertainty_gated_transfer,heldout_geometry,peg_in_hole_contact_search,soft_compliance,0.537415,0.013878,0.112497,0.000941,0.507312,0.001383,0.075314,0.000886,0.278938,0.000736,0.091624,0.000693,7,84
uncertainty_gated_transfer,heldout_geometry,peg_in_hole_contact_search,source_matched,0.610544,0.027285,0.096500,0.003648,0.515591,0.001368,0.069802,0.000592,0.276239,0.002226,0.089948,0.000614,7,84
uncertainty_gated_transfer,heldout_geometry,peg_in_hole_contact_search,taxel_bias,0.545918,0.035066,0.124158,0.000893,0.506248,0.006032,0.084284,0.001212,0.282076,0.002595,0.095760,0.000660,7,84
uncertainty_gated_transfer,heldout_geometry,peg_in_hole_contact_search,texture_aliasing,0.566327,0.038730,0.126114,0.003960,0.507142,0.005962,0.081880,0.002618,0.281224,0.002432,0.095403,0.000611,7,84
uncertainty_gated_transfer,heldout_geometry,peg_in_hole_contact_search,transient_shear_spike,0.545918,0.057252,0.130497,0.000999,0.503838,0.001469,0.089054,0.001273,0.284777,0.000934,0.097364,0.000733,7,84
uncertainty_gated_transfer,heldout_geometry,slip_limited_grasp,compound_contact_shift,0.491497,0.043419,0.147083,0.000931,0.519699,0.001368,0.093137,0.001672,0.287502,0.001296,0.098532,0.000686,7,84
uncertainty_gated_transfer,heldout_geometry,slip_limited_grasp,low_friction,0.573129,0.035798,0.114864,0.000835,0.540265,0.005592,0.076854,0.001025,0.277264,0.000789,0.094228,0.002433,7,84
uncertainty_gated_transfer,heldout_geometry,slip_limited_grasp,soft_compliance,0.588435,0.034102,0.119617,0.000864,0.538409,0.001267,0.078524,0.002595,0.279413,0.000919,0.094589,0.002635,7,84
uncertainty_gated_transfer,heldout_geometry,slip_limited_grasp,source_matched,0.615646,0.074087,0.098116,0.002918,0.548725,0.005572,0.068798,0.002576,0.275015,0.001674,0.091410,0.000591,7,84
uncertainty_gated_transfer,heldout_geometry,slip_limited_grasp,taxel_bias,0.598639,0.034427,0.131205,0.000816,0.526947,0.001195,0.081679,0.001178,0.280185,0.000914,0.094102,0.000607,7,84
uncertainty_gated_transfer,heldout_geometry,slip_limited_grasp,texture_aliasing,0.557823,0.051280,0.121585,0.000874,0.533631,0.005552,0.082221,0.001633,0.285296,0.001243,0.098351,0.000647,7,84
uncertainty_gated_transfer,heldout_geometry,slip_limited_grasp,transient_shear_spike,0.568027,0.040643,0.132900,0.000922,0.527861,0.001354,0.084797,0.002006,0.282628,0.001205,0.099368,0.001902,7,84
uncertainty_gated_transfer,heldout_material,cable_threading,compound_contact_shift,0.454082,0.039907,0.141196,0.000903,0.527500,0.001325,0.091499,0.001827,0.286178,0.000786,0.096291,0.001907,7,84
uncertainty_gated_transfer,heldout_material,cable_threading,low_friction,0.527211,0.049028,0.107848,0.000807,0.550223,0.001181,0.072845,0.001331,0.275909,0.001916,0.091778,0.000600,7,84
uncertainty_gated_transfer,heldout_material,cable_threading,soft_compliance,0.549320,0.041500,0.105914,0.000835,0.551322,0.001224,0.073845,0.001964,0.280391,0.001040,0.089875,0.001925,7,84
uncertainty_gated_transfer,heldout_material,cable_threading,source_matched,0.557823,0.039907,0.088790,0.000826,0.559795,0.006113,0.064205,0.001234,0.274368,0.002539,0.085974,0.002437,7,84
uncertainty_gated_transfer,heldout_material,cable_threading,taxel_bias,0.551020,0.039675,0.116291,0.000787,0.538366,0.001152,0.079858,0.000807,0.280653,0.000591,0.092128,0.000587,7,84
uncertainty_gated_transfer,heldout_material,cable_threading,texture_aliasing,0.494898,0.039063,0.117416,0.000845,0.548386,0.001239,0.081053,0.000819,0.280661,0.003014,0.095809,0.000627,7,84
uncertainty_gated_transfer,heldout_material,cable_threading,transient_shear_spike,0.503401,0.038345,0.129538,0.000893,0.538965,0.001311,0.083273,0.001414,0.283262,0.001099,0.096365,0.002406,7,84
uncertainty_gated_transfer,heldout_material,cloth_edge_pull,compound_contact_shift,0.464286,0.028803,0.143870,0.000903,0.526342,0.001325,0.092512,0.000881,0.287960,0.000700,0.097899,0.000666,7,84
uncertainty_gated_transfer,heldout_material,cloth_edge_pull,low_friction,0.556122,0.038006,0.107007,0.002938,0.546365,0.001181,0.072982,0.001000,0.275011,0.000835,0.093252,0.000558,7,84
uncertainty_gated_transfer,heldout_material,cloth_edge_pull,soft_compliance,0.549320,0.045947,0.107328,0.000835,0.548274,0.001224,0.073004,0.001160,0.281518,0.000868,0.090615,0.000620,7,84
uncertainty_gated_transfer,heldout_material,cloth_edge_pull,source_matched,0.593537,0.048952,0.090024,0.000826,0.551332,0.004407,0.064620,0.001276,0.271301,0.002088,0.085446,0.000613,7,84
uncertainty_gated_transfer,heldout_material,cloth_edge_pull,taxel_bias,0.518707,0.026874,0.116805,0.000787,0.533968,0.001152,0.081421,0.001128,0.281761,0.000889,0.093392,0.000587,7,84
uncertainty_gated_transfer,heldout_material,cloth_edge_pull,texture_aliasing,0.506803,0.022111,0.119011,0.000845,0.545608,0.001239,0.082339,0.000983,0.278263,0.000789,0.092099,0.002428,7,84
uncertainty_gated_transfer,heldout_material,cloth_edge_pull,transient_shear_spike,0.488095,0.032203,0.126887,0.004006,0.537537,0.001311,0.085414,0.000926,0.285384,0.000951,0.093161,0.000572,7,84
uncertainty_gated_transfer,heldout_material,lid_twist_force_control,compound_contact_shift,0.540816,0.010000,0.141840,0.000979,0.491127,0.001440,0.088392,0.000662,0.285482,0.002643,0.097472,0.000719,7,84
uncertainty_gated_transfer,heldout_material,lid_twist_force_control,low_friction,0.586735,0.033278,0.101496,0.000883,0.511074,0.006043,0.074201,0.001185,0.275613,0.002586,0.089285,0.000653,7,84
uncertainty_gated_transfer,heldout_material,lid_twist_force_control,soft_compliance,0.583333,0.031798,0.104062,0.000912,0.511205,0.001339,0.075859,0.001942,0.276694,0.002503,0.089337,0.000673,7,84
uncertainty_gated_transfer,heldout_material,lid_twist_force_control,source_matched,0.613946,0.044638,0.086581,0.003998,0.521716,0.001325,0.065393,0.001157,0.274609,0.002150,0.088620,0.000578,7,84
uncertainty_gated_transfer,heldout_material,lid_twist_force_control,taxel_bias,0.596939,0.025676,0.121232,0.002914,0.511011,0.001267,0.077635,0.002860,0.280126,0.000373,0.091694,0.001918,7,84
uncertainty_gated_transfer,heldout_material,lid_twist_force_control,texture_aliasing,0.569728,0.040552,0.121067,0.000922,0.501086,0.004347,0.081691,0.000901,0.282184,0.000680,0.092199,0.000680,7,84
uncertainty_gated_transfer,heldout_material,lid_twist_force_control,transient_shear_spike,0.530612,0.035224,0.124681,0.000970,0.496912,0.004319,0.086583,0.001393,0.283400,0.001094,0.097187,0.000713,7,84
uncertainty_gated_transfer,heldout_material,peg_in_hole_contact_search,compound_contact_shift,0.520408,0.040643,0.141785,0.002858,0.494524,0.001484,0.092108,0.000868,0.283438,0.000825,0.097587,0.000696,7,84
uncertainty_gated_transfer,heldout_material,peg_in_hole_contact_search,low_friction,0.588435,0.041944,0.100283,0.000912,0.520451,0.001339,0.074190,0.001512,0.274685,0.002152,0.088601,0.001905,7,84
uncertainty_gated_transfer,heldout_material,peg_in_hole_contact_search,soft_compliance,0.576531,0.050626,0.107313,0.000941,0.516987,0.001383,0.073766,0.001169,0.277752,0.000866,0.090585,0.000693,7,84
uncertainty_gated_transfer,heldout_material,peg_in_hole_contact_search,source_matched,0.641156,0.047610,0.083198,0.000931,0.525266,0.001368,0.063081,0.003094,0.269489,0.000931,0.088730,0.000686,7,84
uncertainty_gated_transfer,heldout_material,peg_in_hole_contact_search,taxel_bias,0.562925,0.036616,0.118757,0.000893,0.505633,0.001311,0.079836,0.003203,0.279001,0.000530,0.094717,0.000660,7,84
uncertainty_gated_transfer,heldout_material,peg_in_hole_contact_search,texture_aliasing,0.562925,0.071596,0.113799,0.000951,0.506527,0.001397,0.078395,0.001760,0.278517,0.001290,0.094207,0.000699,7,84
uncertainty_gated_transfer,heldout_material,peg_in_hole_contact_search,transient_shear_spike,0.547619,0.054840,0.124853,0.000999,0.508368,0.005424,0.083821,0.002710,0.284264,0.001063,0.096315,0.000733,7,84
uncertainty_gated_transfer,heldout_material,slip_limited_grasp,compound_contact_shift,0.547619,0.030123,0.140974,0.000931,0.529451,0.001368,0.091071,0.001082,0.285965,0.000857,0.097432,0.000686,7,84
uncertainty_gated_transfer,heldout_material,slip_limited_grasp,low_friction,0.576531,0.041006,0.104473,0.004052,0.537153,0.001224,0.075678,0.001142,0.276677,0.001000,0.088460,0.001942,7,84
uncertainty_gated_transfer,heldout_material,slip_limited_grasp,soft_compliance,0.588435,0.036311,0.107430,0.004029,0.540443,0.006067,0.071536,0.000949,0.278887,0.000694,0.088782,0.000552,7,84
uncertainty_gated_transfer,heldout_material,slip_limited_grasp,source_matched,0.622449,0.052599,0.082958,0.000855,0.545613,0.001253,0.061343,0.000997,0.274366,0.000703,0.087825,0.002424,7,84
uncertainty_gated_transfer,heldout_material,slip_limited_grasp,taxel_bias,0.581633,0.030307,0.115372,0.002934,0.536699,0.001195,0.080468,0.000882,0.279965,0.000809,0.092789,0.000565,7,84
uncertainty_gated_transfer,heldout_material,slip_limited_grasp,texture_aliasing,0.566327,0.039063,0.115989,0.000874,0.530519,0.001282,0.081397,0.001533,0.277756,0.002166,0.092689,0.002629,7,84
uncertainty_gated_transfer,heldout_material,slip_limited_grasp,transient_shear_spike,0.569728,0.050259,0.127115,0.000922,0.535040,0.004347,0.082980,0.001057,0.282071,0.000772,0.094845,0.002603,7,84
uncertainty_gated_transfer,heldout_object,cable_threading,compound_contact_shift,0.496599,0.045175,0.129201,0.004013,0.543657,0.001296,0.087017,0.000931,0.284469,0.000600,0.097076,0.000565,7,84
uncertainty_gated_transfer,heldout_object,cable_threading,low_friction,0.544218,0.035901,0.090691,0.000787,0.554480,0.005643,0.070056,0.000922,0.273944,0.000701,0.086017,0.000587,7,84
uncertainty_gated_transfer,heldout_object,cable_threading,soft_compliance,0.568027,0.040000,0.097124,0.000816,0.557987,0.005613,0.071777,0.003003,0.277180,0.000992,0.088798,0.000607,7,84
uncertainty_gated_transfer,heldout_object,cable_threading,source_matched,0.551020,0.032088,0.081905,0.000807,0.565903,0.001181,0.061575,0.001222,0.267938,0.000954,0.084692,0.000600,7,84
uncertainty_gated_transfer,heldout_object,cable_threading,taxel_bias,0.523810,0.035277,0.108548,0.004107,0.546997,0.005664,0.076486,0.002394,0.276854,0.002149,0.088518,0.000486,7,84
uncertainty_gated_transfer,heldout_object,cable_threading,texture_aliasing,0.537415,0.060980,0.106737,0.000826,0.555283,0.004407,0.074874,0.001662,0.279411,0.001357,0.089077,0.002437,7,84
uncertainty_gated_transfer,heldout_object,cable_threading,transient_shear_spike,0.527211,0.037663,0.112328,0.000874,0.541558,0.004376,0.080712,0.001133,0.281579,0.001681,0.093293,0.000647,7,84
uncertainty_gated_transfer,heldout_object,cloth_edge_pull,compound_contact_shift,0.520408,0.040323,0.124736,0.000883,0.536770,0.005542,0.087879,0.001000,0.283506,0.003037,0.093736,0.002410,7,84
uncertainty_gated_transfer,heldout_object,cloth_edge_pull,low_friction,0.568027,0.019532,0.091286,0.000787,0.547465,0.004432,0.070224,0.000773,0.274068,0.000627,0.087305,0.000587,7,84
uncertainty_gated_transfer,heldout_object,cloth_edge_pull,soft_compliance,0.544218,0.047687,0.098259,0.000816,0.549210,0.006125,0.070120,0.002920,0.278520,0.000900,0.090459,0.000607,7,84
uncertainty_gated_transfer,heldout_object,cloth_edge_pull,source_matched,0.602041,0.038730,0.079430,0.003735,0.562002,0.001181,0.060996,0.001194,0.267811,0.000977,0.086152,0.000528,7,84
uncertainty_gated_transfer,heldout_object,cloth_edge_pull,taxel_bias,0.540816,0.024870,0.107067,0.004107,0.542015,0.005664,0.075233,0.002810,0.275717,0.002014,0.089520,0.000486,7,84
uncertainty_gated_transfer,heldout_object,cloth_edge_pull,texture_aliasing,0.561224,0.061403,0.108052,0.000826,0.546776,0.006113,0.075595,0.001491,0.276584,0.003520,0.088574,0.000613,7,84
uncertainty_gated_transfer,heldout_object,cloth_edge_pull,transient_shear_spike,0.542517,0.026874,0.114543,0.000874,0.536974,0.001282,0.082335,0.000946,0.277218,0.002257,0.093410,0.002415,7,84
uncertainty_gated_transfer,heldout_object,lid_twist_force_control,compound_contact_shift,0.569728,0.031564,0.124239,0.000960,0.498360,0.005951,0.085501,0.001301,0.280193,0.001028,0.093156,0.001893,7,84
uncertainty_gated_transfer,heldout_object,lid_twist_force_control,low_friction,0.612245,0.030490,0.097600,0.000864,0.521843,0.001267,0.068620,0.002317,0.273100,0.000970,0.085698,0.001917,7,84
uncertainty_gated_transfer,heldout_object,lid_twist_force_control,soft_compliance,0.632653,0.052281,0.096527,0.000893,0.514091,0.006032,0.071533,0.001736,0.271392,0.001424,0.090171,0.000660,7,84
uncertainty_gated_transfer,heldout_object,lid_twist_force_control,source_matched,0.630952,0.049628,0.075805,0.000883,0.521473,0.004371,0.062447,0.001539,0.267354,0.002452,0.082275,0.000653,7,84
uncertainty_gated_transfer,heldout_object,lid_twist_force_control,taxel_bias,0.568027,0.029123,0.109598,0.000845,0.515863,0.001239,0.076871,0.001142,0.274820,0.000899,0.088738,0.001922,7,84
uncertainty_gated_transfer,heldout_object,lid_twist_force_control,texture_aliasing,0.574830,0.022608,0.108211,0.003668,0.509350,0.001325,0.076898,0.000827,0.278925,0.000929,0.091876,0.000594,7,84
uncertainty_gated_transfer,heldout_object,lid_twist_force_control,transient_shear_spike,0.585034,0.038249,0.115585,0.003960,0.508590,0.005473,0.079019,0.003205,0.277340,0.002845,0.092746,0.000611,7,84
uncertainty_gated_transfer,heldout_object,peg_in_hole_contact_search,compound_contact_shift,0.554422,0.039063,0.126435,0.003609,0.507541,0.001455,0.087331,0.001249,0.280672,0.001181,0.095934,0.002387,7,84
uncertainty_gated_transfer,heldout_object,peg_in_hole_contact_search,low_friction,0.608844,0.051783,0.093491,0.000893,0.516422,0.001311,0.069893,0.003020,0.271449,0.001265,0.088708,0.000660,7,84
uncertainty_gated_transfer,heldout_object,peg_in_hole_contact_search,soft_compliance,0.617347,0.039581,0.096882,0.000922,0.525657,0.001354,0.067379,0.000859,0.272932,0.000649,0.089394,0.000680,7,84
uncertainty_gated_transfer,heldout_object,peg_in_hole_contact_search,source_matched,0.661565,0.027352,0.074672,0.000912,0.535952,0.001339,0.061721,0.002301,0.265932,0.000685,0.082760,0.002397,7,84
uncertainty_gated_transfer,heldout_object,peg_in_hole_contact_search,taxel_bias,0.605442,0.025166,0.104228,0.002910,0.516268,0.006055,0.072727,0.000975,0.278454,0.000772,0.089736,0.000604,7,84
uncertainty_gated_transfer,heldout_object,peg_in_hole_contact_search,texture_aliasing,0.561224,0.056339,0.103193,0.002887,0.512857,0.001368,0.076586,0.003759,0.275709,0.002551,0.091973,0.000644,7,84
uncertainty_gated_transfer,heldout_object,peg_in_hole_contact_search,transient_shear_spike,0.557823,0.024114,0.118007,0.000979,0.510393,0.001440,0.079035,0.001817,0.279329,0.002722,0.089963,0.000719,7,84
uncertainty_gated_transfer,heldout_object,slip_limited_grasp,compound_contact_shift,0.579932,0.025313,0.129913,0.000912,0.526035,0.005512,0.085145,0.001149,0.281565,0.000917,0.096499,0.000673,7,84
uncertainty_gated_transfer,heldout_object,slip_limited_grasp,low_friction,0.639456,0.050332,0.091680,0.003728,0.547563,0.001195,0.069242,0.001387,0.272154,0.000856,0.086774,0.000535,7,84
uncertainty_gated_transfer,heldout_object,slip_limited_grasp,soft_compliance,0.619048,0.037417,0.101288,0.000845,0.548116,0.005582,0.072217,0.001284,0.272585,0.000994,0.086026,0.000627,7,84
uncertainty_gated_transfer,heldout_object,slip_limited_grasp,source_matched,0.651361,0.034801,0.077006,0.004052,0.552729,0.001224,0.062981,0.000783,0.268992,0.000709,0.083682,0.002754,7,84
uncertainty_gated_transfer,heldout_object,slip_limited_grasp,taxel_bias,0.610544,0.069014,0.106847,0.000797,0.533474,0.001167,0.077253,0.001925,0.277998,0.001429,0.091997,0.002451,7,84
uncertainty_gated_transfer,heldout_object,slip_limited_grasp,texture_aliasing,0.600340,0.044638,0.104527,0.003701,0.535852,0.004388,0.073560,0.002124,0.277214,0.001351,0.092205,0.001926,7,84
uncertainty_gated_transfer,heldout_object,slip_limited_grasp,transient_shear_spike,0.602041,0.045216,0.117698,0.000903,0.530923,0.001325,0.078051,0.001444,0.278503,0.001107,0.091351,0.000666,7,84
