method,split,seed,n,stress,mismatch,action_criticality,clean_retention,success,utility,deploy_utility,harmful_transfer_rate,tactile_event_f1,damage_rate,query_cost,regret,calibration_ece,risk_score
action_critical_tactile_transfer_guard_v5,clean_transfer,0,80,0.06,0.121263,0.54851,0.827777,0.78294,0.703345,0.703345,0.025144,0.816977,0.032997,0.107465,0.035693,0.07332,0.037855
action_critical_tactile_transfer_guard_v5,clean_transfer,1,80,0.06,0.121263,0.54851,0.827777,0.78403,0.704828,0.704828,0.024413,0.817035,0.032678,0.107963,0.035732,0.073738,0.037564
action_critical_tactile_transfer_guard_v5,clean_transfer,2,80,0.06,0.121263,0.54851,0.827777,0.783722,0.704731,0.704731,0.023979,0.816454,0.032861,0.107744,0.035534,0.073403,0.037406
action_critical_tactile_transfer_guard_v5,clean_transfer,3,80,0.06,0.121263,0.54851,0.827777,0.783756,0.704947,0.704947,0.024459,0.817594,0.032442,0.107355,0.035484,0.073522,0.037427
action_critical_tactile_transfer_guard_v5,clean_transfer,4,80,0.06,0.121263,0.54851,0.827777,0.783436,0.704987,0.704987,0.023944,0.817452,0.032151,0.108079,0.035451,0.073006,0.037044
action_critical_tactile_transfer_guard_v5,clean_transfer,5,80,0.06,0.121263,0.54851,0.827777,0.783055,0.703518,0.703518,0.024902,0.81603,0.032849,0.107768,0.036133,0.072927,0.037689
action_critical_tactile_transfer_guard_v5,clean_transfer,6,80,0.06,0.121263,0.54851,0.827777,0.78456,0.705817,0.705817,0.023585,0.81817,0.032591,0.10782,0.035711,0.073869,0.037271
action_critical_tactile_transfer_guard_v5,clean_transfer,7,80,0.06,0.121263,0.54851,0.827777,0.784215,0.70487,0.70487,0.024482,0.817538,0.032928,0.108006,0.035537,0.073575,0.037633
action_critical_tactile_transfer_guard_v5,clean_transfer,8,80,0.06,0.121263,0.54851,0.827777,0.784388,0.70513,0.70513,0.024601,0.817366,0.032542,0.107926,0.035945,0.073837,0.037616
action_critical_tactile_transfer_guard_v5,clean_transfer,9,80,0.06,0.121263,0.54851,0.827777,0.783901,0.704231,0.704231,0.025,0.815961,0.033154,0.107633,0.035634,0.073366,0.037868
action_critical_tactile_transfer_guard_v5,combined_stress,0,80,0.88,0.362293,0.75471,0.795838,0.732794,0.616848,0.616848,0.043483,0.799696,0.041982,0.185004,0.046084,0.082196,0.050141
action_critical_tactile_transfer_guard_v5,combined_stress,1,80,0.88,0.362293,0.75471,0.795838,0.733604,0.618527,0.618527,0.042658,0.801172,0.04157,0.185173,0.045578,0.081635,0.049553
action_critical_tactile_transfer_guard_v5,combined_stress,2,80,0.88,0.362293,0.75471,0.795838,0.73351,0.618415,0.618415,0.042054,0.80117,0.041664,0.185618,0.045791,0.082079,0.049484
action_critical_tactile_transfer_guard_v5,combined_stress,3,80,0.88,0.362293,0.75471,0.795838,0.733208,0.617956,0.617956,0.042816,0.800737,0.041314,0.185236,0.046133,0.082489,0.049718
action_critical_tactile_transfer_guard_v5,combined_stress,4,80,0.88,0.362293,0.75471,0.795838,0.734659,0.618949,0.618949,0.043214,0.800702,0.041973,0.18505,0.045917,0.081665,0.049934
action_critical_tactile_transfer_guard_v5,combined_stress,5,80,0.88,0.362293,0.75471,0.795838,0.734103,0.61864,0.61864,0.043916,0.801243,0.041339,0.184683,0.045822,0.081806,0.049947
action_critical_tactile_transfer_guard_v5,combined_stress,6,80,0.88,0.362293,0.75471,0.795838,0.733461,0.618346,0.618346,0.04349,0.801304,0.041097,0.185079,0.045643,0.081748,0.049682
action_critical_tactile_transfer_guard_v5,combined_stress,7,80,0.88,0.362293,0.75471,0.795838,0.733037,0.61772,0.61772,0.042773,0.801255,0.041889,0.184695,0.045725,0.081723,0.049743
action_critical_tactile_transfer_guard_v5,combined_stress,8,80,0.88,0.362293,0.75471,0.795838,0.733326,0.618278,0.618278,0.042136,0.800833,0.041577,0.185239,0.045925,0.082261,0.049525
action_critical_tactile_transfer_guard_v5,combined_stress,9,80,0.88,0.362293,0.75471,0.795838,0.733423,0.618037,0.618037,0.043175,0.80045,0.041544,0.185011,0.045645,0.082549,0.04989
action_critical_tactile_transfer_guard_v5,friction_compliance_shift,0,80,0.58,0.26869,0.66551,0.807622,0.75047,0.648205,0.648205,0.035165,0.807548,0.039999,0.155723,0.041639,0.07715,0.045206
action_critical_tactile_transfer_guard_v5,friction_compliance_shift,1,80,0.58,0.26869,0.66551,0.807622,0.749658,0.647576,0.647576,0.034462,0.808845,0.040113,0.155454,0.041986,0.077131,0.045042
action_critical_tactile_transfer_guard_v5,friction_compliance_shift,2,80,0.58,0.26869,0.66551,0.807622,0.750347,0.648491,0.648491,0.034867,0.808172,0.03946,0.155909,0.041892,0.077165,0.044928
action_critical_tactile_transfer_guard_v5,friction_compliance_shift,3,80,0.58,0.26869,0.66551,0.807622,0.750403,0.648741,0.648741,0.033506,0.806846,0.040333,0.155312,0.041578,0.077197,0.044772
action_critical_tactile_transfer_guard_v5,friction_compliance_shift,4,80,0.58,0.26869,0.66551,0.807622,0.750701,0.648421,0.648421,0.034395,0.807928,0.040539,0.155245,0.041672,0.077624,0.045238
action_critical_tactile_transfer_guard_v5,friction_compliance_shift,5,80,0.58,0.26869,0.66551,0.807622,0.750584,0.649652,0.649652,0.034117,0.809387,0.038972,0.155644,0.041498,0.076829,0.044388
action_critical_tactile_transfer_guard_v5,friction_compliance_shift,6,80,0.58,0.26869,0.66551,0.807622,0.750135,0.648929,0.648929,0.033793,0.808192,0.039316,0.155898,0.041711,0.077168,0.044491
action_critical_tactile_transfer_guard_v5,friction_compliance_shift,7,80,0.58,0.26869,0.66551,0.807622,0.750724,0.650097,0.650097,0.033636,0.809453,0.038958,0.155719,0.041241,0.076725,0.044175
action_critical_tactile_transfer_guard_v5,friction_compliance_shift,8,80,0.58,0.26869,0.66551,0.807622,0.749479,0.648323,0.648323,0.033902,0.808046,0.039475,0.155759,0.041109,0.077217,0.044537
action_critical_tactile_transfer_guard_v5,friction_compliance_shift,9,80,0.58,0.26869,0.66551,0.807622,0.750031,0.648596,0.648596,0.033938,0.808464,0.039729,0.155477,0.041479,0.077383,0.044713
action_critical_tactile_transfer_guard_v5,heldout_geometry,0,80,0.48,0.23744,0.65071,0.811551,0.756348,0.661077,0.661077,0.03169,0.810247,0.036015,0.146599,0.040475,0.076301,0.042242
action_critical_tactile_transfer_guard_v5,heldout_geometry,1,80,0.48,0.23744,0.65071,0.811551,0.75717,0.661875,0.661875,0.031994,0.810904,0.036117,0.145958,0.040499,0.075842,0.042304
action_critical_tactile_transfer_guard_v5,heldout_geometry,2,80,0.48,0.23744,0.65071,0.811551,0.755958,0.660958,0.660958,0.031617,0.809716,0.035739,0.146526,0.040428,0.076273,0.042102
action_critical_tactile_transfer_guard_v5,heldout_geometry,3,80,0.48,0.23744,0.65071,0.811551,0.755867,0.660503,0.660503,0.032772,0.810103,0.035565,0.146093,0.040791,0.075866,0.042392
action_critical_tactile_transfer_guard_v5,heldout_geometry,4,80,0.48,0.23744,0.65071,0.811551,0.756046,0.6607,0.6607,0.032055,0.809835,0.036158,0.146111,0.040149,0.076433,0.042412
action_critical_tactile_transfer_guard_v5,heldout_geometry,5,80,0.48,0.23744,0.65071,0.811551,0.756212,0.660302,0.660302,0.032777,0.810755,0.036156,0.146815,0.040348,0.076629,0.042711
action_critical_tactile_transfer_guard_v5,heldout_geometry,6,80,0.48,0.23744,0.65071,0.811551,0.755761,0.660621,0.660621,0.032297,0.809391,0.035666,0.146131,0.040319,0.07635,0.042309
action_critical_tactile_transfer_guard_v5,heldout_geometry,7,80,0.48,0.23744,0.65071,0.811551,0.756525,0.661373,0.661373,0.032068,0.809091,0.035647,0.146115,0.04061,0.076688,0.042314
action_critical_tactile_transfer_guard_v5,heldout_geometry,8,80,0.48,0.23744,0.65071,0.811551,0.756124,0.661293,0.661293,0.030798,0.809794,0.036107,0.146404,0.040274,0.076302,0.041954
action_critical_tactile_transfer_guard_v5,heldout_geometry,9,80,0.48,0.23744,0.65071,0.811551,0.757771,0.66252,0.66252,0.03221,0.810921,0.035915,0.14606,0.040071,0.076862,0.042441
action_critical_tactile_transfer_guard_v5,heldout_material,0,80,0.38,0.24009,0.61631,0.814862,0.765001,0.669048,0.669048,0.031535,0.810468,0.039813,0.13774,0.040142,0.076276,0.043595
action_critical_tactile_transfer_guard_v5,heldout_material,1,80,0.38,0.24009,0.61631,0.814862,0.76368,0.667537,0.667537,0.03119,0.809309,0.040107,0.137729,0.040503,0.076382,0.043645
action_critical_tactile_transfer_guard_v5,heldout_material,2,80,0.38,0.24009,0.61631,0.814862,0.763848,0.667077,0.667077,0.031937,0.810812,0.040596,0.137759,0.040408,0.076003,0.044006
action_critical_tactile_transfer_guard_v5,heldout_material,3,80,0.38,0.24009,0.61631,0.814862,0.763003,0.66715,0.66715,0.031918,0.810182,0.039496,0.137523,0.04042,0.075613,0.043513
action_critical_tactile_transfer_guard_v5,heldout_material,4,80,0.38,0.24009,0.61631,0.814862,0.763951,0.66704,0.66704,0.032241,0.810221,0.040576,0.137783,0.04044,0.076027,0.04411
action_critical_tactile_transfer_guard_v5,heldout_material,5,80,0.38,0.24009,0.61631,0.814862,0.763944,0.668258,0.668258,0.031744,0.810452,0.03953,0.137576,0.039897,0.075954,0.043476
action_critical_tactile_transfer_guard_v5,heldout_material,6,80,0.38,0.24009,0.61631,0.814862,0.763548,0.667257,0.667257,0.031683,0.809006,0.040423,0.137462,0.039928,0.075851,0.043779
action_critical_tactile_transfer_guard_v5,heldout_material,7,80,0.38,0.24009,0.61631,0.814862,0.76419,0.668017,0.668017,0.031056,0.810472,0.040368,0.137723,0.040255,0.076209,0.043642
action_critical_tactile_transfer_guard_v5,heldout_material,8,80,0.38,0.24009,0.61631,0.814862,0.763827,0.667812,0.667812,0.031473,0.809418,0.039937,0.13771,0.040286,0.075919,0.043571
action_critical_tactile_transfer_guard_v5,heldout_material,9,80,0.38,0.24009,0.61631,0.814862,0.765185,0.669549,0.669549,0.031018,0.81026,0.040043,0.137341,0.039713,0.076026,0.043418
action_critical_tactile_transfer_guard_v5,heldout_object,0,80,0.28,0.171086,0.59871,0.819478,0.769965,0.68329,0.68329,0.027077,0.815045,0.034273,0.127667,0.037687,0.074844,0.039471
action_critical_tactile_transfer_guard_v5,heldout_object,1,80,0.28,0.171086,0.59871,0.819478,0.769477,0.682821,0.682821,0.02729,0.813192,0.034046,0.127905,0.037779,0.074607,0.039423
action_critical_tactile_transfer_guard_v5,heldout_object,2,80,0.28,0.171086,0.59871,0.819478,0.769098,0.681496,0.681496,0.027756,0.813696,0.035057,0.127872,0.037815,0.074476,0.039946
action_critical_tactile_transfer_guard_v5,heldout_object,3,80,0.28,0.171086,0.59871,0.819478,0.768837,0.681497,0.681497,0.027956,0.814706,0.034457,0.12809,0.037636,0.075321,0.03992
action_critical_tactile_transfer_guard_v5,heldout_object,4,80,0.28,0.171086,0.59871,0.819478,0.769588,0.682353,0.682353,0.028215,0.815761,0.034173,0.127519,0.038201,0.074767,0.039857
action_critical_tactile_transfer_guard_v5,heldout_object,5,80,0.28,0.171086,0.59871,0.819478,0.768712,0.681519,0.681519,0.027953,0.813886,0.034328,0.127412,0.038098,0.074912,0.039843
action_critical_tactile_transfer_guard_v5,heldout_object,6,80,0.28,0.171086,0.59871,0.819478,0.768505,0.680889,0.680889,0.028316,0.813962,0.034406,0.12788,0.03835,0.075063,0.040048
action_critical_tactile_transfer_guard_v5,heldout_object,7,80,0.28,0.171086,0.59871,0.819478,0.769726,0.683102,0.683102,0.027672,0.812969,0.0339,0.127647,0.037707,0.074482,0.039468
action_critical_tactile_transfer_guard_v5,heldout_object,8,80,0.28,0.171086,0.59871,0.819478,0.769649,0.682442,0.682442,0.027709,0.815049,0.034211,0.128062,0.038368,0.074753,0.039714
action_critical_tactile_transfer_guard_v5,heldout_object,9,80,0.28,0.171086,0.59871,0.819478,0.768476,0.681354,0.681354,0.027888,0.813408,0.034451,0.127374,0.037746,0.074808,0.039814
action_critical_tactile_transfer_guard_v5,latency_contact_shift,0,80,0.76,0.299191,0.70671,0.801019,0.739804,0.631738,0.631738,0.039496,0.803896,0.038636,0.173201,0.043598,0.080384,0.04694
action_critical_tactile_transfer_guard_v5,latency_contact_shift,1,80,0.76,0.299191,0.70671,0.801019,0.739942,0.632639,0.632639,0.038143,0.803714,0.038964,0.172201,0.043117,0.080196,0.046522
action_critical_tactile_transfer_guard_v5,latency_contact_shift,2,80,0.76,0.299191,0.70671,0.801019,0.739145,0.631237,0.631237,0.038961,0.803079,0.038945,0.172936,0.043467,0.080008,0.046794
action_critical_tactile_transfer_guard_v5,latency_contact_shift,3,80,0.76,0.299191,0.70671,0.801019,0.739498,0.631888,0.631888,0.038335,0.804267,0.038916,0.173094,0.043304,0.080191,0.046587
action_critical_tactile_transfer_guard_v5,latency_contact_shift,4,80,0.76,0.299191,0.70671,0.801019,0.738577,0.630457,0.630457,0.038823,0.804759,0.039179,0.172921,0.043886,0.079758,0.046833
action_critical_tactile_transfer_guard_v5,latency_contact_shift,5,80,0.76,0.299191,0.70671,0.801019,0.73812,0.630196,0.630196,0.038799,0.804675,0.039216,0.172637,0.043373,0.079876,0.046809
action_critical_tactile_transfer_guard_v5,latency_contact_shift,6,80,0.76,0.299191,0.70671,0.801019,0.738312,0.630017,0.630017,0.039139,0.803462,0.03934,0.173039,0.043393,0.080142,0.047021
action_critical_tactile_transfer_guard_v5,latency_contact_shift,7,80,0.76,0.299191,0.70671,0.801019,0.73865,0.630344,0.630344,0.039281,0.804413,0.038941,0.173114,0.043904,0.080652,0.047061
action_critical_tactile_transfer_guard_v5,latency_contact_shift,8,80,0.76,0.299191,0.70671,0.801019,0.739627,0.631925,0.631925,0.038605,0.80434,0.039,0.173053,0.043074,0.080118,0.046675
action_critical_tactile_transfer_guard_v5,latency_contact_shift,9,80,0.76,0.299191,0.70671,0.801019,0.739304,0.630889,0.630889,0.039587,0.804567,0.038992,0.173113,0.043781,0.080443,0.047134
action_critical_tactile_transfer_guard_v5,sensor_bias_shift,0,80,0.68,0.275466,0.68031,0.804139,0.74654,0.642138,0.642138,0.03664,0.807982,0.037541,0.16696,0.042661,0.081261,0.045616
action_critical_tactile_transfer_guard_v5,sensor_bias_shift,1,80,0.68,0.275466,0.68031,0.804139,0.746472,0.642453,0.642453,0.036729,0.80792,0.037154,0.166289,0.042745,0.081125,0.045484
action_critical_tactile_transfer_guard_v5,sensor_bias_shift,2,80,0.68,0.275466,0.68031,0.804139,0.746056,0.642326,0.642326,0.03588,0.80784,0.037422,0.166577,0.042286,0.080937,0.045217
action_critical_tactile_transfer_guard_v5,sensor_bias_shift,3,80,0.68,0.275466,0.68031,0.804139,0.746595,0.642495,0.642495,0.036926,0.80731,0.037067,0.16658,0.042942,0.08054,0.045432
action_critical_tactile_transfer_guard_v5,sensor_bias_shift,4,80,0.68,0.275466,0.68031,0.804139,0.745173,0.640468,0.640468,0.037286,0.808589,0.037802,0.166531,0.042534,0.080874,0.045853
action_critical_tactile_transfer_guard_v5,sensor_bias_shift,5,80,0.68,0.275466,0.68031,0.804139,0.745794,0.641768,0.641768,0.036423,0.806905,0.037508,0.166002,0.042794,0.080545,0.045414
action_critical_tactile_transfer_guard_v5,sensor_bias_shift,6,80,0.68,0.275466,0.68031,0.804139,0.746639,0.642632,0.642632,0.036729,0.807541,0.037253,0.166399,0.042626,0.08054,0.045404
action_critical_tactile_transfer_guard_v5,sensor_bias_shift,7,80,0.68,0.275466,0.68031,0.804139,0.74579,0.641721,0.641721,0.036749,0.806949,0.037482,0.166185,0.042158,0.081195,0.045569
action_critical_tactile_transfer_guard_v5,sensor_bias_shift,8,80,0.68,0.275466,0.68031,0.804139,0.747138,0.642789,0.642789,0.03658,0.807439,0.037921,0.166319,0.04231,0.080809,0.045624
action_critical_tactile_transfer_guard_v5,sensor_bias_shift,9,80,0.68,0.275466,0.68031,0.804139,0.744596,0.639736,0.639736,0.037282,0.807323,0.037898,0.166328,0.042796,0.081267,0.045985
conformal_tactile_risk_control,clean_transfer,0,80,0.06,0.121263,0.54851,0.621943,0.668621,0.564229,0.564229,0.038105,0.61609,0.036281,0.164432,0.042403,0.088778,0.046963
conformal_tactile_risk_control,clean_transfer,1,80,0.06,0.121263,0.54851,0.621943,0.668517,0.563723,0.563723,0.037648,0.616615,0.036869,0.164489,0.042837,0.088956,0.047106
conformal_tactile_risk_control,clean_transfer,2,80,0.06,0.121263,0.54851,0.621943,0.668543,0.56344,0.56344,0.038471,0.616379,0.036977,0.164049,0.042721,0.08889,0.047403
conformal_tactile_risk_control,clean_transfer,3,80,0.06,0.121263,0.54851,0.621943,0.669203,0.564126,0.564126,0.037905,0.616198,0.037011,0.164615,0.042928,0.088993,0.047263
conformal_tactile_risk_control,clean_transfer,4,80,0.06,0.121263,0.54851,0.621943,0.669551,0.564486,0.564486,0.038318,0.61546,0.036909,0.164043,0.043114,0.088526,0.0473
conformal_tactile_risk_control,clean_transfer,5,80,0.06,0.121263,0.54851,0.621943,0.669194,0.564434,0.564434,0.038032,0.615762,0.036735,0.164471,0.04269,0.088481,0.047086
conformal_tactile_risk_control,clean_transfer,6,80,0.06,0.121263,0.54851,0.621943,0.668155,0.563749,0.563749,0.037902,0.615595,0.036318,0.164457,0.042577,0.088915,0.04695
conformal_tactile_risk_control,clean_transfer,7,80,0.06,0.121263,0.54851,0.621943,0.668449,0.563576,0.563576,0.03831,0.616199,0.036862,0.164006,0.042733,0.08833,0.047206
conformal_tactile_risk_control,clean_transfer,8,80,0.06,0.121263,0.54851,0.621943,0.668629,0.564159,0.564159,0.037756,0.615554,0.036508,0.164181,0.04277,0.088814,0.046974
conformal_tactile_risk_control,clean_transfer,9,80,0.06,0.121263,0.54851,0.621943,0.669049,0.564147,0.564147,0.038403,0.61579,0.036259,0.164651,0.043301,0.089246,0.04723
conformal_tactile_risk_control,combined_stress,0,80,0.88,0.362293,0.75471,0.578455,0.598252,0.428155,0.428155,0.081388,0.591946,0.053006,0.279788,0.063147,0.104062,0.07286
conformal_tactile_risk_control,combined_stress,1,80,0.88,0.362293,0.75471,0.578455,0.596815,0.426762,0.426762,0.081954,0.591583,0.052639,0.279461,0.063332,0.10394,0.07291
conformal_tactile_risk_control,combined_stress,2,80,0.88,0.362293,0.75471,0.578455,0.597884,0.427572,0.427572,0.081933,0.592459,0.052992,0.279037,0.063519,0.104277,0.073116
conformal_tactile_risk_control,combined_stress,3,80,0.88,0.362293,0.75471,0.578455,0.597347,0.427262,0.427262,0.082422,0.593136,0.052214,0.279617,0.06339,0.104633,0.073038
conformal_tactile_risk_control,combined_stress,4,80,0.88,0.362293,0.75471,0.578455,0.597132,0.426491,0.426491,0.08304,0.592175,0.052555,0.279691,0.063501,0.104419,0.07335
conformal_tactile_risk_control,combined_stress,5,80,0.88,0.362293,0.75471,0.578455,0.59699,0.426471,0.426471,0.082862,0.592189,0.052442,0.279665,0.063609,0.104519,0.073275
conformal_tactile_risk_control,combined_stress,6,80,0.88,0.362293,0.75471,0.578455,0.596516,0.426056,0.426056,0.083233,0.59338,0.05226,0.278882,0.06375,0.104819,0.0734
conformal_tactile_risk_control,combined_stress,7,80,0.88,0.362293,0.75471,0.578455,0.597641,0.426679,0.426679,0.082821,0.593152,0.053099,0.279543,0.063609,0.104549,0.073516
conformal_tactile_risk_control,combined_stress,8,80,0.88,0.362293,0.75471,0.578455,0.598152,0.427296,0.427296,0.082922,0.592073,0.052923,0.279579,0.063645,0.104198,0.073425
conformal_tactile_risk_control,combined_stress,9,80,0.88,0.362293,0.75471,0.578455,0.5973,0.427262,0.427262,0.081721,0.592243,0.052485,0.279432,0.063617,0.104932,0.072979
conformal_tactile_risk_control,friction_compliance_shift,0,80,0.58,0.26869,0.66551,0.594746,0.622737,0.479592,0.479592,0.060492,0.603326,0.047762,0.234782,0.054443,0.095886,0.061421
conformal_tactile_risk_control,friction_compliance_shift,1,80,0.58,0.26869,0.66551,0.594746,0.62271,0.478515,0.478515,0.061558,0.602851,0.048095,0.235453,0.054835,0.096301,0.062023
conformal_tactile_risk_control,friction_compliance_shift,2,80,0.58,0.26869,0.66551,0.594746,0.623869,0.479756,0.479756,0.061742,0.603889,0.047914,0.234781,0.055213,0.096274,0.06205
conformal_tactile_risk_control,friction_compliance_shift,3,80,0.58,0.26869,0.66551,0.594746,0.622468,0.478343,0.478343,0.06135,0.603032,0.048329,0.235039,0.054816,0.095869,0.061962
conformal_tactile_risk_control,friction_compliance_shift,4,80,0.58,0.26869,0.66551,0.594746,0.623121,0.478556,0.478556,0.061356,0.603792,0.049047,0.23482,0.054555,0.09618,0.062267
conformal_tactile_risk_control,friction_compliance_shift,5,80,0.58,0.26869,0.66551,0.594746,0.621758,0.47791,0.47791,0.061077,0.603404,0.048168,0.234938,0.054622,0.096277,0.061862
conformal_tactile_risk_control,friction_compliance_shift,6,80,0.58,0.26869,0.66551,0.594746,0.623327,0.47988,0.47988,0.060207,0.602997,0.048193,0.234797,0.054568,0.096447,0.061601
conformal_tactile_risk_control,friction_compliance_shift,7,80,0.58,0.26869,0.66551,0.594746,0.623534,0.479288,0.479288,0.061698,0.603751,0.047913,0.234813,0.055556,0.096571,0.062123
conformal_tactile_risk_control,friction_compliance_shift,8,80,0.58,0.26869,0.66551,0.594746,0.622816,0.479267,0.479267,0.060616,0.602441,0.048122,0.234923,0.054403,0.09641,0.06169
conformal_tactile_risk_control,friction_compliance_shift,9,80,0.58,0.26869,0.66551,0.594746,0.623889,0.480109,0.480109,0.06081,0.602871,0.048329,0.234518,0.054806,0.096009,0.061803
conformal_tactile_risk_control,heldout_geometry,0,80,0.48,0.23744,0.65071,0.60018,0.632072,0.49882,0.49882,0.05559,0.607229,0.042691,0.221065,0.052198,0.094231,0.057305
conformal_tactile_risk_control,heldout_geometry,1,80,0.48,0.23744,0.65071,0.60018,0.632361,0.499008,0.499008,0.05612,0.606572,0.042709,0.220856,0.051862,0.094252,0.057462
conformal_tactile_risk_control,heldout_geometry,2,80,0.48,0.23744,0.65071,0.60018,0.632854,0.499826,0.499826,0.055823,0.606616,0.042175,0.221043,0.052226,0.09463,0.057262
conformal_tactile_risk_control,heldout_geometry,3,80,0.48,0.23744,0.65071,0.60018,0.631906,0.498985,0.498985,0.05578,0.605685,0.042252,0.220857,0.052061,0.094211,0.057185
conformal_tactile_risk_control,heldout_geometry,4,80,0.48,0.23744,0.65071,0.60018,0.632661,0.49966,0.49966,0.056199,0.606109,0.042091,0.220726,0.052393,0.093653,0.057199
conformal_tactile_risk_control,heldout_geometry,5,80,0.48,0.23744,0.65071,0.60018,0.632283,0.499607,0.499607,0.055745,0.606214,0.04183,0.221066,0.052223,0.094096,0.057008
conformal_tactile_risk_control,heldout_geometry,6,80,0.48,0.23744,0.65071,0.60018,0.632588,0.500169,0.500169,0.05529,0.606826,0.041837,0.221345,0.051783,0.094279,0.056845
conformal_tactile_risk_control,heldout_geometry,7,80,0.48,0.23744,0.65071,0.60018,0.632209,0.499441,0.499441,0.05622,0.605782,0.041912,0.220598,0.052003,0.094012,0.057164
conformal_tactile_risk_control,heldout_geometry,8,80,0.48,0.23744,0.65071,0.60018,0.633225,0.499954,0.499954,0.055976,0.604778,0.042539,0.220821,0.052177,0.094386,0.057404
conformal_tactile_risk_control,heldout_geometry,9,80,0.48,0.23744,0.65071,0.60018,0.633494,0.500647,0.500647,0.055947,0.60572,0.042028,0.221186,0.052088,0.093672,0.057062
conformal_tactile_risk_control,heldout_material,0,80,0.38,0.24009,0.61631,0.603234,0.639899,0.505421,0.505421,0.055218,0.60602,0.048669,0.208221,0.051594,0.09413,0.059371
conformal_tactile_risk_control,heldout_material,1,80,0.38,0.24009,0.61631,0.603234,0.639717,0.50502,0.50502,0.055366,0.606963,0.048631,0.208351,0.052278,0.093572,0.059375
conformal_tactile_risk_control,heldout_material,2,80,0.38,0.24009,0.61631,0.603234,0.641314,0.506927,0.506927,0.055582,0.605827,0.048214,0.208165,0.051732,0.094552,0.059412
conformal_tactile_risk_control,heldout_material,3,80,0.38,0.24009,0.61631,0.603234,0.640582,0.506238,0.506238,0.055476,0.606879,0.048158,0.208095,0.052104,0.094069,0.059305
conformal_tactile_risk_control,heldout_material,4,80,0.38,0.24009,0.61631,0.603234,0.63878,0.504475,0.504475,0.05532,0.606205,0.048019,0.208499,0.052109,0.094443,0.059266
conformal_tactile_risk_control,heldout_material,5,80,0.38,0.24009,0.61631,0.603234,0.640653,0.506499,0.506499,0.054736,0.60615,0.048656,0.207757,0.051568,0.094237,0.059219
conformal_tactile_risk_control,heldout_material,6,80,0.38,0.24009,0.61631,0.603234,0.640209,0.505984,0.505984,0.055689,0.605289,0.047916,0.208212,0.051895,0.094112,0.059272
conformal_tactile_risk_control,heldout_material,7,80,0.38,0.24009,0.61631,0.603234,0.639283,0.504908,0.504908,0.055124,0.606733,0.048568,0.208059,0.051838,0.093894,0.059283
conformal_tactile_risk_control,heldout_material,8,80,0.38,0.24009,0.61631,0.603234,0.639334,0.504457,0.504457,0.055665,0.606324,0.048783,0.20791,0.052034,0.094477,0.059673
conformal_tactile_risk_control,heldout_material,9,80,0.38,0.24009,0.61631,0.603234,0.638967,0.504946,0.504946,0.05478,0.606617,0.048301,0.208246,0.051701,0.093911,0.059053
conformal_tactile_risk_control,heldout_object,0,80,0.28,0.171086,0.59871,0.611318,0.650614,0.53271,0.53271,0.045189,0.611776,0.039251,0.193735,0.046742,0.091198,0.051369
conformal_tactile_risk_control,heldout_object,1,80,0.28,0.171086,0.59871,0.611318,0.650285,0.532287,0.532287,0.045262,0.612229,0.039003,0.194171,0.04705,0.091617,0.051406
conformal_tactile_risk_control,heldout_object,2,80,0.28,0.171086,0.59871,0.611318,0.650162,0.531791,0.531791,0.045704,0.611919,0.039463,0.193662,0.046953,0.091433,0.051689
conformal_tactile_risk_control,heldout_object,3,80,0.28,0.171086,0.59871,0.611318,0.65074,0.531912,0.531912,0.045906,0.611366,0.039982,0.193834,0.046846,0.091245,0.05191
conformal_tactile_risk_control,heldout_object,4,80,0.28,0.171086,0.59871,0.611318,0.650399,0.531358,0.531358,0.046544,0.611218,0.039831,0.193567,0.047012,0.0916,0.05215
conformal_tactile_risk_control,heldout_object,5,80,0.28,0.171086,0.59871,0.611318,0.649905,0.531448,0.531448,0.045176,0.611198,0.039694,0.194085,0.047018,0.091749,0.05166
conformal_tactile_risk_control,heldout_object,6,80,0.28,0.171086,0.59871,0.611318,0.650076,0.531341,0.531341,0.046111,0.611738,0.039775,0.193758,0.046818,0.091199,0.05189
conformal_tactile_risk_control,heldout_object,7,80,0.28,0.171086,0.59871,0.611318,0.650594,0.532426,0.532426,0.045355,0.61229,0.0395,0.194019,0.046573,0.091172,0.051499
conformal_tactile_risk_control,heldout_object,8,80,0.28,0.171086,0.59871,0.611318,0.650151,0.531128,0.531128,0.046136,0.611535,0.040014,0.193627,0.04705,0.09164,0.052092
conformal_tactile_risk_control,heldout_object,9,80,0.28,0.171086,0.59871,0.611318,0.649891,0.531519,0.531519,0.045558,0.610572,0.039457,0.193872,0.047136,0.091147,0.051603
conformal_tactile_risk_control,latency_contact_shift,0,80,0.76,0.299191,0.70671,0.586773,0.608476,0.452734,0.452734,0.072328,0.596963,0.047008,0.261499,0.058729,0.100715,0.066456
conformal_tactile_risk_control,latency_contact_shift,1,80,0.76,0.299191,0.70671,0.586773,0.609131,0.452911,0.452911,0.072469,0.596928,0.047376,0.261434,0.059066,0.101117,0.06675
conformal_tactile_risk_control,latency_contact_shift,2,80,0.76,0.299191,0.70671,0.586773,0.609181,0.453525,0.453525,0.071632,0.595843,0.047174,0.26186,0.058832,0.100645,0.06628
conformal_tactile_risk_control,latency_contact_shift,3,80,0.76,0.299191,0.70671,0.586773,0.608297,0.452491,0.452491,0.072146,0.596329,0.047307,0.261007,0.058896,0.100536,0.066493
conformal_tactile_risk_control,latency_contact_shift,4,80,0.76,0.299191,0.70671,0.586773,0.607818,0.452916,0.452916,0.071147,0.597668,0.046822,0.261616,0.058337,0.100119,0.065838
conformal_tactile_risk_control,latency_contact_shift,5,80,0.76,0.299191,0.70671,0.586773,0.608816,0.453279,0.453279,0.071235,0.597652,0.047293,0.261481,0.059022,0.100601,0.066202
conformal_tactile_risk_control,latency_contact_shift,6,80,0.76,0.299191,0.70671,0.586773,0.608756,0.453746,0.453746,0.071134,0.596801,0.046796,0.262275,0.058116,0.100615,0.06589
conformal_tactile_risk_control,latency_contact_shift,7,80,0.76,0.299191,0.70671,0.586773,0.607514,0.451926,0.451926,0.071749,0.596757,0.047239,0.26147,0.058514,0.1008,0.066341
conformal_tactile_risk_control,latency_contact_shift,8,80,0.76,0.299191,0.70671,0.586773,0.607519,0.452397,0.452397,0.071667,0.597685,0.046703,0.261292,0.058663,0.100459,0.066063
conformal_tactile_risk_control,latency_contact_shift,9,80,0.76,0.299191,0.70671,0.586773,0.60764,0.452276,0.452276,0.071237,0.597906,0.047147,0.261743,0.058446,0.101099,0.066179
conformal_tactile_risk_control,sensor_bias_shift,0,80,0.68,0.275466,0.68031,0.59103,0.616206,0.466395,0.466395,0.067138,0.60225,0.045289,0.253086,0.056883,0.101699,0.064031
conformal_tactile_risk_control,sensor_bias_shift,1,80,0.68,0.275466,0.68031,0.59103,0.615108,0.465307,0.465307,0.06744,0.602429,0.045179,0.252845,0.056668,0.102178,0.064157
conformal_tactile_risk_control,sensor_bias_shift,2,80,0.68,0.275466,0.68031,0.59103,0.616036,0.46593,0.46593,0.067587,0.602324,0.045418,0.252583,0.056957,0.102407,0.064367
conformal_tactile_risk_control,sensor_bias_shift,3,80,0.68,0.275466,0.68031,0.59103,0.614589,0.464036,0.464036,0.067562,0.600699,0.046181,0.25291,0.056632,0.10178,0.064504
conformal_tactile_risk_control,sensor_bias_shift,4,80,0.68,0.275466,0.68031,0.59103,0.614711,0.46459,0.46459,0.067892,0.601491,0.045358,0.253,0.056724,0.101604,0.064281
conformal_tactile_risk_control,sensor_bias_shift,5,80,0.68,0.275466,0.68031,0.59103,0.615527,0.46531,0.46531,0.068211,0.601384,0.045338,0.252822,0.05697,0.101011,0.064299
conformal_tactile_risk_control,sensor_bias_shift,6,80,0.68,0.275466,0.68031,0.59103,0.616596,0.467312,0.467312,0.067392,0.601975,0.044739,0.252707,0.056384,0.101774,0.063872
conformal_tactile_risk_control,sensor_bias_shift,7,80,0.68,0.275466,0.68031,0.59103,0.616448,0.466108,0.466108,0.067735,0.602508,0.045591,0.25294,0.057156,0.101545,0.064348
conformal_tactile_risk_control,sensor_bias_shift,8,80,0.68,0.275466,0.68031,0.59103,0.615601,0.465486,0.465486,0.067442,0.601231,0.045835,0.252656,0.056588,0.101303,0.064241
conformal_tactile_risk_control,sensor_bias_shift,9,80,0.68,0.275466,0.68031,0.59103,0.61573,0.465194,0.465194,0.067852,0.601189,0.045979,0.252674,0.056972,0.101325,0.064477
contrastive_tactile_pretraining,clean_transfer,0,80,0.06,0.121263,0.54851,0.832569,0.735795,0.630305,0.630305,0.055737,0.603548,0.047773,0.069127,0.045877,0.126404,0.064445
contrastive_tactile_pretraining,clean_transfer,1,80,0.06,0.121263,0.54851,0.832569,0.736013,0.631743,0.631743,0.054052,0.603016,0.047405,0.069095,0.04549,0.125909,0.063604
contrastive_tactile_pretraining,clean_transfer,2,80,0.06,0.121263,0.54851,0.832569,0.73614,0.630786,0.630786,0.055725,0.604437,0.047608,0.069282,0.045985,0.125761,0.064273
contrastive_tactile_pretraining,clean_transfer,3,80,0.06,0.121263,0.54851,0.832569,0.736322,0.630811,0.630811,0.055714,0.603416,0.047651,0.069313,0.046246,0.12608,0.064369
contrastive_tactile_pretraining,clean_transfer,4,80,0.06,0.121263,0.54851,0.832569,0.736709,0.63148,0.63148,0.055121,0.60405,0.047785,0.069496,0.045834,0.125897,0.064144
contrastive_tactile_pretraining,clean_transfer,5,80,0.06,0.121263,0.54851,0.832569,0.736098,0.630609,0.630609,0.055917,0.603471,0.047396,0.069206,0.046454,0.126352,0.064411
contrastive_tactile_pretraining,clean_transfer,6,80,0.06,0.121263,0.54851,0.832569,0.736435,0.630978,0.630978,0.05501,0.603,0.048039,0.069349,0.045897,0.126746,0.064362
contrastive_tactile_pretraining,clean_transfer,7,80,0.06,0.121263,0.54851,0.832569,0.735737,0.630664,0.630664,0.055354,0.602741,0.047476,0.069569,0.045458,0.126499,0.064177
contrastive_tactile_pretraining,clean_transfer,8,80,0.06,0.121263,0.54851,0.832569,0.736277,0.631217,0.631217,0.055501,0.603343,0.047089,0.069173,0.046266,0.126793,0.064213
contrastive_tactile_pretraining,clean_transfer,9,80,0.06,0.121263,0.54851,0.832569,0.73577,0.630234,0.630234,0.055347,0.602823,0.048075,0.06936,0.045762,0.126255,0.064389
contrastive_tactile_pretraining,combined_stress,0,80,0.88,0.362293,0.75471,0.799988,0.655397,0.473347,0.473347,0.118999,0.580086,0.081116,0.122685,0.071515,0.154996,0.106335
contrastive_tactile_pretraining,combined_stress,1,80,0.88,0.362293,0.75471,0.799988,0.654872,0.47225,0.47225,0.119595,0.579057,0.081594,0.122804,0.071516,0.154353,0.106603
contrastive_tactile_pretraining,combined_stress,2,80,0.88,0.362293,0.75471,0.799988,0.654757,0.471853,0.471853,0.119555,0.579401,0.081861,0.12206,0.072122,0.154952,0.106859
contrastive_tactile_pretraining,combined_stress,3,80,0.88,0.362293,0.75471,0.799988,0.654593,0.47208,0.47208,0.119328,0.579394,0.081625,0.12252,0.071555,0.154674,0.106586
contrastive_tactile_pretraining,combined_stress,4,80,0.88,0.362293,0.75471,0.799988,0.655015,0.472533,0.472533,0.119867,0.579089,0.081158,0.12213,0.071866,0.155156,0.10671
contrastive_tactile_pretraining,combined_stress,5,80,0.88,0.362293,0.75471,0.799988,0.654594,0.472099,0.472099,0.119458,0.579733,0.08177,0.122363,0.071085,0.154687,0.10664
contrastive_tactile_pretraining,combined_stress,6,80,0.88,0.362293,0.75471,0.799988,0.654729,0.472142,0.472142,0.119346,0.579234,0.081644,0.122702,0.071696,0.154397,0.106563
contrastive_tactile_pretraining,combined_stress,7,80,0.88,0.362293,0.75471,0.799988,0.654012,0.471921,0.471921,0.11925,0.578926,0.080978,0.122572,0.071846,0.154572,0.106324
contrastive_tactile_pretraining,combined_stress,8,80,0.88,0.362293,0.75471,0.799988,0.654199,0.470949,0.470949,0.119877,0.578477,0.082186,0.122438,0.071801,0.154795,0.107032
contrastive_tactile_pretraining,combined_stress,9,80,0.88,0.362293,0.75471,0.799988,0.654417,0.471807,0.471807,0.119364,0.579975,0.081658,0.122397,0.07169,0.15501,0.106685
contrastive_tactile_pretraining,friction_compliance_shift,0,80,0.58,0.26869,0.66551,0.812486,0.684361,0.531904,0.531904,0.090746,0.589532,0.072524,0.100152,0.06034,0.138435,0.089365
contrastive_tactile_pretraining,friction_compliance_shift,1,80,0.58,0.26869,0.66551,0.812486,0.685649,0.533181,0.533181,0.090059,0.58931,0.072864,0.100147,0.060707,0.138032,0.089225
contrastive_tactile_pretraining,friction_compliance_shift,2,80,0.58,0.26869,0.66551,0.812486,0.685454,0.532983,0.532983,0.090143,0.589427,0.072886,0.1003,0.06049,0.137903,0.089217
contrastive_tactile_pretraining,friction_compliance_shift,3,80,0.58,0.26869,0.66551,0.812486,0.685362,0.533578,0.533578,0.089436,0.588748,0.072329,0.100104,0.060593,0.138345,0.088855
contrastive_tactile_pretraining,friction_compliance_shift,4,80,0.58,0.26869,0.66551,0.812486,0.685971,0.533367,0.533367,0.089932,0.590348,0.072934,0.100242,0.06088,0.138575,0.089323
contrastive_tactile_pretraining,friction_compliance_shift,5,80,0.58,0.26869,0.66551,0.812486,0.685872,0.533105,0.533105,0.090221,0.590869,0.072894,0.10035,0.061192,0.138071,0.089347
contrastive_tactile_pretraining,friction_compliance_shift,6,80,0.58,0.26869,0.66551,0.812486,0.684361,0.531388,0.531388,0.09046,0.589577,0.07306,0.100647,0.060832,0.138271,0.089491
contrastive_tactile_pretraining,friction_compliance_shift,7,80,0.58,0.26869,0.66551,0.812486,0.684226,0.531657,0.531657,0.089427,0.590787,0.073007,0.100545,0.061042,0.138735,0.089224
contrastive_tactile_pretraining,friction_compliance_shift,8,80,0.58,0.26869,0.66551,0.812486,0.685267,0.533177,0.533177,0.09016,0.590446,0.072608,0.099923,0.060193,0.137859,0.089079
contrastive_tactile_pretraining,friction_compliance_shift,9,80,0.58,0.26869,0.66551,0.812486,0.684636,0.532747,0.532747,0.089818,0.590044,0.07232,0.100261,0.060455,0.13792,0.088891
contrastive_tactile_pretraining,heldout_geometry,0,80,0.48,0.23744,0.65071,0.816657,0.695896,0.559147,0.559147,0.082558,0.591502,0.059835,0.093718,0.05784,0.134944,0.080881
contrastive_tactile_pretraining,heldout_geometry,1,80,0.48,0.23744,0.65071,0.816657,0.695423,0.558499,0.558499,0.082726,0.593323,0.060203,0.093814,0.057303,0.134758,0.080991
contrastive_tactile_pretraining,heldout_geometry,2,80,0.48,0.23744,0.65071,0.816657,0.696141,0.559839,0.559839,0.081781,0.591204,0.059799,0.09367,0.057699,0.134826,0.080568
contrastive_tactile_pretraining,heldout_geometry,3,80,0.48,0.23744,0.65071,0.816657,0.695172,0.558956,0.558956,0.082272,0.592847,0.059664,0.093537,0.057287,0.134439,0.080572
contrastive_tactile_pretraining,heldout_geometry,4,80,0.48,0.23744,0.65071,0.816657,0.695508,0.559231,0.559231,0.082457,0.592621,0.059576,0.093492,0.057483,0.13435,0.080606
contrastive_tactile_pretraining,heldout_geometry,5,80,0.48,0.23744,0.65071,0.816657,0.69795,0.561392,0.561392,0.082166,0.593257,0.060034,0.093522,0.057493,0.134874,0.080776
contrastive_tactile_pretraining,heldout_geometry,6,80,0.48,0.23744,0.65071,0.816657,0.69465,0.557465,0.557465,0.082679,0.591869,0.060656,0.093476,0.05751,0.134389,0.081101
contrastive_tactile_pretraining,heldout_geometry,7,80,0.48,0.23744,0.65071,0.816657,0.695398,0.559086,0.559086,0.082442,0.59326,0.059502,0.093777,0.057455,0.134704,0.080633
contrastive_tactile_pretraining,heldout_geometry,8,80,0.48,0.23744,0.65071,0.816657,0.696134,0.559703,0.559703,0.082526,0.592555,0.059642,0.09369,0.05744,0.134721,0.080717
contrastive_tactile_pretraining,heldout_geometry,9,80,0.48,0.23744,0.65071,0.816657,0.696329,0.560001,0.560001,0.082047,0.592732,0.059775,0.093353,0.057608,0.135016,0.080674
contrastive_tactile_pretraining,heldout_material,0,80,0.38,0.24009,0.61631,0.817214,0.702491,0.557626,0.557626,0.081539,0.592736,0.073503,0.088306,0.056844,0.134692,0.085583
contrastive_tactile_pretraining,heldout_material,1,80,0.38,0.24009,0.61631,0.817214,0.701968,0.556698,0.556698,0.081156,0.592577,0.074158,0.088273,0.057062,0.134943,0.085769
contrastive_tactile_pretraining,heldout_material,2,80,0.38,0.24009,0.61631,0.817214,0.702185,0.556804,0.556804,0.081995,0.592544,0.073691,0.088318,0.057369,0.134701,0.085864
contrastive_tactile_pretraining,heldout_material,3,80,0.38,0.24009,0.61631,0.817214,0.702756,0.558344,0.558344,0.080995,0.592359,0.07331,0.088038,0.056979,0.134275,0.085263
contrastive_tactile_pretraining,heldout_material,4,80,0.38,0.24009,0.61631,0.817214,0.701741,0.55596,0.55596,0.08191,0.592287,0.074146,0.088122,0.057749,0.134887,0.086079
contrastive_tactile_pretraining,heldout_material,5,80,0.38,0.24009,0.61631,0.817214,0.703732,0.559097,0.559097,0.081087,0.593061,0.073251,0.088628,0.057271,0.134303,0.085306
contrastive_tactile_pretraining,heldout_material,6,80,0.38,0.24009,0.61631,0.817214,0.701466,0.55637,0.55637,0.081064,0.594397,0.07401,0.08799,0.057366,0.134454,0.085624
contrastive_tactile_pretraining,heldout_material,7,80,0.38,0.24009,0.61631,0.817214,0.702467,0.557326,0.557326,0.08134,0.592654,0.073798,0.088068,0.057601,0.134336,0.085639
contrastive_tactile_pretraining,heldout_material,8,80,0.38,0.24009,0.61631,0.817214,0.701841,0.557438,0.557438,0.08093,0.591034,0.073273,0.087835,0.057292,0.134211,0.085247
contrastive_tactile_pretraining,heldout_material,9,80,0.38,0.24009,0.61631,0.817214,0.702731,0.557361,0.557361,0.082412,0.594057,0.073498,0.087892,0.057557,0.134513,0.085917
contrastive_tactile_pretraining,heldout_object,0,80,0.28,0.171086,0.59871,0.82541,0.715923,0.595778,0.595778,0.066943,0.597491,0.053894,0.082478,0.051051,0.130476,0.071831
contrastive_tactile_pretraining,heldout_object,1,80,0.28,0.171086,0.59871,0.82541,0.714695,0.594298,0.594298,0.067,0.599154,0.054157,0.08217,0.051186,0.130945,0.072049
contrastive_tactile_pretraining,heldout_object,2,80,0.28,0.171086,0.59871,0.82541,0.715434,0.594612,0.594612,0.067457,0.597102,0.054757,0.081815,0.050877,0.130546,0.072329
contrastive_tactile_pretraining,heldout_object,3,80,0.28,0.171086,0.59871,0.82541,0.714244,0.594094,0.594094,0.067293,0.599679,0.054048,0.082065,0.050668,0.130038,0.071892
contrastive_tactile_pretraining,heldout_object,4,80,0.28,0.171086,0.59871,0.82541,0.716922,0.596395,0.596395,0.067611,0.598996,0.054022,0.081868,0.051265,0.130905,0.072206
contrastive_tactile_pretraining,heldout_object,5,80,0.28,0.171086,0.59871,0.82541,0.715693,0.595584,0.595584,0.067287,0.598753,0.053648,0.082394,0.050874,0.131036,0.071938
contrastive_tactile_pretraining,heldout_object,6,80,0.28,0.171086,0.59871,0.82541,0.716696,0.59642,0.59642,0.067056,0.59922,0.053899,0.08222,0.051343,0.130813,0.071961
contrastive_tactile_pretraining,heldout_object,7,80,0.28,0.171086,0.59871,0.82541,0.716093,0.595184,0.595184,0.067821,0.598622,0.054414,0.08197,0.051304,0.130607,0.072376
contrastive_tactile_pretraining,heldout_object,8,80,0.28,0.171086,0.59871,0.82541,0.71645,0.59707,0.59707,0.066741,0.598735,0.053267,0.081934,0.050729,0.130589,0.071512
contrastive_tactile_pretraining,heldout_object,9,80,0.28,0.171086,0.59871,0.82541,0.71644,0.596197,0.596197,0.067169,0.599012,0.053931,0.08214,0.051194,0.130463,0.071934
contrastive_tactile_pretraining,latency_contact_shift,0,80,0.76,0.299191,0.70671,0.807722,0.669451,0.507656,0.507656,0.103682,0.582658,0.069677,0.113628,0.065088,0.147925,0.094864
contrastive_tactile_pretraining,latency_contact_shift,1,80,0.76,0.299191,0.70671,0.807722,0.668644,0.50648,0.50648,0.103808,0.584178,0.069701,0.114104,0.065546,0.148285,0.095027
contrastive_tactile_pretraining,latency_contact_shift,2,80,0.76,0.299191,0.70671,0.807722,0.668371,0.506949,0.506949,0.102986,0.584314,0.069397,0.11351,0.065436,0.148439,0.094649
contrastive_tactile_pretraining,latency_contact_shift,3,80,0.76,0.299191,0.70671,0.807722,0.66862,0.506939,0.506939,0.103754,0.583247,0.069171,0.114028,0.065471,0.14807,0.094761
contrastive_tactile_pretraining,latency_contact_shift,4,80,0.76,0.299191,0.70671,0.807722,0.667944,0.506174,0.506174,0.103595,0.583679,0.069553,0.11369,0.065195,0.14841,0.094886
contrastive_tactile_pretraining,latency_contact_shift,5,80,0.76,0.299191,0.70671,0.807722,0.670005,0.508504,0.508504,0.103193,0.583367,0.069563,0.113794,0.065071,0.147749,0.094622
contrastive_tactile_pretraining,latency_contact_shift,6,80,0.76,0.299191,0.70671,0.807722,0.669763,0.508026,0.508026,0.103827,0.584484,0.069528,0.113844,0.064761,0.148296,0.094891
contrastive_tactile_pretraining,latency_contact_shift,7,80,0.76,0.299191,0.70671,0.807722,0.668341,0.506304,0.506304,0.103858,0.58458,0.069683,0.114221,0.065293,0.147614,0.094891
contrastive_tactile_pretraining,latency_contact_shift,8,80,0.76,0.299191,0.70671,0.807722,0.668757,0.507896,0.507896,0.102259,0.58419,0.06919,0.113955,0.064871,0.148457,0.09427
contrastive_tactile_pretraining,latency_contact_shift,9,80,0.76,0.299191,0.70671,0.807722,0.669566,0.506908,0.506908,0.104083,0.583069,0.07028,0.114073,0.065272,0.148587,0.095367
contrastive_tactile_pretraining,sensor_bias_shift,0,80,0.68,0.275466,0.68031,0.810923,0.677257,0.520632,0.520632,0.098257,0.589528,0.066849,0.111531,0.063187,0.151534,0.092405
contrastive_tactile_pretraining,sensor_bias_shift,1,80,0.68,0.275466,0.68031,0.810923,0.677408,0.521648,0.521648,0.097269,0.587422,0.066405,0.111973,0.0626,0.151527,0.09184
contrastive_tactile_pretraining,sensor_bias_shift,2,80,0.68,0.275466,0.68031,0.810923,0.677838,0.522482,0.522482,0.097273,0.588594,0.065658,0.11192,0.062949,0.151924,0.091664
contrastive_tactile_pretraining,sensor_bias_shift,3,80,0.68,0.275466,0.68031,0.810923,0.67645,0.52008,0.52008,0.098257,0.58865,0.066413,0.111984,0.063028,0.151689,0.092251
contrastive_tactile_pretraining,sensor_bias_shift,4,80,0.68,0.275466,0.68031,0.810923,0.67643,0.519393,0.519393,0.098498,0.588334,0.067019,0.111956,0.063222,0.15214,0.092664
contrastive_tactile_pretraining,sensor_bias_shift,5,80,0.68,0.275466,0.68031,0.810923,0.677045,0.520907,0.520907,0.098178,0.588256,0.066028,0.111812,0.063301,0.152021,0.092165
contrastive_tactile_pretraining,sensor_bias_shift,6,80,0.68,0.275466,0.68031,0.810923,0.676839,0.52077,0.52077,0.097883,0.58794,0.066268,0.111879,0.06314,0.15138,0.092024
contrastive_tactile_pretraining,sensor_bias_shift,7,80,0.68,0.275466,0.68031,0.810923,0.676384,0.520054,0.520054,0.098114,0.589449,0.066505,0.112022,0.063066,0.151155,0.092145
contrastive_tactile_pretraining,sensor_bias_shift,8,80,0.68,0.275466,0.68031,0.810923,0.676277,0.520023,0.520023,0.097736,0.587653,0.066506,0.111733,0.063312,0.151813,0.09216
contrastive_tactile_pretraining,sensor_bias_shift,9,80,0.68,0.275466,0.68031,0.810923,0.677223,0.521318,0.521318,0.097486,0.587855,0.066151,0.111848,0.063396,0.151593,0.091909
domain_adversarial_tactile_transfer,clean_transfer,0,80,0.06,0.121263,0.54851,0.753285,0.69849,0.591731,0.591731,0.052839,0.602608,0.046604,0.086158,0.045587,0.1246,0.062661
domain_adversarial_tactile_transfer,clean_transfer,1,80,0.06,0.121263,0.54851,0.753285,0.699589,0.592403,0.592403,0.052656,0.603222,0.046896,0.086872,0.045875,0.124967,0.062805
domain_adversarial_tactile_transfer,clean_transfer,2,80,0.06,0.121263,0.54851,0.753285,0.701024,0.593998,0.593998,0.052771,0.60336,0.046745,0.086821,0.045949,0.124032,0.062626
domain_adversarial_tactile_transfer,clean_transfer,3,80,0.06,0.121263,0.54851,0.753285,0.700605,0.59393,0.59393,0.052516,0.602795,0.046549,0.086659,0.045732,0.124141,0.062463
domain_adversarial_tactile_transfer,clean_transfer,4,80,0.06,0.121263,0.54851,0.753285,0.698809,0.592326,0.592326,0.05292,0.603112,0.046193,0.086502,0.045401,0.124388,0.062476
domain_adversarial_tactile_transfer,clean_transfer,5,80,0.06,0.121263,0.54851,0.753285,0.700691,0.594518,0.594518,0.051784,0.602563,0.046233,0.086707,0.045736,0.12456,0.062169
domain_adversarial_tactile_transfer,clean_transfer,6,80,0.06,0.121263,0.54851,0.753285,0.70001,0.594264,0.594264,0.051953,0.602613,0.045902,0.086103,0.04542,0.124352,0.062032
domain_adversarial_tactile_transfer,clean_transfer,7,80,0.06,0.121263,0.54851,0.753285,0.69984,0.592952,0.592952,0.053014,0.602462,0.046365,0.087172,0.045737,0.124242,0.062581
domain_adversarial_tactile_transfer,clean_transfer,8,80,0.06,0.121263,0.54851,0.753285,0.700537,0.594516,0.594516,0.052098,0.602454,0.045968,0.086501,0.045568,0.124572,0.062161
domain_adversarial_tactile_transfer,clean_transfer,9,80,0.06,0.121263,0.54851,0.753285,0.6996,0.593122,0.593122,0.052505,0.602915,0.046286,0.086691,0.04559,0.124486,0.062407
domain_adversarial_tactile_transfer,combined_stress,0,80,0.88,0.362293,0.75471,0.72133,0.622203,0.44062,0.44062,0.110964,0.579383,0.078097,0.150558,0.070591,0.151212,0.101682
domain_adversarial_tactile_transfer,combined_stress,1,80,0.88,0.362293,0.75471,0.72133,0.621155,0.438977,0.438977,0.111601,0.580816,0.078663,0.150415,0.070076,0.151928,0.102191
domain_adversarial_tactile_transfer,combined_stress,2,80,0.88,0.362293,0.75471,0.72133,0.621501,0.438745,0.438745,0.112111,0.57962,0.078917,0.150295,0.070525,0.152291,0.102571
domain_adversarial_tactile_transfer,combined_stress,3,80,0.88,0.362293,0.75471,0.72133,0.620862,0.439027,0.439027,0.111757,0.5798,0.07796,0.15033,0.070381,0.15216,0.102049
domain_adversarial_tactile_transfer,combined_stress,4,80,0.88,0.362293,0.75471,0.72133,0.621603,0.439553,0.439553,0.111447,0.580155,0.078346,0.15067,0.070476,0.151859,0.102045
domain_adversarial_tactile_transfer,combined_stress,5,80,0.88,0.362293,0.75471,0.72133,0.622289,0.440658,0.440658,0.110767,0.580304,0.0784,0.150393,0.070159,0.151941,0.101818
domain_adversarial_tactile_transfer,combined_stress,6,80,0.88,0.362293,0.75471,0.72133,0.621838,0.440141,0.440141,0.111459,0.580349,0.077913,0.150501,0.070545,0.151665,0.101857
domain_adversarial_tactile_transfer,combined_stress,7,80,0.88,0.362293,0.75471,0.72133,0.621894,0.439988,0.439988,0.110851,0.580734,0.078449,0.150914,0.070543,0.151626,0.101847
domain_adversarial_tactile_transfer,combined_stress,8,80,0.88,0.362293,0.75471,0.72133,0.622502,0.441212,0.441212,0.11055,0.579934,0.077965,0.149966,0.070688,0.151964,0.101636
domain_adversarial_tactile_transfer,combined_stress,9,80,0.88,0.362293,0.75471,0.72133,0.623346,0.441559,0.441559,0.111117,0.579552,0.078292,0.15047,0.070231,0.152262,0.101961
domain_adversarial_tactile_transfer,friction_compliance_shift,0,80,0.58,0.26869,0.66551,0.733584,0.649917,0.49738,0.49738,0.084145,0.5899,0.070078,0.124063,0.059883,0.136314,0.085764
domain_adversarial_tactile_transfer,friction_compliance_shift,1,80,0.58,0.26869,0.66551,0.733584,0.650729,0.49796,0.49796,0.08406,0.590096,0.070383,0.124117,0.059869,0.136627,0.085905
domain_adversarial_tactile_transfer,friction_compliance_shift,2,80,0.58,0.26869,0.66551,0.733584,0.650657,0.497721,0.497721,0.084669,0.588477,0.070163,0.124365,0.060201,0.135747,0.085904
domain_adversarial_tactile_transfer,friction_compliance_shift,3,80,0.58,0.26869,0.66551,0.733584,0.651806,0.498527,0.498527,0.084249,0.590303,0.070836,0.124669,0.060199,0.135478,0.085968
domain_adversarial_tactile_transfer,friction_compliance_shift,4,80,0.58,0.26869,0.66551,0.733584,0.650089,0.497669,0.497669,0.083694,0.589933,0.070176,0.124618,0.05959,0.136187,0.085596
domain_adversarial_tactile_transfer,friction_compliance_shift,5,80,0.58,0.26869,0.66551,0.733584,0.651631,0.498838,0.498838,0.083984,0.588867,0.070567,0.12431,0.059863,0.135636,0.085771
domain_adversarial_tactile_transfer,friction_compliance_shift,6,80,0.58,0.26869,0.66551,0.733584,0.651207,0.498204,0.498204,0.084766,0.590979,0.070213,0.124397,0.059934,0.136289,0.086027
domain_adversarial_tactile_transfer,friction_compliance_shift,7,80,0.58,0.26869,0.66551,0.733584,0.651294,0.499418,0.499418,0.083403,0.589912,0.069727,0.123775,0.060083,0.13574,0.085295
domain_adversarial_tactile_transfer,friction_compliance_shift,8,80,0.58,0.26869,0.66551,0.733584,0.651192,0.497784,0.497784,0.084583,0.590519,0.070824,0.124307,0.060134,0.136212,0.086203
domain_adversarial_tactile_transfer,friction_compliance_shift,9,80,0.58,0.26869,0.66551,0.733584,0.651335,0.498461,0.498461,0.084633,0.588741,0.070096,0.124754,0.059925,0.135807,0.085849
domain_adversarial_tactile_transfer,heldout_geometry,0,80,0.48,0.23744,0.65071,0.737674,0.661577,0.523951,0.523951,0.076843,0.591817,0.058517,0.116432,0.056937,0.132585,0.077922
domain_adversarial_tactile_transfer,heldout_geometry,1,80,0.48,0.23744,0.65071,0.737674,0.661407,0.524134,0.524134,0.077446,0.592602,0.057614,0.116118,0.057117,0.133038,0.077883
domain_adversarial_tactile_transfer,heldout_geometry,2,80,0.48,0.23744,0.65071,0.737674,0.661348,0.524152,0.524152,0.076663,0.593127,0.058108,0.116692,0.056575,0.132686,0.077687
domain_adversarial_tactile_transfer,heldout_geometry,3,80,0.48,0.23744,0.65071,0.737674,0.661736,0.524628,0.524628,0.076623,0.592616,0.057858,0.116358,0.057256,0.132435,0.077602
domain_adversarial_tactile_transfer,heldout_geometry,4,80,0.48,0.23744,0.65071,0.737674,0.661437,0.524235,0.524235,0.077185,0.592481,0.057677,0.116749,0.056793,0.132746,0.077734
domain_adversarial_tactile_transfer,heldout_geometry,5,80,0.48,0.23744,0.65071,0.737674,0.661485,0.52418,0.52418,0.076361,0.592237,0.058374,0.116623,0.056672,0.132947,0.077743
domain_adversarial_tactile_transfer,heldout_geometry,6,80,0.48,0.23744,0.65071,0.737674,0.660795,0.523063,0.523063,0.077232,0.592985,0.0583,0.117041,0.056861,0.13243,0.077936
domain_adversarial_tactile_transfer,heldout_geometry,7,80,0.48,0.23744,0.65071,0.737674,0.660345,0.523477,0.523477,0.076454,0.592904,0.057876,0.116433,0.056571,0.132641,0.07752
domain_adversarial_tactile_transfer,heldout_geometry,8,80,0.48,0.23744,0.65071,0.737674,0.662427,0.526545,0.526545,0.075794,0.593099,0.057148,0.116206,0.056386,0.132297,0.076938
domain_adversarial_tactile_transfer,heldout_geometry,9,80,0.48,0.23744,0.65071,0.737674,0.660927,0.52338,0.52338,0.077021,0.593128,0.058321,0.116647,0.056888,0.132193,0.077833
domain_adversarial_tactile_transfer,heldout_material,0,80,0.38,0.24009,0.61631,0.738239,0.668288,0.523075,0.523075,0.076505,0.590593,0.071097,0.109827,0.056616,0.132456,0.082532
domain_adversarial_tactile_transfer,heldout_material,1,80,0.38,0.24009,0.61631,0.738239,0.669063,0.523972,0.523972,0.0763,0.592112,0.071,0.109635,0.056897,0.132413,0.082446
domain_adversarial_tactile_transfer,heldout_material,2,80,0.38,0.24009,0.61631,0.738239,0.667702,0.522525,0.522525,0.076024,0.592158,0.071286,0.110096,0.056691,0.132101,0.082384
domain_adversarial_tactile_transfer,heldout_material,3,80,0.38,0.24009,0.61631,0.738239,0.666691,0.521534,0.521534,0.076133,0.593418,0.071114,0.110168,0.05667,0.132511,0.082428
domain_adversarial_tactile_transfer,heldout_material,4,80,0.38,0.24009,0.61631,0.738239,0.667272,0.522803,0.522803,0.075473,0.593301,0.070778,0.109747,0.056492,0.132566,0.082067
domain_adversarial_tactile_transfer,heldout_material,5,80,0.38,0.24009,0.61631,0.738239,0.667556,0.522733,0.522733,0.07597,0.592924,0.071048,0.109863,0.056278,0.132353,0.082279
domain_adversarial_tactile_transfer,heldout_material,6,80,0.38,0.24009,0.61631,0.738239,0.666617,0.521504,0.521504,0.076081,0.591789,0.071407,0.109777,0.056478,0.131754,0.082366
domain_adversarial_tactile_transfer,heldout_material,7,80,0.38,0.24009,0.61631,0.738239,0.667693,0.522795,0.522795,0.076324,0.59291,0.070807,0.109588,0.056641,0.132669,0.082401
domain_adversarial_tactile_transfer,heldout_material,8,80,0.38,0.24009,0.61631,0.738239,0.667359,0.522284,0.522284,0.077034,0.592387,0.070675,0.109842,0.056686,0.131712,0.082425
domain_adversarial_tactile_transfer,heldout_material,9,80,0.38,0.24009,0.61631,0.738239,0.667854,0.523597,0.523597,0.075423,0.593107,0.070631,0.109635,0.056368,0.132437,0.081959
domain_adversarial_tactile_transfer,heldout_object,0,80,0.28,0.171086,0.59871,0.746255,0.679996,0.557778,0.557778,0.064123,0.598874,0.052977,0.102033,0.050998,0.128272,0.070122
domain_adversarial_tactile_transfer,heldout_object,1,80,0.28,0.171086,0.59871,0.746255,0.678246,0.557014,0.557014,0.063237,0.598065,0.052381,0.10246,0.050396,0.12788,0.069463
domain_adversarial_tactile_transfer,heldout_object,2,80,0.28,0.171086,0.59871,0.746255,0.679434,0.557732,0.557732,0.063366,0.59913,0.052679,0.102307,0.050921,0.128355,0.069758
domain_adversarial_tactile_transfer,heldout_object,3,80,0.28,0.171086,0.59871,0.746255,0.680903,0.559829,0.559829,0.063319,0.598799,0.051909,0.102686,0.050532,0.128385,0.069416
domain_adversarial_tactile_transfer,heldout_object,4,80,0.28,0.171086,0.59871,0.746255,0.681162,0.559733,0.559733,0.063282,0.597362,0.052574,0.102342,0.050205,0.128891,0.069715
domain_adversarial_tactile_transfer,heldout_object,5,80,0.28,0.171086,0.59871,0.746255,0.67982,0.558499,0.558499,0.062662,0.598166,0.05258,0.102275,0.050762,0.128912,0.069566
domain_adversarial_tactile_transfer,heldout_object,6,80,0.28,0.171086,0.59871,0.746255,0.680457,0.559119,0.559119,0.062789,0.598572,0.052699,0.102143,0.050502,0.128776,0.069604
domain_adversarial_tactile_transfer,heldout_object,7,80,0.28,0.171086,0.59871,0.746255,0.680199,0.558506,0.558506,0.063057,0.597475,0.052645,0.102812,0.050755,0.12917,0.069771
domain_adversarial_tactile_transfer,heldout_object,8,80,0.28,0.171086,0.59871,0.746255,0.679747,0.558641,0.558641,0.062928,0.598592,0.05207,0.102523,0.050871,0.12852,0.069403
domain_adversarial_tactile_transfer,heldout_object,9,80,0.28,0.171086,0.59871,0.746255,0.680652,0.559428,0.559428,0.063144,0.598237,0.052346,0.102149,0.050481,0.128723,0.069579
domain_adversarial_tactile_transfer,latency_contact_shift,0,80,0.76,0.299191,0.70671,0.7289,0.636392,0.474138,0.474138,0.096546,0.585137,0.067489,0.140431,0.064175,0.145296,0.091042
domain_adversarial_tactile_transfer,latency_contact_shift,1,80,0.76,0.299191,0.70671,0.7289,0.634222,0.471288,0.471288,0.096863,0.584871,0.068172,0.140159,0.064129,0.14618,0.091564
domain_adversarial_tactile_transfer,latency_contact_shift,2,80,0.76,0.299191,0.70671,0.7289,0.634805,0.47315,0.47315,0.095784,0.586131,0.067197,0.140137,0.064094,0.145716,0.09074
domain_adversarial_tactile_transfer,latency_contact_shift,3,80,0.76,0.299191,0.70671,0.7289,0.634437,0.472915,0.472915,0.096107,0.584901,0.066674,0.140707,0.064028,0.145751,0.09065
domain_adversarial_tactile_transfer,latency_contact_shift,4,80,0.76,0.299191,0.70671,0.7289,0.635148,0.47337,0.47337,0.09547,0.585541,0.067269,0.140802,0.064398,0.145452,0.090643
domain_adversarial_tactile_transfer,latency_contact_shift,5,80,0.76,0.299191,0.70671,0.7289,0.634977,0.473377,0.473377,0.095735,0.583916,0.066782,0.140769,0.064402,0.146031,0.090653
domain_adversarial_tactile_transfer,latency_contact_shift,6,80,0.76,0.299191,0.70671,0.7289,0.635167,0.472376,0.472376,0.097028,0.584,0.067822,0.140345,0.064276,0.145796,0.091433
domain_adversarial_tactile_transfer,latency_contact_shift,7,80,0.76,0.299191,0.70671,0.7289,0.635688,0.473747,0.473747,0.095992,0.585264,0.067113,0.140727,0.064471,0.14575,0.090822
domain_adversarial_tactile_transfer,latency_contact_shift,8,80,0.76,0.299191,0.70671,0.7289,0.635312,0.473912,0.473912,0.095504,0.585704,0.067129,0.140267,0.063814,0.145572,0.090564
domain_adversarial_tactile_transfer,latency_contact_shift,9,80,0.76,0.299191,0.70671,0.7289,0.634581,0.472044,0.472044,0.096463,0.585497,0.067674,0.140834,0.064334,0.145656,0.091165
domain_adversarial_tactile_transfer,sensor_bias_shift,0,80,0.68,0.275466,0.68031,0.732039,0.642463,0.485649,0.485649,0.092357,0.588609,0.063977,0.137002,0.062271,0.148697,0.088705
domain_adversarial_tactile_transfer,sensor_bias_shift,1,80,0.68,0.275466,0.68031,0.732039,0.643293,0.486226,0.486226,0.091158,0.588579,0.064877,0.137531,0.062182,0.149026,0.08869
domain_adversarial_tactile_transfer,sensor_bias_shift,2,80,0.68,0.275466,0.68031,0.732039,0.642883,0.486158,0.486158,0.092049,0.587823,0.064078,0.136962,0.061992,0.149304,0.08872
domain_adversarial_tactile_transfer,sensor_bias_shift,3,80,0.68,0.275466,0.68031,0.732039,0.642656,0.486435,0.486435,0.091166,0.588953,0.064022,0.137359,0.061838,0.148441,0.088228
domain_adversarial_tactile_transfer,sensor_bias_shift,4,80,0.68,0.275466,0.68031,0.732039,0.643171,0.486588,0.486588,0.091583,0.588332,0.063898,0.137305,0.062182,0.149837,0.088608
domain_adversarial_tactile_transfer,sensor_bias_shift,5,80,0.68,0.275466,0.68031,0.732039,0.643614,0.487472,0.487472,0.091055,0.589738,0.063791,0.136915,0.062342,0.149099,0.088271
domain_adversarial_tactile_transfer,sensor_bias_shift,6,80,0.68,0.275466,0.68031,0.732039,0.644173,0.487515,0.487515,0.091489,0.587298,0.064192,0.137244,0.061936,0.149769,0.088651
domain_adversarial_tactile_transfer,sensor_bias_shift,7,80,0.68,0.275466,0.68031,0.732039,0.643781,0.487293,0.487293,0.09184,0.588489,0.063725,0.137138,0.062271,0.149221,0.088528
domain_adversarial_tactile_transfer,sensor_bias_shift,8,80,0.68,0.275466,0.68031,0.732039,0.643116,0.486605,0.486605,0.091751,0.589191,0.063853,0.137228,0.062062,0.149352,0.088549
domain_adversarial_tactile_transfer,sensor_bias_shift,9,80,0.68,0.275466,0.68031,0.732039,0.644008,0.486658,0.486658,0.092048,0.588516,0.064453,0.137562,0.062533,0.149657,0.08898
ensemble_disagreement_filter,clean_transfer,0,80,0.06,0.121263,0.54851,0.680009,0.681081,0.573481,0.573481,0.044363,0.62508,0.042105,0.137122,0.044001,0.101926,0.05383
ensemble_disagreement_filter,clean_transfer,1,80,0.06,0.121263,0.54851,0.680009,0.681402,0.574026,0.574026,0.044268,0.623912,0.041794,0.136974,0.044313,0.101779,0.053684
ensemble_disagreement_filter,clean_transfer,2,80,0.06,0.121263,0.54851,0.680009,0.681461,0.574141,0.574141,0.04438,0.624255,0.041759,0.137266,0.043945,0.101555,0.053632
ensemble_disagreement_filter,clean_transfer,3,80,0.06,0.121263,0.54851,0.680009,0.682674,0.575714,0.575714,0.043633,0.624382,0.041726,0.136585,0.044149,0.102266,0.053514
ensemble_disagreement_filter,clean_transfer,4,80,0.06,0.121263,0.54851,0.680009,0.681984,0.575327,0.575327,0.043471,0.625392,0.041521,0.13669,0.04383,0.10227,0.05335
ensemble_disagreement_filter,clean_transfer,5,80,0.06,0.121263,0.54851,0.680009,0.680894,0.574263,0.574263,0.04321,0.625905,0.041421,0.137407,0.043849,0.102281,0.053227
ensemble_disagreement_filter,clean_transfer,6,80,0.06,0.121263,0.54851,0.680009,0.680585,0.573482,0.573482,0.044249,0.624912,0.04153,0.136855,0.043993,0.102271,0.053634
ensemble_disagreement_filter,clean_transfer,7,80,0.06,0.121263,0.54851,0.680009,0.68179,0.574844,0.574844,0.043909,0.6238,0.041855,0.136563,0.043568,0.101903,0.053533
ensemble_disagreement_filter,clean_transfer,8,80,0.06,0.121263,0.54851,0.680009,0.682661,0.575861,0.575861,0.043834,0.625017,0.041354,0.13695,0.04417,0.101751,0.05335
ensemble_disagreement_filter,clean_transfer,9,80,0.06,0.121263,0.54851,0.680009,0.682378,0.575606,0.575606,0.043578,0.624346,0.041457,0.13714,0.04395,0.102076,0.053339
ensemble_disagreement_filter,combined_stress,0,80,0.88,0.362293,0.75471,0.628379,0.608773,0.431367,0.431367,0.091889,0.602417,0.065095,0.235677,0.066297,0.123514,0.084841
ensemble_disagreement_filter,combined_stress,1,80,0.88,0.362293,0.75471,0.628379,0.609132,0.431599,0.431599,0.092446,0.600009,0.065007,0.235778,0.066204,0.123086,0.08491
ensemble_disagreement_filter,combined_stress,2,80,0.88,0.362293,0.75471,0.628379,0.607803,0.4294,0.4294,0.092212,0.60179,0.065979,0.235916,0.066811,0.123349,0.085308
ensemble_disagreement_filter,combined_stress,3,80,0.88,0.362293,0.75471,0.628379,0.607084,0.429057,0.429057,0.092379,0.600421,0.065659,0.235535,0.06623,0.123815,0.085269
ensemble_disagreement_filter,combined_stress,4,80,0.88,0.362293,0.75471,0.628379,0.607669,0.430779,0.430779,0.091141,0.602514,0.065042,0.235999,0.065637,0.123508,0.084499
ensemble_disagreement_filter,combined_stress,5,80,0.88,0.362293,0.75471,0.628379,0.60875,0.431171,0.431171,0.09222,0.599775,0.06507,0.236039,0.066244,0.123343,0.084908
ensemble_disagreement_filter,combined_stress,6,80,0.88,0.362293,0.75471,0.628379,0.60789,0.429782,0.429782,0.091807,0.60215,0.066107,0.235977,0.066215,0.123105,0.085115
ensemble_disagreement_filter,combined_stress,7,80,0.88,0.362293,0.75471,0.628379,0.609022,0.431206,0.431206,0.092445,0.601072,0.065506,0.235694,0.065881,0.12339,0.085122
ensemble_disagreement_filter,combined_stress,8,80,0.88,0.362293,0.75471,0.628379,0.609414,0.431358,0.431358,0.092478,0.600673,0.065538,0.235884,0.066435,0.123241,0.085174
ensemble_disagreement_filter,combined_stress,9,80,0.88,0.362293,0.75471,0.628379,0.608599,0.430285,0.430285,0.092781,0.601554,0.065771,0.235885,0.066161,0.123557,0.085395
ensemble_disagreement_filter,friction_compliance_shift,0,80,0.58,0.26869,0.66551,0.647677,0.634786,0.48478,0.48478,0.069003,0.611712,0.059528,0.197297,0.056715,0.111255,0.071779
ensemble_disagreement_filter,friction_compliance_shift,1,80,0.58,0.26869,0.66551,0.647677,0.634471,0.48407,0.48407,0.068806,0.612087,0.060194,0.196968,0.056988,0.111045,0.071955
ensemble_disagreement_filter,friction_compliance_shift,2,80,0.58,0.26869,0.66551,0.647677,0.634223,0.483961,0.483961,0.069247,0.610517,0.059589,0.197209,0.057158,0.111068,0.071896
ensemble_disagreement_filter,friction_compliance_shift,3,80,0.58,0.26869,0.66551,0.647677,0.634915,0.484632,0.484632,0.06929,0.611487,0.059317,0.197681,0.057296,0.111533,0.071904
ensemble_disagreement_filter,friction_compliance_shift,4,80,0.58,0.26869,0.66551,0.647677,0.634733,0.484364,0.484364,0.06921,0.612112,0.059743,0.197076,0.057119,0.111499,0.072016
ensemble_disagreement_filter,friction_compliance_shift,5,80,0.58,0.26869,0.66551,0.647677,0.636209,0.486241,0.486241,0.069222,0.612832,0.059298,0.196941,0.057134,0.111062,0.071773
ensemble_disagreement_filter,friction_compliance_shift,6,80,0.58,0.26869,0.66551,0.647677,0.635216,0.485158,0.485158,0.069514,0.610647,0.059332,0.197036,0.056773,0.1113,0.071892
ensemble_disagreement_filter,friction_compliance_shift,7,80,0.58,0.26869,0.66551,0.647677,0.635026,0.48461,0.48461,0.069658,0.613072,0.05961,0.197127,0.057234,0.110633,0.071973
ensemble_disagreement_filter,friction_compliance_shift,8,80,0.58,0.26869,0.66551,0.647677,0.635017,0.48427,0.48427,0.069779,0.61241,0.060003,0.196983,0.05709,0.111162,0.072244
ensemble_disagreement_filter,friction_compliance_shift,9,80,0.58,0.26869,0.66551,0.647677,0.635844,0.485317,0.485317,0.070142,0.611239,0.059393,0.196782,0.057497,0.111015,0.07215
ensemble_disagreement_filter,heldout_geometry,0,80,0.48,0.23744,0.65071,0.654113,0.644338,0.507245,0.507245,0.064097,0.61348,0.050037,0.18554,0.054184,0.108868,0.065822
ensemble_disagreement_filter,heldout_geometry,1,80,0.48,0.23744,0.65071,0.654113,0.645798,0.508713,0.508713,0.063624,0.615598,0.050457,0.18513,0.054157,0.108809,0.065807
ensemble_disagreement_filter,heldout_geometry,2,80,0.48,0.23744,0.65071,0.654113,0.644397,0.507747,0.507747,0.063749,0.61394,0.049993,0.184946,0.053935,0.108516,0.065598
ensemble_disagreement_filter,heldout_geometry,3,80,0.48,0.23744,0.65071,0.654113,0.644914,0.507804,0.507804,0.064211,0.614921,0.050239,0.184607,0.054478,0.108257,0.065857
ensemble_disagreement_filter,heldout_geometry,4,80,0.48,0.23744,0.65071,0.654113,0.645091,0.509018,0.509018,0.06323,0.614573,0.049458,0.18499,0.053965,0.108779,0.065269
ensemble_disagreement_filter,heldout_geometry,5,80,0.48,0.23744,0.65071,0.654113,0.645373,0.509072,0.509072,0.063004,0.614214,0.049734,0.185483,0.054143,0.108452,0.065256
ensemble_disagreement_filter,heldout_geometry,6,80,0.48,0.23744,0.65071,0.654113,0.644116,0.507459,0.507459,0.063646,0.613727,0.050139,0.184934,0.053812,0.108397,0.065585
ensemble_disagreement_filter,heldout_geometry,7,80,0.48,0.23744,0.65071,0.654113,0.645096,0.508329,0.508329,0.063795,0.614058,0.049891,0.185031,0.054356,0.108665,0.065644
ensemble_disagreement_filter,heldout_geometry,8,80,0.48,0.23744,0.65071,0.654113,0.644011,0.507878,0.507878,0.062883,0.615643,0.049767,0.185102,0.053906,0.108633,0.065236
ensemble_disagreement_filter,heldout_geometry,9,80,0.48,0.23744,0.65071,0.654113,0.64513,0.50888,0.50888,0.063656,0.614653,0.049367,0.18477,0.05415,0.109129,0.065461
ensemble_disagreement_filter,heldout_material,0,80,0.38,0.24009,0.61631,0.657993,0.652303,0.511814,0.511814,0.062272,0.615172,0.059369,0.174525,0.053464,0.108578,0.068623
ensemble_disagreement_filter,heldout_material,1,80,0.38,0.24009,0.61631,0.657993,0.651289,0.509698,0.509698,0.063364,0.614523,0.060032,0.174379,0.053875,0.108749,0.069318
ensemble_disagreement_filter,heldout_material,2,80,0.38,0.24009,0.61631,0.657993,0.652689,0.511477,0.511477,0.063036,0.614443,0.059429,0.174756,0.054371,0.108521,0.068986
ensemble_disagreement_filter,heldout_material,3,80,0.38,0.24009,0.61631,0.657993,0.652051,0.511171,0.511171,0.062956,0.614335,0.059435,0.174667,0.053458,0.108625,0.068889
ensemble_disagreement_filter,heldout_material,4,80,0.38,0.24009,0.61631,0.657993,0.651562,0.510216,0.510216,0.063283,0.614713,0.059746,0.174737,0.053685,0.108629,0.069142
ensemble_disagreement_filter,heldout_material,5,80,0.38,0.24009,0.61631,0.657993,0.652074,0.510543,0.510543,0.063569,0.614854,0.059643,0.174878,0.054148,0.108238,0.069175
ensemble_disagreement_filter,heldout_material,6,80,0.38,0.24009,0.61631,0.657993,0.651231,0.510349,0.510349,0.0623,0.614403,0.059805,0.174553,0.053849,0.107976,0.068729
ensemble_disagreement_filter,heldout_material,7,80,0.38,0.24009,0.61631,0.657993,0.65116,0.510346,0.510346,0.062464,0.614067,0.059646,0.174575,0.053684,0.108182,0.068744
ensemble_disagreement_filter,heldout_material,8,80,0.38,0.24009,0.61631,0.657993,0.651696,0.509947,0.509947,0.063397,0.61469,0.060302,0.174649,0.053544,0.108669,0.069384
ensemble_disagreement_filter,heldout_material,9,80,0.38,0.24009,0.61631,0.657993,0.651904,0.510527,0.510527,0.063105,0.61521,0.059827,0.174734,0.053986,0.108248,0.069074
ensemble_disagreement_filter,heldout_object,0,80,0.28,0.171086,0.59871,0.667276,0.6622,0.541321,0.541321,0.051908,0.619982,0.045784,0.162108,0.048074,0.104932,0.058742
ensemble_disagreement_filter,heldout_object,1,80,0.28,0.171086,0.59871,0.667276,0.662422,0.541216,0.541216,0.052311,0.620686,0.045755,0.162399,0.04838,0.10498,0.058907
ensemble_disagreement_filter,heldout_object,2,80,0.28,0.171086,0.59871,0.667276,0.662871,0.541637,0.541637,0.052319,0.619898,0.045859,0.161789,0.04843,0.105536,0.059054
ensemble_disagreement_filter,heldout_object,3,80,0.28,0.171086,0.59871,0.667276,0.66295,0.541567,0.541567,0.052153,0.620918,0.046034,0.16227,0.048572,0.105061,0.058993
ensemble_disagreement_filter,heldout_object,4,80,0.28,0.171086,0.59871,0.667276,0.661042,0.53955,0.53955,0.052601,0.620629,0.045941,0.162422,0.048278,0.105357,0.059134
ensemble_disagreement_filter,heldout_object,5,80,0.28,0.171086,0.59871,0.667276,0.662425,0.540822,0.540822,0.052546,0.620793,0.04614,0.162335,0.048218,0.105586,0.059226
ensemble_disagreement_filter,heldout_object,6,80,0.28,0.171086,0.59871,0.667276,0.662696,0.54131,0.54131,0.052911,0.619713,0.045752,0.162073,0.048214,0.105285,0.059148
ensemble_disagreement_filter,heldout_object,7,80,0.28,0.171086,0.59871,0.667276,0.66201,0.540454,0.540454,0.053004,0.619719,0.045938,0.161524,0.048558,0.105304,0.059289
ensemble_disagreement_filter,heldout_object,8,80,0.28,0.171086,0.59871,0.667276,0.66202,0.540309,0.540309,0.052175,0.620179,0.046556,0.161904,0.048448,0.10549,0.059264
ensemble_disagreement_filter,heldout_object,9,80,0.28,0.171086,0.59871,0.667276,0.663132,0.541528,0.541528,0.052305,0.620157,0.046193,0.16236,0.048554,0.105237,0.059135
ensemble_disagreement_filter,latency_contact_shift,0,80,0.76,0.299191,0.70671,0.638033,0.618912,0.458033,0.458033,0.080417,0.606485,0.057336,0.220394,0.061244,0.118146,0.07652
ensemble_disagreement_filter,latency_contact_shift,1,80,0.76,0.299191,0.70671,0.638033,0.619728,0.458831,0.458831,0.080652,0.605452,0.057338,0.220517,0.06072,0.118577,0.076626
ensemble_disagreement_filter,latency_contact_shift,2,80,0.76,0.299191,0.70671,0.638033,0.619648,0.458831,0.458831,0.080426,0.605072,0.057551,0.220358,0.060621,0.117996,0.076516
ensemble_disagreement_filter,latency_contact_shift,3,80,0.76,0.299191,0.70671,0.638033,0.620455,0.459788,0.459788,0.079741,0.605422,0.057715,0.220105,0.060861,0.118135,0.076394
ensemble_disagreement_filter,latency_contact_shift,4,80,0.76,0.299191,0.70671,0.638033,0.621174,0.459897,0.459897,0.081022,0.6048,0.057519,0.220146,0.061322,0.118313,0.076833
ensemble_disagreement_filter,latency_contact_shift,5,80,0.76,0.299191,0.70671,0.638033,0.620057,0.459394,0.459394,0.079861,0.604806,0.057454,0.220186,0.06104,0.118636,0.076444
ensemble_disagreement_filter,latency_contact_shift,6,80,0.76,0.299191,0.70671,0.638033,0.620053,0.458766,0.458766,0.081265,0.605293,0.057495,0.220017,0.061123,0.118405,0.076903
ensemble_disagreement_filter,latency_contact_shift,7,80,0.76,0.299191,0.70671,0.638033,0.620499,0.459538,0.459538,0.08052,0.605483,0.057702,0.21982,0.060884,0.118199,0.076668
ensemble_disagreement_filter,latency_contact_shift,8,80,0.76,0.299191,0.70671,0.638033,0.61853,0.457842,0.457842,0.080408,0.606186,0.057162,0.220173,0.060903,0.118986,0.076568
ensemble_disagreement_filter,latency_contact_shift,9,80,0.76,0.299191,0.70671,0.638033,0.619244,0.458901,0.458901,0.080531,0.605171,0.056899,0.220003,0.060542,0.118547,0.076395
ensemble_disagreement_filter,sensor_bias_shift,0,80,0.68,0.275466,0.68031,0.643086,0.627209,0.471714,0.471714,0.077203,0.611359,0.054687,0.213039,0.059312,0.120311,0.074617
ensemble_disagreement_filter,sensor_bias_shift,1,80,0.68,0.275466,0.68031,0.643086,0.627157,0.471603,0.471603,0.076613,0.610182,0.05514,0.213026,0.059131,0.120725,0.074645
ensemble_disagreement_filter,sensor_bias_shift,2,80,0.68,0.275466,0.68031,0.643086,0.626915,0.472021,0.472021,0.075602,0.610995,0.054917,0.213219,0.058704,0.121174,0.074255
ensemble_disagreement_filter,sensor_bias_shift,3,80,0.68,0.275466,0.68031,0.643086,0.62769,0.472952,0.472952,0.075967,0.610843,0.054545,0.212996,0.058778,0.121006,0.074215
ensemble_disagreement_filter,sensor_bias_shift,4,80,0.68,0.275466,0.68031,0.643086,0.626527,0.471087,0.471087,0.076177,0.610912,0.055072,0.213404,0.059026,0.121418,0.074585
ensemble_disagreement_filter,sensor_bias_shift,5,80,0.68,0.275466,0.68031,0.643086,0.627846,0.472965,0.472965,0.07631,0.608994,0.054447,0.213071,0.059074,0.120592,0.074249
ensemble_disagreement_filter,sensor_bias_shift,6,80,0.68,0.275466,0.68031,0.643086,0.627463,0.471998,0.471998,0.076108,0.609668,0.05534,0.213136,0.059025,0.120728,0.074539
ensemble_disagreement_filter,sensor_bias_shift,7,80,0.68,0.275466,0.68031,0.643086,0.627865,0.473679,0.473679,0.074784,0.609093,0.054401,0.21343,0.0589,0.120609,0.073699
ensemble_disagreement_filter,sensor_bias_shift,8,80,0.68,0.275466,0.68031,0.643086,0.626617,0.471347,0.471347,0.076343,0.611648,0.05495,0.212953,0.059024,0.120966,0.074514
ensemble_disagreement_filter,sensor_bias_shift,9,80,0.68,0.275466,0.68031,0.643086,0.62628,0.471427,0.471427,0.075224,0.60984,0.0551,0.212946,0.059023,0.120771,0.074155
frozen_tactile_pretraining,clean_transfer,0,80,0.06,0.121263,0.54851,0.839679,0.712133,0.604748,0.604748,0.06398,0.508772,0.05238,0.034473,0.048112,0.140441,0.071748
frozen_tactile_pretraining,clean_transfer,1,80,0.06,0.121263,0.54851,0.839679,0.712277,0.604737,0.604737,0.064512,0.509943,0.052032,0.034862,0.048714,0.139566,0.0717
frozen_tactile_pretraining,clean_transfer,2,80,0.06,0.121263,0.54851,0.839679,0.712893,0.605088,0.605088,0.064105,0.510214,0.05265,0.034897,0.048364,0.140356,0.071903
frozen_tactile_pretraining,clean_transfer,3,80,0.06,0.121263,0.54851,0.839679,0.712489,0.60449,0.60449,0.064675,0.511622,0.052714,0.034713,0.048532,0.139328,0.071953
frozen_tactile_pretraining,clean_transfer,4,80,0.06,0.121263,0.54851,0.839679,0.713029,0.605465,0.605465,0.064361,0.51043,0.052286,0.034758,0.048461,0.139632,0.071731
frozen_tactile_pretraining,clean_transfer,5,80,0.06,0.121263,0.54851,0.839679,0.712019,0.604498,0.604498,0.06388,0.509845,0.052579,0.034702,0.048266,0.139893,0.071706
frozen_tactile_pretraining,clean_transfer,6,80,0.06,0.121263,0.54851,0.839679,0.711157,0.603163,0.603163,0.064934,0.5099,0.05256,0.034758,0.048303,0.139797,0.072044
frozen_tactile_pretraining,clean_transfer,7,80,0.06,0.121263,0.54851,0.839679,0.710971,0.603284,0.603284,0.064192,0.509435,0.052612,0.034775,0.04832,0.139625,0.071782
frozen_tactile_pretraining,clean_transfer,8,80,0.06,0.121263,0.54851,0.839679,0.711721,0.604006,0.604006,0.064048,0.508534,0.052395,0.035513,0.048382,0.140218,0.071764
frozen_tactile_pretraining,clean_transfer,9,80,0.06,0.121263,0.54851,0.839679,0.711923,0.603554,0.603554,0.064781,0.510716,0.053036,0.034986,0.048666,0.139177,0.072098
frozen_tactile_pretraining,combined_stress,0,80,0.88,0.362293,0.75471,0.807988,0.61781,0.423845,0.423845,0.142226,0.480457,0.093485,0.066703,0.07901,0.173551,0.123021
frozen_tactile_pretraining,combined_stress,1,80,0.88,0.362293,0.75471,0.807988,0.618503,0.423989,0.423989,0.142018,0.480244,0.09459,0.066305,0.078735,0.173567,0.123346
frozen_tactile_pretraining,combined_stress,2,80,0.88,0.362293,0.75471,0.807988,0.617882,0.424027,0.424027,0.141737,0.481016,0.093772,0.066711,0.078805,0.173237,0.122887
frozen_tactile_pretraining,combined_stress,3,80,0.88,0.362293,0.75471,0.807988,0.618118,0.424104,0.424104,0.141543,0.480903,0.094134,0.066618,0.078625,0.173701,0.123024
frozen_tactile_pretraining,combined_stress,4,80,0.88,0.362293,0.75471,0.807988,0.61701,0.422715,0.422715,0.141989,0.481313,0.094188,0.066773,0.078837,0.173187,0.123125
frozen_tactile_pretraining,combined_stress,5,80,0.88,0.362293,0.75471,0.807988,0.61568,0.421138,0.421138,0.141979,0.480661,0.094255,0.066774,0.079359,0.173479,0.123252
frozen_tactile_pretraining,combined_stress,6,80,0.88,0.362293,0.75471,0.807988,0.617129,0.423035,0.423035,0.141636,0.480533,0.093966,0.066738,0.079172,0.173385,0.12299
frozen_tactile_pretraining,combined_stress,7,80,0.88,0.362293,0.75471,0.807988,0.61754,0.423553,0.423553,0.141598,0.482057,0.094061,0.066356,0.078926,0.173406,0.122992
frozen_tactile_pretraining,combined_stress,8,80,0.88,0.362293,0.75471,0.807988,0.616586,0.422567,0.422567,0.141257,0.481455,0.094243,0.066459,0.078846,0.173845,0.123017
frozen_tactile_pretraining,combined_stress,9,80,0.88,0.362293,0.75471,0.807988,0.618548,0.424312,0.424312,0.14115,0.481081,0.094586,0.066851,0.078865,0.173173,0.122992
frozen_tactile_pretraining,friction_compliance_shift,0,80,0.58,0.26869,0.66551,0.820273,0.653618,0.493389,0.493389,0.105702,0.493942,0.083461,0.051872,0.065713,0.153854,0.101919
frozen_tactile_pretraining,friction_compliance_shift,1,80,0.58,0.26869,0.66551,0.820273,0.653531,0.492792,0.492792,0.106162,0.493973,0.08371,0.051964,0.065917,0.154116,0.102238
frozen_tactile_pretraining,friction_compliance_shift,2,80,0.58,0.26869,0.66551,0.820273,0.653159,0.492951,0.492951,0.105768,0.494208,0.083408,0.051791,0.065733,0.153843,0.101921
frozen_tactile_pretraining,friction_compliance_shift,3,80,0.58,0.26869,0.66551,0.820273,0.653417,0.493503,0.493503,0.105557,0.494186,0.083429,0.05154,0.065432,0.153325,0.101734
frozen_tactile_pretraining,friction_compliance_shift,4,80,0.58,0.26869,0.66551,0.820273,0.654075,0.493424,0.493424,0.106684,0.494123,0.083284,0.05181,0.066201,0.15359,0.102187
frozen_tactile_pretraining,friction_compliance_shift,5,80,0.58,0.26869,0.66551,0.820273,0.65347,0.493498,0.493498,0.105449,0.494456,0.083102,0.052252,0.06605,0.153279,0.101626
frozen_tactile_pretraining,friction_compliance_shift,6,80,0.58,0.26869,0.66551,0.820273,0.653637,0.492957,0.492957,0.106542,0.494567,0.083532,0.051579,0.06605,0.153659,0.10223
frozen_tactile_pretraining,friction_compliance_shift,7,80,0.58,0.26869,0.66551,0.820273,0.652876,0.492942,0.492942,0.106263,0.492992,0.082802,0.051782,0.065654,0.153668,0.10182
frozen_tactile_pretraining,friction_compliance_shift,8,80,0.58,0.26869,0.66551,0.820273,0.652276,0.492488,0.492488,0.10547,0.493774,0.082894,0.051928,0.065739,0.154367,0.101719
frozen_tactile_pretraining,friction_compliance_shift,9,80,0.58,0.26869,0.66551,0.820273,0.653706,0.493128,0.493128,0.106503,0.494797,0.083471,0.051436,0.066054,0.153585,0.102181
frozen_tactile_pretraining,heldout_geometry,0,80,0.48,0.23744,0.65071,0.824374,0.665223,0.523457,0.523457,0.096781,0.496597,0.067447,0.047872,0.062013,0.14939,0.091627
frozen_tactile_pretraining,heldout_geometry,1,80,0.48,0.23744,0.65071,0.824374,0.667825,0.5264,0.5264,0.096048,0.496672,0.067622,0.047819,0.061581,0.149479,0.091417
frozen_tactile_pretraining,heldout_geometry,2,80,0.48,0.23744,0.65071,0.824374,0.666106,0.524306,0.524306,0.096247,0.49679,0.067813,0.048047,0.061862,0.149509,0.091591
frozen_tactile_pretraining,heldout_geometry,3,80,0.48,0.23744,0.65071,0.824374,0.666944,0.525576,0.525576,0.096062,0.49769,0.067486,0.047674,0.061835,0.149373,0.091376
frozen_tactile_pretraining,heldout_geometry,4,80,0.48,0.23744,0.65071,0.824374,0.665875,0.524501,0.524501,0.09593,0.497654,0.067236,0.048126,0.062153,0.149783,0.091342
frozen_tactile_pretraining,heldout_geometry,5,80,0.48,0.23744,0.65071,0.824374,0.666446,0.524706,0.524706,0.096996,0.496389,0.067176,0.048323,0.061892,0.14954,0.091612
frozen_tactile_pretraining,heldout_geometry,6,80,0.48,0.23744,0.65071,0.824374,0.667805,0.525829,0.525829,0.096416,0.498271,0.067849,0.048238,0.061785,0.149968,0.091737
frozen_tactile_pretraining,heldout_geometry,7,80,0.48,0.23744,0.65071,0.824374,0.666359,0.525186,0.525186,0.095537,0.49711,0.067305,0.047895,0.061894,0.150273,0.091297
frozen_tactile_pretraining,heldout_geometry,8,80,0.48,0.23744,0.65071,0.824374,0.66761,0.526061,0.526061,0.096127,0.497955,0.067418,0.047869,0.062106,0.149984,0.09151
frozen_tactile_pretraining,heldout_geometry,9,80,0.48,0.23744,0.65071,0.824374,0.664922,0.522599,0.522599,0.096523,0.495556,0.068201,0.047892,0.062306,0.149541,0.091882
frozen_tactile_pretraining,heldout_material,0,80,0.38,0.24009,0.61631,0.824157,0.672271,0.519758,0.519758,0.095528,0.498506,0.083664,0.04481,0.062077,0.149089,0.097316
frozen_tactile_pretraining,heldout_material,1,80,0.38,0.24009,0.61631,0.824157,0.67116,0.518363,0.518363,0.095444,0.498712,0.084388,0.044759,0.061607,0.148658,0.097438
frozen_tactile_pretraining,heldout_material,2,80,0.38,0.24009,0.61631,0.824157,0.672019,0.51943,0.51943,0.095185,0.498544,0.083898,0.045239,0.061807,0.149497,0.097334
frozen_tactile_pretraining,heldout_material,3,80,0.38,0.24009,0.61631,0.824157,0.671859,0.518986,0.518986,0.095511,0.497171,0.084095,0.045093,0.061832,0.149641,0.097548
frozen_tactile_pretraining,heldout_material,4,80,0.38,0.24009,0.61631,0.824157,0.671315,0.51859,0.51859,0.095116,0.496419,0.084279,0.045057,0.061694,0.149187,0.097389
frozen_tactile_pretraining,heldout_material,5,80,0.38,0.24009,0.61631,0.824157,0.672759,0.520168,0.520168,0.0949,0.497963,0.084244,0.044693,0.061712,0.149713,0.097398
frozen_tactile_pretraining,heldout_material,6,80,0.38,0.24009,0.61631,0.824157,0.672194,0.519144,0.519144,0.095373,0.498188,0.084513,0.044815,0.061975,0.14918,0.097592
frozen_tactile_pretraining,heldout_material,7,80,0.38,0.24009,0.61631,0.824157,0.672772,0.519909,0.519909,0.095272,0.497743,0.08428,0.045112,0.06187,0.149169,0.097456
frozen_tactile_pretraining,heldout_material,8,80,0.38,0.24009,0.61631,0.824157,0.672929,0.520258,0.520258,0.095266,0.498413,0.084065,0.044913,0.061871,0.149284,0.097393
frozen_tactile_pretraining,heldout_material,9,80,0.38,0.24009,0.61631,0.824157,0.672395,0.51935,0.51935,0.095347,0.497658,0.084415,0.044919,0.061952,0.149708,0.097638
frozen_tactile_pretraining,heldout_object,0,80,0.28,0.171086,0.59871,0.833068,0.689121,0.564754,0.564754,0.078776,0.504293,0.06055,0.041984,0.054561,0.145128,0.081372
frozen_tactile_pretraining,heldout_object,1,80,0.28,0.171086,0.59871,0.833068,0.688938,0.56553,0.56553,0.077924,0.504535,0.059788,0.042364,0.05439,0.14479,0.080715
frozen_tactile_pretraining,heldout_object,2,80,0.28,0.171086,0.59871,0.833068,0.690377,0.566703,0.566703,0.078156,0.505202,0.060151,0.041982,0.05431,0.144812,0.080928
frozen_tactile_pretraining,heldout_object,3,80,0.28,0.171086,0.59871,0.833068,0.689234,0.565519,0.565519,0.077682,0.504513,0.060582,0.042137,0.054112,0.144513,0.080857
frozen_tactile_pretraining,heldout_object,4,80,0.28,0.171086,0.59871,0.833068,0.689134,0.565378,0.565378,0.078156,0.504156,0.060353,0.041684,0.054383,0.144604,0.080974
frozen_tactile_pretraining,heldout_object,5,80,0.28,0.171086,0.59871,0.833068,0.688883,0.565158,0.565158,0.078534,0.503971,0.060027,0.041935,0.054234,0.144866,0.081011
frozen_tactile_pretraining,heldout_object,6,80,0.28,0.171086,0.59871,0.833068,0.689585,0.56612,0.56612,0.078253,0.503716,0.060038,0.041727,0.05395,0.144828,0.080884
frozen_tactile_pretraining,heldout_object,7,80,0.28,0.171086,0.59871,0.833068,0.689506,0.565828,0.565828,0.078123,0.505362,0.060282,0.041873,0.054159,0.144761,0.080942
frozen_tactile_pretraining,heldout_object,8,80,0.28,0.171086,0.59871,0.833068,0.690473,0.566967,0.566967,0.07819,0.503026,0.05999,0.041915,0.054078,0.14502,0.080892
frozen_tactile_pretraining,heldout_object,9,80,0.28,0.171086,0.59871,0.833068,0.690001,0.566247,0.566247,0.078238,0.504473,0.060223,0.042007,0.054128,0.145161,0.081028
frozen_tactile_pretraining,latency_contact_shift,0,80,0.76,0.299191,0.70671,0.816171,0.635961,0.465341,0.465341,0.122288,0.485011,0.08016,0.061349,0.071426,0.165989,0.109059
frozen_tactile_pretraining,latency_contact_shift,1,80,0.76,0.299191,0.70671,0.816171,0.635428,0.465538,0.465538,0.122293,0.485959,0.079392,0.060982,0.071363,0.165467,0.108669
frozen_tactile_pretraining,latency_contact_shift,2,80,0.76,0.299191,0.70671,0.816171,0.635559,0.465277,0.465277,0.122382,0.486264,0.079698,0.061354,0.071446,0.165611,0.10885
frozen_tactile_pretraining,latency_contact_shift,3,80,0.76,0.299191,0.70671,0.816171,0.635757,0.465961,0.465961,0.121782,0.486042,0.079652,0.061029,0.071085,0.165644,0.108598
frozen_tactile_pretraining,latency_contact_shift,4,80,0.76,0.299191,0.70671,0.816171,0.634723,0.46415,0.46415,0.122818,0.486169,0.079861,0.061363,0.071459,0.165348,0.109014
frozen_tactile_pretraining,latency_contact_shift,5,80,0.76,0.299191,0.70671,0.816171,0.63678,0.466035,0.466035,0.123083,0.487338,0.080191,0.060856,0.07124,0.165259,0.109192
frozen_tactile_pretraining,latency_contact_shift,6,80,0.76,0.299191,0.70671,0.816171,0.63544,0.46501,0.46501,0.122061,0.487135,0.080281,0.061168,0.071191,0.16547,0.108911
frozen_tactile_pretraining,latency_contact_shift,7,80,0.76,0.299191,0.70671,0.816171,0.635995,0.465767,0.465767,0.122116,0.486636,0.079965,0.061125,0.071195,0.16559,0.108832
frozen_tactile_pretraining,latency_contact_shift,8,80,0.76,0.299191,0.70671,0.816171,0.635464,0.465253,0.465253,0.122055,0.486603,0.079961,0.06142,0.070879,0.166009,0.108854
frozen_tactile_pretraining,latency_contact_shift,9,80,0.76,0.299191,0.70671,0.816171,0.636459,0.46632,0.46632,0.122913,0.487211,0.079415,0.061053,0.07092,0.16613,0.108963
frozen_tactile_pretraining,sensor_bias_shift,0,80,0.68,0.275466,0.68031,0.81929,0.644425,0.481049,0.481049,0.115107,0.494121,0.075415,0.061783,0.0682,0.16962,0.105145
frozen_tactile_pretraining,sensor_bias_shift,1,80,0.68,0.275466,0.68031,0.81929,0.645278,0.482575,0.482575,0.114333,0.492234,0.075092,0.061383,0.068099,0.169911,0.104802
frozen_tactile_pretraining,sensor_bias_shift,2,80,0.68,0.275466,0.68031,0.81929,0.644328,0.480769,0.480769,0.114908,0.491393,0.075533,0.061856,0.068476,0.170297,0.105272
frozen_tactile_pretraining,sensor_bias_shift,3,80,0.68,0.275466,0.68031,0.81929,0.644421,0.480452,0.480452,0.115036,0.491878,0.076029,0.061766,0.068491,0.170299,0.105506
frozen_tactile_pretraining,sensor_bias_shift,4,80,0.68,0.275466,0.68031,0.81929,0.644393,0.480995,0.480995,0.114584,0.491535,0.075804,0.061546,0.068055,0.170192,0.105204
frozen_tactile_pretraining,sensor_bias_shift,5,80,0.68,0.275466,0.68031,0.81929,0.645164,0.482084,0.482084,0.11461,0.492939,0.075055,0.062145,0.068339,0.170201,0.104958
frozen_tactile_pretraining,sensor_bias_shift,6,80,0.68,0.275466,0.68031,0.81929,0.6444,0.480598,0.480598,0.115181,0.492137,0.075692,0.062011,0.068663,0.169526,0.105306
frozen_tactile_pretraining,sensor_bias_shift,7,80,0.68,0.275466,0.68031,0.81929,0.644986,0.481097,0.481097,0.114776,0.492045,0.076103,0.061768,0.068436,0.170292,0.105439
frozen_tactile_pretraining,sensor_bias_shift,8,80,0.68,0.275466,0.68031,0.81929,0.645244,0.481553,0.481553,0.115014,0.492236,0.075624,0.061781,0.068714,0.169941,0.105303
frozen_tactile_pretraining,sensor_bias_shift,9,80,0.68,0.275466,0.68031,0.81929,0.644758,0.481594,0.481594,0.114728,0.492309,0.075174,0.061555,0.068658,0.169953,0.105031
full_finetune_pretraining,clean_transfer,0,80,0.06,0.121263,0.54851,0.79744,0.720889,0.612994,0.612994,0.057479,0.569284,0.049223,0.067978,0.046725,0.130807,0.066465
full_finetune_pretraining,clean_transfer,1,80,0.06,0.121263,0.54851,0.79744,0.721721,0.613071,0.613071,0.057907,0.568449,0.049845,0.068198,0.047055,0.130376,0.066803
full_finetune_pretraining,clean_transfer,2,80,0.06,0.121263,0.54851,0.79744,0.721107,0.611369,0.611369,0.059288,0.569871,0.050482,0.06796,0.047137,0.130556,0.067555
full_finetune_pretraining,clean_transfer,3,80,0.06,0.121263,0.54851,0.79744,0.721943,0.613671,0.613671,0.058022,0.569839,0.049369,0.068356,0.046487,0.130961,0.066709
full_finetune_pretraining,clean_transfer,4,80,0.06,0.121263,0.54851,0.79744,0.722171,0.613898,0.613898,0.058211,0.570187,0.049233,0.068369,0.046665,0.130594,0.066674
full_finetune_pretraining,clean_transfer,5,80,0.06,0.121263,0.54851,0.79744,0.721788,0.613373,0.613373,0.058418,0.568953,0.049256,0.068558,0.046758,0.130265,0.066703
full_finetune_pretraining,clean_transfer,6,80,0.06,0.121263,0.54851,0.79744,0.723574,0.61543,0.61543,0.057984,0.569421,0.049377,0.068201,0.046572,0.130044,0.066543
full_finetune_pretraining,clean_transfer,7,80,0.06,0.121263,0.54851,0.79744,0.722694,0.614027,0.614027,0.0592,0.571043,0.048931,0.068308,0.047252,0.130579,0.066951
full_finetune_pretraining,clean_transfer,8,80,0.06,0.121263,0.54851,0.79744,0.722053,0.61377,0.61377,0.057871,0.569277,0.049519,0.068043,0.046868,0.130253,0.066625
full_finetune_pretraining,clean_transfer,9,80,0.06,0.121263,0.54851,0.79744,0.72091,0.612751,0.612751,0.05794,0.569454,0.049215,0.068169,0.046791,0.130806,0.066625
full_finetune_pretraining,combined_stress,0,80,0.88,0.362293,0.75471,0.76593,0.637969,0.450031,0.450031,0.123908,0.544842,0.084939,0.120317,0.073462,0.161218,0.110771
full_finetune_pretraining,combined_stress,1,80,0.88,0.362293,0.75471,0.76593,0.637188,0.448544,0.448544,0.124563,0.544585,0.085225,0.120868,0.073611,0.161476,0.111164
full_finetune_pretraining,combined_stress,2,80,0.88,0.362293,0.75471,0.76593,0.63867,0.450238,0.450238,0.124114,0.544642,0.085231,0.12106,0.073522,0.161243,0.110963
full_finetune_pretraining,combined_stress,3,80,0.88,0.362293,0.75471,0.76593,0.638656,0.450354,0.450354,0.124098,0.543403,0.084966,0.120886,0.074022,0.160836,0.110833
full_finetune_pretraining,combined_stress,4,80,0.88,0.362293,0.75471,0.76593,0.637561,0.448719,0.448719,0.124409,0.545097,0.085474,0.120811,0.073918,0.161457,0.111233
full_finetune_pretraining,combined_stress,5,80,0.88,0.362293,0.75471,0.76593,0.638025,0.44859,0.44859,0.12531,0.544728,0.085689,0.120819,0.074002,0.161458,0.11163
full_finetune_pretraining,combined_stress,6,80,0.88,0.362293,0.75471,0.76593,0.637424,0.448313,0.448313,0.124905,0.543247,0.085456,0.12064,0.074132,0.16169,0.111458
full_finetune_pretraining,combined_stress,7,80,0.88,0.362293,0.75471,0.76593,0.637705,0.448788,0.448788,0.12489,0.54494,0.085404,0.120791,0.073708,0.161309,0.111322
full_finetune_pretraining,combined_stress,8,80,0.88,0.362293,0.75471,0.76593,0.638136,0.449336,0.449336,0.124478,0.543925,0.085464,0.120456,0.074021,0.161286,0.111233
full_finetune_pretraining,combined_stress,9,80,0.88,0.362293,0.75471,0.76593,0.638312,0.45027,0.45027,0.12421,0.545201,0.08475,0.120473,0.07374,0.1611,0.110808
full_finetune_pretraining,friction_compliance_shift,0,80,0.58,0.26869,0.66551,0.778078,0.66855,0.511097,0.511097,0.093907,0.555579,0.076494,0.098093,0.061893,0.143354,0.092989
full_finetune_pretraining,friction_compliance_shift,1,80,0.58,0.26869,0.66551,0.778078,0.669542,0.512171,0.512171,0.093534,0.556545,0.076412,0.09895,0.061874,0.143056,0.092776
full_finetune_pretraining,friction_compliance_shift,2,80,0.58,0.26869,0.66551,0.778078,0.669185,0.512026,0.512026,0.093598,0.556137,0.07597,0.098942,0.061851,0.143849,0.09277
full_finetune_pretraining,friction_compliance_shift,3,80,0.58,0.26869,0.66551,0.778078,0.670061,0.513004,0.513004,0.094156,0.555562,0.075444,0.098743,0.062423,0.143,0.092664
full_finetune_pretraining,friction_compliance_shift,4,80,0.58,0.26869,0.66551,0.778078,0.669344,0.512556,0.512556,0.093626,0.556046,0.075824,0.098273,0.061724,0.143121,0.09258
full_finetune_pretraining,friction_compliance_shift,5,80,0.58,0.26869,0.66551,0.778078,0.669973,0.512963,0.512963,0.093447,0.555514,0.075952,0.098798,0.061953,0.143286,0.09262
full_finetune_pretraining,friction_compliance_shift,6,80,0.58,0.26869,0.66551,0.778078,0.669117,0.511243,0.511243,0.094356,0.555485,0.076633,0.098406,0.062102,0.143203,0.093188
full_finetune_pretraining,friction_compliance_shift,7,80,0.58,0.26869,0.66551,0.778078,0.669663,0.51122,0.51122,0.09446,0.556578,0.076891,0.098952,0.062676,0.143429,0.09342
full_finetune_pretraining,friction_compliance_shift,8,80,0.58,0.26869,0.66551,0.778078,0.6699,0.512121,0.512121,0.094486,0.555205,0.076397,0.098581,0.062236,0.142697,0.093065
full_finetune_pretraining,friction_compliance_shift,9,80,0.58,0.26869,0.66551,0.778078,0.669199,0.511833,0.511833,0.093934,0.555874,0.076431,0.098483,0.061505,0.143242,0.092916
full_finetune_pretraining,heldout_geometry,0,80,0.48,0.23744,0.65071,0.782133,0.679975,0.539945,0.539945,0.085653,0.559217,0.061826,0.092057,0.058566,0.139508,0.083584
full_finetune_pretraining,heldout_geometry,1,80,0.48,0.23744,0.65071,0.782133,0.679679,0.539051,0.539051,0.086038,0.559101,0.062324,0.092166,0.058858,0.139003,0.083842
full_finetune_pretraining,heldout_geometry,2,80,0.48,0.23744,0.65071,0.782133,0.679415,0.538775,0.538775,0.085621,0.559305,0.062514,0.092319,0.058697,0.13964,0.083871
full_finetune_pretraining,heldout_geometry,3,80,0.48,0.23744,0.65071,0.782133,0.680418,0.540295,0.540295,0.085231,0.558663,0.061968,0.092255,0.058873,0.139812,0.08358
full_finetune_pretraining,heldout_geometry,4,80,0.48,0.23744,0.65071,0.782133,0.680308,0.540197,0.540197,0.085181,0.559008,0.06212,0.092497,0.058774,0.138778,0.083425
full_finetune_pretraining,heldout_geometry,5,80,0.48,0.23744,0.65071,0.782133,0.679765,0.539284,0.539284,0.085384,0.558536,0.062452,0.092291,0.058618,0.139842,0.083796
full_finetune_pretraining,heldout_geometry,6,80,0.48,0.23744,0.65071,0.782133,0.680793,0.541342,0.541342,0.085011,0.55757,0.061476,0.091975,0.058487,0.139612,0.083244
full_finetune_pretraining,heldout_geometry,7,80,0.48,0.23744,0.65071,0.782133,0.68055,0.540051,0.540051,0.085968,0.558422,0.062101,0.091948,0.058987,0.139615,0.083857
full_finetune_pretraining,heldout_geometry,8,80,0.48,0.23744,0.65071,0.782133,0.679898,0.54032,0.54032,0.084676,0.558933,0.061653,0.092174,0.058836,0.139538,0.083219
full_finetune_pretraining,heldout_geometry,9,80,0.48,0.23744,0.65071,0.782133,0.681225,0.540113,0.540113,0.08673,0.558567,0.062621,0.091935,0.058644,0.139598,0.084276
full_finetune_pretraining,heldout_material,0,80,0.38,0.24009,0.61631,0.78231,0.686281,0.536725,0.536725,0.08474,0.558677,0.076796,0.086288,0.059157,0.139006,0.088931
full_finetune_pretraining,heldout_material,1,80,0.38,0.24009,0.61631,0.78231,0.687517,0.536921,0.536921,0.085665,0.557423,0.077779,0.086593,0.058599,0.139071,0.089575
full_finetune_pretraining,heldout_material,2,80,0.38,0.24009,0.61631,0.78231,0.687139,0.537756,0.537756,0.084106,0.558761,0.077133,0.08677,0.058418,0.138943,0.088758
full_finetune_pretraining,heldout_material,3,80,0.38,0.24009,0.61631,0.78231,0.687291,0.537615,0.537615,0.08507,0.559928,0.076745,0.086542,0.058936,0.139199,0.089036
full_finetune_pretraining,heldout_material,4,80,0.38,0.24009,0.61631,0.78231,0.687025,0.537414,0.537414,0.085064,0.558419,0.077013,0.085986,0.058608,0.138927,0.089054
full_finetune_pretraining,heldout_material,5,80,0.38,0.24009,0.61631,0.78231,0.685921,0.535695,0.535695,0.085602,0.558112,0.07727,0.086656,0.058886,0.138479,0.089282
full_finetune_pretraining,heldout_material,6,80,0.38,0.24009,0.61631,0.78231,0.685758,0.534946,0.534946,0.085711,0.558678,0.077666,0.086876,0.059204,0.139264,0.089643
full_finetune_pretraining,heldout_material,7,80,0.38,0.24009,0.61631,0.78231,0.686686,0.53699,0.53699,0.085217,0.559043,0.076748,0.086902,0.058853,0.138368,0.088929
full_finetune_pretraining,heldout_material,8,80,0.38,0.24009,0.61631,0.78231,0.686329,0.536146,0.536146,0.085429,0.557439,0.077249,0.086594,0.058809,0.139222,0.089341
full_finetune_pretraining,heldout_material,9,80,0.38,0.24009,0.61631,0.78231,0.686201,0.536133,0.536133,0.08557,0.559321,0.076983,0.086232,0.059228,0.138923,0.089276
full_finetune_pretraining,heldout_object,0,80,0.28,0.171086,0.59871,0.790684,0.701504,0.578309,0.578309,0.070095,0.565507,0.055612,0.080376,0.052085,0.134579,0.074397
full_finetune_pretraining,heldout_object,1,80,0.28,0.171086,0.59871,0.790684,0.702673,0.579423,0.579423,0.069829,0.564276,0.055659,0.080881,0.051952,0.135177,0.074419
full_finetune_pretraining,heldout_object,2,80,0.28,0.171086,0.59871,0.790684,0.700022,0.576699,0.576699,0.069929,0.564811,0.055547,0.081018,0.052202,0.135185,0.074437
full_finetune_pretraining,heldout_object,3,80,0.28,0.171086,0.59871,0.790684,0.701024,0.577128,0.577128,0.070401,0.565868,0.056298,0.080812,0.051855,0.134866,0.074791
full_finetune_pretraining,heldout_object,4,80,0.28,0.171086,0.59871,0.790684,0.700575,0.577522,0.577522,0.069368,0.564504,0.055713,0.081162,0.051707,0.135059,0.074238
full_finetune_pretraining,heldout_object,5,80,0.28,0.171086,0.59871,0.790684,0.702686,0.580246,0.580246,0.068967,0.564271,0.055173,0.080877,0.05178,0.135117,0.073914
full_finetune_pretraining,heldout_object,6,80,0.28,0.171086,0.59871,0.790684,0.700857,0.577596,0.577596,0.069854,0.564872,0.055403,0.081342,0.052342,0.134869,0.074314
full_finetune_pretraining,heldout_object,7,80,0.28,0.171086,0.59871,0.790684,0.700447,0.576598,0.576598,0.070577,0.564718,0.056008,0.080816,0.052236,0.134569,0.074725
full_finetune_pretraining,heldout_object,8,80,0.28,0.171086,0.59871,0.790684,0.700657,0.577003,0.577003,0.069824,0.565328,0.056007,0.080715,0.052488,0.13529,0.074624
full_finetune_pretraining,heldout_object,9,80,0.28,0.171086,0.59871,0.790684,0.700612,0.57687,0.57687,0.070189,0.565557,0.055963,0.080985,0.052055,0.135583,0.074741
full_finetune_pretraining,latency_contact_shift,0,80,0.76,0.299191,0.70671,0.773725,0.653268,0.485955,0.485955,0.10773,0.550174,0.073256,0.112028,0.066973,0.154567,0.098985
full_finetune_pretraining,latency_contact_shift,1,80,0.76,0.299191,0.70671,0.773725,0.652921,0.485767,0.485767,0.107656,0.548742,0.073024,0.112539,0.066817,0.154419,0.098829
full_finetune_pretraining,latency_contact_shift,2,80,0.76,0.299191,0.70671,0.773725,0.652871,0.485825,0.485825,0.107328,0.549929,0.073028,0.112496,0.067105,0.154043,0.09868
full_finetune_pretraining,latency_contact_shift,3,80,0.76,0.299191,0.70671,0.773725,0.653949,0.487137,0.487137,0.10815,0.549123,0.072111,0.11226,0.067229,0.154756,0.098752
full_finetune_pretraining,latency_contact_shift,4,80,0.76,0.299191,0.70671,0.773725,0.652682,0.485437,0.485437,0.107701,0.55053,0.07295,0.112469,0.067052,0.154974,0.09894
full_finetune_pretraining,latency_contact_shift,5,80,0.76,0.299191,0.70671,0.773725,0.651983,0.485139,0.485139,0.107389,0.54902,0.072796,0.112382,0.067001,0.154041,0.098602
full_finetune_pretraining,latency_contact_shift,6,80,0.76,0.299191,0.70671,0.773725,0.653572,0.486594,0.486594,0.106306,0.54993,0.073752,0.112292,0.066793,0.154047,0.098578
full_finetune_pretraining,latency_contact_shift,7,80,0.76,0.299191,0.70671,0.773725,0.653379,0.48647,0.48647,0.107491,0.549532,0.072511,0.112718,0.067282,0.154597,0.098657
full_finetune_pretraining,latency_contact_shift,8,80,0.76,0.299191,0.70671,0.773725,0.653392,0.4866,0.4866,0.107479,0.551009,0.072709,0.112167,0.067032,0.154118,0.098617
full_finetune_pretraining,latency_contact_shift,9,80,0.76,0.299191,0.70671,0.773725,0.652714,0.485739,0.485739,0.107466,0.550668,0.073002,0.112406,0.066739,0.154229,0.098714
full_finetune_pretraining,sensor_bias_shift,0,80,0.68,0.275466,0.68031,0.776823,0.660445,0.498765,0.498765,0.102396,0.553083,0.069694,0.110456,0.064931,0.15792,0.096217
full_finetune_pretraining,sensor_bias_shift,1,80,0.68,0.275466,0.68031,0.776823,0.661996,0.500727,0.500727,0.101811,0.554397,0.069454,0.110259,0.065144,0.157964,0.095956
full_finetune_pretraining,sensor_bias_shift,2,80,0.68,0.275466,0.68031,0.776823,0.659399,0.498111,0.498111,0.102542,0.553782,0.069068,0.110219,0.064963,0.15831,0.096102
full_finetune_pretraining,sensor_bias_shift,3,80,0.68,0.275466,0.68031,0.776823,0.661404,0.500607,0.500607,0.101604,0.554254,0.069113,0.110403,0.064498,0.158365,0.095764
full_finetune_pretraining,sensor_bias_shift,4,80,0.68,0.275466,0.68031,0.776823,0.6606,0.498996,0.498996,0.101854,0.55416,0.069681,0.110969,0.065039,0.158162,0.096082
full_finetune_pretraining,sensor_bias_shift,5,80,0.68,0.275466,0.68031,0.776823,0.661791,0.501229,0.501229,0.101926,0.554524,0.068575,0.110735,0.064425,0.158112,0.095616
full_finetune_pretraining,sensor_bias_shift,6,80,0.68,0.275466,0.68031,0.776823,0.661111,0.500088,0.500088,0.102155,0.552925,0.069084,0.110958,0.064211,0.158107,0.095865
full_finetune_pretraining,sensor_bias_shift,7,80,0.68,0.275466,0.68031,0.776823,0.661688,0.500873,0.500873,0.101971,0.55408,0.068921,0.110352,0.064511,0.158379,0.09582
full_finetune_pretraining,sensor_bias_shift,8,80,0.68,0.275466,0.68031,0.776823,0.661361,0.500305,0.500305,0.101851,0.553343,0.069051,0.110874,0.064838,0.158211,0.09583
full_finetune_pretraining,sensor_bias_shift,9,80,0.68,0.275466,0.68031,0.776823,0.661127,0.500267,0.500267,0.101941,0.554316,0.06875,0.110488,0.065081,0.158152,0.09576
invariant_risk_tactile_alignment,clean_transfer,0,80,0.06,0.121263,0.54851,0.724487,0.693879,0.590298,0.590298,0.048954,0.609845,0.044038,0.092934,0.044609,0.118688,0.059204
invariant_risk_tactile_alignment,clean_transfer,1,80,0.06,0.121263,0.54851,0.724487,0.693782,0.590468,0.590468,0.048506,0.610361,0.043856,0.093201,0.044806,0.118257,0.058924
invariant_risk_tactile_alignment,clean_transfer,2,80,0.06,0.121263,0.54851,0.724487,0.694811,0.590882,0.590882,0.048943,0.608916,0.044509,0.092909,0.044735,0.118441,0.059347
invariant_risk_tactile_alignment,clean_transfer,3,80,0.06,0.121263,0.54851,0.724487,0.695601,0.591917,0.591917,0.048782,0.609517,0.0445,0.092712,0.044536,0.117946,0.05918
invariant_risk_tactile_alignment,clean_transfer,4,80,0.06,0.121263,0.54851,0.724487,0.694903,0.591578,0.591578,0.04854,0.611465,0.043938,0.093182,0.044541,0.118454,0.058976
invariant_risk_tactile_alignment,clean_transfer,5,80,0.06,0.121263,0.54851,0.724487,0.694302,0.591104,0.591104,0.047929,0.609081,0.044108,0.093201,0.044498,0.118716,0.058876
invariant_risk_tactile_alignment,clean_transfer,6,80,0.06,0.121263,0.54851,0.724487,0.693885,0.590363,0.590363,0.048738,0.610629,0.043938,0.093479,0.044525,0.11885,0.059113
invariant_risk_tactile_alignment,clean_transfer,7,80,0.06,0.121263,0.54851,0.724487,0.694268,0.589961,0.589961,0.049542,0.61082,0.044195,0.093577,0.045176,0.118882,0.059554
invariant_risk_tactile_alignment,clean_transfer,8,80,0.06,0.121263,0.54851,0.724487,0.693718,0.589832,0.589832,0.048844,0.609211,0.044368,0.093483,0.044688,0.118398,0.059247
invariant_risk_tactile_alignment,clean_transfer,9,80,0.06,0.121263,0.54851,0.724487,0.694376,0.590974,0.590974,0.04872,0.610347,0.043973,0.093329,0.044384,0.118364,0.059018
invariant_risk_tactile_alignment,combined_stress,0,80,0.88,0.362293,0.75471,0.692443,0.617859,0.443464,0.443464,0.104136,0.587372,0.071852,0.161271,0.067925,0.142897,0.095224
invariant_risk_tactile_alignment,combined_stress,1,80,0.88,0.362293,0.75471,0.692443,0.618098,0.443414,0.443414,0.104374,0.586555,0.072094,0.161086,0.067965,0.14315,0.095446
invariant_risk_tactile_alignment,combined_stress,2,80,0.88,0.362293,0.75471,0.692443,0.618871,0.443939,0.443939,0.10482,0.586415,0.072,0.161344,0.068231,0.142942,0.095552
invariant_risk_tactile_alignment,combined_stress,3,80,0.88,0.362293,0.75471,0.692443,0.618467,0.444104,0.444104,0.10382,0.588239,0.071976,0.160961,0.06816,0.142983,0.095203
invariant_risk_tactile_alignment,combined_stress,4,80,0.88,0.362293,0.75471,0.692443,0.617596,0.442897,0.442897,0.104481,0.587439,0.071835,0.161081,0.068467,0.143139,0.095433
invariant_risk_tactile_alignment,combined_stress,5,80,0.88,0.362293,0.75471,0.692443,0.619188,0.444644,0.444644,0.104091,0.586788,0.071888,0.161069,0.06835,0.14333,0.095343
invariant_risk_tactile_alignment,combined_stress,6,80,0.88,0.362293,0.75471,0.692443,0.618588,0.44351,0.44351,0.104488,0.586973,0.072378,0.161112,0.068265,0.143411,0.09567
invariant_risk_tactile_alignment,combined_stress,7,80,0.88,0.362293,0.75471,0.692443,0.620034,0.445199,0.445199,0.104342,0.587515,0.071953,0.161785,0.068227,0.143428,0.095458
invariant_risk_tactile_alignment,combined_stress,8,80,0.88,0.362293,0.75471,0.692443,0.618816,0.444828,0.444828,0.103097,0.587554,0.071745,0.161484,0.067952,0.143599,0.094959
invariant_risk_tactile_alignment,combined_stress,9,80,0.88,0.362293,0.75471,0.692443,0.620251,0.445401,0.445401,0.104185,0.587785,0.072244,0.161265,0.06833,0.143017,0.095452
invariant_risk_tactile_alignment,friction_compliance_shift,0,80,0.58,0.26869,0.66551,0.704688,0.645948,0.498765,0.498765,0.078819,0.596746,0.065175,0.133559,0.058126,0.129182,0.080631
invariant_risk_tactile_alignment,friction_compliance_shift,1,80,0.58,0.26869,0.66551,0.704688,0.647151,0.500707,0.500707,0.077703,0.597644,0.064863,0.133575,0.058231,0.12882,0.080078
invariant_risk_tactile_alignment,friction_compliance_shift,2,80,0.58,0.26869,0.66551,0.704688,0.646027,0.499266,0.499266,0.078255,0.597511,0.064925,0.13372,0.057987,0.129392,0.080368
invariant_risk_tactile_alignment,friction_compliance_shift,3,80,0.58,0.26869,0.66551,0.704688,0.647453,0.500949,0.500949,0.077998,0.597155,0.064824,0.133581,0.057964,0.129153,0.080196
invariant_risk_tactile_alignment,friction_compliance_shift,4,80,0.58,0.26869,0.66551,0.704688,0.646132,0.49932,0.49932,0.078671,0.597288,0.06488,0.133702,0.057914,0.128768,0.080372
invariant_risk_tactile_alignment,friction_compliance_shift,5,80,0.58,0.26869,0.66551,0.704688,0.647548,0.500257,0.500257,0.078647,0.598264,0.065538,0.133518,0.058064,0.12873,0.080622
invariant_risk_tactile_alignment,friction_compliance_shift,6,80,0.58,0.26869,0.66551,0.704688,0.646828,0.499741,0.499741,0.07907,0.597835,0.064945,0.133722,0.058085,0.12867,0.080532
invariant_risk_tactile_alignment,friction_compliance_shift,7,80,0.58,0.26869,0.66551,0.704688,0.64693,0.500621,0.500621,0.078019,0.598162,0.064492,0.133873,0.057799,0.129411,0.080107
invariant_risk_tactile_alignment,friction_compliance_shift,8,80,0.58,0.26869,0.66551,0.704688,0.644794,0.498083,0.498083,0.078232,0.596848,0.064951,0.133646,0.058039,0.128905,0.080287
invariant_risk_tactile_alignment,friction_compliance_shift,9,80,0.58,0.26869,0.66551,0.704688,0.646721,0.499196,0.499196,0.078846,0.598,0.065565,0.133954,0.058007,0.129129,0.080766
invariant_risk_tactile_alignment,heldout_geometry,0,80,0.48,0.23744,0.65071,0.708774,0.65677,0.524839,0.524839,0.071153,0.599528,0.053712,0.125463,0.05459,0.125795,0.072704
invariant_risk_tactile_alignment,heldout_geometry,1,80,0.48,0.23744,0.65071,0.708774,0.657281,0.525325,0.525325,0.071195,0.600572,0.053671,0.125528,0.054674,0.125746,0.072703
invariant_risk_tactile_alignment,heldout_geometry,2,80,0.48,0.23744,0.65071,0.708774,0.656062,0.523819,0.523819,0.071815,0.600616,0.053515,0.125252,0.055113,0.126111,0.072964
invariant_risk_tactile_alignment,heldout_geometry,3,80,0.48,0.23744,0.65071,0.708774,0.657312,0.524652,0.524652,0.071519,0.600792,0.054209,0.125656,0.055043,0.125861,0.073075
invariant_risk_tactile_alignment,heldout_geometry,4,80,0.48,0.23744,0.65071,0.708774,0.65562,0.523067,0.523067,0.072309,0.599611,0.053453,0.125714,0.055341,0.125773,0.073071
invariant_risk_tactile_alignment,heldout_geometry,5,80,0.48,0.23744,0.65071,0.708774,0.656795,0.524134,0.524134,0.072168,0.599411,0.053912,0.125509,0.05496,0.125762,0.073157
invariant_risk_tactile_alignment,heldout_geometry,6,80,0.48,0.23744,0.65071,0.708774,0.656478,0.523355,0.523355,0.071661,0.598841,0.054844,0.125535,0.054977,0.125675,0.073324
invariant_risk_tactile_alignment,heldout_geometry,7,80,0.48,0.23744,0.65071,0.708774,0.656827,0.524027,0.524027,0.072218,0.600181,0.054016,0.125576,0.054994,0.125876,0.073237
invariant_risk_tactile_alignment,heldout_geometry,8,80,0.48,0.23744,0.65071,0.708774,0.656938,0.525055,0.525055,0.071221,0.59981,0.053439,0.125518,0.054855,0.126007,0.072689
invariant_risk_tactile_alignment,heldout_geometry,9,80,0.48,0.23744,0.65071,0.708774,0.656737,0.523242,0.523242,0.072134,0.599066,0.054827,0.125461,0.055504,0.125836,0.073561
invariant_risk_tactile_alignment,heldout_material,0,80,0.38,0.24009,0.61631,0.709599,0.662503,0.523281,0.523281,0.071291,0.601006,0.065423,0.118072,0.055016,0.126222,0.077321
invariant_risk_tactile_alignment,heldout_material,1,80,0.38,0.24009,0.61631,0.709599,0.662262,0.522763,0.522763,0.071153,0.601004,0.065945,0.118213,0.055124,0.125289,0.077316
invariant_risk_tactile_alignment,heldout_material,2,80,0.38,0.24009,0.61631,0.709599,0.66161,0.522335,0.522335,0.070885,0.600159,0.065605,0.118373,0.055124,0.126227,0.077264
invariant_risk_tactile_alignment,heldout_material,3,80,0.38,0.24009,0.61631,0.709599,0.661937,0.522811,0.522811,0.070675,0.600379,0.06573,0.118293,0.054888,0.125775,0.077135
invariant_risk_tactile_alignment,heldout_material,4,80,0.38,0.24009,0.61631,0.709599,0.663172,0.524349,0.524349,0.070593,0.599828,0.065413,0.117943,0.054944,0.126014,0.077035
invariant_risk_tactile_alignment,heldout_material,5,80,0.38,0.24009,0.61631,0.709599,0.664485,0.525308,0.525308,0.071045,0.599967,0.065583,0.118164,0.055047,0.125534,0.077178
invariant_risk_tactile_alignment,heldout_material,6,80,0.38,0.24009,0.61631,0.709599,0.663056,0.523497,0.523497,0.071015,0.599816,0.066052,0.118338,0.05502,0.125692,0.077371
invariant_risk_tactile_alignment,heldout_material,7,80,0.38,0.24009,0.61631,0.709599,0.662058,0.523151,0.523151,0.070271,0.600036,0.065602,0.118783,0.054676,0.125923,0.076955
invariant_risk_tactile_alignment,heldout_material,8,80,0.38,0.24009,0.61631,0.709599,0.6636,0.524268,0.524268,0.071493,0.599871,0.065366,0.118228,0.055342,0.125578,0.077285
invariant_risk_tactile_alignment,heldout_material,9,80,0.38,0.24009,0.61631,0.709599,0.663096,0.523997,0.523997,0.071084,0.599614,0.065421,0.118403,0.055017,0.125373,0.077098
invariant_risk_tactile_alignment,heldout_object,0,80,0.28,0.171086,0.59871,0.717317,0.675882,0.559007,0.559007,0.058265,0.605856,0.048788,0.109768,0.049067,0.122525,0.065311
invariant_risk_tactile_alignment,heldout_object,1,80,0.28,0.171086,0.59871,0.717317,0.674631,0.557313,0.557313,0.058132,0.605591,0.049314,0.109924,0.049163,0.122919,0.065546
invariant_risk_tactile_alignment,heldout_object,2,80,0.28,0.171086,0.59871,0.717317,0.675346,0.557654,0.557654,0.05893,0.604596,0.04898,0.110315,0.050029,0.122075,0.065625
invariant_risk_tactile_alignment,heldout_object,3,80,0.28,0.171086,0.59871,0.717317,0.674856,0.557547,0.557547,0.058825,0.607361,0.048797,0.109911,0.049475,0.122633,0.065565
invariant_risk_tactile_alignment,heldout_object,4,80,0.28,0.171086,0.59871,0.717317,0.674957,0.557276,0.557276,0.058995,0.606641,0.049192,0.110308,0.049411,0.122097,0.06567
invariant_risk_tactile_alignment,heldout_object,5,80,0.28,0.171086,0.59871,0.717317,0.675092,0.557986,0.557986,0.057912,0.606249,0.049281,0.109899,0.048939,0.122823,0.065419
invariant_risk_tactile_alignment,heldout_object,6,80,0.28,0.171086,0.59871,0.717317,0.674837,0.557106,0.557106,0.058949,0.605579,0.04914,0.110653,0.049616,0.121829,0.065607
invariant_risk_tactile_alignment,heldout_object,7,80,0.28,0.171086,0.59871,0.717317,0.674542,0.556824,0.556824,0.058351,0.606493,0.049655,0.109928,0.049382,0.122734,0.065739
invariant_risk_tactile_alignment,heldout_object,8,80,0.28,0.171086,0.59871,0.717317,0.674474,0.556286,0.556286,0.059887,0.605812,0.049254,0.110346,0.049429,0.122483,0.066068
invariant_risk_tactile_alignment,heldout_object,9,80,0.28,0.171086,0.59871,0.717317,0.673981,0.556284,0.556284,0.059144,0.605512,0.049004,0.110312,0.049522,0.122531,0.065738
invariant_risk_tactile_alignment,latency_contact_shift,0,80,0.76,0.299191,0.70671,0.69981,0.632235,0.476336,0.476336,0.09022,0.593677,0.06167,0.150473,0.062486,0.138031,0.085204
invariant_risk_tactile_alignment,latency_contact_shift,1,80,0.76,0.299191,0.70671,0.69981,0.630736,0.47416,0.47416,0.090294,0.592734,0.062487,0.150559,0.062915,0.137066,0.085408
invariant_risk_tactile_alignment,latency_contact_shift,2,80,0.76,0.299191,0.70671,0.69981,0.630794,0.473112,0.473112,0.09172,0.591106,0.063175,0.150631,0.062606,0.137378,0.08618
invariant_risk_tactile_alignment,latency_contact_shift,3,80,0.76,0.299191,0.70671,0.69981,0.633066,0.477244,0.477244,0.089279,0.59129,0.062199,0.150937,0.062114,0.137809,0.085007
invariant_risk_tactile_alignment,latency_contact_shift,4,80,0.76,0.299191,0.70671,0.69981,0.630752,0.47389,0.47389,0.090564,0.591964,0.062592,0.150836,0.062806,0.137567,0.085619
invariant_risk_tactile_alignment,latency_contact_shift,5,80,0.76,0.299191,0.70671,0.69981,0.63193,0.475942,0.475942,0.090237,0.59248,0.061845,0.150376,0.062504,0.137772,0.085231
invariant_risk_tactile_alignment,latency_contact_shift,6,80,0.76,0.299191,0.70671,0.69981,0.631147,0.474924,0.474924,0.089953,0.591317,0.062251,0.150807,0.062405,0.137757,0.085276
invariant_risk_tactile_alignment,latency_contact_shift,7,80,0.76,0.299191,0.70671,0.69981,0.63094,0.47393,0.47393,0.090322,0.591737,0.063177,0.150592,0.062635,0.137011,0.085642
invariant_risk_tactile_alignment,latency_contact_shift,8,80,0.76,0.299191,0.70671,0.69981,0.631959,0.475637,0.475637,0.090195,0.593154,0.062494,0.150508,0.062028,0.137728,0.085408
invariant_risk_tactile_alignment,latency_contact_shift,9,80,0.76,0.299191,0.70671,0.69981,0.631708,0.476078,0.476078,0.089364,0.592466,0.061885,0.150427,0.062448,0.137867,0.084961
invariant_risk_tactile_alignment,sensor_bias_shift,0,80,0.68,0.275466,0.68031,0.702956,0.639449,0.487994,0.487994,0.086093,0.596289,0.059762,0.147186,0.060316,0.140061,0.083224
invariant_risk_tactile_alignment,sensor_bias_shift,1,80,0.68,0.275466,0.68031,0.702956,0.638422,0.487333,0.487333,0.085236,0.596481,0.059729,0.147392,0.060239,0.140252,0.082946
invariant_risk_tactile_alignment,sensor_bias_shift,2,80,0.68,0.275466,0.68031,0.702956,0.640904,0.489745,0.489745,0.08553,0.595586,0.059876,0.147066,0.05997,0.140146,0.083057
invariant_risk_tactile_alignment,sensor_bias_shift,3,80,0.68,0.275466,0.68031,0.702956,0.638652,0.487528,0.487528,0.085967,0.596229,0.059368,0.147311,0.060314,0.139984,0.083017
invariant_risk_tactile_alignment,sensor_bias_shift,4,80,0.68,0.275466,0.68031,0.702956,0.639641,0.488569,0.488569,0.08517,0.596268,0.059983,0.146862,0.060076,0.140196,0.082994
invariant_risk_tactile_alignment,sensor_bias_shift,5,80,0.68,0.275466,0.68031,0.702956,0.638755,0.488325,0.488325,0.085265,0.596604,0.058804,0.147157,0.060444,0.140244,0.082624
invariant_risk_tactile_alignment,sensor_bias_shift,6,80,0.68,0.275466,0.68031,0.702956,0.639112,0.487689,0.487689,0.086322,0.596437,0.059591,0.146827,0.060388,0.140448,0.083314
invariant_risk_tactile_alignment,sensor_bias_shift,7,80,0.68,0.275466,0.68031,0.702956,0.638662,0.487966,0.487966,0.085417,0.59672,0.059332,0.146967,0.060052,0.140023,0.082797
invariant_risk_tactile_alignment,sensor_bias_shift,8,80,0.68,0.275466,0.68031,0.702956,0.639211,0.488117,0.488117,0.085813,0.595257,0.059444,0.146994,0.060436,0.1401,0.083027
invariant_risk_tactile_alignment,sensor_bias_shift,9,80,0.68,0.275466,0.68031,0.702956,0.638475,0.486822,0.486822,0.086347,0.595321,0.059719,0.146933,0.060803,0.140182,0.083364
masked_autoencoder_tactile_pretraining,clean_transfer,0,80,0.06,0.121263,0.54851,0.816726,0.729041,0.623496,0.623496,0.055705,0.592416,0.047972,0.067117,0.046252,0.128439,0.064913
masked_autoencoder_tactile_pretraining,clean_transfer,1,80,0.06,0.121263,0.54851,0.816726,0.72797,0.62243,0.62243,0.056099,0.592565,0.047967,0.066931,0.045954,0.128089,0.064952
masked_autoencoder_tactile_pretraining,clean_transfer,2,80,0.06,0.121263,0.54851,0.816726,0.729287,0.623926,0.623926,0.055612,0.592025,0.047985,0.067172,0.045918,0.12796,0.064767
masked_autoencoder_tactile_pretraining,clean_transfer,3,80,0.06,0.121263,0.54851,0.816726,0.729953,0.623975,0.623975,0.056083,0.592003,0.048459,0.066798,0.046142,0.128502,0.065227
masked_autoencoder_tactile_pretraining,clean_transfer,4,80,0.06,0.121263,0.54851,0.816726,0.729386,0.623876,0.623876,0.055992,0.592487,0.047866,0.06708,0.046001,0.12846,0.064949
masked_autoencoder_tactile_pretraining,clean_transfer,5,80,0.06,0.121263,0.54851,0.816726,0.729911,0.624775,0.624775,0.055563,0.593236,0.047674,0.066877,0.046173,0.128047,0.064673
masked_autoencoder_tactile_pretraining,clean_transfer,6,80,0.06,0.121263,0.54851,0.816726,0.729167,0.623439,0.623439,0.055899,0.593104,0.048359,0.067123,0.045645,0.128455,0.065068
masked_autoencoder_tactile_pretraining,clean_transfer,7,80,0.06,0.121263,0.54851,0.816726,0.727996,0.622112,0.622112,0.055291,0.592161,0.048671,0.06694,0.046495,0.128179,0.065016
masked_autoencoder_tactile_pretraining,clean_transfer,8,80,0.06,0.121263,0.54851,0.816726,0.728448,0.622192,0.622192,0.05627,0.592374,0.048529,0.067097,0.046129,0.129172,0.065437
masked_autoencoder_tactile_pretraining,clean_transfer,9,80,0.06,0.121263,0.54851,0.816726,0.727734,0.62169,0.62169,0.056616,0.593534,0.048357,0.066649,0.0462,0.127795,0.065248
masked_autoencoder_tactile_pretraining,combined_stress,0,80,0.88,0.362293,0.75471,0.784502,0.646148,0.46211,0.46211,0.121717,0.569944,0.082696,0.118567,0.072229,0.157273,0.10834
masked_autoencoder_tactile_pretraining,combined_stress,1,80,0.88,0.362293,0.75471,0.784502,0.646983,0.463027,0.463027,0.121217,0.567771,0.082697,0.118586,0.072519,0.157655,0.108268
masked_autoencoder_tactile_pretraining,combined_stress,2,80,0.88,0.362293,0.75471,0.784502,0.646588,0.462091,0.462091,0.121136,0.567963,0.083577,0.118763,0.072384,0.157063,0.108455
masked_autoencoder_tactile_pretraining,combined_stress,3,80,0.88,0.362293,0.75471,0.784502,0.647066,0.4641,0.4641,0.120237,0.568395,0.082046,0.118372,0.072701,0.156992,0.107587
masked_autoencoder_tactile_pretraining,combined_stress,4,80,0.88,0.362293,0.75471,0.784502,0.646381,0.462457,0.462457,0.12076,0.568147,0.083187,0.118784,0.071943,0.157251,0.108169
masked_autoencoder_tactile_pretraining,combined_stress,5,80,0.88,0.362293,0.75471,0.784502,0.647304,0.463852,0.463852,0.120003,0.56895,0.083005,0.118645,0.072058,0.157215,0.107848
masked_autoencoder_tactile_pretraining,combined_stress,6,80,0.88,0.362293,0.75471,0.784502,0.646558,0.462437,0.462437,0.121586,0.569634,0.082753,0.118468,0.072664,0.157126,0.108334
masked_autoencoder_tactile_pretraining,combined_stress,7,80,0.88,0.362293,0.75471,0.784502,0.646879,0.462813,0.462813,0.120883,0.568883,0.083153,0.118639,0.072452,0.157091,0.10822
masked_autoencoder_tactile_pretraining,combined_stress,8,80,0.88,0.362293,0.75471,0.784502,0.645972,0.461399,0.461399,0.121526,0.56794,0.083208,0.118745,0.072897,0.157171,0.108519
masked_autoencoder_tactile_pretraining,combined_stress,9,80,0.88,0.362293,0.75471,0.784502,0.646071,0.4632,0.4632,0.1205,0.567752,0.082082,0.11815,0.072178,0.156799,0.107603
masked_autoencoder_tactile_pretraining,friction_compliance_shift,0,80,0.58,0.26869,0.66551,0.796883,0.676693,0.523302,0.523302,0.091435,0.579442,0.073679,0.096874,0.061278,0.140021,0.090417
masked_autoencoder_tactile_pretraining,friction_compliance_shift,1,80,0.58,0.26869,0.66551,0.796883,0.676613,0.523012,0.523012,0.091058,0.579228,0.074118,0.096745,0.061417,0.140332,0.090526
masked_autoencoder_tactile_pretraining,friction_compliance_shift,2,80,0.58,0.26869,0.66551,0.796883,0.678088,0.524522,0.524522,0.091589,0.57926,0.073859,0.096884,0.061327,0.139633,0.090473
masked_autoencoder_tactile_pretraining,friction_compliance_shift,3,80,0.58,0.26869,0.66551,0.796883,0.677781,0.523876,0.523876,0.091668,0.578996,0.073954,0.096903,0.061781,0.140335,0.090708
masked_autoencoder_tactile_pretraining,friction_compliance_shift,4,80,0.58,0.26869,0.66551,0.796883,0.677771,0.524193,0.524193,0.091717,0.579156,0.073807,0.096764,0.06137,0.139685,0.090511
masked_autoencoder_tactile_pretraining,friction_compliance_shift,5,80,0.58,0.26869,0.66551,0.796883,0.676995,0.523367,0.523367,0.091532,0.579497,0.07384,0.097046,0.061362,0.140099,0.090534
masked_autoencoder_tactile_pretraining,friction_compliance_shift,6,80,0.58,0.26869,0.66551,0.796883,0.677129,0.523715,0.523715,0.090558,0.579568,0.074406,0.096562,0.061082,0.140107,0.090391
masked_autoencoder_tactile_pretraining,friction_compliance_shift,7,80,0.58,0.26869,0.66551,0.796883,0.67675,0.522713,0.522713,0.092031,0.578636,0.073974,0.09716,0.061484,0.140268,0.090797
masked_autoencoder_tactile_pretraining,friction_compliance_shift,8,80,0.58,0.26869,0.66551,0.796883,0.676368,0.522351,0.522351,0.091227,0.578694,0.074733,0.096618,0.061309,0.139899,0.090729
masked_autoencoder_tactile_pretraining,friction_compliance_shift,9,80,0.58,0.26869,0.66551,0.796883,0.677112,0.523582,0.523582,0.091177,0.579465,0.074161,0.096662,0.061265,0.13959,0.090434
masked_autoencoder_tactile_pretraining,heldout_geometry,0,80,0.48,0.23744,0.65071,0.801016,0.688464,0.550707,0.550707,0.084273,0.58167,0.060581,0.090804,0.058187,0.13673,0.082104
masked_autoencoder_tactile_pretraining,heldout_geometry,1,80,0.48,0.23744,0.65071,0.801016,0.688518,0.550935,0.550935,0.083839,0.581558,0.060679,0.090122,0.058464,0.136811,0.082036
masked_autoencoder_tactile_pretraining,heldout_geometry,2,80,0.48,0.23744,0.65071,0.801016,0.689158,0.551793,0.551793,0.083067,0.581064,0.060937,0.090114,0.058301,0.136749,0.081844
masked_autoencoder_tactile_pretraining,heldout_geometry,3,80,0.48,0.23744,0.65071,0.801016,0.688535,0.550864,0.550864,0.084065,0.582408,0.06082,0.090464,0.057912,0.136666,0.082085
masked_autoencoder_tactile_pretraining,heldout_geometry,4,80,0.48,0.23744,0.65071,0.801016,0.688123,0.551017,0.551017,0.083665,0.581863,0.060326,0.090554,0.057951,0.136247,0.08169
masked_autoencoder_tactile_pretraining,heldout_geometry,5,80,0.48,0.23744,0.65071,0.801016,0.688099,0.550072,0.550072,0.084144,0.582269,0.061071,0.09034,0.058376,0.136779,0.082274
masked_autoencoder_tactile_pretraining,heldout_geometry,6,80,0.48,0.23744,0.65071,0.801016,0.688605,0.551526,0.551526,0.08336,0.581557,0.060419,0.090643,0.057678,0.13715,0.081757
masked_autoencoder_tactile_pretraining,heldout_geometry,7,80,0.48,0.23744,0.65071,0.801016,0.689095,0.551743,0.551743,0.083252,0.582763,0.060751,0.090464,0.058133,0.136903,0.081847
masked_autoencoder_tactile_pretraining,heldout_geometry,8,80,0.48,0.23744,0.65071,0.801016,0.687991,0.550246,0.550246,0.083914,0.582918,0.060885,0.090804,0.058079,0.136385,0.082025
masked_autoencoder_tactile_pretraining,heldout_geometry,9,80,0.48,0.23744,0.65071,0.801016,0.68789,0.551412,0.551412,0.082896,0.582824,0.059781,0.090722,0.058033,0.136729,0.081316
masked_autoencoder_tactile_pretraining,heldout_material,0,80,0.38,0.24009,0.61631,0.801446,0.694388,0.548043,0.548043,0.082958,0.584167,0.074799,0.085394,0.057854,0.136355,0.086959
masked_autoencoder_tactile_pretraining,heldout_material,1,80,0.38,0.24009,0.61631,0.801446,0.69536,0.549273,0.549273,0.082702,0.580581,0.074739,0.084881,0.057958,0.13619,0.08683
masked_autoencoder_tactile_pretraining,heldout_material,2,80,0.38,0.24009,0.61631,0.801446,0.693649,0.547113,0.547113,0.082986,0.582243,0.075163,0.085093,0.057926,0.135965,0.087043
masked_autoencoder_tactile_pretraining,heldout_material,3,80,0.38,0.24009,0.61631,0.801446,0.694994,0.548126,0.548126,0.083096,0.58328,0.075536,0.085212,0.057763,0.136227,0.087253
masked_autoencoder_tactile_pretraining,heldout_material,4,80,0.38,0.24009,0.61631,0.801446,0.69619,0.550239,0.550239,0.082247,0.583147,0.074609,0.085605,0.057878,0.136454,0.086665
masked_autoencoder_tactile_pretraining,heldout_material,5,80,0.38,0.24009,0.61631,0.801446,0.695464,0.549112,0.549112,0.082975,0.582999,0.074997,0.085122,0.057619,0.136252,0.086998
masked_autoencoder_tactile_pretraining,heldout_material,6,80,0.38,0.24009,0.61631,0.801446,0.693984,0.548028,0.548028,0.082214,0.581824,0.074701,0.085416,0.057814,0.136579,0.086705
masked_autoencoder_tactile_pretraining,heldout_material,7,80,0.38,0.24009,0.61631,0.801446,0.693783,0.547596,0.547596,0.082563,0.582314,0.074828,0.085632,0.057828,0.135974,0.086764
masked_autoencoder_tactile_pretraining,heldout_material,8,80,0.38,0.24009,0.61631,0.801446,0.694046,0.547923,0.547923,0.082667,0.582256,0.074814,0.08523,0.057702,0.136213,0.086825
masked_autoencoder_tactile_pretraining,heldout_material,9,80,0.38,0.24009,0.61631,0.801446,0.692749,0.546344,0.546344,0.082804,0.582567,0.075146,0.085234,0.057619,0.136215,0.08699
masked_autoencoder_tactile_pretraining,heldout_object,0,80,0.28,0.171086,0.59871,0.809701,0.709289,0.587981,0.587981,0.068257,0.588607,0.055053,0.079534,0.05131,0.132805,0.073163
masked_autoencoder_tactile_pretraining,heldout_object,1,80,0.28,0.171086,0.59871,0.809701,0.70843,0.586956,0.586956,0.068775,0.588702,0.054806,0.079598,0.051775,0.132405,0.07322
masked_autoencoder_tactile_pretraining,heldout_object,2,80,0.28,0.171086,0.59871,0.809701,0.708509,0.587418,0.587418,0.068397,0.588908,0.054791,0.079279,0.05127,0.132652,0.07308
masked_autoencoder_tactile_pretraining,heldout_object,3,80,0.28,0.171086,0.59871,0.809701,0.707782,0.587449,0.587449,0.067678,0.586976,0.054163,0.079727,0.051255,0.132135,0.072502
masked_autoencoder_tactile_pretraining,heldout_object,4,80,0.28,0.171086,0.59871,0.809701,0.708882,0.588003,0.588003,0.06831,0.587078,0.054434,0.079644,0.051493,0.132159,0.072848
masked_autoencoder_tactile_pretraining,heldout_object,5,80,0.28,0.171086,0.59871,0.809701,0.709543,0.589154,0.589154,0.067175,0.587731,0.054224,0.080118,0.051555,0.132587,0.072466
masked_autoencoder_tactile_pretraining,heldout_object,6,80,0.28,0.171086,0.59871,0.809701,0.708773,0.587802,0.587802,0.068127,0.587932,0.054742,0.079493,0.051283,0.132553,0.072953
masked_autoencoder_tactile_pretraining,heldout_object,7,80,0.28,0.171086,0.59871,0.809701,0.707794,0.586172,0.586172,0.068752,0.588961,0.054876,0.079923,0.051882,0.132421,0.073253
masked_autoencoder_tactile_pretraining,heldout_object,8,80,0.28,0.171086,0.59871,0.809701,0.708437,0.58707,0.58707,0.068736,0.588862,0.054826,0.079117,0.051817,0.132309,0.073201
masked_autoencoder_tactile_pretraining,heldout_object,9,80,0.28,0.171086,0.59871,0.809701,0.708539,0.587405,0.587405,0.068273,0.588215,0.054828,0.079343,0.051554,0.132391,0.073033
masked_autoencoder_tactile_pretraining,latency_contact_shift,0,80,0.76,0.299191,0.70671,0.792256,0.660927,0.497388,0.497388,0.105446,0.571777,0.071242,0.110299,0.065746,0.150533,0.096594
masked_autoencoder_tactile_pretraining,latency_contact_shift,1,80,0.76,0.299191,0.70671,0.792256,0.662217,0.499044,0.499044,0.104842,0.57321,0.071072,0.110544,0.065677,0.150532,0.096317
masked_autoencoder_tactile_pretraining,latency_contact_shift,2,80,0.76,0.299191,0.70671,0.792256,0.661538,0.498818,0.498818,0.104197,0.572723,0.070868,0.11055,0.065555,0.150753,0.096048
masked_autoencoder_tactile_pretraining,latency_contact_shift,3,80,0.76,0.299191,0.70671,0.792256,0.661217,0.498142,0.498142,0.10478,0.572304,0.071124,0.110163,0.065766,0.150096,0.096246
masked_autoencoder_tactile_pretraining,latency_contact_shift,4,80,0.76,0.299191,0.70671,0.792256,0.661877,0.498914,0.498914,0.10519,0.571718,0.070674,0.110381,0.065548,0.150575,0.096279
masked_autoencoder_tactile_pretraining,latency_contact_shift,5,80,0.76,0.299191,0.70671,0.792256,0.661259,0.498161,0.498161,0.105309,0.573951,0.070521,0.110224,0.066182,0.150798,0.096365
masked_autoencoder_tactile_pretraining,latency_contact_shift,6,80,0.76,0.299191,0.70671,0.792256,0.661054,0.498623,0.498623,0.104928,0.572463,0.070305,0.110286,0.065326,0.150166,0.095954
masked_autoencoder_tactile_pretraining,latency_contact_shift,7,80,0.76,0.299191,0.70671,0.792256,0.661922,0.49949,0.49949,0.103824,0.574125,0.070711,0.110211,0.065911,0.150394,0.095832
masked_autoencoder_tactile_pretraining,latency_contact_shift,8,80,0.76,0.299191,0.70671,0.792256,0.660764,0.497624,0.497624,0.105169,0.572948,0.070506,0.110643,0.066379,0.150469,0.096272
masked_autoencoder_tactile_pretraining,latency_contact_shift,9,80,0.76,0.299191,0.70671,0.792256,0.662173,0.499218,0.499218,0.104927,0.572512,0.070598,0.110712,0.065862,0.150531,0.096184
masked_autoencoder_tactile_pretraining,sensor_bias_shift,0,80,0.68,0.275466,0.68031,0.795423,0.668996,0.512047,0.512047,0.09898,0.577182,0.067149,0.10851,0.063399,0.154655,0.093348
masked_autoencoder_tactile_pretraining,sensor_bias_shift,1,80,0.68,0.275466,0.68031,0.795423,0.668839,0.51179,0.51179,0.099301,0.577115,0.067031,0.108476,0.063825,0.153932,0.093324
masked_autoencoder_tactile_pretraining,sensor_bias_shift,2,80,0.68,0.275466,0.68031,0.795423,0.670079,0.513215,0.513215,0.099238,0.577953,0.066956,0.10828,0.063649,0.153913,0.093254
masked_autoencoder_tactile_pretraining,sensor_bias_shift,3,80,0.68,0.275466,0.68031,0.795423,0.66858,0.511139,0.511139,0.099648,0.578798,0.067263,0.108132,0.064107,0.154342,0.093633
masked_autoencoder_tactile_pretraining,sensor_bias_shift,4,80,0.68,0.275466,0.68031,0.795423,0.669217,0.511588,0.511588,0.099569,0.577394,0.067658,0.108787,0.063459,0.154293,0.093682
masked_autoencoder_tactile_pretraining,sensor_bias_shift,5,80,0.68,0.275466,0.68031,0.795423,0.668593,0.510801,0.510801,0.099706,0.579098,0.067914,0.108433,0.063412,0.154343,0.093831
masked_autoencoder_tactile_pretraining,sensor_bias_shift,6,80,0.68,0.275466,0.68031,0.795423,0.668599,0.512062,0.512062,0.098727,0.577868,0.066848,0.108184,0.063767,0.153631,0.093
masked_autoencoder_tactile_pretraining,sensor_bias_shift,7,80,0.68,0.275466,0.68031,0.795423,0.668712,0.511141,0.511141,0.099004,0.577175,0.067751,0.108306,0.064145,0.154414,0.093616
masked_autoencoder_tactile_pretraining,sensor_bias_shift,8,80,0.68,0.275466,0.68031,0.795423,0.667946,0.511174,0.511174,0.098955,0.577587,0.067088,0.10851,0.063497,0.153381,0.093096
masked_autoencoder_tactile_pretraining,sensor_bias_shift,9,80,0.68,0.275466,0.68031,0.795423,0.669582,0.512541,0.512541,0.099404,0.576645,0.066958,0.108445,0.063852,0.153915,0.093332
no_tactile_policy,clean_transfer,0,80,0.06,0.121263,0.54851,0.164236,0.508215,0.410487,0.410487,0.056324,0.280942,0.050721,0.01704,0.046272,0.135778,0.067491
no_tactile_policy,clean_transfer,1,80,0.06,0.121263,0.54851,0.164236,0.508369,0.409843,0.409843,0.057852,0.281015,0.050827,0.016506,0.046644,0.136028,0.068133
no_tactile_policy,clean_transfer,2,80,0.06,0.121263,0.54851,0.164236,0.508297,0.409696,0.409696,0.057079,0.281455,0.051165,0.017063,0.046682,0.136343,0.06806
no_tactile_policy,clean_transfer,3,80,0.06,0.121263,0.54851,0.164236,0.50841,0.409544,0.409544,0.057644,0.281733,0.051218,0.0169,0.046637,0.136527,0.0683
no_tactile_policy,clean_transfer,4,80,0.06,0.121263,0.54851,0.164236,0.508591,0.410769,0.410769,0.056649,0.281822,0.050329,0.016927,0.04694,0.136188,0.067593
no_tactile_policy,clean_transfer,5,80,0.06,0.121263,0.54851,0.164236,0.508667,0.411178,0.411178,0.056589,0.281983,0.05038,0.016643,0.046198,0.135812,0.067451
no_tactile_policy,clean_transfer,6,80,0.06,0.121263,0.54851,0.164236,0.508634,0.409894,0.409894,0.057352,0.280009,0.051119,0.017208,0.046721,0.136393,0.068147
no_tactile_policy,clean_transfer,7,80,0.06,0.121263,0.54851,0.164236,0.508253,0.409803,0.409803,0.05706,0.280776,0.050739,0.017148,0.047283,0.136026,0.067894
no_tactile_policy,clean_transfer,8,80,0.06,0.121263,0.54851,0.164236,0.507716,0.408284,0.408284,0.057592,0.282351,0.05174,0.016823,0.047475,0.13613,0.068493
no_tactile_policy,clean_transfer,9,80,0.06,0.121263,0.54851,0.164236,0.508992,0.41095,0.41095,0.05656,0.280582,0.050974,0.016682,0.046541,0.135886,0.067714
no_tactile_policy,combined_stress,0,80,0.88,0.362293,0.75471,0.132902,0.430345,0.257185,0.257185,0.121179,0.252952,0.089479,0.037252,0.074896,0.168774,0.113072
no_tactile_policy,combined_stress,1,80,0.88,0.362293,0.75471,0.132902,0.43166,0.258296,0.258296,0.121682,0.253521,0.089094,0.037715,0.075515,0.168458,0.113101
no_tactile_policy,combined_stress,2,80,0.88,0.362293,0.75471,0.132902,0.430728,0.257137,0.257137,0.121403,0.254295,0.089893,0.037402,0.074953,0.168542,0.113269
no_tactile_policy,combined_stress,3,80,0.88,0.362293,0.75471,0.132902,0.430516,0.25799,0.25799,0.121144,0.252804,0.088548,0.037439,0.075028,0.168676,0.112701
no_tactile_policy,combined_stress,4,80,0.88,0.362293,0.75471,0.132902,0.431373,0.25868,0.25868,0.121341,0.253035,0.088572,0.037455,0.075388,0.168182,0.112725
no_tactile_policy,combined_stress,5,80,0.88,0.362293,0.75471,0.132902,0.43111,0.25799,0.25799,0.120707,0.254917,0.089617,0.037323,0.075036,0.168852,0.112992
no_tactile_policy,combined_stress,6,80,0.88,0.362293,0.75471,0.132902,0.431402,0.258579,0.258579,0.121384,0.253034,0.088811,0.037531,0.075073,0.168331,0.112826
no_tactile_policy,combined_stress,7,80,0.88,0.362293,0.75471,0.132902,0.430092,0.25695,0.25695,0.121076,0.252897,0.089131,0.037598,0.075748,0.168254,0.112896
no_tactile_policy,combined_stress,8,80,0.88,0.362293,0.75471,0.132902,0.43068,0.257072,0.257072,0.12113,0.252598,0.090051,0.037235,0.075139,0.16855,0.113257
no_tactile_policy,combined_stress,9,80,0.88,0.362293,0.75471,0.132902,0.430843,0.257772,0.257772,0.121351,0.253645,0.089332,0.037241,0.074879,0.168356,0.112998
no_tactile_policy,friction_compliance_shift,0,80,0.58,0.26869,0.66551,0.14507,0.459063,0.315034,0.315034,0.091074,0.265762,0.079705,0.026628,0.063226,0.149773,0.094535
no_tactile_policy,friction_compliance_shift,1,80,0.58,0.26869,0.66551,0.14507,0.460873,0.317283,0.317283,0.090421,0.265576,0.079911,0.026689,0.062343,0.149541,0.094261
no_tactile_policy,friction_compliance_shift,2,80,0.58,0.26869,0.66551,0.14507,0.459929,0.316542,0.316542,0.090098,0.266038,0.07958,0.026906,0.062638,0.149923,0.094123
no_tactile_policy,friction_compliance_shift,3,80,0.58,0.26869,0.66551,0.14507,0.460051,0.316403,0.316403,0.090752,0.266368,0.079519,0.026573,0.062928,0.149861,0.094341
no_tactile_policy,friction_compliance_shift,4,80,0.58,0.26869,0.66551,0.14507,0.459893,0.316473,0.316473,0.090686,0.265385,0.079264,0.026587,0.062946,0.149696,0.094194
no_tactile_policy,friction_compliance_shift,5,80,0.58,0.26869,0.66551,0.14507,0.460314,0.31667,0.31667,0.091247,0.26498,0.079075,0.026807,0.063095,0.149833,0.094352
no_tactile_policy,friction_compliance_shift,6,80,0.58,0.26869,0.66551,0.14507,0.460504,0.317295,0.317295,0.090258,0.266267,0.079282,0.026696,0.062723,0.14983,0.094057
no_tactile_policy,friction_compliance_shift,7,80,0.58,0.26869,0.66551,0.14507,0.46055,0.316587,0.316587,0.091387,0.2656,0.079634,0.026575,0.062899,0.149459,0.094525
no_tactile_policy,friction_compliance_shift,8,80,0.58,0.26869,0.66551,0.14507,0.460608,0.31719,0.31719,0.090883,0.266754,0.079037,0.026805,0.062928,0.149996,0.094226
no_tactile_policy,friction_compliance_shift,9,80,0.58,0.26869,0.66551,0.14507,0.460345,0.316972,0.316972,0.090824,0.265859,0.0791,0.026489,0.063131,0.149494,0.09416
no_tactile_policy,heldout_geometry,0,80,0.48,0.23744,0.65071,0.149133,0.470418,0.343437,0.343437,0.083582,0.268956,0.064206,0.024244,0.059381,0.146011,0.085036
no_tactile_policy,heldout_geometry,1,80,0.48,0.23744,0.65071,0.149133,0.471878,0.344391,0.344391,0.083965,0.269659,0.064629,0.02408,0.059739,0.145528,0.085276
no_tactile_policy,heldout_geometry,2,80,0.48,0.23744,0.65071,0.149133,0.471049,0.344615,0.344615,0.082637,0.269202,0.064181,0.02409,0.059353,0.145502,0.084611
no_tactile_policy,heldout_geometry,3,80,0.48,0.23744,0.65071,0.149133,0.470764,0.344256,0.344256,0.082642,0.268621,0.064094,0.024372,0.059414,0.145959,0.084668
no_tactile_policy,heldout_geometry,4,80,0.48,0.23744,0.65071,0.149133,0.471431,0.344605,0.344605,0.083392,0.269967,0.064186,0.024276,0.059458,0.145294,0.084843
no_tactile_policy,heldout_geometry,5,80,0.48,0.23744,0.65071,0.149133,0.470134,0.343036,0.343036,0.083569,0.268682,0.06445,0.024378,0.059354,0.145357,0.085004
no_tactile_policy,heldout_geometry,6,80,0.48,0.23744,0.65071,0.149133,0.471131,0.345032,0.345032,0.082552,0.268459,0.063786,0.024251,0.059266,0.145399,0.084405
no_tactile_policy,heldout_geometry,7,80,0.48,0.23744,0.65071,0.149133,0.471519,0.344494,0.344494,0.083528,0.269638,0.064107,0.02482,0.059331,0.146271,0.085022
no_tactile_policy,heldout_geometry,8,80,0.48,0.23744,0.65071,0.149133,0.469509,0.343213,0.343213,0.082788,0.26891,0.063756,0.024178,0.059459,0.145959,0.084594
no_tactile_policy,heldout_geometry,9,80,0.48,0.23744,0.65071,0.149133,0.470633,0.344197,0.344197,0.082703,0.26887,0.064325,0.023955,0.058907,0.145828,0.084702
no_tactile_policy,heldout_material,0,80,0.38,0.24009,0.61631,0.148788,0.476406,0.338571,0.338571,0.081958,0.26908,0.080336,0.022776,0.059505,0.145439,0.090523
no_tactile_policy,heldout_material,1,80,0.38,0.24009,0.61631,0.148788,0.476269,0.338385,0.338385,0.081668,0.269357,0.080402,0.02312,0.059811,0.145083,0.090416
no_tactile_policy,heldout_material,2,80,0.38,0.24009,0.61631,0.148788,0.476674,0.339058,0.339058,0.082374,0.269395,0.080004,0.022438,0.059297,0.145272,0.090487
no_tactile_policy,heldout_material,3,80,0.38,0.24009,0.61631,0.148788,0.476889,0.338975,0.338975,0.081368,0.269158,0.08089,0.023022,0.0592,0.145251,0.090469
no_tactile_policy,heldout_material,4,80,0.38,0.24009,0.61631,0.148788,0.477851,0.34072,0.34072,0.081044,0.269653,0.080073,0.022617,0.059499,0.144934,0.090021
no_tactile_policy,heldout_material,5,80,0.38,0.24009,0.61631,0.148788,0.477307,0.339977,0.339977,0.081331,0.269137,0.08024,0.022537,0.05925,0.145293,0.090221
no_tactile_policy,heldout_material,6,80,0.38,0.24009,0.61631,0.148788,0.476185,0.337975,0.337975,0.082453,0.267551,0.080768,0.02255,0.059137,0.145438,0.090818
no_tactile_policy,heldout_material,7,80,0.38,0.24009,0.61631,0.148788,0.476975,0.339259,0.339259,0.082038,0.270126,0.080281,0.022614,0.05928,0.145385,0.090497
no_tactile_policy,heldout_material,8,80,0.38,0.24009,0.61631,0.148788,0.477868,0.340381,0.340381,0.081692,0.269391,0.079873,0.02278,0.059611,0.146105,0.090387
no_tactile_policy,heldout_material,9,80,0.38,0.24009,0.61631,0.148788,0.476145,0.338129,0.338129,0.08238,0.270197,0.080428,0.022268,0.059657,0.14532,0.090695
no_tactile_policy,heldout_object,0,80,0.28,0.171086,0.59871,0.157759,0.488773,0.377228,0.377228,0.068143,0.276557,0.05751,0.021054,0.05244,0.140921,0.075632
no_tactile_policy,heldout_object,1,80,0.28,0.171086,0.59871,0.157759,0.489414,0.376991,0.376991,0.069248,0.275656,0.058156,0.021096,0.052182,0.140722,0.076192
no_tactile_policy,heldout_object,2,80,0.28,0.171086,0.59871,0.157759,0.489671,0.377669,0.377669,0.068224,0.275,0.058224,0.020734,0.052198,0.14126,0.075968
no_tactile_policy,heldout_object,3,80,0.28,0.171086,0.59871,0.157759,0.488534,0.376094,0.376094,0.068695,0.275195,0.058445,0.020843,0.052381,0.141092,0.0762
no_tactile_policy,heldout_object,4,80,0.28,0.171086,0.59871,0.157759,0.490441,0.37869,0.37869,0.068705,0.275667,0.05763,0.020915,0.05208,0.141015,0.075849
no_tactile_policy,heldout_object,5,80,0.28,0.171086,0.59871,0.157759,0.489382,0.377457,0.377457,0.068031,0.27579,0.058129,0.021085,0.052361,0.140854,0.075809
no_tactile_policy,heldout_object,6,80,0.28,0.171086,0.59871,0.157759,0.490101,0.379146,0.379146,0.067098,0.276457,0.057403,0.021087,0.052389,0.140662,0.075185
no_tactile_policy,heldout_object,7,80,0.28,0.171086,0.59871,0.157759,0.489488,0.378451,0.378451,0.067621,0.275864,0.057161,0.021204,0.052164,0.141255,0.075355
no_tactile_policy,heldout_object,8,80,0.28,0.171086,0.59871,0.157759,0.489927,0.378873,0.378873,0.067767,0.274708,0.057116,0.021197,0.052269,0.140866,0.075328
no_tactile_policy,heldout_object,9,80,0.28,0.171086,0.59871,0.157759,0.48819,0.377193,0.377193,0.067857,0.27578,0.057121,0.020883,0.052139,0.140947,0.075361
no_tactile_policy,latency_contact_shift,0,80,0.76,0.299191,0.70671,0.141105,0.443834,0.291642,0.291642,0.104921,0.257604,0.075989,0.033892,0.068378,0.161737,0.100499
no_tactile_policy,latency_contact_shift,1,80,0.76,0.299191,0.70671,0.141105,0.445464,0.292811,0.292811,0.105139,0.259197,0.076643,0.033806,0.068184,0.161404,0.100743
no_tactile_policy,latency_contact_shift,2,80,0.76,0.299191,0.70671,0.141105,0.443911,0.29205,0.29205,0.105134,0.259282,0.075763,0.034261,0.067742,0.160591,0.100216
no_tactile_policy,latency_contact_shift,3,80,0.76,0.299191,0.70671,0.141105,0.444372,0.292724,0.292724,0.104973,0.258282,0.075598,0.033695,0.067746,0.161473,0.100258
no_tactile_policy,latency_contact_shift,4,80,0.76,0.299191,0.70671,0.141105,0.444862,0.292733,0.292733,0.105541,0.257067,0.075857,0.034101,0.06785,0.160727,0.100426
no_tactile_policy,latency_contact_shift,5,80,0.76,0.299191,0.70671,0.141105,0.443703,0.291511,0.291511,0.104848,0.257526,0.07629,0.033939,0.068023,0.161019,0.100424
no_tactile_policy,latency_contact_shift,6,80,0.76,0.299191,0.70671,0.141105,0.444554,0.292421,0.292421,0.105509,0.259557,0.075936,0.033716,0.067831,0.161151,0.100519
no_tactile_policy,latency_contact_shift,7,80,0.76,0.299191,0.70671,0.141105,0.444453,0.291953,0.291953,0.106097,0.259058,0.075784,0.033787,0.068379,0.161348,0.100752
no_tactile_policy,latency_contact_shift,8,80,0.76,0.299191,0.70671,0.141105,0.445025,0.293035,0.293035,0.105796,0.258808,0.075329,0.033973,0.068232,0.161079,0.100413
no_tactile_policy,latency_contact_shift,9,80,0.76,0.299191,0.70671,0.141105,0.444541,0.291806,0.291806,0.105774,0.25848,0.076387,0.033688,0.068181,0.161516,0.100881
no_tactile_policy,sensor_bias_shift,0,80,0.68,0.275466,0.68031,0.144189,0.449761,0.302505,0.302505,0.100263,0.264859,0.072291,0.035333,0.065493,0.165921,0.097975
no_tactile_policy,sensor_bias_shift,1,80,0.68,0.275466,0.68031,0.144189,0.45228,0.305108,0.305108,0.099826,0.264073,0.072394,0.035239,0.065962,0.165154,0.097774
no_tactile_policy,sensor_bias_shift,2,80,0.68,0.275466,0.68031,0.144189,0.451138,0.304142,0.304142,0.099685,0.264032,0.07229,0.035702,0.065407,0.165492,0.097692
no_tactile_policy,sensor_bias_shift,3,80,0.68,0.275466,0.68031,0.144189,0.452257,0.30571,0.30571,0.099393,0.264843,0.072016,0.035139,0.065482,0.165356,0.097472
no_tactile_policy,sensor_bias_shift,4,80,0.68,0.275466,0.68031,0.144189,0.452164,0.305665,0.305665,0.099122,0.263677,0.072237,0.035078,0.065213,0.165445,0.097453
no_tactile_policy,sensor_bias_shift,5,80,0.68,0.275466,0.68031,0.144189,0.451316,0.305207,0.305207,0.099207,0.263846,0.071416,0.035527,0.065564,0.165174,0.097156
no_tactile_policy,sensor_bias_shift,6,80,0.68,0.275466,0.68031,0.144189,0.452585,0.305425,0.305425,0.100076,0.264677,0.07233,0.035061,0.065754,0.165396,0.097858
no_tactile_policy,sensor_bias_shift,7,80,0.68,0.275466,0.68031,0.144189,0.45136,0.305013,0.305013,0.099289,0.263797,0.07159,0.035459,0.065773,0.165344,0.097302
no_tactile_policy,sensor_bias_shift,8,80,0.68,0.275466,0.68031,0.144189,0.451198,0.303996,0.303996,0.100315,0.264993,0.072105,0.035461,0.065785,0.165419,0.097861
no_tactile_policy,sensor_bias_shift,9,80,0.68,0.275466,0.68031,0.144189,0.45259,0.306084,0.306084,0.099083,0.26419,0.072088,0.035301,0.065487,0.165425,0.097407
oracle_contact_shift_feature_selector,clean_transfer,0,80,0.06,0.121263,0.54851,0.890657,0.859751,0.797489,0.797489,0.017093,0.930506,0.029354,0.070609,0.031611,0.059991,0.030925
oracle_contact_shift_feature_selector,clean_transfer,1,80,0.06,0.121263,0.54851,0.890657,0.860145,0.798318,0.798318,0.01682,0.929751,0.02919,0.070147,0.031674,0.059076,0.030612
oracle_contact_shift_feature_selector,clean_transfer,2,80,0.06,0.121263,0.54851,0.890657,0.860494,0.798187,0.798187,0.017024,0.930101,0.029572,0.070311,0.03178,0.059377,0.030891
oracle_contact_shift_feature_selector,clean_transfer,3,80,0.06,0.121263,0.54851,0.890657,0.859477,0.796854,0.796854,0.01751,0.930773,0.029668,0.070598,0.031419,0.060028,0.031174
oracle_contact_shift_feature_selector,clean_transfer,4,80,0.06,0.121263,0.54851,0.890657,0.860332,0.79791,0.79791,0.016785,0.929716,0.029687,0.070661,0.031847,0.059694,0.030918
oracle_contact_shift_feature_selector,clean_transfer,5,80,0.06,0.121263,0.54851,0.890657,0.860545,0.797639,0.797639,0.017864,0.930538,0.029833,0.070407,0.031944,0.058989,0.031223
oracle_contact_shift_feature_selector,clean_transfer,6,80,0.06,0.121263,0.54851,0.890657,0.859676,0.797165,0.797165,0.017716,0.929451,0.029419,0.070162,0.031773,0.059715,0.031129
oracle_contact_shift_feature_selector,clean_transfer,7,80,0.06,0.121263,0.54851,0.890657,0.860892,0.798165,0.798165,0.017598,0.931006,0.029639,0.070466,0.031926,0.05964,0.031174
oracle_contact_shift_feature_selector,clean_transfer,8,80,0.06,0.121263,0.54851,0.890657,0.860166,0.798383,0.798383,0.016448,0.929347,0.029071,0.07047,0.031775,0.05998,0.030613
oracle_contact_shift_feature_selector,clean_transfer,9,80,0.06,0.121263,0.54851,0.890657,0.860248,0.798276,0.798276,0.01675,0.930054,0.029295,0.070083,0.031821,0.059631,0.030743
oracle_contact_shift_feature_selector,combined_stress,0,80,0.88,0.362293,0.75471,0.86874,0.820125,0.738507,0.738507,0.025024,0.917146,0.032657,0.122513,0.036744,0.062334,0.035812
oracle_contact_shift_feature_selector,combined_stress,1,80,0.88,0.362293,0.75471,0.86874,0.819731,0.738321,0.738321,0.024697,0.918359,0.032557,0.122794,0.036751,0.061909,0.035587
oracle_contact_shift_feature_selector,combined_stress,2,80,0.88,0.362293,0.75471,0.86874,0.820858,0.738756,0.738756,0.025527,0.917197,0.032904,0.122748,0.036774,0.062449,0.036101
oracle_contact_shift_feature_selector,combined_stress,3,80,0.88,0.362293,0.75471,0.86874,0.820593,0.739965,0.739965,0.024548,0.917914,0.0315,0.122788,0.036947,0.061956,0.035163
oracle_contact_shift_feature_selector,combined_stress,4,80,0.88,0.362293,0.75471,0.86874,0.819517,0.737511,0.737511,0.025335,0.918006,0.032922,0.122734,0.036764,0.062307,0.036016
oracle_contact_shift_feature_selector,combined_stress,5,80,0.88,0.362293,0.75471,0.86874,0.820392,0.739636,0.739636,0.024733,0.918749,0.031753,0.12253,0.036446,0.06258,0.035385
oracle_contact_shift_feature_selector,combined_stress,6,80,0.88,0.362293,0.75471,0.86874,0.819834,0.738153,0.738153,0.02503,0.917478,0.03283,0.122431,0.036516,0.062533,0.035893
oracle_contact_shift_feature_selector,combined_stress,7,80,0.88,0.362293,0.75471,0.86874,0.820183,0.738016,0.738016,0.025205,0.918287,0.033,0.122731,0.037018,0.062987,0.036149
oracle_contact_shift_feature_selector,combined_stress,8,80,0.88,0.362293,0.75471,0.86874,0.820466,0.73868,0.73868,0.025038,0.916369,0.032785,0.122942,0.036657,0.062346,0.035859
oracle_contact_shift_feature_selector,combined_stress,9,80,0.88,0.362293,0.75471,0.86874,0.819575,0.737743,0.737743,0.024787,0.917943,0.032908,0.122655,0.036972,0.062592,0.035896
oracle_contact_shift_feature_selector,friction_compliance_shift,0,80,0.58,0.26869,0.66551,0.876787,0.833384,0.760003,0.760003,0.020875,0.922348,0.031173,0.102627,0.034644,0.060457,0.03329
oracle_contact_shift_feature_selector,friction_compliance_shift,1,80,0.58,0.26869,0.66551,0.876787,0.832304,0.757942,0.757942,0.021027,0.9227,0.032096,0.103027,0.034874,0.06103,0.033819
oracle_contact_shift_feature_selector,friction_compliance_shift,2,80,0.58,0.26869,0.66551,0.876787,0.832752,0.758235,0.758235,0.020746,0.923102,0.032489,0.103256,0.03466,0.061097,0.033863
oracle_contact_shift_feature_selector,friction_compliance_shift,3,80,0.58,0.26869,0.66551,0.876787,0.833871,0.759514,0.759514,0.02157,0.922772,0.03165,0.103357,0.034736,0.061465,0.033898
oracle_contact_shift_feature_selector,friction_compliance_shift,4,80,0.58,0.26869,0.66551,0.876787,0.832567,0.758362,0.758362,0.021317,0.922784,0.031893,0.103187,0.034401,0.060857,0.033761
oracle_contact_shift_feature_selector,friction_compliance_shift,5,80,0.58,0.26869,0.66551,0.876787,0.832618,0.758938,0.758938,0.020606,0.922978,0.031579,0.103318,0.034444,0.060731,0.033382
oracle_contact_shift_feature_selector,friction_compliance_shift,6,80,0.58,0.26869,0.66551,0.876787,0.832206,0.758252,0.758252,0.020524,0.92209,0.032021,0.103256,0.034369,0.060911,0.033547
oracle_contact_shift_feature_selector,friction_compliance_shift,7,80,0.58,0.26869,0.66551,0.876787,0.831957,0.75775,0.75775,0.021261,0.922312,0.031763,0.103344,0.034797,0.06054,0.033676
oracle_contact_shift_feature_selector,friction_compliance_shift,8,80,0.58,0.26869,0.66551,0.876787,0.83175,0.757847,0.757847,0.021365,0.923842,0.031548,0.103046,0.034478,0.060329,0.03356
oracle_contact_shift_feature_selector,friction_compliance_shift,9,80,0.58,0.26869,0.66551,0.876787,0.832513,0.75859,0.75859,0.0209,0.923723,0.031715,0.103259,0.034579,0.060551,0.033515
oracle_contact_shift_feature_selector,heldout_geometry,0,80,0.48,0.23744,0.65071,0.879469,0.836795,0.765736,0.765736,0.020146,0.92465,0.030429,0.096803,0.034137,0.060466,0.03271
oracle_contact_shift_feature_selector,heldout_geometry,1,80,0.48,0.23744,0.65071,0.879469,0.837688,0.767017,0.767017,0.019648,0.92361,0.030149,0.096874,0.034216,0.060473,0.032444
oracle_contact_shift_feature_selector,heldout_geometry,2,80,0.48,0.23744,0.65071,0.879469,0.836937,0.766266,0.766266,0.020093,0.924121,0.03002,0.096721,0.033992,0.060485,0.032526
oracle_contact_shift_feature_selector,heldout_geometry,3,80,0.48,0.23744,0.65071,0.879469,0.837105,0.765899,0.765899,0.020225,0.924384,0.030611,0.097283,0.033836,0.060191,0.032727
oracle_contact_shift_feature_selector,heldout_geometry,4,80,0.48,0.23744,0.65071,0.879469,0.837318,0.766654,0.766654,0.019552,0.925267,0.030335,0.096709,0.033863,0.060887,0.032521
oracle_contact_shift_feature_selector,heldout_geometry,5,80,0.48,0.23744,0.65071,0.879469,0.83824,0.767263,0.767263,0.020192,0.923589,0.030215,0.096436,0.034501,0.060628,0.03271
oracle_contact_shift_feature_selector,heldout_geometry,6,80,0.48,0.23744,0.65071,0.879469,0.838383,0.767803,0.767803,0.019136,0.924341,0.030404,0.096905,0.034062,0.060423,0.032342
oracle_contact_shift_feature_selector,heldout_geometry,7,80,0.48,0.23744,0.65071,0.879469,0.836383,0.765352,0.765352,0.019884,0.925352,0.030571,0.097065,0.033954,0.060342,0.032635
oracle_contact_shift_feature_selector,heldout_geometry,8,80,0.48,0.23744,0.65071,0.879469,0.8369,0.765541,0.765541,0.020976,0.92518,0.03046,0.096267,0.034165,0.06056,0.033024
oracle_contact_shift_feature_selector,heldout_geometry,9,80,0.48,0.23744,0.65071,0.879469,0.838104,0.766932,0.766932,0.020696,0.924116,0.030355,0.096395,0.034033,0.06082,0.032923
oracle_contact_shift_feature_selector,heldout_material,0,80,0.38,0.24009,0.61631,0.881976,0.844636,0.773759,0.773759,0.020334,0.923978,0.031907,0.091121,0.033717,0.060666,0.03333
oracle_contact_shift_feature_selector,heldout_material,1,80,0.38,0.24009,0.61631,0.881976,0.845391,0.775128,0.775128,0.019473,0.924316,0.031479,0.090806,0.034088,0.061,0.032972
oracle_contact_shift_feature_selector,heldout_material,2,80,0.38,0.24009,0.61631,0.881976,0.844308,0.773355,0.773355,0.019975,0.924298,0.032034,0.091094,0.034242,0.060509,0.03328
oracle_contact_shift_feature_selector,heldout_material,3,80,0.38,0.24009,0.61631,0.881976,0.845115,0.774423,0.774423,0.019888,0.924454,0.032129,0.091102,0.033434,0.060211,0.033152
oracle_contact_shift_feature_selector,heldout_material,4,80,0.38,0.24009,0.61631,0.881976,0.84432,0.774336,0.774336,0.018754,0.924313,0.031715,0.090913,0.03375,0.060618,0.032715
oracle_contact_shift_feature_selector,heldout_material,5,80,0.38,0.24009,0.61631,0.881976,0.843856,0.77287,0.77287,0.02064,0.923144,0.031716,0.090979,0.034063,0.06094,0.033445
oracle_contact_shift_feature_selector,heldout_material,6,80,0.38,0.24009,0.61631,0.881976,0.843086,0.77256,0.77256,0.019935,0.923957,0.031873,0.090848,0.033683,0.06004,0.033065
oracle_contact_shift_feature_selector,heldout_material,7,80,0.38,0.24009,0.61631,0.881976,0.845252,0.774467,0.774467,0.02047,0.924388,0.031631,0.09115,0.034069,0.060093,0.033203
oracle_contact_shift_feature_selector,heldout_material,8,80,0.38,0.24009,0.61631,0.881976,0.844747,0.773654,0.773654,0.020359,0.923015,0.032141,0.090773,0.033966,0.060897,0.033494
oracle_contact_shift_feature_selector,heldout_material,9,80,0.38,0.24009,0.61631,0.881976,0.845419,0.774985,0.774985,0.019799,0.923525,0.03156,0.091243,0.033882,0.060442,0.032992
oracle_contact_shift_feature_selector,heldout_object,0,80,0.28,0.171086,0.59871,0.884854,0.848291,0.781588,0.781588,0.018566,0.926531,0.02978,0.083725,0.033228,0.06049,0.03184
oracle_contact_shift_feature_selector,heldout_object,1,80,0.28,0.171086,0.59871,0.884854,0.847119,0.780961,0.780961,0.017932,0.926589,0.029731,0.08404,0.03267,0.059529,0.031377
oracle_contact_shift_feature_selector,heldout_object,2,80,0.28,0.171086,0.59871,0.884854,0.848701,0.782747,0.782747,0.018193,0.928074,0.029043,0.084149,0.032916,0.060244,0.031358
oracle_contact_shift_feature_selector,heldout_object,3,80,0.28,0.171086,0.59871,0.884854,0.847409,0.780438,0.780438,0.018552,0.927406,0.030295,0.083905,0.032972,0.059949,0.031908
oracle_contact_shift_feature_selector,heldout_object,4,80,0.28,0.171086,0.59871,0.884854,0.848543,0.78193,0.78193,0.01794,0.92718,0.030161,0.084056,0.03277,0.060356,0.031702
oracle_contact_shift_feature_selector,heldout_object,5,80,0.28,0.171086,0.59871,0.884854,0.847567,0.781026,0.781026,0.017599,0.927929,0.03026,0.084149,0.032921,0.05984,0.031546
oracle_contact_shift_feature_selector,heldout_object,6,80,0.28,0.171086,0.59871,0.884854,0.846647,0.779765,0.779765,0.018396,0.927731,0.030166,0.084099,0.032933,0.060338,0.031872
oracle_contact_shift_feature_selector,heldout_object,7,80,0.28,0.171086,0.59871,0.884854,0.847489,0.780456,0.780456,0.018745,0.926313,0.029989,0.08445,0.033136,0.060197,0.031918
oracle_contact_shift_feature_selector,heldout_object,8,80,0.28,0.171086,0.59871,0.884854,0.847475,0.780977,0.780977,0.01798,0.927594,0.03009,0.083992,0.032705,0.059978,0.031614
oracle_contact_shift_feature_selector,heldout_object,9,80,0.28,0.171086,0.59871,0.884854,0.846993,0.779934,0.779934,0.018607,0.926663,0.030316,0.08402,0.032953,0.06019,0.031976
oracle_contact_shift_feature_selector,latency_contact_shift,0,80,0.76,0.299191,0.70671,0.872092,0.822837,0.745385,0.745385,0.022727,0.921349,0.031522,0.114642,0.035208,0.061752,0.034342
oracle_contact_shift_feature_selector,latency_contact_shift,1,80,0.76,0.299191,0.70671,0.872092,0.823835,0.745867,0.745867,0.023681,0.920973,0.031488,0.11462,0.03561,0.06166,0.034677
oracle_contact_shift_feature_selector,latency_contact_shift,2,80,0.76,0.299191,0.70671,0.872092,0.822883,0.745091,0.745091,0.02283,0.920416,0.031581,0.11449,0.036035,0.061908,0.03451
oracle_contact_shift_feature_selector,latency_contact_shift,3,80,0.76,0.299191,0.70671,0.872092,0.823681,0.746039,0.746039,0.022977,0.920574,0.031483,0.114257,0.035678,0.062095,0.03452
oracle_contact_shift_feature_selector,latency_contact_shift,4,80,0.76,0.299191,0.70671,0.872092,0.825123,0.747926,0.747926,0.02225,0.921064,0.031327,0.114491,0.03557,0.061932,0.034174
oracle_contact_shift_feature_selector,latency_contact_shift,5,80,0.76,0.299191,0.70671,0.872092,0.823578,0.745856,0.745856,0.023481,0.919589,0.031297,0.114583,0.035498,0.061907,0.034569
oracle_contact_shift_feature_selector,latency_contact_shift,6,80,0.76,0.299191,0.70671,0.872092,0.824206,0.747167,0.747167,0.022482,0.920522,0.0311,0.114446,0.03538,0.061737,0.034112
oracle_contact_shift_feature_selector,latency_contact_shift,7,80,0.76,0.299191,0.70671,0.872092,0.823956,0.746604,0.746604,0.023075,0.92045,0.031214,0.114604,0.035281,0.061389,0.034285
oracle_contact_shift_feature_selector,latency_contact_shift,8,80,0.76,0.299191,0.70671,0.872092,0.823406,0.745908,0.745908,0.022752,0.920873,0.031425,0.114833,0.035621,0.061192,0.034254
oracle_contact_shift_feature_selector,latency_contact_shift,9,80,0.76,0.299191,0.70671,0.872092,0.824183,0.746509,0.746509,0.022744,0.919473,0.031714,0.114803,0.035484,0.061324,0.034371
oracle_contact_shift_feature_selector,sensor_bias_shift,0,80,0.68,0.275466,0.68031,0.874232,0.829342,0.75317,0.75317,0.022162,0.921871,0.031624,0.10965,0.035029,0.062205,0.034252
oracle_contact_shift_feature_selector,sensor_bias_shift,1,80,0.68,0.275466,0.68031,0.874232,0.829413,0.753895,0.753895,0.021735,0.921807,0.031155,0.109763,0.034819,0.061608,0.0338
oracle_contact_shift_feature_selector,sensor_bias_shift,2,80,0.68,0.275466,0.68031,0.874232,0.83027,0.75489,0.75489,0.022117,0.922211,0.030472,0.109848,0.035335,0.061706,0.033739
oracle_contact_shift_feature_selector,sensor_bias_shift,3,80,0.68,0.275466,0.68031,0.874232,0.829848,0.754363,0.754363,0.021694,0.924349,0.030956,0.109882,0.034911,0.06225,0.033835
oracle_contact_shift_feature_selector,sensor_bias_shift,4,80,0.68,0.275466,0.68031,0.874232,0.82931,0.753549,0.753549,0.021977,0.921119,0.031062,0.109694,0.035387,0.061907,0.033958
oracle_contact_shift_feature_selector,sensor_bias_shift,5,80,0.68,0.275466,0.68031,0.874232,0.830095,0.754129,0.754129,0.022452,0.922648,0.030923,0.109777,0.035546,0.062111,0.034119
oracle_contact_shift_feature_selector,sensor_bias_shift,6,80,0.68,0.275466,0.68031,0.874232,0.830195,0.754478,0.754478,0.021425,0.923438,0.031398,0.109563,0.035195,0.062291,0.033948
oracle_contact_shift_feature_selector,sensor_bias_shift,7,80,0.68,0.275466,0.68031,0.874232,0.830455,0.755107,0.755107,0.021386,0.922161,0.030949,0.109618,0.035242,0.06191,0.0337
oracle_contact_shift_feature_selector,sensor_bias_shift,8,80,0.68,0.275466,0.68031,0.874232,0.829383,0.753755,0.753755,0.021587,0.921848,0.031146,0.109782,0.035147,0.062228,0.033891
oracle_contact_shift_feature_selector,sensor_bias_shift,9,80,0.68,0.275466,0.68031,0.874232,0.829981,0.754609,0.754609,0.021457,0.922576,0.031003,0.109513,0.03506,0.062183,0.033775
proposed_negative_transfer_guard_v4,clean_transfer,0,80,0.06,0.121263,0.54851,0.766538,0.750515,0.655097,0.655097,0.035903,0.718065,0.038116,0.12272,0.040136,0.093451,0.047526
proposed_negative_transfer_guard_v4,clean_transfer,1,80,0.06,0.121263,0.54851,0.766538,0.751965,0.656323,0.656323,0.035914,0.718147,0.038365,0.122669,0.040218,0.093615,0.047662
proposed_negative_transfer_guard_v4,clean_transfer,2,80,0.06,0.121263,0.54851,0.766538,0.751188,0.656168,0.656168,0.035461,0.717086,0.038249,0.122149,0.040021,0.092323,0.047212
proposed_negative_transfer_guard_v4,clean_transfer,3,80,0.06,0.121263,0.54851,0.766538,0.750091,0.654341,0.654341,0.036615,0.716291,0.038064,0.122454,0.040456,0.093503,0.04779
proposed_negative_transfer_guard_v4,clean_transfer,4,80,0.06,0.121263,0.54851,0.766538,0.751182,0.655847,0.655847,0.035972,0.717455,0.037841,0.122753,0.040512,0.093139,0.047426
proposed_negative_transfer_guard_v4,clean_transfer,5,80,0.06,0.121263,0.54851,0.766538,0.751561,0.656187,0.656187,0.035264,0.716482,0.038546,0.122264,0.040306,0.093219,0.047447
proposed_negative_transfer_guard_v4,clean_transfer,6,80,0.06,0.121263,0.54851,0.766538,0.750623,0.654901,0.654901,0.036146,0.717533,0.038208,0.122925,0.040482,0.093198,0.047633
proposed_negative_transfer_guard_v4,clean_transfer,7,80,0.06,0.121263,0.54851,0.766538,0.75044,0.655368,0.655368,0.035334,0.718161,0.038074,0.122625,0.040325,0.092634,0.047188
proposed_negative_transfer_guard_v4,clean_transfer,8,80,0.06,0.121263,0.54851,0.766538,0.75214,0.656481,0.656481,0.035731,0.716711,0.038591,0.122865,0.04006,0.093112,0.047579
proposed_negative_transfer_guard_v4,clean_transfer,9,80,0.06,0.121263,0.54851,0.766538,0.749881,0.654699,0.654699,0.03524,0.717113,0.038184,0.122681,0.040235,0.093353,0.047319
proposed_negative_transfer_guard_v4,combined_stress,0,80,0.88,0.362293,0.75471,0.729047,0.687083,0.535784,0.535784,0.071981,0.696305,0.056151,0.209368,0.05693,0.108978,0.07112
proposed_negative_transfer_guard_v4,combined_stress,1,80,0.88,0.362293,0.75471,0.729047,0.68724,0.536193,0.536193,0.072208,0.697254,0.055543,0.209554,0.057085,0.109017,0.070989
proposed_negative_transfer_guard_v4,combined_stress,2,80,0.88,0.362293,0.75471,0.729047,0.687637,0.53677,0.53677,0.071755,0.696911,0.055672,0.209692,0.056734,0.109106,0.070865
proposed_negative_transfer_guard_v4,combined_stress,3,80,0.88,0.362293,0.75471,0.729047,0.686581,0.535872,0.535872,0.072447,0.697678,0.054958,0.20971,0.056858,0.10924,0.070865
proposed_negative_transfer_guard_v4,combined_stress,4,80,0.88,0.362293,0.75471,0.729047,0.687308,0.536525,0.536525,0.072093,0.698663,0.055103,0.209631,0.057337,0.109146,0.070831
proposed_negative_transfer_guard_v4,combined_stress,5,80,0.88,0.362293,0.75471,0.729047,0.688225,0.536649,0.536649,0.071987,0.696841,0.056244,0.209628,0.057311,0.109203,0.071236
proposed_negative_transfer_guard_v4,combined_stress,6,80,0.88,0.362293,0.75471,0.729047,0.686555,0.534994,0.534994,0.072586,0.697046,0.055921,0.210174,0.056995,0.108652,0.071186
proposed_negative_transfer_guard_v4,combined_stress,7,80,0.88,0.362293,0.75471,0.729047,0.686305,0.534824,0.534824,0.072082,0.697158,0.056288,0.209744,0.056824,0.108861,0.071175
proposed_negative_transfer_guard_v4,combined_stress,8,80,0.88,0.362293,0.75471,0.729047,0.687687,0.535872,0.535872,0.072107,0.699125,0.056414,0.210113,0.057076,0.109423,0.071357
proposed_negative_transfer_guard_v4,combined_stress,9,80,0.88,0.362293,0.75471,0.729047,0.687191,0.536116,0.536116,0.071836,0.697379,0.055917,0.209407,0.056939,0.109003,0.070987
proposed_negative_transfer_guard_v4,friction_compliance_shift,0,80,0.58,0.26869,0.66551,0.743031,0.710599,0.581236,0.581236,0.054095,0.705577,0.051637,0.176526,0.04973,0.100498,0.061077
proposed_negative_transfer_guard_v4,friction_compliance_shift,1,80,0.58,0.26869,0.66551,0.743031,0.710865,0.581519,0.581519,0.054336,0.706545,0.051592,0.175845,0.05012,0.099931,0.061079
proposed_negative_transfer_guard_v4,friction_compliance_shift,2,80,0.58,0.26869,0.66551,0.743031,0.708715,0.579202,0.579202,0.054954,0.706156,0.051453,0.17614,0.049952,0.099773,0.061191
proposed_negative_transfer_guard_v4,friction_compliance_shift,3,80,0.58,0.26869,0.66551,0.743031,0.710929,0.581814,0.581814,0.054224,0.706231,0.051311,0.176166,0.049975,0.099956,0.060924
proposed_negative_transfer_guard_v4,friction_compliance_shift,4,80,0.58,0.26869,0.66551,0.743031,0.709576,0.580085,0.580085,0.055632,0.706336,0.050812,0.176069,0.050326,0.100133,0.06128
proposed_negative_transfer_guard_v4,friction_compliance_shift,5,80,0.58,0.26869,0.66551,0.743031,0.709719,0.580001,0.580001,0.055538,0.705734,0.051569,0.175903,0.049711,0.09966,0.061389
proposed_negative_transfer_guard_v4,friction_compliance_shift,6,80,0.58,0.26869,0.66551,0.743031,0.709055,0.579934,0.579934,0.055087,0.706944,0.050939,0.176017,0.049852,0.099667,0.061012
proposed_negative_transfer_guard_v4,friction_compliance_shift,7,80,0.58,0.26869,0.66551,0.743031,0.710376,0.580794,0.580794,0.055203,0.706508,0.051516,0.175799,0.050013,0.099492,0.061255
proposed_negative_transfer_guard_v4,friction_compliance_shift,8,80,0.58,0.26869,0.66551,0.743031,0.709626,0.579752,0.579752,0.054959,0.706735,0.051772,0.176005,0.050311,0.100088,0.061406
proposed_negative_transfer_guard_v4,friction_compliance_shift,9,80,0.58,0.26869,0.66551,0.743031,0.709585,0.579686,0.579686,0.055136,0.70516,0.051795,0.175995,0.05017,0.099882,0.061424
proposed_negative_transfer_guard_v4,heldout_geometry,0,80,0.48,0.23744,0.65071,0.747694,0.71678,0.59795,0.59795,0.050241,0.709073,0.044331,0.165453,0.047546,0.098352,0.056386
proposed_negative_transfer_guard_v4,heldout_geometry,1,80,0.48,0.23744,0.65071,0.747694,0.71747,0.598771,0.598771,0.050133,0.708189,0.043954,0.165257,0.048254,0.098459,0.056296
proposed_negative_transfer_guard_v4,heldout_geometry,2,80,0.48,0.23744,0.65071,0.747694,0.71768,0.598425,0.598425,0.05064,0.708703,0.044477,0.165523,0.04793,0.098356,0.056616
proposed_negative_transfer_guard_v4,heldout_geometry,3,80,0.48,0.23744,0.65071,0.747694,0.71663,0.59747,0.59747,0.050369,0.709934,0.04441,0.165709,0.047998,0.098461,0.056524
proposed_negative_transfer_guard_v4,heldout_geometry,4,80,0.48,0.23744,0.65071,0.747694,0.719439,0.600194,0.600194,0.050767,0.708704,0.044723,0.165147,0.047695,0.097584,0.05659
proposed_negative_transfer_guard_v4,heldout_geometry,5,80,0.48,0.23744,0.65071,0.747694,0.718296,0.598732,0.598732,0.051189,0.708059,0.044637,0.165235,0.048087,0.097983,0.056812
proposed_negative_transfer_guard_v4,heldout_geometry,6,80,0.48,0.23744,0.65071,0.747694,0.717762,0.598927,0.598927,0.050123,0.709009,0.044145,0.165499,0.047908,0.098929,0.056415
proposed_negative_transfer_guard_v4,heldout_geometry,7,80,0.48,0.23744,0.65071,0.747694,0.718048,0.598564,0.598564,0.050735,0.709311,0.044526,0.165911,0.048119,0.09838,0.05669
proposed_negative_transfer_guard_v4,heldout_geometry,8,80,0.48,0.23744,0.65071,0.747694,0.718083,0.598782,0.598782,0.050682,0.708334,0.044481,0.165617,0.048036,0.098093,0.056595
proposed_negative_transfer_guard_v4,heldout_geometry,9,80,0.48,0.23744,0.65071,0.747694,0.718468,0.599606,0.599606,0.051071,0.70806,0.043897,0.165049,0.047696,0.098523,0.056549
proposed_negative_transfer_guard_v4,heldout_material,0,80,0.38,0.24009,0.61631,0.750684,0.72534,0.603481,0.603481,0.049929,0.708828,0.051383,0.155975,0.04775,0.098114,0.058937
proposed_negative_transfer_guard_v4,heldout_material,1,80,0.38,0.24009,0.61631,0.750684,0.725033,0.602658,0.602658,0.049862,0.709202,0.052238,0.155757,0.047722,0.097854,0.05919
proposed_negative_transfer_guard_v4,heldout_material,2,80,0.38,0.24009,0.61631,0.750684,0.72466,0.602734,0.602734,0.050124,0.708366,0.051633,0.155313,0.047672,0.097814,0.059037
proposed_negative_transfer_guard_v4,heldout_material,3,80,0.38,0.24009,0.61631,0.750684,0.725272,0.604031,0.604031,0.049196,0.708503,0.051165,0.155821,0.047331,0.098447,0.058623
proposed_negative_transfer_guard_v4,heldout_material,4,80,0.38,0.24009,0.61631,0.750684,0.724339,0.601715,0.601715,0.050527,0.709998,0.052161,0.156185,0.047397,0.097995,0.059379
proposed_negative_transfer_guard_v4,heldout_material,5,80,0.38,0.24009,0.61631,0.750684,0.723941,0.60109,0.60109,0.050537,0.70927,0.052326,0.155997,0.0478,0.098109,0.059506
proposed_negative_transfer_guard_v4,heldout_material,6,80,0.38,0.24009,0.61631,0.750684,0.72576,0.603643,0.603643,0.049656,0.709757,0.051869,0.156124,0.047976,0.097417,0.058926
proposed_negative_transfer_guard_v4,heldout_material,7,80,0.38,0.24009,0.61631,0.750684,0.725163,0.603416,0.603416,0.050622,0.709267,0.051128,0.155948,0.047085,0.097973,0.058984
proposed_negative_transfer_guard_v4,heldout_material,8,80,0.38,0.24009,0.61631,0.750684,0.725468,0.603058,0.603058,0.049769,0.708764,0.052134,0.156023,0.047661,0.098819,0.059286
proposed_negative_transfer_guard_v4,heldout_material,9,80,0.38,0.24009,0.61631,0.750684,0.724776,0.601836,0.601836,0.050054,0.70871,0.052844,0.156101,0.047253,0.098732,0.059596
proposed_negative_transfer_guard_v4,heldout_object,0,80,0.28,0.171086,0.59871,0.757212,0.732952,0.626076,0.626076,0.042339,0.713663,0.041131,0.144871,0.043743,0.095982,0.051676
proposed_negative_transfer_guard_v4,heldout_object,1,80,0.28,0.171086,0.59871,0.757212,0.73347,0.62678,0.62678,0.042716,0.713316,0.040708,0.14492,0.043734,0.095562,0.051567
proposed_negative_transfer_guard_v4,heldout_object,2,80,0.28,0.171086,0.59871,0.757212,0.733473,0.626345,0.626345,0.04282,0.714132,0.0412,0.144713,0.043693,0.096262,0.051911
proposed_negative_transfer_guard_v4,heldout_object,3,80,0.28,0.171086,0.59871,0.757212,0.733577,0.626695,0.626695,0.042149,0.713941,0.041044,0.145094,0.044195,0.095653,0.051565
proposed_negative_transfer_guard_v4,heldout_object,4,80,0.28,0.171086,0.59871,0.757212,0.733473,0.626013,0.626013,0.04239,0.712735,0.041891,0.145116,0.043774,0.095427,0.051885
proposed_negative_transfer_guard_v4,heldout_object,5,80,0.28,0.171086,0.59871,0.757212,0.733377,0.626055,0.626055,0.042829,0.714054,0.041362,0.144737,0.044078,0.095789,0.051929
proposed_negative_transfer_guard_v4,heldout_object,6,80,0.28,0.171086,0.59871,0.757212,0.734205,0.626924,0.626924,0.042867,0.714312,0.041184,0.145142,0.043891,0.096152,0.051921
proposed_negative_transfer_guard_v4,heldout_object,7,80,0.28,0.171086,0.59871,0.757212,0.732074,0.62558,0.62558,0.0425,0.713068,0.040542,0.144886,0.043563,0.096281,0.051543
proposed_negative_transfer_guard_v4,heldout_object,8,80,0.28,0.171086,0.59871,0.757212,0.733796,0.626876,0.626876,0.041918,0.713113,0.041583,0.145016,0.043469,0.095605,0.05161
proposed_negative_transfer_guard_v4,heldout_object,9,80,0.28,0.171086,0.59871,0.757212,0.734394,0.628025,0.628025,0.041812,0.712944,0.040901,0.14486,0.043402,0.096074,0.051392
proposed_negative_transfer_guard_v4,latency_contact_shift,0,80,0.76,0.299191,0.70671,0.735908,0.69732,0.559995,0.559995,0.062541,0.701572,0.048923,0.196624,0.053205,0.105793,0.064218
proposed_negative_transfer_guard_v4,latency_contact_shift,1,80,0.76,0.299191,0.70671,0.735908,0.695272,0.557406,0.557406,0.062852,0.701681,0.049723,0.196463,0.052875,0.105377,0.06452
proposed_negative_transfer_guard_v4,latency_contact_shift,2,80,0.76,0.299191,0.70671,0.735908,0.695695,0.557483,0.557483,0.063092,0.701316,0.050112,0.196011,0.052885,0.105776,0.064822
proposed_negative_transfer_guard_v4,latency_contact_shift,3,80,0.76,0.299191,0.70671,0.735908,0.696136,0.558131,0.558131,0.06331,0.702217,0.049771,0.196101,0.05285,0.105255,0.064669
proposed_negative_transfer_guard_v4,latency_contact_shift,4,80,0.76,0.299191,0.70671,0.735908,0.696378,0.558702,0.558702,0.062914,0.701138,0.049473,0.196112,0.052808,0.105929,0.064539
proposed_negative_transfer_guard_v4,latency_contact_shift,5,80,0.76,0.299191,0.70671,0.735908,0.697305,0.559353,0.559353,0.063302,0.701401,0.049572,0.196131,0.053035,0.10552,0.064657
proposed_negative_transfer_guard_v4,latency_contact_shift,6,80,0.76,0.299191,0.70671,0.735908,0.696327,0.558973,0.558973,0.062393,0.701135,0.049491,0.19602,0.052556,0.105934,0.064344
proposed_negative_transfer_guard_v4,latency_contact_shift,7,80,0.76,0.299191,0.70671,0.735908,0.697628,0.559852,0.559852,0.062799,0.701663,0.049755,0.196176,0.052825,0.105292,0.064494
proposed_negative_transfer_guard_v4,latency_contact_shift,8,80,0.76,0.299191,0.70671,0.735908,0.697491,0.559432,0.559432,0.063559,0.701675,0.049634,0.196226,0.052762,0.105622,0.064759
proposed_negative_transfer_guard_v4,latency_contact_shift,9,80,0.76,0.299191,0.70671,0.735908,0.696424,0.558157,0.558157,0.063606,0.701678,0.049981,0.1959,0.052922,0.105206,0.064848
proposed_negative_transfer_guard_v4,sensor_bias_shift,0,80,0.68,0.275466,0.68031,0.739576,0.703522,0.570412,0.570412,0.059063,0.705534,0.047606,0.190189,0.051767,0.107469,0.062693
proposed_negative_transfer_guard_v4,sensor_bias_shift,1,80,0.68,0.275466,0.68031,0.739576,0.702272,0.569346,0.569346,0.060003,0.70456,0.047182,0.189163,0.051591,0.107378,0.062817
proposed_negative_transfer_guard_v4,sensor_bias_shift,2,80,0.68,0.275466,0.68031,0.739576,0.703985,0.571038,0.571038,0.059153,0.704597,0.047562,0.189395,0.051693,0.107702,0.062741
proposed_negative_transfer_guard_v4,sensor_bias_shift,3,80,0.68,0.275466,0.68031,0.739576,0.704405,0.570989,0.570989,0.059322,0.704628,0.047997,0.189779,0.05162,0.107778,0.062971
proposed_negative_transfer_guard_v4,sensor_bias_shift,4,80,0.68,0.275466,0.68031,0.739576,0.703416,0.569542,0.569542,0.059122,0.706777,0.048744,0.189883,0.051794,0.107089,0.06308
proposed_negative_transfer_guard_v4,sensor_bias_shift,5,80,0.68,0.275466,0.68031,0.739576,0.703632,0.56997,0.56997,0.060012,0.704544,0.047973,0.189894,0.05155,0.107373,0.063116
proposed_negative_transfer_guard_v4,sensor_bias_shift,6,80,0.68,0.275466,0.68031,0.739576,0.704036,0.570441,0.570441,0.059794,0.705613,0.047842,0.189821,0.051994,0.107384,0.063039
proposed_negative_transfer_guard_v4,sensor_bias_shift,7,80,0.68,0.275466,0.68031,0.739576,0.703176,0.569437,0.569437,0.060222,0.70649,0.047992,0.18968,0.051575,0.107428,0.063207
proposed_negative_transfer_guard_v4,sensor_bias_shift,8,80,0.68,0.275466,0.68031,0.739576,0.703918,0.570454,0.570454,0.05959,0.704941,0.04797,0.189665,0.051602,0.107597,0.063017
proposed_negative_transfer_guard_v4,sensor_bias_shift,9,80,0.68,0.275466,0.68031,0.739576,0.704659,0.571871,0.571871,0.059993,0.704894,0.046882,0.189696,0.051536,0.107284,0.062677
scratch_tactile_policy,clean_transfer,0,80,0.06,0.121263,0.54851,0.390032,0.571129,0.470572,0.470572,0.053065,0.451257,0.047097,0.054557,0.045117,0.128214,0.063529
scratch_tactile_policy,clean_transfer,1,80,0.06,0.121263,0.54851,0.390032,0.570215,0.469033,0.469033,0.053388,0.451252,0.047671,0.054592,0.045397,0.127863,0.063822
scratch_tactile_policy,clean_transfer,2,80,0.06,0.121263,0.54851,0.390032,0.571198,0.470246,0.470246,0.053229,0.450951,0.047424,0.054204,0.045524,0.128438,0.06379
scratch_tactile_policy,clean_transfer,3,80,0.06,0.121263,0.54851,0.390032,0.571345,0.469992,0.469992,0.053543,0.451007,0.047745,0.054519,0.045569,0.12792,0.06393
scratch_tactile_policy,clean_transfer,4,80,0.06,0.121263,0.54851,0.390032,0.571327,0.469816,0.469816,0.054091,0.450756,0.047631,0.054283,0.045773,0.127779,0.064068
scratch_tactile_policy,clean_transfer,5,80,0.06,0.121263,0.54851,0.390032,0.57158,0.469554,0.469554,0.053877,0.450621,0.048138,0.054611,0.046118,0.128228,0.064303
scratch_tactile_policy,clean_transfer,6,80,0.06,0.121263,0.54851,0.390032,0.571669,0.470169,0.470169,0.053903,0.451109,0.047451,0.054381,0.046052,0.128582,0.064108
scratch_tactile_policy,clean_transfer,7,80,0.06,0.121263,0.54851,0.390032,0.571808,0.470515,0.470515,0.053581,0.449954,0.047489,0.054603,0.04564,0.128518,0.063961
scratch_tactile_policy,clean_transfer,8,80,0.06,0.121263,0.54851,0.390032,0.570676,0.469797,0.469797,0.053024,0.451144,0.047358,0.05439,0.045661,0.128303,0.063685
scratch_tactile_policy,clean_transfer,9,80,0.06,0.121263,0.54851,0.390032,0.569816,0.467711,0.467711,0.05353,0.450756,0.048588,0.054679,0.045776,0.128196,0.064316
scratch_tactile_policy,combined_stress,0,80,0.88,0.362293,0.75471,0.359372,0.495292,0.320629,0.320629,0.113734,0.424803,0.081322,0.097919,0.071485,0.157394,0.105051
scratch_tactile_policy,combined_stress,1,80,0.88,0.362293,0.75471,0.359372,0.495684,0.320973,0.320973,0.113456,0.425894,0.081718,0.098052,0.070955,0.157564,0.105085
scratch_tactile_policy,combined_stress,2,80,0.88,0.362293,0.75471,0.359372,0.496822,0.32176,0.32176,0.113489,0.425399,0.082164,0.098163,0.071204,0.156744,0.105143
scratch_tactile_policy,combined_stress,3,80,0.88,0.362293,0.75471,0.359372,0.496207,0.321727,0.321727,0.113425,0.424924,0.081505,0.098037,0.070861,0.157343,0.104944
scratch_tactile_policy,combined_stress,4,80,0.88,0.362293,0.75471,0.359372,0.49586,0.321249,0.321249,0.113016,0.423853,0.081907,0.098222,0.070999,0.156778,0.10487
scratch_tactile_policy,combined_stress,5,80,0.88,0.362293,0.75471,0.359372,0.496073,0.321605,0.321605,0.113069,0.425677,0.081747,0.097942,0.070875,0.157224,0.104895
scratch_tactile_policy,combined_stress,6,80,0.88,0.362293,0.75471,0.359372,0.495424,0.319974,0.319974,0.114312,0.425148,0.082076,0.09821,0.071223,0.157298,0.105491
scratch_tactile_policy,combined_stress,7,80,0.88,0.362293,0.75471,0.359372,0.496076,0.321772,0.321772,0.113307,0.424936,0.081173,0.097943,0.071353,0.157231,0.104807
scratch_tactile_policy,combined_stress,8,80,0.88,0.362293,0.75471,0.359372,0.495966,0.320851,0.320851,0.113316,0.424115,0.082111,0.097993,0.071512,0.157654,0.105259
scratch_tactile_policy,combined_stress,9,80,0.88,0.362293,0.75471,0.359372,0.496206,0.322224,0.322224,0.112705,0.425682,0.081139,0.097909,0.07109,0.157777,0.104662
scratch_tactile_policy,friction_compliance_shift,0,80,0.58,0.26869,0.66551,0.371223,0.523018,0.376733,0.376733,0.085153,0.434365,0.073429,0.078595,0.060814,0.140646,0.088253
scratch_tactile_policy,friction_compliance_shift,1,80,0.58,0.26869,0.66551,0.371223,0.524294,0.378243,0.378243,0.084901,0.436756,0.0735,0.079196,0.059935,0.140446,0.08807
scratch_tactile_policy,friction_compliance_shift,2,80,0.58,0.26869,0.66551,0.371223,0.525092,0.379053,0.379053,0.085438,0.436645,0.07287,0.079085,0.060747,0.140256,0.08806
scratch_tactile_policy,friction_compliance_shift,3,80,0.58,0.26869,0.66551,0.371223,0.522321,0.375869,0.375869,0.086489,0.437178,0.072817,0.079069,0.060675,0.140304,0.088399
scratch_tactile_policy,friction_compliance_shift,4,80,0.58,0.26869,0.66551,0.371223,0.522857,0.37689,0.37689,0.085384,0.436211,0.07325,0.079339,0.05977,0.139661,0.087981
scratch_tactile_policy,friction_compliance_shift,5,80,0.58,0.26869,0.66551,0.371223,0.524803,0.378185,0.378185,0.086401,0.436765,0.073226,0.079225,0.060366,0.140028,0.088444
scratch_tactile_policy,friction_compliance_shift,6,80,0.58,0.26869,0.66551,0.371223,0.522934,0.376641,0.376641,0.085963,0.435829,0.072915,0.079236,0.060431,0.140691,0.088303
scratch_tactile_policy,friction_compliance_shift,7,80,0.58,0.26869,0.66551,0.371223,0.523916,0.378578,0.378578,0.084602,0.435239,0.072671,0.079187,0.060068,0.140395,0.087658
scratch_tactile_policy,friction_compliance_shift,8,80,0.58,0.26869,0.66551,0.371223,0.522658,0.376497,0.376497,0.085672,0.436806,0.073054,0.079021,0.060506,0.140016,0.088143
scratch_tactile_policy,friction_compliance_shift,9,80,0.58,0.26869,0.66551,0.371223,0.524158,0.377924,0.377924,0.085845,0.435852,0.07301,0.0788,0.060464,0.140754,0.088313
scratch_tactile_policy,heldout_geometry,0,80,0.48,0.23744,0.65071,0.375179,0.532668,0.40252,0.40252,0.078496,0.440976,0.059434,0.073538,0.056933,0.137051,0.079636
scratch_tactile_policy,heldout_geometry,1,80,0.48,0.23744,0.65071,0.375179,0.534826,0.40527,0.40527,0.077277,0.439382,0.059472,0.073619,0.056677,0.137,0.079201
scratch_tactile_policy,heldout_geometry,2,80,0.48,0.23744,0.65071,0.375179,0.534643,0.4047,0.4047,0.077716,0.439225,0.05956,0.073653,0.057062,0.136951,0.079413
scratch_tactile_policy,heldout_geometry,3,80,0.48,0.23744,0.65071,0.375179,0.532537,0.402691,0.402691,0.077774,0.43953,0.059525,0.073707,0.056834,0.136646,0.079342
scratch_tactile_policy,heldout_geometry,4,80,0.48,0.23744,0.65071,0.375179,0.533845,0.403082,0.403082,0.078058,0.439171,0.060187,0.073895,0.057306,0.13753,0.079897
scratch_tactile_policy,heldout_geometry,5,80,0.48,0.23744,0.65071,0.375179,0.535345,0.405688,0.405688,0.077756,0.439262,0.059138,0.073817,0.057016,0.136828,0.07924
scratch_tactile_policy,heldout_geometry,6,80,0.48,0.23744,0.65071,0.375179,0.534572,0.40482,0.40482,0.077531,0.441241,0.059537,0.073981,0.056588,0.13684,0.079275
scratch_tactile_policy,heldout_geometry,7,80,0.48,0.23744,0.65071,0.375179,0.534658,0.404387,0.404387,0.077409,0.44003,0.060176,0.073823,0.057086,0.136655,0.079492
scratch_tactile_policy,heldout_geometry,8,80,0.48,0.23744,0.65071,0.375179,0.534869,0.404268,0.404268,0.078255,0.439914,0.05992,0.07393,0.057493,0.136528,0.079701
scratch_tactile_policy,heldout_geometry,9,80,0.48,0.23744,0.65071,0.375179,0.533828,0.403826,0.403826,0.077598,0.439025,0.059592,0.073616,0.057307,0.137095,0.079436
scratch_tactile_policy,heldout_material,0,80,0.38,0.24009,0.61631,0.375169,0.539733,0.401266,0.401266,0.076671,0.439059,0.073274,0.069529,0.056528,0.136305,0.0841
scratch_tactile_policy,heldout_material,1,80,0.38,0.24009,0.61631,0.375169,0.53968,0.400381,0.400381,0.076853,0.439779,0.073906,0.069554,0.057387,0.136324,0.084491
scratch_tactile_policy,heldout_material,2,80,0.38,0.24009,0.61631,0.375169,0.54091,0.401512,0.401512,0.077023,0.440554,0.07423,0.069326,0.056896,0.136244,0.084609
scratch_tactile_policy,heldout_material,3,80,0.38,0.24009,0.61631,0.375169,0.53887,0.399244,0.399244,0.077288,0.439173,0.074283,0.069363,0.056959,0.136591,0.084788
scratch_tactile_policy,heldout_material,4,80,0.38,0.24009,0.61631,0.375169,0.540107,0.401202,0.401202,0.076962,0.439322,0.073382,0.069614,0.056803,0.137309,0.084448
scratch_tactile_policy,heldout_material,5,80,0.38,0.24009,0.61631,0.375169,0.539526,0.399992,0.399992,0.077215,0.440475,0.074098,0.06943,0.057084,0.136775,0.084738
scratch_tactile_policy,heldout_material,6,80,0.38,0.24009,0.61631,0.375169,0.54047,0.401646,0.401646,0.07685,0.439114,0.073507,0.069429,0.056892,0.136383,0.0843
scratch_tactile_policy,heldout_material,7,80,0.38,0.24009,0.61631,0.375169,0.540891,0.401944,0.401944,0.077219,0.439209,0.073643,0.069079,0.056572,0.136685,0.084499
scratch_tactile_policy,heldout_material,8,80,0.38,0.24009,0.61631,0.375169,0.539171,0.400115,0.400115,0.07743,0.439998,0.073486,0.06955,0.05676,0.136404,0.08448
scratch_tactile_policy,heldout_material,9,80,0.38,0.24009,0.61631,0.375169,0.53911,0.399884,0.399884,0.076895,0.439692,0.073775,0.069969,0.056845,0.137047,0.084532
scratch_tactile_policy,heldout_object,0,80,0.28,0.171086,0.59871,0.383543,0.550212,0.434685,0.434685,0.064786,0.445487,0.053903,0.06469,0.051084,0.132556,0.071479
scratch_tactile_policy,heldout_object,1,80,0.28,0.171086,0.59871,0.383543,0.55159,0.436686,0.436686,0.064143,0.445151,0.053935,0.064625,0.05006,0.132423,0.071146
scratch_tactile_policy,heldout_object,2,80,0.28,0.171086,0.59871,0.383543,0.552018,0.436618,0.436618,0.063957,0.445185,0.054434,0.064599,0.050724,0.132454,0.071344
scratch_tactile_policy,heldout_object,3,80,0.28,0.171086,0.59871,0.383543,0.552475,0.437946,0.437946,0.063135,0.446088,0.053699,0.065149,0.050312,0.132906,0.070826
scratch_tactile_policy,heldout_object,4,80,0.28,0.171086,0.59871,0.383543,0.553278,0.438384,0.438384,0.063727,0.445541,0.05383,0.064732,0.05055,0.133054,0.071127
scratch_tactile_policy,heldout_object,5,80,0.28,0.171086,0.59871,0.383543,0.55216,0.437713,0.437713,0.063738,0.445743,0.053532,0.064436,0.050307,0.132308,0.070859
scratch_tactile_policy,heldout_object,6,80,0.28,0.171086,0.59871,0.383543,0.551711,0.436894,0.436894,0.063558,0.445139,0.053741,0.064998,0.050596,0.13298,0.071027
scratch_tactile_policy,heldout_object,7,80,0.28,0.171086,0.59871,0.383543,0.552148,0.43686,0.43686,0.064386,0.445449,0.053933,0.064924,0.050481,0.133054,0.071384
scratch_tactile_policy,heldout_object,8,80,0.28,0.171086,0.59871,0.383543,0.551963,0.437057,0.437057,0.063865,0.445378,0.053851,0.064724,0.050594,0.132402,0.071069
scratch_tactile_policy,heldout_object,9,80,0.28,0.171086,0.59871,0.383543,0.552046,0.437225,0.437225,0.064259,0.4459,0.053576,0.064577,0.050372,0.13277,0.071143
scratch_tactile_policy,latency_contact_shift,0,80,0.76,0.299191,0.70671,0.367115,0.508006,0.352942,0.352942,0.09828,0.430142,0.070206,0.091178,0.064745,0.150896,0.09373
scratch_tactile_policy,latency_contact_shift,1,80,0.76,0.299191,0.70671,0.367115,0.507774,0.35276,0.35276,0.098935,0.428268,0.069879,0.090957,0.064616,0.150797,0.093797
scratch_tactile_policy,latency_contact_shift,2,80,0.76,0.299191,0.70671,0.367115,0.508437,0.353397,0.353397,0.098853,0.430066,0.069919,0.090975,0.064794,0.150557,0.093759
scratch_tactile_policy,latency_contact_shift,3,80,0.76,0.299191,0.70671,0.367115,0.508255,0.353081,0.353081,0.099267,0.43041,0.069675,0.090902,0.065163,0.150782,0.093884
scratch_tactile_policy,latency_contact_shift,4,80,0.76,0.299191,0.70671,0.367115,0.508452,0.353088,0.353088,0.09842,0.4299,0.070515,0.090724,0.065288,0.15036,0.093852
scratch_tactile_policy,latency_contact_shift,5,80,0.76,0.299191,0.70671,0.367115,0.509145,0.354258,0.354258,0.098671,0.429508,0.069623,0.090912,0.065108,0.151077,0.09371
scratch_tactile_policy,latency_contact_shift,6,80,0.76,0.299191,0.70671,0.367115,0.509432,0.35388,0.35388,0.09931,0.43047,0.070281,0.09114,0.064715,0.150789,0.094085
scratch_tactile_policy,latency_contact_shift,7,80,0.76,0.299191,0.70671,0.367115,0.508867,0.354659,0.354659,0.098024,0.429432,0.069376,0.090704,0.064714,0.150796,0.093306
scratch_tactile_policy,latency_contact_shift,8,80,0.76,0.299191,0.70671,0.367115,0.507827,0.353086,0.353086,0.098188,0.429002,0.069895,0.091128,0.064903,0.15014,0.09346
scratch_tactile_policy,latency_contact_shift,9,80,0.76,0.299191,0.70671,0.367115,0.508457,0.35377,0.35377,0.098441,0.428941,0.069912,0.090746,0.064463,0.150514,0.093575
scratch_tactile_policy,sensor_bias_shift,0,80,0.68,0.275466,0.68031,0.37013,0.515666,0.365773,0.365773,0.093578,0.433677,0.066817,0.089802,0.062736,0.154215,0.091239
scratch_tactile_policy,sensor_bias_shift,1,80,0.68,0.275466,0.68031,0.37013,0.516185,0.367414,0.367414,0.093093,0.43516,0.065781,0.08983,0.062182,0.154497,0.090676
scratch_tactile_policy,sensor_bias_shift,2,80,0.68,0.275466,0.68031,0.37013,0.516247,0.366459,0.366459,0.093392,0.435275,0.066801,0.089926,0.062662,0.154114,0.091144
scratch_tactile_policy,sensor_bias_shift,3,80,0.68,0.275466,0.68031,0.37013,0.515608,0.365742,0.365742,0.093852,0.434367,0.066747,0.089412,0.062779,0.154,0.091271
scratch_tactile_policy,sensor_bias_shift,4,80,0.68,0.275466,0.68031,0.37013,0.515913,0.366324,0.366324,0.093335,0.434574,0.066614,0.089931,0.062562,0.154076,0.091037
scratch_tactile_policy,sensor_bias_shift,5,80,0.68,0.275466,0.68031,0.37013,0.515901,0.3663,0.3663,0.093372,0.434489,0.066422,0.090193,0.062573,0.154715,0.091093
scratch_tactile_policy,sensor_bias_shift,6,80,0.68,0.275466,0.68031,0.37013,0.515356,0.366072,0.366072,0.092671,0.434403,0.066539,0.089727,0.062836,0.154128,0.09082
scratch_tactile_policy,sensor_bias_shift,7,80,0.68,0.275466,0.68031,0.37013,0.516111,0.367261,0.367261,0.092524,0.434516,0.066131,0.089708,0.062562,0.154345,0.090626
scratch_tactile_policy,sensor_bias_shift,8,80,0.68,0.275466,0.68031,0.37013,0.51565,0.36611,0.36611,0.093433,0.434739,0.066397,0.089762,0.062746,0.154453,0.091074
scratch_tactile_policy,sensor_bias_shift,9,80,0.68,0.275466,0.68031,0.37013,0.516624,0.367366,0.367366,0.092826,0.433992,0.066459,0.089813,0.062739,0.153926,0.090796
sensor_health_filter,clean_transfer,0,80,0.06,0.121263,0.54851,0.634117,0.667522,0.567597,0.567597,0.039642,0.651499,0.040266,0.123152,0.042222,0.097371,0.050528
sensor_health_filter,clean_transfer,1,80,0.06,0.121263,0.54851,0.634117,0.667253,0.567871,0.567871,0.039278,0.651432,0.039699,0.123457,0.042092,0.097488,0.050197
sensor_health_filter,clean_transfer,2,80,0.06,0.121263,0.54851,0.634117,0.667512,0.5678,0.5678,0.039126,0.651666,0.040303,0.12325,0.042252,0.097039,0.05031
sensor_health_filter,clean_transfer,3,80,0.06,0.121263,0.54851,0.634117,0.667065,0.567108,0.567108,0.04005,0.65007,0.040008,0.123512,0.042329,0.096763,0.05047
sensor_health_filter,clean_transfer,4,80,0.06,0.121263,0.54851,0.634117,0.666029,0.5659,0.5659,0.040332,0.651613,0.039903,0.123389,0.04266,0.097114,0.050623
sensor_health_filter,clean_transfer,5,80,0.06,0.121263,0.54851,0.634117,0.667457,0.568115,0.568115,0.039146,0.651716,0.039681,0.123349,0.042383,0.097198,0.050122
sensor_health_filter,clean_transfer,6,80,0.06,0.121263,0.54851,0.634117,0.667881,0.568851,0.568851,0.039146,0.651224,0.039299,0.123328,0.042388,0.096968,0.049937
sensor_health_filter,clean_transfer,7,80,0.06,0.121263,0.54851,0.634117,0.666761,0.566384,0.566384,0.040314,0.650585,0.040219,0.123776,0.042506,0.09701,0.050703
sensor_health_filter,clean_transfer,8,80,0.06,0.121263,0.54851,0.634117,0.668357,0.568253,0.568253,0.040034,0.651392,0.040178,0.123197,0.042576,0.096912,0.050581
sensor_health_filter,clean_transfer,9,80,0.06,0.121263,0.54851,0.634117,0.667355,0.567951,0.567951,0.039405,0.64995,0.039575,0.123444,0.042459,0.097021,0.050146
sensor_health_filter,combined_stress,0,80,0.88,0.362293,0.75471,0.598589,0.598989,0.438948,0.438948,0.080636,0.633558,0.060479,0.207285,0.062496,0.11166,0.076747
sensor_health_filter,combined_stress,1,80,0.88,0.362293,0.75471,0.598589,0.599097,0.438625,0.438625,0.081745,0.631672,0.060597,0.206911,0.0623,0.111571,0.077133
sensor_health_filter,combined_stress,2,80,0.88,0.362293,0.75471,0.598589,0.598757,0.437504,0.437504,0.08233,0.631861,0.060901,0.20716,0.062648,0.11263,0.077673
sensor_health_filter,combined_stress,3,80,0.88,0.362293,0.75471,0.598589,0.597666,0.437015,0.437015,0.081789,0.631987,0.060501,0.207387,0.062429,0.112276,0.077251
sensor_health_filter,combined_stress,4,80,0.88,0.362293,0.75471,0.598589,0.598461,0.437223,0.437223,0.0818,0.632749,0.061579,0.207017,0.062183,0.111809,0.077556
sensor_health_filter,combined_stress,5,80,0.88,0.362293,0.75471,0.598589,0.598751,0.437994,0.437994,0.081499,0.634302,0.060847,0.2074,0.062463,0.111997,0.077237
sensor_health_filter,combined_stress,6,80,0.88,0.362293,0.75471,0.598589,0.598265,0.437697,0.437697,0.081512,0.631271,0.060768,0.207061,0.0623,0.111918,0.077181
sensor_health_filter,combined_stress,7,80,0.88,0.362293,0.75471,0.598589,0.599051,0.438174,0.438174,0.081542,0.633172,0.061054,0.207012,0.06248,0.112226,0.077373
sensor_health_filter,combined_stress,8,80,0.88,0.362293,0.75471,0.598589,0.598518,0.437778,0.437778,0.081426,0.631044,0.061134,0.207183,0.062142,0.11161,0.07722
sensor_health_filter,combined_stress,9,80,0.88,0.362293,0.75471,0.598589,0.598964,0.437574,0.437574,0.081811,0.631962,0.061757,0.206889,0.062469,0.111409,0.077584
sensor_health_filter,friction_compliance_shift,0,80,0.58,0.26869,0.66551,0.61201,0.622743,0.485769,0.485769,0.06227,0.640243,0.055113,0.175777,0.053578,0.10294,0.066002
sensor_health_filter,friction_compliance_shift,1,80,0.58,0.26869,0.66551,0.61201,0.623123,0.485965,0.485965,0.062644,0.640844,0.055231,0.175327,0.053751,0.102711,0.06615
sensor_health_filter,friction_compliance_shift,2,80,0.58,0.26869,0.66551,0.61201,0.623165,0.486046,0.486046,0.062635,0.640723,0.055225,0.175408,0.053621,0.102646,0.06612
sensor_health_filter,friction_compliance_shift,3,80,0.58,0.26869,0.66551,0.61201,0.621501,0.48446,0.48446,0.061945,0.639709,0.055445,0.175397,0.053858,0.102617,0.065987
sensor_health_filter,friction_compliance_shift,4,80,0.58,0.26869,0.66551,0.61201,0.621484,0.484113,0.484113,0.062237,0.641149,0.055537,0.175923,0.054036,0.102272,0.066077
sensor_health_filter,friction_compliance_shift,5,80,0.58,0.26869,0.66551,0.61201,0.621822,0.484404,0.484404,0.06216,0.640478,0.055588,0.175863,0.054016,0.102797,0.066163
sensor_health_filter,friction_compliance_shift,6,80,0.58,0.26869,0.66551,0.61201,0.621047,0.483696,0.483696,0.062453,0.639767,0.055409,0.175613,0.054002,0.102738,0.066183
sensor_health_filter,friction_compliance_shift,7,80,0.58,0.26869,0.66551,0.61201,0.623498,0.486473,0.486473,0.061839,0.639906,0.055401,0.175511,0.053883,0.102885,0.065985
sensor_health_filter,friction_compliance_shift,8,80,0.58,0.26869,0.66551,0.61201,0.622211,0.48448,0.48448,0.063218,0.640655,0.055368,0.17552,0.054048,0.103343,0.06654
sensor_health_filter,friction_compliance_shift,9,80,0.58,0.26869,0.66551,0.61201,0.622455,0.484793,0.484793,0.062281,0.641735,0.05576,0.175562,0.054281,0.10316,0.066361
sensor_health_filter,heldout_geometry,0,80,0.48,0.23744,0.65071,0.616488,0.631229,0.505057,0.505057,0.057995,0.642945,0.047523,0.16495,0.051511,0.101119,0.06113
sensor_health_filter,heldout_geometry,1,80,0.48,0.23744,0.65071,0.616488,0.631228,0.506413,0.506413,0.05578,0.64355,0.047052,0.165422,0.05118,0.101044,0.060151
sensor_health_filter,heldout_geometry,2,80,0.48,0.23744,0.65071,0.616488,0.631632,0.505197,0.505197,0.058242,0.643456,0.047451,0.165164,0.051799,0.101673,0.061315
sensor_health_filter,heldout_geometry,3,80,0.48,0.23744,0.65071,0.616488,0.631651,0.506077,0.506077,0.057107,0.642724,0.047209,0.165711,0.051248,0.100714,0.060609
sensor_health_filter,heldout_geometry,4,80,0.48,0.23744,0.65071,0.616488,0.630801,0.505424,0.505424,0.057003,0.643174,0.046915,0.16515,0.051632,0.101278,0.060602
sensor_health_filter,heldout_geometry,5,80,0.48,0.23744,0.65071,0.616488,0.632318,0.506723,0.506723,0.056746,0.642876,0.047327,0.165755,0.051431,0.100947,0.060592
sensor_health_filter,heldout_geometry,6,80,0.48,0.23744,0.65071,0.616488,0.631872,0.505923,0.505923,0.056992,0.644334,0.04771,0.165478,0.051523,0.10088,0.060818
sensor_health_filter,heldout_geometry,7,80,0.48,0.23744,0.65071,0.616488,0.631556,0.505982,0.505982,0.057534,0.64275,0.047131,0.165226,0.051063,0.100975,0.060753
sensor_health_filter,heldout_geometry,8,80,0.48,0.23744,0.65071,0.616488,0.631741,0.505717,0.505717,0.05774,0.64378,0.047296,0.165656,0.051553,0.100846,0.060911
sensor_health_filter,heldout_geometry,9,80,0.48,0.23744,0.65071,0.616488,0.631352,0.506023,0.506023,0.056973,0.644419,0.046969,0.165336,0.0515,0.100669,0.060489
sensor_health_filter,heldout_material,0,80,0.38,0.24009,0.61631,0.618321,0.638701,0.508421,0.508421,0.056803,0.643241,0.056243,0.156004,0.051929,0.101334,0.064119
sensor_health_filter,heldout_material,1,80,0.38,0.24009,0.61631,0.618321,0.638014,0.507832,0.507832,0.056992,0.643935,0.05636,0.15556,0.051476,0.101113,0.064142
sensor_health_filter,heldout_material,2,80,0.38,0.24009,0.61631,0.618321,0.638442,0.508542,0.508542,0.056903,0.643919,0.056105,0.155971,0.051107,0.100897,0.063939
sensor_health_filter,heldout_material,3,80,0.38,0.24009,0.61631,0.618321,0.638179,0.50857,0.50857,0.05621,0.642956,0.05614,0.155638,0.051378,0.100751,0.063718
sensor_health_filter,heldout_material,4,80,0.38,0.24009,0.61631,0.618321,0.63877,0.508486,0.508486,0.056903,0.642879,0.05683,0.155671,0.051103,0.100196,0.064088
sensor_health_filter,heldout_material,5,80,0.38,0.24009,0.61631,0.618321,0.637963,0.508181,0.508181,0.056628,0.644769,0.056176,0.155518,0.05128,0.10088,0.063887
sensor_health_filter,heldout_material,6,80,0.38,0.24009,0.61631,0.618321,0.638874,0.509205,0.509205,0.05634,0.643094,0.056111,0.155788,0.05123,0.101059,0.063791
sensor_health_filter,heldout_material,7,80,0.38,0.24009,0.61631,0.618321,0.637806,0.507779,0.507779,0.056945,0.64321,0.056149,0.156062,0.051311,0.100826,0.063978
sensor_health_filter,heldout_material,8,80,0.38,0.24009,0.61631,0.618321,0.638794,0.508035,0.508035,0.057198,0.644267,0.056832,0.156101,0.051421,0.101387,0.064435
sensor_health_filter,heldout_material,9,80,0.38,0.24009,0.61631,0.618321,0.638825,0.509269,0.509269,0.056831,0.643369,0.055688,0.155771,0.051494,0.10021,0.063671
sensor_health_filter,heldout_object,0,80,0.28,0.171086,0.59871,0.625743,0.64905,0.53678,0.53678,0.047269,0.647833,0.043617,0.145359,0.046475,0.098923,0.0551
sensor_health_filter,heldout_object,1,80,0.28,0.171086,0.59871,0.625743,0.648776,0.536074,0.536074,0.047304,0.648045,0.04393,0.145244,0.046863,0.099636,0.055398
sensor_health_filter,heldout_object,2,80,0.28,0.171086,0.59871,0.625743,0.648897,0.536508,0.536508,0.047623,0.646125,0.043716,0.14486,0.046364,0.099192,0.055295
sensor_health_filter,heldout_object,3,80,0.28,0.171086,0.59871,0.625743,0.648683,0.535662,0.535662,0.047662,0.648064,0.044399,0.145051,0.046444,0.099541,0.055639
sensor_health_filter,heldout_object,4,80,0.28,0.171086,0.59871,0.625743,0.650072,0.538385,0.538385,0.046834,0.646992,0.04318,0.14546,0.046176,0.099013,0.054772
sensor_health_filter,heldout_object,5,80,0.28,0.171086,0.59871,0.625743,0.649477,0.537235,0.537235,0.047671,0.647713,0.043498,0.144808,0.046377,0.099191,0.05523
sensor_health_filter,heldout_object,6,80,0.28,0.171086,0.59871,0.625743,0.64839,0.536396,0.536396,0.047124,0.646804,0.04336,0.145606,0.046151,0.09917,0.054965
sensor_health_filter,heldout_object,7,80,0.28,0.171086,0.59871,0.625743,0.648931,0.536583,0.536583,0.047197,0.646816,0.043577,0.145167,0.046956,0.099163,0.055151
sensor_health_filter,heldout_object,8,80,0.28,0.171086,0.59871,0.625743,0.648536,0.536398,0.536398,0.047263,0.648371,0.043396,0.145201,0.046579,0.099232,0.05508
sensor_health_filter,heldout_object,9,80,0.28,0.171086,0.59871,0.625743,0.649261,0.536861,0.536861,0.047041,0.646353,0.043896,0.145799,0.046192,0.099097,0.055131
sensor_health_filter,latency_contact_shift,0,80,0.76,0.299191,0.70671,0.605959,0.609699,0.463624,0.463624,0.071519,0.634469,0.053605,0.194511,0.057448,0.108728,0.070002
sensor_health_filter,latency_contact_shift,1,80,0.76,0.299191,0.70671,0.605959,0.609901,0.463826,0.463826,0.071253,0.635342,0.053722,0.194635,0.057642,0.108256,0.069891
sensor_health_filter,latency_contact_shift,2,80,0.76,0.299191,0.70671,0.605959,0.609071,0.462964,0.462964,0.071508,0.635232,0.053534,0.194609,0.057719,0.108583,0.069972
sensor_health_filter,latency_contact_shift,3,80,0.76,0.299191,0.70671,0.605959,0.608935,0.463421,0.463421,0.07092,0.63484,0.05332,0.19425,0.057487,0.108442,0.069643
sensor_health_filter,latency_contact_shift,4,80,0.76,0.299191,0.70671,0.605959,0.608301,0.462561,0.462561,0.070861,0.6356,0.05346,0.194058,0.057833,0.109099,0.069829
sensor_health_filter,latency_contact_shift,5,80,0.76,0.299191,0.70671,0.605959,0.609944,0.464546,0.464546,0.070336,0.634518,0.053338,0.194379,0.057706,0.108734,0.069525
sensor_health_filter,latency_contact_shift,6,80,0.76,0.299191,0.70671,0.605959,0.608664,0.462804,0.462804,0.071746,0.635125,0.053355,0.194095,0.057447,0.1084,0.069925
sensor_health_filter,latency_contact_shift,7,80,0.76,0.299191,0.70671,0.605959,0.609101,0.462451,0.462451,0.071919,0.633937,0.053994,0.194434,0.057804,0.108813,0.070337
sensor_health_filter,latency_contact_shift,8,80,0.76,0.299191,0.70671,0.605959,0.609586,0.462742,0.462742,0.072418,0.634751,0.054058,0.194418,0.057596,0.108755,0.0705
sensor_health_filter,latency_contact_shift,9,80,0.76,0.299191,0.70671,0.605959,0.608871,0.462457,0.462457,0.071806,0.635592,0.053839,0.1945,0.057435,0.109093,0.070253
sensor_health_filter,sensor_bias_shift,0,80,0.68,0.275466,0.68031,0.609442,0.61886,0.479404,0.479404,0.065409,0.63884,0.050897,0.187504,0.055353,0.111622,0.067207
sensor_health_filter,sensor_bias_shift,1,80,0.68,0.275466,0.68031,0.609442,0.617388,0.477111,0.477111,0.066576,0.639424,0.051344,0.187473,0.05531,0.111498,0.067747
sensor_health_filter,sensor_bias_shift,2,80,0.68,0.275466,0.68031,0.609442,0.617642,0.477817,0.477817,0.065795,0.640251,0.051616,0.186746,0.055141,0.110768,0.067437
sensor_health_filter,sensor_bias_shift,3,80,0.68,0.275466,0.68031,0.609442,0.618035,0.477987,0.477987,0.066052,0.640377,0.051199,0.187457,0.055725,0.111375,0.067533
sensor_health_filter,sensor_bias_shift,4,80,0.68,0.275466,0.68031,0.609442,0.618371,0.478741,0.478741,0.065819,0.639868,0.050685,0.187436,0.055942,0.111398,0.067284
sensor_health_filter,sensor_bias_shift,5,80,0.68,0.275466,0.68031,0.609442,0.618176,0.47768,0.47768,0.066852,0.63974,0.051548,0.186994,0.055599,0.111141,0.067883
sensor_health_filter,sensor_bias_shift,6,80,0.68,0.275466,0.68031,0.609442,0.617981,0.478117,0.478117,0.06607,0.639785,0.051143,0.187201,0.055403,0.111451,0.067499
sensor_health_filter,sensor_bias_shift,7,80,0.68,0.275466,0.68031,0.609442,0.616927,0.476803,0.476803,0.066204,0.639249,0.051404,0.18712,0.055585,0.111164,0.067611
sensor_health_filter,sensor_bias_shift,8,80,0.68,0.275466,0.68031,0.609442,0.618798,0.479569,0.479569,0.065505,0.640254,0.050611,0.187293,0.055374,0.11146,0.067104
sensor_health_filter,sensor_bias_shift,9,80,0.68,0.275466,0.68031,0.609442,0.617813,0.478112,0.478112,0.06647,0.638233,0.050646,0.187411,0.055529,0.11093,0.067366
test_time_tactile_adaptation,clean_transfer,0,80,0.06,0.121263,0.54851,0.756173,0.713479,0.607899,0.607899,0.0463,0.649773,0.043219,0.112786,0.044468,0.11433,0.057191
test_time_tactile_adaptation,clean_transfer,1,80,0.06,0.121263,0.54851,0.756173,0.714038,0.608411,0.608411,0.046145,0.650149,0.043501,0.112777,0.044146,0.114443,0.057234
test_time_tactile_adaptation,clean_transfer,2,80,0.06,0.121263,0.54851,0.756173,0.714076,0.607694,0.607694,0.046363,0.650045,0.044226,0.11299,0.04436,0.114491,0.057613
test_time_tactile_adaptation,clean_transfer,3,80,0.06,0.121263,0.54851,0.756173,0.712259,0.605721,0.605721,0.0468,0.65024,0.044336,0.112879,0.043921,0.114846,0.057824
test_time_tactile_adaptation,clean_transfer,4,80,0.06,0.121263,0.54851,0.756173,0.712315,0.605771,0.605771,0.046278,0.649491,0.044799,0.112724,0.043855,0.114453,0.057745
test_time_tactile_adaptation,clean_transfer,5,80,0.06,0.121263,0.54851,0.756173,0.713608,0.608217,0.608217,0.045763,0.65034,0.043414,0.113024,0.043938,0.114542,0.057068
test_time_tactile_adaptation,clean_transfer,6,80,0.06,0.121263,0.54851,0.756173,0.711513,0.605143,0.605143,0.046281,0.650468,0.044426,0.112817,0.044034,0.114644,0.057657
test_time_tactile_adaptation,clean_transfer,7,80,0.06,0.121263,0.54851,0.756173,0.713262,0.607622,0.607622,0.045953,0.651077,0.043614,0.112757,0.044068,0.11482,0.057272
test_time_tactile_adaptation,clean_transfer,8,80,0.06,0.121263,0.54851,0.756173,0.7129,0.606752,0.606752,0.046272,0.650943,0.044134,0.112762,0.043986,0.114859,0.057577
test_time_tactile_adaptation,clean_transfer,9,80,0.06,0.121263,0.54851,0.756173,0.714171,0.608135,0.608135,0.0462,0.648928,0.043982,0.112992,0.04413,0.114333,0.057414
test_time_tactile_adaptation,combined_stress,0,80,0.88,0.362293,0.75471,0.723415,0.642758,0.465896,0.465896,0.097233,0.630687,0.071578,0.192559,0.066078,0.138594,0.091814
test_time_tactile_adaptation,combined_stress,1,80,0.88,0.362293,0.75471,0.723415,0.642036,0.465681,0.465681,0.096531,0.63001,0.071368,0.193129,0.065833,0.137908,0.091347
test_time_tactile_adaptation,combined_stress,2,80,0.88,0.362293,0.75471,0.723415,0.641941,0.465631,0.465631,0.096239,0.629257,0.071679,0.192632,0.065607,0.138219,0.091399
test_time_tactile_adaptation,combined_stress,3,80,0.88,0.362293,0.75471,0.723415,0.643465,0.467154,0.467154,0.096463,0.630047,0.071327,0.192948,0.065982,0.137986,0.091337
test_time_tactile_adaptation,combined_stress,4,80,0.88,0.362293,0.75471,0.723415,0.64207,0.465906,0.465906,0.096313,0.63066,0.071052,0.192888,0.066335,0.138184,0.091253
test_time_tactile_adaptation,combined_stress,5,80,0.88,0.362293,0.75471,0.723415,0.642202,0.464994,0.464994,0.097045,0.63064,0.072072,0.19311,0.066069,0.138152,0.091857
test_time_tactile_adaptation,combined_stress,6,80,0.88,0.362293,0.75471,0.723415,0.642709,0.465632,0.465632,0.09666,0.629587,0.072138,0.193263,0.065962,0.138102,0.091731
test_time_tactile_adaptation,combined_stress,7,80,0.88,0.362293,0.75471,0.723415,0.641689,0.465145,0.465145,0.096403,0.63058,0.071654,0.193065,0.066041,0.137764,0.091407
test_time_tactile_adaptation,combined_stress,8,80,0.88,0.362293,0.75471,0.723415,0.642968,0.466316,0.466316,0.097176,0.630647,0.071393,0.192883,0.066026,0.137745,0.091566
test_time_tactile_adaptation,combined_stress,9,80,0.88,0.362293,0.75471,0.723415,0.642283,0.466105,0.466105,0.096233,0.630017,0.071479,0.192924,0.065521,0.138075,0.091287
test_time_tactile_adaptation,friction_compliance_shift,0,80,0.58,0.26869,0.66551,0.735893,0.667869,0.518364,0.518364,0.073664,0.639717,0.064438,0.161649,0.056887,0.124212,0.077579
test_time_tactile_adaptation,friction_compliance_shift,1,80,0.58,0.26869,0.66551,0.735893,0.667616,0.517388,0.517388,0.074045,0.639073,0.065495,0.161189,0.056432,0.124344,0.078088
test_time_tactile_adaptation,friction_compliance_shift,2,80,0.58,0.26869,0.66551,0.735893,0.667547,0.517591,0.517591,0.073723,0.638009,0.065233,0.161171,0.056637,0.124395,0.077909
test_time_tactile_adaptation,friction_compliance_shift,3,80,0.58,0.26869,0.66551,0.735893,0.668722,0.518955,0.518955,0.073709,0.638309,0.064778,0.161516,0.056856,0.124459,0.077765
test_time_tactile_adaptation,friction_compliance_shift,4,80,0.58,0.26869,0.66551,0.735893,0.668054,0.518787,0.518787,0.073404,0.63863,0.064532,0.161266,0.056567,0.124175,0.077488
test_time_tactile_adaptation,friction_compliance_shift,5,80,0.58,0.26869,0.66551,0.735893,0.668286,0.518735,0.518735,0.073485,0.639397,0.064892,0.161008,0.056487,0.124699,0.077739
test_time_tactile_adaptation,friction_compliance_shift,6,80,0.58,0.26869,0.66551,0.735893,0.667544,0.517705,0.517705,0.074494,0.638286,0.064536,0.161062,0.057111,0.123752,0.077838
test_time_tactile_adaptation,friction_compliance_shift,7,80,0.58,0.26869,0.66551,0.735893,0.66861,0.519337,0.519337,0.073074,0.637811,0.064736,0.161233,0.056569,0.124265,0.077469
test_time_tactile_adaptation,friction_compliance_shift,8,80,0.58,0.26869,0.66551,0.735893,0.667676,0.517711,0.517711,0.073669,0.6405,0.065189,0.161235,0.056923,0.124061,0.077842
test_time_tactile_adaptation,friction_compliance_shift,9,80,0.58,0.26869,0.66551,0.735893,0.668647,0.519346,0.519346,0.072959,0.638311,0.064938,0.161414,0.056277,0.124128,0.077453
test_time_tactile_adaptation,heldout_geometry,0,80,0.48,0.23744,0.65071,0.740057,0.679187,0.544544,0.544544,0.067218,0.641478,0.053105,0.15113,0.054022,0.121342,0.070278
test_time_tactile_adaptation,heldout_geometry,1,80,0.48,0.23744,0.65071,0.740057,0.678391,0.543185,0.543185,0.067462,0.642048,0.053556,0.151625,0.054052,0.12135,0.070536
test_time_tactile_adaptation,heldout_geometry,2,80,0.48,0.23744,0.65071,0.740057,0.676101,0.5407,0.5407,0.067459,0.639613,0.054115,0.151542,0.053505,0.121163,0.07066
test_time_tactile_adaptation,heldout_geometry,3,80,0.48,0.23744,0.65071,0.740057,0.678795,0.543911,0.543911,0.066662,0.640247,0.053665,0.151963,0.05371,0.121296,0.070262
test_time_tactile_adaptation,heldout_geometry,4,80,0.48,0.23744,0.65071,0.740057,0.677308,0.542274,0.542274,0.067155,0.641692,0.053661,0.151189,0.053757,0.122006,0.070561
test_time_tactile_adaptation,heldout_geometry,5,80,0.48,0.23744,0.65071,0.740057,0.676455,0.541023,0.541023,0.067923,0.641076,0.053729,0.151621,0.053697,0.121399,0.070733
test_time_tactile_adaptation,heldout_geometry,6,80,0.48,0.23744,0.65071,0.740057,0.677442,0.542119,0.542119,0.067115,0.640774,0.053902,0.151508,0.054208,0.121292,0.070555
test_time_tactile_adaptation,heldout_geometry,7,80,0.48,0.23744,0.65071,0.740057,0.677449,0.541783,0.541783,0.068161,0.641271,0.053825,0.151431,0.053982,0.121448,0.070887
test_time_tactile_adaptation,heldout_geometry,8,80,0.48,0.23744,0.65071,0.740057,0.676908,0.541453,0.541453,0.067431,0.642271,0.05383,0.15182,0.053996,0.121648,0.070678
test_time_tactile_adaptation,heldout_geometry,9,80,0.48,0.23744,0.65071,0.740057,0.677971,0.542775,0.542775,0.067045,0.641319,0.054073,0.15154,0.053517,0.121236,0.070517
test_time_tactile_adaptation,heldout_material,0,80,0.38,0.24009,0.61631,0.741136,0.683705,0.542637,0.542637,0.066218,0.641403,0.065176,0.142727,0.053373,0.121332,0.074458
test_time_tactile_adaptation,heldout_material,1,80,0.38,0.24009,0.61631,0.741136,0.682786,0.540695,0.540695,0.067379,0.642607,0.065797,0.142481,0.053591,0.121548,0.07515
test_time_tactile_adaptation,heldout_material,2,80,0.38,0.24009,0.61631,0.741136,0.684401,0.542601,0.542601,0.066814,0.641614,0.065636,0.142749,0.053798,0.121186,0.074852
test_time_tactile_adaptation,heldout_material,3,80,0.38,0.24009,0.61631,0.741136,0.683915,0.541911,0.541911,0.067012,0.640923,0.065789,0.142956,0.053705,0.121073,0.074948
test_time_tactile_adaptation,heldout_material,4,80,0.38,0.24009,0.61631,0.741136,0.684056,0.542582,0.542582,0.066566,0.641371,0.065498,0.142261,0.053715,0.121382,0.074742
test_time_tactile_adaptation,heldout_material,5,80,0.38,0.24009,0.61631,0.741136,0.683474,0.541515,0.541515,0.067337,0.64186,0.065329,0.142803,0.054136,0.121449,0.074994
test_time_tactile_adaptation,heldout_material,6,80,0.38,0.24009,0.61631,0.741136,0.683726,0.542711,0.542711,0.066229,0.640142,0.064999,0.142854,0.053582,0.121161,0.074385
test_time_tactile_adaptation,heldout_material,7,80,0.38,0.24009,0.61631,0.741136,0.684329,0.542351,0.542351,0.066615,0.640597,0.065944,0.142975,0.053819,0.121052,0.074879
test_time_tactile_adaptation,heldout_material,8,80,0.38,0.24009,0.61631,0.741136,0.685372,0.543651,0.543651,0.06662,0.640612,0.065864,0.142573,0.053425,0.121172,0.074833
test_time_tactile_adaptation,heldout_material,9,80,0.38,0.24009,0.61631,0.741136,0.683823,0.542284,0.542284,0.066941,0.641739,0.065231,0.1427,0.053912,0.120821,0.074687
test_time_tactile_adaptation,heldout_object,0,80,0.28,0.171086,0.59871,0.748735,0.694322,0.574079,0.574079,0.055475,0.647509,0.049105,0.133205,0.048472,0.117716,0.063557
test_time_tactile_adaptation,heldout_object,1,80,0.28,0.171086,0.59871,0.748735,0.694485,0.574204,0.574204,0.05588,0.647872,0.048968,0.132934,0.048456,0.117894,0.063674
test_time_tactile_adaptation,heldout_object,2,80,0.28,0.171086,0.59871,0.748735,0.694637,0.574984,0.574984,0.054629,0.645783,0.048871,0.133334,0.0481,0.118177,0.063226
test_time_tactile_adaptation,heldout_object,3,80,0.28,0.171086,0.59871,0.748735,0.695771,0.576595,0.576595,0.054794,0.64728,0.04825,0.133258,0.047896,0.118084,0.06301
test_time_tactile_adaptation,heldout_object,4,80,0.28,0.171086,0.59871,0.748735,0.696043,0.576144,0.576144,0.054828,0.647874,0.049057,0.132992,0.048479,0.117947,0.063361
test_time_tactile_adaptation,heldout_object,5,80,0.28,0.171086,0.59871,0.748735,0.694056,0.574304,0.574304,0.054737,0.646378,0.048725,0.133287,0.048624,0.11818,0.063261
test_time_tactile_adaptation,heldout_object,6,80,0.28,0.171086,0.59871,0.748735,0.695316,0.575295,0.575295,0.055162,0.64601,0.048941,0.133248,0.048339,0.118316,0.063483
test_time_tactile_adaptation,heldout_object,7,80,0.28,0.171086,0.59871,0.748735,0.694357,0.573813,0.573813,0.055972,0.646782,0.04922,0.1335,0.048075,0.118162,0.063811
test_time_tactile_adaptation,heldout_object,8,80,0.28,0.171086,0.59871,0.748735,0.695277,0.576022,0.576022,0.0548,0.647526,0.048365,0.13297,0.048137,0.117899,0.063046
test_time_tactile_adaptation,heldout_object,9,80,0.28,0.171086,0.59871,0.748735,0.693919,0.573664,0.573664,0.056329,0.646371,0.048446,0.133211,0.048588,0.118356,0.063724
test_time_tactile_adaptation,latency_contact_shift,0,80,0.76,0.299191,0.70671,0.730742,0.653138,0.494375,0.494375,0.084595,0.636841,0.061697,0.180711,0.060493,0.13271,0.082144
test_time_tactile_adaptation,latency_contact_shift,1,80,0.76,0.299191,0.70671,0.730742,0.654727,0.496128,0.496128,0.083299,0.634462,0.06236,0.180342,0.060522,0.13271,0.081959
test_time_tactile_adaptation,latency_contact_shift,2,80,0.76,0.299191,0.70671,0.730742,0.653486,0.495063,0.495063,0.083645,0.634175,0.061922,0.18007,0.06069,0.132697,0.081924
test_time_tactile_adaptation,latency_contact_shift,3,80,0.76,0.299191,0.70671,0.730742,0.653576,0.495259,0.495259,0.083334,0.635436,0.062091,0.180201,0.060317,0.132693,0.081845
test_time_tactile_adaptation,latency_contact_shift,4,80,0.76,0.299191,0.70671,0.730742,0.65463,0.495956,0.495956,0.083999,0.634178,0.062209,0.180271,0.060296,0.132378,0.082057
test_time_tactile_adaptation,latency_contact_shift,5,80,0.76,0.299191,0.70671,0.730742,0.654594,0.496279,0.496279,0.083464,0.634972,0.061668,0.18035,0.060775,0.133311,0.081885
test_time_tactile_adaptation,latency_contact_shift,6,80,0.76,0.299191,0.70671,0.730742,0.653919,0.495851,0.495851,0.08334,0.634464,0.061654,0.180169,0.060503,0.132858,0.081729
test_time_tactile_adaptation,latency_contact_shift,7,80,0.76,0.299191,0.70671,0.730742,0.653246,0.495514,0.495514,0.082971,0.634692,0.061501,0.179881,0.0605,0.132926,0.081557
test_time_tactile_adaptation,latency_contact_shift,8,80,0.76,0.299191,0.70671,0.730742,0.654184,0.495649,0.495649,0.084084,0.635371,0.061947,0.180441,0.060097,0.132736,0.082031
test_time_tactile_adaptation,latency_contact_shift,9,80,0.76,0.299191,0.70671,0.730742,0.653568,0.494367,0.494367,0.084091,0.635998,0.062649,0.180397,0.060635,0.132577,0.082325
test_time_tactile_adaptation,sensor_bias_shift,0,80,0.68,0.275466,0.68031,0.733957,0.660759,0.507713,0.507713,0.079965,0.638163,0.058841,0.175245,0.058518,0.135325,0.079758
test_time_tactile_adaptation,sensor_bias_shift,1,80,0.68,0.275466,0.68031,0.733957,0.659602,0.505515,0.505515,0.080314,0.637724,0.060045,0.175092,0.05861,0.135315,0.080342
test_time_tactile_adaptation,sensor_bias_shift,2,80,0.68,0.275466,0.68031,0.733957,0.662446,0.509154,0.509154,0.07977,0.63834,0.059443,0.174876,0.058369,0.135479,0.079933
test_time_tactile_adaptation,sensor_bias_shift,3,80,0.68,0.275466,0.68031,0.733957,0.660548,0.50729,0.50729,0.079704,0.638333,0.059445,0.175173,0.058256,0.135185,0.079847
test_time_tactile_adaptation,sensor_bias_shift,4,80,0.68,0.275466,0.68031,0.733957,0.660579,0.507079,0.507079,0.079933,0.638035,0.059543,0.174858,0.058566,0.135486,0.080047
test_time_tactile_adaptation,sensor_bias_shift,5,80,0.68,0.275466,0.68031,0.733957,0.661599,0.508014,0.508014,0.079548,0.638082,0.059606,0.175435,0.059027,0.134963,0.079893
test_time_tactile_adaptation,sensor_bias_shift,6,80,0.68,0.275466,0.68031,0.733957,0.661137,0.507701,0.507701,0.080762,0.638436,0.05883,0.175071,0.05888,0.135015,0.080005
test_time_tactile_adaptation,sensor_bias_shift,7,80,0.68,0.275466,0.68031,0.733957,0.661108,0.507453,0.507453,0.080101,0.63745,0.059445,0.175387,0.058656,0.135545,0.080087
test_time_tactile_adaptation,sensor_bias_shift,8,80,0.68,0.275466,0.68031,0.733957,0.660927,0.508061,0.508061,0.079347,0.63711,0.058928,0.175277,0.05854,0.135499,0.079614
test_time_tactile_adaptation,sensor_bias_shift,9,80,0.68,0.275466,0.68031,0.733957,0.661544,0.508273,0.508273,0.079879,0.638022,0.059059,0.175695,0.058566,0.135232,0.0798
uncertainty_gated_transfer,clean_transfer,0,80,0.06,0.121263,0.54851,0.649436,0.663355,0.549162,0.549162,0.048538,0.590295,0.042997,0.149796,0.045752,0.107815,0.056824
uncertainty_gated_transfer,clean_transfer,1,80,0.06,0.121263,0.54851,0.649436,0.664023,0.549458,0.549458,0.047975,0.588787,0.043487,0.150468,0.04625,0.107434,0.0568
uncertainty_gated_transfer,clean_transfer,2,80,0.06,0.121263,0.54851,0.649436,0.663176,0.548028,0.548028,0.048119,0.591027,0.044148,0.150233,0.04633,0.107903,0.057192
uncertainty_gated_transfer,clean_transfer,3,80,0.06,0.121263,0.54851,0.649436,0.662144,0.548105,0.548105,0.047506,0.590543,0.0433,0.150337,0.04568,0.107727,0.056565
uncertainty_gated_transfer,clean_transfer,4,80,0.06,0.121263,0.54851,0.649436,0.662959,0.549055,0.549055,0.047102,0.590885,0.043495,0.149916,0.04561,0.107872,0.05652
uncertainty_gated_transfer,clean_transfer,5,80,0.06,0.121263,0.54851,0.649436,0.664651,0.550577,0.550577,0.047685,0.59067,0.043477,0.150065,0.045373,0.107576,0.056635
uncertainty_gated_transfer,clean_transfer,6,80,0.06,0.121263,0.54851,0.649436,0.663195,0.549226,0.549226,0.047544,0.590574,0.043314,0.150215,0.045512,0.107586,0.056541
uncertainty_gated_transfer,clean_transfer,7,80,0.06,0.121263,0.54851,0.649436,0.663655,0.549395,0.549395,0.04797,0.590279,0.043207,0.150356,0.045952,0.107647,0.0567
uncertainty_gated_transfer,clean_transfer,8,80,0.06,0.121263,0.54851,0.649436,0.662921,0.548423,0.548423,0.047491,0.590554,0.043624,0.150492,0.046227,0.107874,0.056764
uncertainty_gated_transfer,clean_transfer,9,80,0.06,0.121263,0.54851,0.649436,0.663996,0.550231,0.550231,0.047909,0.590448,0.042774,0.15001,0.045885,0.107233,0.056434
uncertainty_gated_transfer,combined_stress,0,80,0.88,0.362293,0.75471,0.599235,0.585964,0.39457,0.39457,0.100284,0.567899,0.069863,0.256511,0.069818,0.131602,0.091315
uncertainty_gated_transfer,combined_stress,1,80,0.88,0.362293,0.75471,0.599235,0.58614,0.39456,0.39456,0.10054,0.566178,0.069826,0.256839,0.069831,0.131798,0.091424
uncertainty_gated_transfer,combined_stress,2,80,0.88,0.362293,0.75471,0.599235,0.585874,0.39484,0.39484,0.10013,0.565886,0.069574,0.256763,0.069474,0.131425,0.091086
uncertainty_gated_transfer,combined_stress,3,80,0.88,0.362293,0.75471,0.599235,0.586309,0.394351,0.394351,0.100926,0.566302,0.070202,0.256366,0.070058,0.131444,0.091657
uncertainty_gated_transfer,combined_stress,4,80,0.88,0.362293,0.75471,0.599235,0.586316,0.394388,0.394388,0.101472,0.565191,0.069885,0.256059,0.070145,0.131421,0.091727
uncertainty_gated_transfer,combined_stress,5,80,0.88,0.362293,0.75471,0.599235,0.585268,0.393459,0.393459,0.100894,0.565859,0.069889,0.256396,0.070405,0.13127,0.091531
uncertainty_gated_transfer,combined_stress,6,80,0.88,0.362293,0.75471,0.599235,0.586809,0.395666,0.395666,0.099974,0.566504,0.069728,0.256671,0.06977,0.131351,0.091108
uncertainty_gated_transfer,combined_stress,7,80,0.88,0.362293,0.75471,0.599235,0.585481,0.393902,0.393902,0.100538,0.566121,0.069902,0.256527,0.069898,0.131717,0.091445
uncertainty_gated_transfer,combined_stress,8,80,0.88,0.362293,0.75471,0.599235,0.583765,0.392123,0.392123,0.100954,0.566855,0.069549,0.256666,0.070174,0.131866,0.091506
uncertainty_gated_transfer,combined_stress,9,80,0.88,0.362293,0.75471,0.599235,0.584648,0.392588,0.392588,0.101136,0.566868,0.069875,0.256973,0.070403,0.131488,0.091647
uncertainty_gated_transfer,friction_compliance_shift,0,80,0.58,0.26869,0.66551,0.618066,0.614389,0.45356,0.45356,0.075642,0.576017,0.062019,0.215803,0.060136,0.118137,0.076564
uncertainty_gated_transfer,friction_compliance_shift,1,80,0.58,0.26869,0.66551,0.618066,0.615624,0.454428,0.454428,0.075638,0.576513,0.063081,0.215074,0.059504,0.117681,0.076821
uncertainty_gated_transfer,friction_compliance_shift,2,80,0.58,0.26869,0.66551,0.618066,0.614391,0.453882,0.453882,0.075144,0.57738,0.062342,0.214785,0.059801,0.118097,0.076476
uncertainty_gated_transfer,friction_compliance_shift,3,80,0.58,0.26869,0.66551,0.618066,0.614111,0.452981,0.452981,0.075575,0.577039,0.062963,0.214582,0.059988,0.117706,0.076807
uncertainty_gated_transfer,friction_compliance_shift,4,80,0.58,0.26869,0.66551,0.618066,0.614712,0.453449,0.453449,0.075857,0.576648,0.062994,0.215019,0.059639,0.117693,0.076877
uncertainty_gated_transfer,friction_compliance_shift,5,80,0.58,0.26869,0.66551,0.618066,0.615311,0.45423,0.45423,0.075537,0.577782,0.062843,0.214963,0.060101,0.117174,0.076664
uncertainty_gated_transfer,friction_compliance_shift,6,80,0.58,0.26869,0.66551,0.618066,0.614953,0.453703,0.453703,0.075871,0.577053,0.062664,0.214956,0.060096,0.118466,0.076942
uncertainty_gated_transfer,friction_compliance_shift,7,80,0.58,0.26869,0.66551,0.618066,0.614913,0.453859,0.453859,0.075806,0.576871,0.062587,0.215059,0.059797,0.118161,0.076806
uncertainty_gated_transfer,friction_compliance_shift,8,80,0.58,0.26869,0.66551,0.618066,0.613707,0.452215,0.452215,0.076195,0.57676,0.062987,0.214891,0.059925,0.117852,0.077047
uncertainty_gated_transfer,friction_compliance_shift,9,80,0.58,0.26869,0.66551,0.618066,0.613543,0.4521,0.4521,0.076175,0.578425,0.06279,0.215188,0.0601,0.117719,0.076959
uncertainty_gated_transfer,heldout_geometry,0,80,0.48,0.23744,0.65071,0.624348,0.624941,0.478671,0.478671,0.069144,0.580294,0.052442,0.201971,0.056644,0.114901,0.069784
uncertainty_gated_transfer,heldout_geometry,1,80,0.48,0.23744,0.65071,0.624348,0.624485,0.478032,0.478032,0.069104,0.578673,0.052674,0.201765,0.056678,0.115425,0.069956
uncertainty_gated_transfer,heldout_geometry,2,80,0.48,0.23744,0.65071,0.624348,0.624184,0.477814,0.477814,0.069161,0.580789,0.052459,0.201903,0.056901,0.115014,0.069842
uncertainty_gated_transfer,heldout_geometry,3,80,0.48,0.23744,0.65071,0.624348,0.62492,0.478592,0.478592,0.069277,0.581305,0.052613,0.201763,0.056476,0.114667,0.069835
uncertainty_gated_transfer,heldout_geometry,4,80,0.48,0.23744,0.65071,0.624348,0.62374,0.477012,0.477012,0.069285,0.579203,0.052979,0.202154,0.056586,0.114705,0.069994
uncertainty_gated_transfer,heldout_geometry,5,80,0.48,0.23744,0.65071,0.624348,0.624553,0.478333,0.478333,0.068937,0.579995,0.052225,0.201929,0.057257,0.115042,0.069717
uncertainty_gated_transfer,heldout_geometry,6,80,0.48,0.23744,0.65071,0.624348,0.625501,0.479156,0.479156,0.069025,0.578939,0.052597,0.202059,0.056599,0.114976,0.069811
uncertainty_gated_transfer,heldout_geometry,7,80,0.48,0.23744,0.65071,0.624348,0.625795,0.479109,0.479109,0.069308,0.579625,0.053085,0.201514,0.056475,0.11508,0.070099
uncertainty_gated_transfer,heldout_geometry,8,80,0.48,0.23744,0.65071,0.624348,0.624303,0.477895,0.477895,0.069208,0.580344,0.05261,0.201661,0.056687,0.115226,0.069932
uncertainty_gated_transfer,heldout_geometry,9,80,0.48,0.23744,0.65071,0.624348,0.62407,0.477248,0.477248,0.069208,0.580521,0.053033,0.202424,0.05657,0.114992,0.070039
uncertainty_gated_transfer,heldout_material,0,80,0.38,0.24009,0.61631,0.62772,0.631531,0.48027,0.48027,0.068486,0.579894,0.063189,0.190195,0.056544,0.114547,0.07357
uncertainty_gated_transfer,heldout_material,1,80,0.38,0.24009,0.61631,0.62772,0.631022,0.478854,0.478854,0.069006,0.580142,0.063936,0.190562,0.056573,0.114796,0.074078
uncertainty_gated_transfer,heldout_material,2,80,0.38,0.24009,0.61631,0.62772,0.631814,0.481007,0.481007,0.067612,0.581018,0.063132,0.190376,0.056335,0.114619,0.073243
uncertainty_gated_transfer,heldout_material,3,80,0.38,0.24009,0.61631,0.62772,0.63142,0.479397,0.479397,0.069109,0.579204,0.063735,0.190464,0.056558,0.114662,0.074011
uncertainty_gated_transfer,heldout_material,4,80,0.38,0.24009,0.61631,0.62772,0.631676,0.479632,0.479632,0.068377,0.580508,0.064308,0.190762,0.055999,0.114993,0.073984
uncertainty_gated_transfer,heldout_material,5,80,0.38,0.24009,0.61631,0.62772,0.630952,0.478984,0.478984,0.069022,0.579611,0.063688,0.190484,0.05639,0.115231,0.07405
uncertainty_gated_transfer,heldout_material,6,80,0.38,0.24009,0.61631,0.62772,0.630892,0.480154,0.480154,0.068134,0.581214,0.062869,0.190382,0.055888,0.114892,0.073325
uncertainty_gated_transfer,heldout_material,7,80,0.38,0.24009,0.61631,0.62772,0.6328,0.482052,0.482052,0.068071,0.579664,0.062829,0.190352,0.05636,0.114249,0.07322
uncertainty_gated_transfer,heldout_material,8,80,0.38,0.24009,0.61631,0.62772,0.631204,0.47955,0.47955,0.06893,0.579968,0.063407,0.190355,0.056443,0.114795,0.073838
uncertainty_gated_transfer,heldout_material,9,80,0.38,0.24009,0.61631,0.62772,0.631185,0.479735,0.479735,0.068704,0.580941,0.063342,0.190398,0.056308,0.114615,0.073691
uncertainty_gated_transfer,heldout_object,0,80,0.28,0.171086,0.59871,0.637241,0.643421,0.513705,0.513705,0.056601,0.587339,0.048159,0.177534,0.050655,0.111171,0.062621
uncertainty_gated_transfer,heldout_object,1,80,0.28,0.171086,0.59871,0.637241,0.644126,0.514996,0.514996,0.056877,0.586639,0.047438,0.177311,0.050232,0.111238,0.062411
uncertainty_gated_transfer,heldout_object,2,80,0.28,0.171086,0.59871,0.637241,0.643597,0.512975,0.512975,0.05757,0.586309,0.048736,0.177476,0.050697,0.111528,0.063238
uncertainty_gated_transfer,heldout_object,3,80,0.28,0.171086,0.59871,0.637241,0.643557,0.514187,0.514187,0.056714,0.58556,0.047932,0.176838,0.050493,0.110975,0.062522
uncertainty_gated_transfer,heldout_object,4,80,0.28,0.171086,0.59871,0.637241,0.64397,0.51359,0.51359,0.058114,0.585657,0.048238,0.17701,0.050846,0.111001,0.063154
uncertainty_gated_transfer,heldout_object,5,80,0.28,0.171086,0.59871,0.637241,0.644157,0.513812,0.513812,0.057393,0.586985,0.0485,0.177778,0.050579,0.111105,0.063
uncertainty_gated_transfer,heldout_object,6,80,0.28,0.171086,0.59871,0.637241,0.64288,0.513421,0.513421,0.056462,0.585953,0.047812,0.177618,0.050852,0.111013,0.062433
uncertainty_gated_transfer,heldout_object,7,80,0.28,0.171086,0.59871,0.637241,0.644014,0.514283,0.514283,0.056932,0.586794,0.048236,0.177061,0.050302,0.111389,0.062767
uncertainty_gated_transfer,heldout_object,8,80,0.28,0.171086,0.59871,0.637241,0.642983,0.513841,0.513841,0.056516,0.585722,0.047691,0.176954,0.050355,0.111452,0.062435
uncertainty_gated_transfer,heldout_object,9,80,0.28,0.171086,0.59871,0.637241,0.642721,0.513073,0.513073,0.056673,0.586089,0.048123,0.17716,0.050681,0.111177,0.062636
uncertainty_gated_transfer,latency_contact_shift,0,80,0.76,0.299191,0.70671,0.608969,0.598683,0.426922,0.426922,0.086318,0.570348,0.060188,0.240064,0.063893,0.125991,0.081287
uncertainty_gated_transfer,latency_contact_shift,1,80,0.76,0.299191,0.70671,0.608969,0.598825,0.42564,0.42564,0.087813,0.57005,0.060916,0.239814,0.064777,0.125867,0.082138
uncertainty_gated_transfer,latency_contact_shift,2,80,0.76,0.299191,0.70671,0.608969,0.597557,0.424675,0.424675,0.087908,0.570318,0.060595,0.240103,0.064083,0.126282,0.082054
uncertainty_gated_transfer,latency_contact_shift,3,80,0.76,0.299191,0.70671,0.608969,0.598894,0.425913,0.425913,0.087605,0.57079,0.060964,0.239693,0.064304,0.126132,0.082086
uncertainty_gated_transfer,latency_contact_shift,4,80,0.76,0.299191,0.70671,0.608969,0.597668,0.425162,0.425162,0.087519,0.570155,0.060346,0.240001,0.064343,0.12564,0.081737
uncertainty_gated_transfer,latency_contact_shift,5,80,0.76,0.299191,0.70671,0.608969,0.598944,0.426376,0.426376,0.087228,0.571088,0.060757,0.240367,0.063785,0.125527,0.081719
uncertainty_gated_transfer,latency_contact_shift,6,80,0.76,0.299191,0.70671,0.608969,0.598267,0.425913,0.425913,0.087275,0.57038,0.060369,0.24003,0.064084,0.125777,0.081662
uncertainty_gated_transfer,latency_contact_shift,7,80,0.76,0.299191,0.70671,0.608969,0.598915,0.426134,0.426134,0.087621,0.571389,0.060611,0.240196,0.064355,0.125527,0.081854
uncertainty_gated_transfer,latency_contact_shift,8,80,0.76,0.299191,0.70671,0.608969,0.598147,0.42551,0.42551,0.087386,0.571635,0.060755,0.23977,0.064023,0.125987,0.081878
uncertainty_gated_transfer,latency_contact_shift,9,80,0.76,0.299191,0.70671,0.608969,0.598042,0.425379,0.425379,0.087578,0.571325,0.060551,0.239737,0.064422,0.125735,0.08186
uncertainty_gated_transfer,sensor_bias_shift,0,80,0.68,0.275466,0.68031,0.613885,0.607614,0.441363,0.441363,0.082991,0.575895,0.057557,0.232187,0.061781,0.128855,0.079461
uncertainty_gated_transfer,sensor_bias_shift,1,80,0.68,0.275466,0.68031,0.613885,0.607686,0.441806,0.441806,0.082244,0.574802,0.057491,0.231815,0.06218,0.12859,0.079174
uncertainty_gated_transfer,sensor_bias_shift,2,80,0.68,0.275466,0.68031,0.613885,0.605433,0.439405,0.439405,0.082495,0.575093,0.057568,0.232039,0.061805,0.128987,0.079322
uncertainty_gated_transfer,sensor_bias_shift,3,80,0.68,0.275466,0.68031,0.613885,0.606305,0.439516,0.439516,0.082939,0.576138,0.057901,0.232434,0.062569,0.128846,0.079651
uncertainty_gated_transfer,sensor_bias_shift,4,80,0.68,0.275466,0.68031,0.613885,0.606597,0.439947,0.439947,0.082976,0.574496,0.057945,0.232127,0.062177,0.128892,0.079649
uncertainty_gated_transfer,sensor_bias_shift,5,80,0.68,0.275466,0.68031,0.613885,0.607566,0.441683,0.441683,0.08252,0.576677,0.057213,0.23301,0.061525,0.128836,0.079141
uncertainty_gated_transfer,sensor_bias_shift,6,80,0.68,0.275466,0.68031,0.613885,0.607684,0.44134,0.44134,0.082345,0.576702,0.057755,0.232522,0.062399,0.128564,0.079326
uncertainty_gated_transfer,sensor_bias_shift,7,80,0.68,0.275466,0.68031,0.613885,0.60573,0.439312,0.439312,0.083118,0.575625,0.057603,0.232025,0.06213,0.128848,0.079555
uncertainty_gated_transfer,sensor_bias_shift,8,80,0.68,0.275466,0.68031,0.613885,0.60627,0.44017,0.44017,0.082452,0.574894,0.057702,0.232095,0.061993,0.128325,0.079258
uncertainty_gated_transfer,sensor_bias_shift,9,80,0.68,0.275466,0.68031,0.613885,0.606935,0.440584,0.440584,0.08299,0.574312,0.05773,0.231983,0.061934,0.128585,0.079493
