method,split,regime,task,seed,episodes,success_rate,harmful_transfer_rate,tactile_event_f1,damage_rate,query_cost,calibration_error,stress_level
full_finetune_pretrained,combined_stress,source_matched,slip_limited_grasp,0,84,0.761905,0.105571,0.554501,0.077581,0.141565,0.121030,0.000000
full_finetune_pretrained,combined_stress,low_friction,slip_limited_grasp,0,84,0.714286,0.123853,0.553096,0.085012,0.145126,0.127488,0.000000
full_finetune_pretrained,combined_stress,soft_compliance,slip_limited_grasp,0,84,0.678571,0.124881,0.556058,0.086296,0.144617,0.125335,0.000000
full_finetune_pretrained,combined_stress,texture_aliasing,slip_limited_grasp,0,84,0.738095,0.138667,0.552888,0.093066,0.147305,0.124354,0.000000
full_finetune_pretrained,combined_stress,taxel_bias,slip_limited_grasp,0,84,0.654762,0.137722,0.541248,0.094655,0.152517,0.127962,0.000000
full_finetune_pretrained,combined_stress,transient_shear_spike,slip_limited_grasp,0,84,0.571429,0.143633,0.545672,0.099930,0.157469,0.128020,0.000000
full_finetune_pretrained,combined_stress,compound_contact_shift,slip_limited_grasp,0,84,0.654762,0.160203,0.534675,0.104395,0.158205,0.132836,0.000000
full_finetune_pretrained,combined_stress,source_matched,peg_in_hole_contact_search,0,84,0.654762,0.103513,0.530268,0.077138,0.145367,0.118001,0.000000
full_finetune_pretrained,combined_stress,low_friction,peg_in_hole_contact_search,0,84,0.714286,0.124226,0.532508,0.083753,0.148620,0.126132,0.000000
full_finetune_pretrained,combined_stress,soft_compliance,peg_in_hole_contact_search,0,84,0.702381,0.127612,0.520998,0.086250,0.149254,0.125603,0.000000
full_finetune_pretrained,combined_stress,texture_aliasing,peg_in_hole_contact_search,0,84,0.702381,0.134180,0.525010,0.088974,0.148202,0.127655,0.000000
full_finetune_pretrained,combined_stress,taxel_bias,peg_in_hole_contact_search,0,84,0.750000,0.140525,0.524305,0.092878,0.147913,0.128279,0.000000
full_finetune_pretrained,combined_stress,transient_shear_spike,peg_in_hole_contact_search,0,84,0.607143,0.151080,0.517686,0.095197,0.157032,0.131535,0.000000
full_finetune_pretrained,combined_stress,compound_contact_shift,peg_in_hole_contact_search,0,84,0.690476,0.160431,0.513871,0.102133,0.152956,0.131381,0.000000
full_finetune_pretrained,combined_stress,source_matched,cloth_edge_pull,0,84,0.630952,0.106589,0.566932,0.078881,0.143212,0.120256,0.000000
full_finetune_pretrained,combined_stress,low_friction,cloth_edge_pull,0,84,0.571429,0.116910,0.553584,0.088509,0.149683,0.121232,0.000000
full_finetune_pretrained,combined_stress,soft_compliance,cloth_edge_pull,0,84,0.464286,0.123878,0.547447,0.096133,0.154420,0.123169,0.000000
full_finetune_pretrained,combined_stress,texture_aliasing,cloth_edge_pull,0,84,0.595238,0.135642,0.559253,0.091563,0.154475,0.128800,0.000000
full_finetune_pretrained,combined_stress,taxel_bias,cloth_edge_pull,0,84,0.511905,0.134823,0.547802,0.093249,0.151767,0.124490,0.000000
full_finetune_pretrained,combined_stress,transient_shear_spike,cloth_edge_pull,0,84,0.571429,0.142504,0.554881,0.096309,0.155327,0.125767,0.000000
full_finetune_pretrained,combined_stress,compound_contact_shift,cloth_edge_pull,0,84,0.523810,0.169057,0.540851,0.111703,0.157072,0.129455,0.000000
full_finetune_pretrained,combined_stress,source_matched,cable_threading,0,84,0.654762,0.105778,0.571136,0.077381,0.142092,0.118826,0.000000
full_finetune_pretrained,combined_stress,low_friction,cable_threading,0,84,0.714286,0.116459,0.558328,0.084309,0.146660,0.120049,0.000000
full_finetune_pretrained,combined_stress,soft_compliance,cable_threading,0,84,0.511905,0.122887,0.551381,0.093899,0.152751,0.121615,0.000000
full_finetune_pretrained,combined_stress,texture_aliasing,cable_threading,0,84,0.630952,0.134471,0.562917,0.097493,0.152900,0.127121,0.000000
full_finetune_pretrained,combined_stress,taxel_bias,cable_threading,0,84,0.547619,0.134731,0.553086,0.092003,0.150912,0.123555,0.000000
full_finetune_pretrained,combined_stress,transient_shear_spike,cable_threading,0,84,0.630952,0.152439,0.557195,0.102154,0.152724,0.131737,0.000000
full_finetune_pretrained,combined_stress,compound_contact_shift,cable_threading,0,84,0.571429,0.166806,0.542895,0.108503,0.154564,0.135037,0.000000
full_finetune_pretrained,combined_stress,source_matched,lid_twist_force_control,0,84,0.690476,0.106152,0.533571,0.076241,0.145461,0.120846,0.000000
full_finetune_pretrained,combined_stress,low_friction,lid_twist_force_control,0,84,0.690476,0.117834,0.522266,0.085426,0.143765,0.122759,0.000000
full_finetune_pretrained,combined_stress,soft_compliance,lid_twist_force_control,0,84,0.654762,0.128762,0.522069,0.086295,0.149856,0.127424,0.000000
full_finetune_pretrained,combined_stress,texture_aliasing,lid_twist_force_control,0,84,0.619048,0.133843,0.523849,0.096776,0.148455,0.128452,0.000000
full_finetune_pretrained,combined_stress,taxel_bias,lid_twist_force_control,0,84,0.571429,0.137109,0.518527,0.092697,0.155832,0.126955,0.000000
full_finetune_pretrained,combined_stress,transient_shear_spike,lid_twist_force_control,0,84,0.642857,0.143303,0.505365,0.094319,0.150182,0.127208,0.000000
full_finetune_pretrained,combined_stress,compound_contact_shift,lid_twist_force_control,0,84,0.559524,0.163172,0.499318,0.105481,0.156118,0.134297,0.000000
full_finetune_pretrained,combined_stress,source_matched,slip_limited_grasp,1,84,0.726190,0.106087,0.555257,0.078878,0.142556,0.121414,0.000000
full_finetune_pretrained,combined_stress,low_friction,slip_limited_grasp,1,84,0.702381,0.112351,0.553834,0.084504,0.145680,0.127599,0.000000
full_finetune_pretrained,combined_stress,soft_compliance,slip_limited_grasp,1,84,0.678571,0.125403,0.556823,0.086704,0.144969,0.125723,0.000000
full_finetune_pretrained,combined_stress,texture_aliasing,slip_limited_grasp,1,84,0.702381,0.139195,0.553662,0.094372,0.148304,0.124746,0.000000
full_finetune_pretrained,combined_stress,taxel_bias,slip_limited_grasp,1,84,0.619048,0.138214,0.541968,0.095933,0.153492,0.128328,0.000000
full_finetune_pretrained,combined_stress,transient_shear_spike,slip_limited_grasp,1,84,0.619048,0.144191,0.546491,0.099175,0.156988,0.128432,0.000000
full_finetune_pretrained,combined_stress,compound_contact_shift,slip_limited_grasp,1,84,0.535714,0.160767,0.535503,0.107812,0.160728,0.133253,0.000000
full_finetune_pretrained,combined_stress,source_matched,peg_in_hole_contact_search,1,84,0.690476,0.104077,0.531096,0.076686,0.145104,0.118417,0.000000
full_finetune_pretrained,combined_stress,low_friction,peg_in_hole_contact_search,1,84,0.619048,0.112772,0.533318,0.085365,0.150706,0.126276,0.000000
full_finetune_pretrained,combined_stress,soft_compliance,peg_in_hole_contact_search,1,84,0.678571,0.128182,0.521835,0.087290,0.150067,0.126024,0.000000
full_finetune_pretrained,combined_stress,texture_aliasing,peg_in_hole_contact_search,1,84,0.654762,0.134756,0.525856,0.090615,0.149447,0.128080,0.000000
full_finetune_pretrained,combined_stress,taxel_bias,peg_in_hole_contact_search,1,84,0.607143,0.141065,0.525097,0.096872,0.150848,0.128679,0.000000
full_finetune_pretrained,combined_stress,transient_shear_spike,peg_in_hole_contact_search,1,84,0.571429,0.151686,0.518577,0.096563,0.158083,0.131981,0.000000
full_finetune_pretrained,combined_stress,compound_contact_shift,peg_in_hole_contact_search,1,84,0.559524,0.161043,0.514771,0.105884,0.155725,0.131830,0.000000
full_finetune_pretrained,combined_stress,source_matched,cloth_edge_pull,1,84,0.714286,0.107087,0.567661,0.077188,0.142048,0.120627,0.000000
full_finetune_pretrained,combined_stress,low_friction,cloth_edge_pull,1,84,0.607143,0.117396,0.554295,0.087997,0.149368,0.121594,0.000000
full_finetune_pretrained,combined_stress,soft_compliance,cloth_edge_pull,1,84,0.678571,0.124382,0.548185,0.091170,0.150903,0.123544,0.000000
full_finetune_pretrained,combined_stress,texture_aliasing,cloth_edge_pull,1,84,0.559524,0.136152,0.541991,0.092855,0.155461,0.129179,0.000000
full_finetune_pretrained,combined_stress,taxel_bias,cloth_edge_pull,1,84,0.619048,0.135297,0.548495,0.090941,0.150158,0.124844,0.000000
full_finetune_pretrained,combined_stress,transient_shear_spike,cloth_edge_pull,1,84,0.630952,0.143044,0.537664,0.095243,0.154620,0.126166,0.000000
full_finetune_pretrained,combined_stress,compound_contact_shift,cloth_edge_pull,1,84,0.440476,0.169603,0.541652,0.106208,0.158940,0.129859,0.000000
full_finetune_pretrained,combined_stress,source_matched,cable_threading,1,84,0.619048,0.106276,0.571865,0.078663,0.143071,0.119197,0.000000
full_finetune_pretrained,combined_stress,low_friction,cable_threading,1,84,0.678571,0.116945,0.559039,0.085582,0.147631,0.120412,0.000000
full_finetune_pretrained,combined_stress,soft_compliance,cable_threading,1,84,0.583333,0.123391,0.552119,0.092508,0.151806,0.121990,0.000000
full_finetune_pretrained,combined_stress,texture_aliasing,cable_threading,1,84,0.595238,0.134981,0.563664,0.090781,0.153887,0.127501,0.000000
full_finetune_pretrained,combined_stress,taxel_bias,cable_threading,1,84,0.535714,0.135205,0.553779,0.092672,0.151447,0.123910,0.000000
full_finetune_pretrained,combined_stress,transient_shear_spike,cable_threading,1,84,0.619048,0.152979,0.557987,0.094870,0.153303,0.132137,0.000000
full_finetune_pretrained,combined_stress,compound_contact_shift,cable_threading,1,84,0.511905,0.167352,0.543696,0.110418,0.156003,0.135441,0.000000
full_finetune_pretrained,combined_stress,source_matched,lid_twist_force_control,1,84,0.809524,0.106698,0.534372,0.073692,0.143686,0.121250,0.000000
full_finetune_pretrained,combined_stress,low_friction,lid_twist_force_control,1,84,0.738095,0.118368,0.523049,0.084652,0.143268,0.123155,0.000000
full_finetune_pretrained,combined_stress,soft_compliance,lid_twist_force_control,1,84,0.702381,0.129314,0.522879,0.085536,0.149371,0.127832,0.000000
full_finetune_pretrained,combined_stress,texture_aliasing,lid_twist_force_control,1,84,0.702381,0.134401,0.524668,0.095129,0.147331,0.128864,0.000000
full_finetune_pretrained,combined_stress,taxel_bias,lid_twist_force_control,1,84,0.642857,0.137631,0.519292,0.091320,0.154898,0.127343,0.000000
full_finetune_pretrained,combined_stress,transient_shear_spike,lid_twist_force_control,1,84,0.571429,0.143891,0.506229,0.096563,0.151864,0.127641,0.000000
full_finetune_pretrained,combined_stress,compound_contact_shift,lid_twist_force_control,1,84,0.523810,0.163766,0.500191,0.106837,0.157161,0.134734,0.000000
full_finetune_pretrained,combined_stress,source_matched,slip_limited_grasp,2,84,0.702381,0.106603,0.556013,0.079877,0.143332,0.121797,0.000000
full_finetune_pretrained,combined_stress,low_friction,slip_limited_grasp,2,84,0.738095,0.112855,0.554572,0.084005,0.145377,0.119970,0.000000
full_finetune_pretrained,combined_stress,soft_compliance,slip_limited_grasp,2,84,0.642857,0.125925,0.557588,0.088005,0.145964,0.126110,0.000000
full_finetune_pretrained,combined_stress,texture_aliasing,slip_limited_grasp,2,84,0.607143,0.139723,0.554436,0.097166,0.150375,0.125138,0.000000
full_finetune_pretrained,combined_stress,taxel_bias,slip_limited_grasp,2,84,0.642857,0.138706,0.542688,0.095723,0.153396,0.128695,0.000000
full_finetune_pretrained,combined_stress,transient_shear_spike,slip_limited_grasp,2,84,0.654762,0.144749,0.547310,0.098718,0.148717,0.128844,0.000000
full_finetune_pretrained,combined_stress,compound_contact_shift,slip_limited_grasp,2,84,0.547619,0.161331,0.536331,0.107955,0.160894,0.133669,0.000000
full_finetune_pretrained,combined_stress,source_matched,peg_in_hole_contact_search,2,84,0.750000,0.104641,0.531924,0.075638,0.144413,0.118834,0.000000
full_finetune_pretrained,combined_stress,low_friction,peg_in_hole_contact_search,2,84,0.738095,0.113324,0.534128,0.082820,0.148935,0.126685,0.000000
full_finetune_pretrained,combined_stress,soft_compliance,peg_in_hole_contact_search,2,84,0.714286,0.128752,0.522672,0.086842,0.149808,0.126444,0.000000
full_finetune_pretrained,combined_stress,texture_aliasing,peg_in_hole_contact_search,2,84,0.642857,0.135332,0.526702,0.091362,0.150049,0.128505,0.000000
full_finetune_pretrained,combined_stress,taxel_bias,peg_in_hole_contact_search,2,84,0.654762,0.141605,0.525889,0.096103,0.150355,0.129079,0.000000
full_finetune_pretrained,combined_stress,transient_shear_spike,peg_in_hole_contact_search,2,84,0.666667,0.152292,0.519468,0.094655,0.148773,0.132426,0.000000
full_finetune_pretrained,combined_stress,compound_contact_shift,peg_in_hole_contact_search,2,84,0.559524,0.161655,0.515671,0.106361,0.156137,0.132280,0.000000
full_finetune_pretrained,combined_stress,source_matched,cloth_edge_pull,2,84,0.702381,0.095579,0.568390,0.076674,0.142598,0.120734,0.000000
full_finetune_pretrained,combined_stress,low_friction,cloth_edge_pull,2,84,0.619048,0.117882,0.555006,0.088080,0.149482,0.121957,0.000000
full_finetune_pretrained,combined_stress,soft_compliance,cloth_edge_pull,2,84,0.678571,0.124886,0.548923,0.083560,0.151243,0.123919,0.000000
full_finetune_pretrained,combined_stress,texture_aliasing,cloth_edge_pull,2,84,0.607143,0.136662,0.542738,0.092064,0.154948,0.129558,0.000000
full_finetune_pretrained,combined_stress,taxel_bias,cloth_edge_pull,2,84,0.654762,0.135771,0.549188,0.090420,0.149835,0.125198,0.000000
full_finetune_pretrained,combined_stress,transient_shear_spike,cloth_edge_pull,2,84,0.511905,0.143584,0.538456,0.098641,0.157127,0.126566,0.000000
full_finetune_pretrained,combined_stress,compound_contact_shift,cloth_edge_pull,2,84,0.571429,0.170149,0.542453,0.103361,0.156951,0.130263,0.000000
full_finetune_pretrained,combined_stress,source_matched,cable_threading,2,84,0.595238,0.106774,0.572594,0.079648,0.143835,0.119568,0.000000
full_finetune_pretrained,combined_stress,low_friction,cable_threading,2,84,0.595238,0.117431,0.559750,0.088046,0.149459,0.120775,0.000000
full_finetune_pretrained,combined_stress,soft_compliance,cable_threading,2,84,0.607143,0.123895,0.552857,0.092307,0.151717,0.122365,0.000000
full_finetune_pretrained,combined_stress,texture_aliasing,cable_threading,2,84,0.619048,0.135491,0.564411,0.090585,0.153803,0.127880,0.000000
full_finetune_pretrained,combined_stress,taxel_bias,cable_threading,2,84,0.571429,0.135679,0.554472,0.092150,0.151124,0.124264,0.000000
full_finetune_pretrained,combined_stress,transient_shear_spike,cable_threading,2,84,0.500000,0.153519,0.558779,0.098268,0.155810,0.132536,0.000000
full_finetune_pretrained,combined_stress,compound_contact_shift,cable_threading,2,84,0.571429,0.167898,0.544497,0.109356,0.155300,0.127841,0.000000
full_finetune_pretrained,combined_stress,source_matched,lid_twist_force_control,2,84,0.797619,0.107244,0.535173,0.074416,0.144268,0.121654,0.000000
full_finetune_pretrained,combined_stress,low_friction,lid_twist_force_control,2,84,0.642857,0.118902,0.523832,0.087451,0.145342,0.123551,0.000000
full_finetune_pretrained,combined_stress,soft_compliance,lid_twist_force_control,2,84,0.654762,0.129866,0.523689,0.087158,0.150600,0.128240,0.000000
full_finetune_pretrained,combined_stress,texture_aliasing,lid_twist_force_control,2,84,0.571429,0.134959,0.507478,0.098838,0.150064,0.129276,0.000000
full_finetune_pretrained,combined_stress,taxel_bias,lid_twist_force_control,2,84,0.607143,0.138153,0.520057,0.092621,0.155893,0.127730,0.000000
full_finetune_pretrained,combined_stress,transient_shear_spike,lid_twist_force_control,2,84,0.583333,0.144479,0.507093,0.096725,0.152046,0.128074,0.000000
full_finetune_pretrained,combined_stress,compound_contact_shift,lid_twist_force_control,2,84,0.559524,0.164360,0.501064,0.106408,0.156918,0.135171,0.000000
full_finetune_pretrained,combined_stress,source_matched,slip_limited_grasp,3,84,0.797619,0.107119,0.556769,0.077899,0.141966,0.122180,0.000000
full_finetune_pretrained,combined_stress,low_friction,slip_limited_grasp,3,84,0.702381,0.113359,0.555310,0.085292,0.146360,0.120346,0.000000
full_finetune_pretrained,combined_stress,soft_compliance,slip_limited_grasp,3,84,0.607143,0.126447,0.558353,0.089306,0.146959,0.126498,0.000000
full_finetune_pretrained,combined_stress,texture_aliasing,slip_limited_grasp,3,84,0.690476,0.140251,0.537201,0.095495,0.149231,0.125529,0.000000
full_finetune_pretrained,combined_stress,taxel_bias,slip_limited_grasp,3,84,0.714286,0.139198,0.543408,0.094323,0.152442,0.129062,0.000000
full_finetune_pretrained,combined_stress,transient_shear_spike,slip_limited_grasp,3,84,0.619048,0.145307,0.548129,0.100047,0.149736,0.129256,0.000000
full_finetune_pretrained,combined_stress,compound_contact_shift,slip_limited_grasp,3,84,0.678571,0.161895,0.537159,0.105121,0.158917,0.134085,0.000000
full_finetune_pretrained,combined_stress,source_matched,peg_in_hole_contact_search,3,84,0.690476,0.105205,0.532752,0.077567,0.145864,0.119250,0.000000
full_finetune_pretrained,combined_stress,low_friction,peg_in_hole_contact_search,3,84,0.702381,0.113876,0.534938,0.084144,0.149950,0.127093,0.000000
full_finetune_pretrained,combined_stress,soft_compliance,peg_in_hole_contact_search,3,84,0.571429,0.129322,0.523509,0.090858,0.152763,0.126865,0.000000
full_finetune_pretrained,combined_stress,texture_aliasing,peg_in_hole_contact_search,3,84,0.619048,0.135908,0.527548,0.092407,0.150866,0.128929,0.000000
full_finetune_pretrained,combined_stress,taxel_bias,peg_in_hole_contact_search,3,84,0.666667,0.142145,0.526681,0.096228,0.150505,0.129479,0.000000
full_finetune_pretrained,combined_stress,transient_shear_spike,peg_in_hole_contact_search,3,84,0.500000,0.152898,0.520359,0.099294,0.152181,0.124867,0.000000
full_finetune_pretrained,combined_stress,compound_contact_shift,peg_in_hole_contact_search,3,84,0.654762,0.162267,0.516571,0.104458,0.154835,0.132729,0.000000
full_finetune_pretrained,combined_stress,source_matched,cloth_edge_pull,3,84,0.595238,0.096077,0.569119,0.079743,0.144863,0.121105,0.000000
full_finetune_pretrained,combined_stress,low_friction,cloth_edge_pull,3,84,0.630952,0.118368,0.555717,0.088163,0.149596,0.122320,0.000000
full_finetune_pretrained,combined_stress,soft_compliance,cloth_edge_pull,3,84,0.642857,0.125390,0.549661,0.084848,0.152225,0.124294,0.000000
full_finetune_pretrained,combined_stress,texture_aliasing,cloth_edge_pull,3,84,0.619048,0.137172,0.543485,0.092165,0.155078,0.129937,0.000000
full_finetune_pretrained,combined_stress,taxel_bias,cloth_edge_pull,3,84,0.678571,0.136245,0.549881,0.090196,0.149727,0.125553,0.000000
full_finetune_pretrained,combined_stress,transient_shear_spike,cloth_edge_pull,3,84,0.619048,0.144124,0.539248,0.096384,0.155562,0.126966,0.000000
full_finetune_pretrained,combined_stress,compound_contact_shift,cloth_edge_pull,3,84,0.500000,0.170695,0.543254,0.105574,0.158605,0.130667,0.000000
full_finetune_pretrained,combined_stress,source_matched,cable_threading,3,84,0.559524,0.107272,0.573323,0.080931,0.144814,0.119939,0.000000
full_finetune_pretrained,combined_stress,low_friction,cable_threading,3,84,0.571429,0.117917,0.560461,0.089022,0.150216,0.121137,0.000000
full_finetune_pretrained,combined_stress,soft_compliance,cable_threading,3,84,0.500000,0.124399,0.553595,0.095380,0.153986,0.122740,0.000000
full_finetune_pretrained,combined_stress,texture_aliasing,cable_threading,3,84,0.642857,0.136001,0.547149,0.090389,0.153718,0.128259,0.000000
full_finetune_pretrained,combined_stress,taxel_bias,cable_threading,3,84,0.666667,0.136153,0.555165,0.090141,0.149730,0.124618,0.000000
full_finetune_pretrained,combined_stress,transient_shear_spike,cable_threading,3,84,0.464286,0.154059,0.559571,0.099583,0.156816,0.124932,0.000000
full_finetune_pretrained,combined_stress,compound_contact_shift,cable_threading,3,84,0.511905,0.168444,0.545298,0.111271,0.156739,0.128245,0.000000
full_finetune_pretrained,combined_stress,source_matched,lid_twist_force_control,3,84,0.607143,0.095784,0.535974,0.078404,0.148065,0.121794,0.000000
full_finetune_pretrained,combined_stress,low_friction,lid_twist_force_control,3,84,0.702381,0.119436,0.524615,0.086380,0.144631,0.123947,0.000000
full_finetune_pretrained,combined_stress,soft_compliance,lid_twist_force_control,3,84,0.666667,0.118412,0.524499,0.086091,0.150758,0.128384,0.000000
full_finetune_pretrained,combined_stress,texture_aliasing,lid_twist_force_control,3,84,0.607143,0.135517,0.508297,0.098381,0.149797,0.129688,0.000000
full_finetune_pretrained,combined_stress,taxel_bias,lid_twist_force_control,3,84,0.690476,0.138675,0.520822,0.090946,0.146741,0.128118,0.000000
full_finetune_pretrained,combined_stress,transient_shear_spike,lid_twist_force_control,3,84,0.523810,0.145067,0.507957,0.098671,0.153513,0.128507,0.000000
full_finetune_pretrained,combined_stress,compound_contact_shift,lid_twist_force_control,3,84,0.595238,0.164954,0.501937,0.105978,0.156675,0.127604,0.000000
full_finetune_pretrained,combined_stress,source_matched,slip_limited_grasp,4,84,0.773810,0.095629,0.557525,0.077698,0.142743,0.122300,0.000000
full_finetune_pretrained,combined_stress,low_friction,slip_limited_grasp,4,84,0.797619,0.113863,0.556048,0.083306,0.144986,0.120721,0.000000
full_finetune_pretrained,combined_stress,soft_compliance,slip_limited_grasp,4,84,0.595238,0.126969,0.559118,0.090012,0.147525,0.126885,0.000000
full_finetune_pretrained,combined_stress,texture_aliasing,slip_limited_grasp,4,84,0.630952,0.140779,0.537975,0.097396,0.150658,0.125921,0.000000
full_finetune_pretrained,combined_stress,taxel_bias,slip_limited_grasp,4,84,0.630952,0.139690,0.544128,0.096791,0.154274,0.129429,0.000000
full_finetune_pretrained,combined_stress,transient_shear_spike,slip_limited_grasp,4,84,0.702381,0.145865,0.548948,0.098399,0.148612,0.129669,0.000000
full_finetune_pretrained,combined_stress,compound_contact_shift,slip_limited_grasp,4,84,0.678571,0.162459,0.537987,0.105562,0.151293,0.134502,0.000000
full_finetune_pretrained,combined_stress,source_matched,peg_in_hole_contact_search,4,84,0.654762,0.105769,0.533580,0.078900,0.146887,0.119666,0.000000
full_finetune_pretrained,combined_stress,low_friction,peg_in_hole_contact_search,4,84,0.666667,0.114428,0.535748,0.085468,0.150965,0.127501,0.000000
full_finetune_pretrained,combined_stress,soft_compliance,peg_in_hole_contact_search,4,84,0.654762,0.129892,0.524346,0.089220,0.151647,0.127285,0.000000
full_finetune_pretrained,combined_stress,texture_aliasing,peg_in_hole_contact_search,4,84,0.678571,0.136484,0.528394,0.091368,0.150183,0.129354,0.000000
full_finetune_pretrained,combined_stress,taxel_bias,peg_in_hole_contact_search,4,84,0.654762,0.142685,0.527473,0.096947,0.151083,0.129879,0.000000
full_finetune_pretrained,combined_stress,transient_shear_spike,peg_in_hole_contact_search,4,84,0.583333,0.153504,0.521250,0.097683,0.151089,0.125313,0.000000
full_finetune_pretrained,combined_stress,compound_contact_shift,peg_in_hole_contact_search,4,84,0.559524,0.162879,0.517471,0.107316,0.156961,0.133179,0.000000
full_finetune_pretrained,combined_stress,source_matched,cloth_edge_pull,4,84,0.702381,0.096575,0.569848,0.077454,0.143270,0.121476,0.000000
full_finetune_pretrained,combined_stress,low_friction,cloth_edge_pull,4,84,0.654762,0.118854,0.556428,0.087948,0.149495,0.122682,0.000000
full_finetune_pretrained,combined_stress,soft_compliance,cloth_edge_pull,4,84,0.630952,0.125894,0.550399,0.085540,0.152780,0.124669,0.000000
full_finetune_pretrained,combined_stress,texture_aliasing,cloth_edge_pull,4,84,0.571429,0.137682,0.544232,0.093755,0.148275,0.130317,0.000000
full_finetune_pretrained,combined_stress,taxel_bias,cloth_edge_pull,4,84,0.523810,0.136719,0.550574,0.094437,0.152832,0.125907,0.000000
full_finetune_pretrained,combined_stress,transient_shear_spike,cloth_edge_pull,4,84,0.500000,0.144664,0.540040,0.099782,0.158069,0.127366,0.000000
full_finetune_pretrained,combined_stress,compound_contact_shift,cloth_edge_pull,4,84,0.559524,0.171241,0.544055,0.104512,0.157901,0.131071,0.000000
full_finetune_pretrained,combined_stress,source_matched,cable_threading,4,84,0.595238,0.095764,0.574052,0.079227,0.144507,0.120046,0.000000
full_finetune_pretrained,combined_stress,low_friction,cable_threading,4,84,0.642857,0.118403,0.561172,0.087617,0.149258,0.121500,0.000000
full_finetune_pretrained,combined_stress,soft_compliance,cable_threading,4,84,0.666667,0.124903,0.554333,0.091608,0.151326,0.123115,0.000000
full_finetune_pretrained,combined_stress,texture_aliasing,cable_threading,4,84,0.595238,0.136511,0.547896,0.091978,0.154919,0.128638,0.000000
full_finetune_pretrained,combined_stress,taxel_bias,cable_threading,4,84,0.642857,0.136627,0.555858,0.091107,0.150478,0.124973,0.000000
full_finetune_pretrained,combined_stress,transient_shear_spike,cable_threading,4,84,0.464286,0.142593,0.542354,0.098804,0.157180,0.125068,0.000000
full_finetune_pretrained,combined_stress,compound_contact_shift,cable_threading,4,84,0.488095,0.168990,0.546099,0.112293,0.157536,0.128649,0.000000
full_finetune_pretrained,combined_stress,source_matched,lid_twist_force_control,4,84,0.583333,0.096330,0.536775,0.079426,0.148862,0.122198,0.000000
full_finetune_pretrained,combined_stress,low_friction,lid_twist_force_control,4,84,0.630952,0.119970,0.525398,0.088583,0.146276,0.124342,0.000000
full_finetune_pretrained,combined_stress,soft_compliance,lid_twist_force_control,4,84,0.738095,0.118964,0.525309,0.084736,0.149844,0.120788,0.000000
full_finetune_pretrained,combined_stress,texture_aliasing,lid_twist_force_control,4,84,0.678571,0.136075,0.509116,0.089027,0.148887,0.130101,0.000000
full_finetune_pretrained,combined_stress,taxel_bias,lid_twist_force_control,4,84,0.607143,0.139197,0.521587,0.093437,0.148593,0.128505,0.000000
full_finetune_pretrained,combined_stress,transient_shear_spike,lid_twist_force_control,4,84,0.559524,0.145655,0.508821,0.098237,0.153266,0.128939,0.000000
full_finetune_pretrained,combined_stress,compound_contact_shift,lid_twist_force_control,4,84,0.559524,0.165548,0.502810,0.107335,0.157718,0.128041,0.000000
full_finetune_pretrained,combined_stress,source_matched,slip_limited_grasp,5,84,0.690476,0.096145,0.558281,0.080185,0.144591,0.122683,0.000000
full_finetune_pretrained,combined_stress,low_friction,slip_limited_grasp,5,84,0.654762,0.114367,0.556786,0.087272,0.147897,0.121096,0.000000
full_finetune_pretrained,combined_stress,soft_compliance,slip_limited_grasp,5,84,0.678571,0.127491,0.541874,0.088337,0.146377,0.127272,0.000000
full_finetune_pretrained,combined_stress,texture_aliasing,slip_limited_grasp,5,84,0.619048,0.141307,0.538749,0.098107,0.151228,0.126312,0.000000
full_finetune_pretrained,combined_stress,taxel_bias,slip_limited_grasp,5,84,0.678571,0.140182,0.544848,0.095986,0.153749,0.129796,0.000000
full_finetune_pretrained,combined_stress,transient_shear_spike,slip_limited_grasp,5,84,0.583333,0.146423,0.549767,0.101811,0.151131,0.130081,0.000000
full_finetune_pretrained,combined_stress,compound_contact_shift,slip_limited_grasp,5,84,0.619048,0.163023,0.538815,0.107490,0.152744,0.134918,0.000000
full_finetune_pretrained,combined_stress,source_matched,peg_in_hole_contact_search,5,84,0.738095,0.106333,0.534408,0.077257,0.145767,0.120083,0.000000
full_finetune_pretrained,combined_stress,low_friction,peg_in_hole_contact_search,5,84,0.619048,0.114980,0.536558,0.087090,0.152194,0.119905,0.000000
full_finetune_pretrained,combined_stress,soft_compliance,peg_in_hole_contact_search,5,84,0.702381,0.118456,0.525183,0.087274,0.151174,0.127442,0.000000
full_finetune_pretrained,combined_stress,texture_aliasing,peg_in_hole_contact_search,5,84,0.500000,0.137060,0.529240,0.096282,0.153785,0.129779,0.000000
full_finetune_pretrained,combined_stress,taxel_bias,peg_in_hole_contact_search,5,84,0.583333,0.143225,0.528265,0.091151,0.152733,0.130278,0.000000
full_finetune_pretrained,combined_stress,transient_shear_spike,peg_in_hole_contact_search,5,84,0.666667,0.142104,0.522141,0.094872,0.149997,0.125494,0.000000
full_finetune_pretrained,combined_stress,compound_contact_shift,peg_in_hole_contact_search,5,84,0.607143,0.163491,0.500362,0.106603,0.156516,0.133628,0.000000
full_finetune_pretrained,combined_stress,source_matched,cloth_edge_pull,5,84,0.690476,0.097073,0.570577,0.078141,0.143820,0.121847,0.000000
full_finetune_pretrained,combined_stress,low_friction,cloth_edge_pull,5,84,0.595238,0.119340,0.557139,0.089817,0.150895,0.123045,0.000000
full_finetune_pretrained,combined_stress,soft_compliance,cloth_edge_pull,5,84,0.571429,0.126398,0.551137,0.087422,0.154191,0.125044,0.000000
full_finetune_pretrained,combined_stress,texture_aliasing,cloth_edge_pull,5,84,0.630952,0.138192,0.544979,0.092665,0.147548,0.122692,0.000000
full_finetune_pretrained,combined_stress,taxel_bias,cloth_edge_pull,5,84,0.571429,0.137193,0.551267,0.093618,0.152295,0.126262,0.000000
full_finetune_pretrained,combined_stress,transient_shear_spike,cloth_edge_pull,5,84,0.547619,0.145204,0.540832,0.099014,0.157576,0.127766,0.000000
full_finetune_pretrained,combined_stress,compound_contact_shift,cloth_edge_pull,5,84,0.583333,0.171787,0.544856,0.104343,0.157841,0.131475,0.000000
full_finetune_pretrained,combined_stress,source_matched,cable_threading,5,84,0.619048,0.096262,0.574781,0.079022,0.144415,0.120417,0.000000
full_finetune_pretrained,combined_stress,low_friction,cable_threading,5,84,0.464286,0.118889,0.561883,0.092462,0.152800,0.121863,0.000000
full_finetune_pretrained,combined_stress,soft_compliance,cable_threading,5,84,0.619048,0.125407,0.555071,0.085188,0.152523,0.123490,0.000000
full_finetune_pretrained,combined_stress,texture_aliasing,cable_threading,5,84,0.607143,0.137021,0.548643,0.092080,0.155049,0.129018,0.000000
full_finetune_pretrained,combined_stress,taxel_bias,cable_threading,5,84,0.666667,0.137101,0.556551,0.090883,0.150370,0.125327,0.000000
full_finetune_pretrained,combined_stress,transient_shear_spike,cable_threading,5,84,0.559524,0.143133,0.543146,0.096845,0.155830,0.125468,0.000000
full_finetune_pretrained,combined_stress,compound_contact_shift,cable_threading,5,84,0.488095,0.169536,0.546900,0.112719,0.157904,0.129053,0.000000
full_finetune_pretrained,combined_stress,source_matched,lid_twist_force_control,5,84,0.785714,0.096876,0.537576,0.074793,0.145587,0.122602,0.000000
full_finetune_pretrained,combined_stress,low_friction,lid_twist_force_control,5,84,0.761905,0.120504,0.526181,0.085727,0.144279,0.124738,0.000000
full_finetune_pretrained,combined_stress,soft_compliance,lid_twist_force_control,5,84,0.702381,0.119516,0.526119,0.086060,0.150859,0.121196,0.000000
full_finetune_pretrained,combined_stress,texture_aliasing,lid_twist_force_control,5,84,0.785714,0.136633,0.509935,0.086784,0.147335,0.130513,0.000000
full_finetune_pretrained,combined_stress,taxel_bias,lid_twist_force_control,5,84,0.654762,0.139719,0.522352,0.092655,0.148088,0.128893,0.000000
full_finetune_pretrained,combined_stress,transient_shear_spike,lid_twist_force_control,5,84,0.607143,0.146243,0.509685,0.097506,0.152805,0.129372,0.000000
full_finetune_pretrained,combined_stress,compound_contact_shift,lid_twist_force_control,5,84,0.595238,0.166142,0.503683,0.106905,0.157475,0.128478,0.000000
full_finetune_pretrained,combined_stress,source_matched,slip_limited_grasp,6,84,0.738095,0.096661,0.559037,0.079398,0.144081,0.123066,0.000000
full_finetune_pretrained,combined_stress,low_friction,slip_limited_grasp,6,84,0.690476,0.114871,0.557524,0.086773,0.147595,0.121471,0.000000
full_finetune_pretrained,combined_stress,soft_compliance,slip_limited_grasp,6,84,0.702381,0.128013,0.542639,0.088150,0.146300,0.127660,0.000000
full_finetune_pretrained,combined_stress,texture_aliasing,slip_limited_grasp,6,84,0.583333,0.129829,0.539523,0.098212,0.152227,0.126440,0.000000
full_finetune_pretrained,combined_stress,taxel_bias,slip_limited_grasp,6,84,0.666667,0.140674,0.545568,0.088665,0.154295,0.130163,0.000000
full_finetune_pretrained,combined_stress,transient_shear_spike,slip_limited_grasp,6,84,0.547619,0.146981,0.532577,0.103140,0.152150,0.130493,0.000000
full_finetune_pretrained,combined_stress,compound_contact_shift,slip_limited_grasp,6,84,0.559524,0.163587,0.539643,0.109419,0.154196,0.135335,0.000000
full_finetune_pretrained,combined_stress,source_matched,peg_in_hole_contact_search,6,84,0.714286,0.106897,0.535236,0.078293,0.146576,0.120499,0.000000
full_finetune_pretrained,combined_stress,low_friction,peg_in_hole_contact_search,6,84,0.666667,0.115532,0.519359,0.086331,0.151709,0.120313,0.000000
full_finetune_pretrained,combined_stress,soft_compliance,peg_in_hole_contact_search,6,84,0.750000,0.119026,0.526020,0.086529,0.150701,0.127862,0.000000
full_finetune_pretrained,combined_stress,texture_aliasing,peg_in_hole_contact_search,6,84,0.750000,0.137636,0.512077,0.090482,0.149673,0.130204,0.000000
full_finetune_pretrained,combined_stress,taxel_bias,peg_in_hole_contact_search,6,84,0.642857,0.143765,0.529057,0.090085,0.152025,0.130678,0.000000
full_finetune_pretrained,combined_stress,transient_shear_spike,peg_in_hole_contact_search,6,84,0.619048,0.142710,0.523032,0.096535,0.151262,0.125939,0.000000
full_finetune_pretrained,combined_stress,compound_contact_shift,peg_in_hole_contact_search,6,84,0.583333,0.164103,0.501262,0.107675,0.157357,0.134078,0.000000
full_finetune_pretrained,combined_stress,source_matched,cloth_edge_pull,6,84,0.630952,0.097571,0.571306,0.080019,0.145228,0.122218,0.000000
full_finetune_pretrained,combined_stress,low_friction,cloth_edge_pull,6,84,0.619048,0.119826,0.557850,0.089602,0.150794,0.123408,0.000000
full_finetune_pretrained,combined_stress,soft_compliance,cloth_edge_pull,6,84,0.630952,0.126902,0.551875,0.086328,0.145456,0.125419,0.000000
full_finetune_pretrained,combined_stress,texture_aliasing,cloth_edge_pull,6,84,0.547619,0.138702,0.545726,0.095148,0.149392,0.123071,0.000000
full_finetune_pretrained,combined_stress,taxel_bias,cloth_edge_pull,6,84,0.583333,0.137667,0.551960,0.093691,0.152401,0.126616,0.000000
full_finetune_pretrained,combined_stress,transient_shear_spike,cloth_edge_pull,6,84,0.583333,0.145744,0.541624,0.098543,0.157297,0.128166,0.000000
full_finetune_pretrained,combined_stress,compound_contact_shift,cloth_edge_pull,6,84,0.523810,0.160327,0.545657,0.105058,0.159280,0.131615,0.000000
full_finetune_pretrained,combined_stress,source_matched,cable_threading,6,84,0.702381,0.096760,0.575510,0.077328,0.143251,0.120788,0.000000
full_finetune_pretrained,combined_stress,low_friction,cable_threading,6,84,0.571429,0.119375,0.562594,0.090164,0.151200,0.122225,0.000000
full_finetune_pretrained,combined_stress,soft_compliance,cable_threading,6,84,0.523810,0.125911,0.555809,0.087964,0.154577,0.123865,0.000000
full_finetune_pretrained,combined_stress,texture_aliasing,cable_threading,6,84,0.583333,0.137531,0.549390,0.093074,0.155822,0.129397,0.000000
full_finetune_pretrained,combined_stress,taxel_bias,cable_threading,6,84,0.547619,0.137575,0.557244,0.094231,0.152832,0.125682,0.000000
full_finetune_pretrained,combined_stress,transient_shear_spike,cable_threading,6,84,0.619048,0.143673,0.543938,0.095779,0.155123,0.125868,0.000000
full_finetune_pretrained,combined_stress,compound_contact_shift,cable_threading,6,84,0.595238,0.170082,0.547701,0.102463,0.156343,0.129457,0.000000
full_finetune_pretrained,combined_stress,source_matched,lid_twist_force_control,6,84,0.761905,0.097422,0.520368,0.075815,0.146383,0.123006,0.000000
full_finetune_pretrained,combined_stress,low_friction,lid_twist_force_control,6,84,0.642857,0.121038,0.526964,0.089120,0.146782,0.125134,0.000000
full_finetune_pretrained,combined_stress,soft_compliance,lid_twist_force_control,6,84,0.678571,0.120068,0.526929,0.087087,0.151659,0.121605,0.000000
full_finetune_pretrained,combined_stress,texture_aliasing,lid_twist_force_control,6,84,0.666667,0.137191,0.510754,0.090196,0.149854,0.122921,0.000000
full_finetune_pretrained,combined_stress,taxel_bias,lid_twist_force_control,6,84,0.678571,0.140241,0.523117,0.092468,0.148011,0.129280,0.000000
full_finetune_pretrained,combined_stress,transient_shear_spike,lid_twist_force_control,6,84,0.678571,0.146831,0.510549,0.096179,0.151915,0.129805,0.000000
full_finetune_pretrained,combined_stress,compound_contact_shift,lid_twist_force_control,6,84,0.571429,0.166736,0.504556,0.107964,0.158304,0.128915,0.000000
ensemble_disagreement_filter,combined_stress,source_matched,slip_limited_grasp,0,84,0.750000,0.069549,0.582071,0.055497,0.241423,0.078334,0.000000
ensemble_disagreement_filter,combined_stress,low_friction,slip_limited_grasp,0,84,0.761905,0.077610,0.574078,0.057489,0.248989,0.081639,0.000000
ensemble_disagreement_filter,combined_stress,soft_compliance,slip_limited_grasp,0,84,0.642857,0.083476,0.569651,0.066060,0.246696,0.084312,0.000000
ensemble_disagreement_filter,combined_stress,texture_aliasing,slip_limited_grasp,0,84,0.642857,0.096795,0.571161,0.068348,0.252536,0.085401,0.000000
ensemble_disagreement_filter,combined_stress,taxel_bias,slip_limited_grasp,0,84,0.666667,0.090479,0.571491,0.064037,0.253135,0.086206,0.000000
ensemble_disagreement_filter,combined_stress,transient_shear_spike,slip_limited_grasp,0,84,0.726190,0.097871,0.564836,0.068968,0.250592,0.081373,0.000000
ensemble_disagreement_filter,combined_stress,compound_contact_shift,slip_limited_grasp,0,84,0.654762,0.110659,0.557583,0.078589,0.255777,0.087770,0.000000
ensemble_disagreement_filter,combined_stress,source_matched,peg_in_hole_contact_search,0,84,0.619048,0.062682,0.550548,0.059932,0.242414,0.079963,0.000000
ensemble_disagreement_filter,combined_stress,low_friction,peg_in_hole_contact_search,0,84,0.702381,0.085179,0.546200,0.063202,0.250314,0.077201,0.000000
ensemble_disagreement_filter,combined_stress,soft_compliance,peg_in_hole_contact_search,0,84,0.559524,0.081397,0.545310,0.064972,0.250021,0.081234,0.000000
ensemble_disagreement_filter,combined_stress,texture_aliasing,peg_in_hole_contact_search,0,84,0.630952,0.087498,0.535993,0.067944,0.249764,0.085356,0.000000
ensemble_disagreement_filter,combined_stress,taxel_bias,peg_in_hole_contact_search,0,84,0.630952,0.088472,0.547258,0.069817,0.247648,0.083178,0.000000
ensemble_disagreement_filter,combined_stress,transient_shear_spike,peg_in_hole_contact_search,0,84,0.642857,0.100508,0.529560,0.071495,0.249057,0.081543,0.000000
ensemble_disagreement_filter,combined_stress,compound_contact_shift,peg_in_hole_contact_search,0,84,0.690476,0.106078,0.529489,0.080610,0.255292,0.090973,0.000000
ensemble_disagreement_filter,combined_stress,source_matched,cloth_edge_pull,0,84,0.690476,0.062440,0.582370,0.056810,0.244396,0.079993,0.000000
ensemble_disagreement_filter,combined_stress,low_friction,cloth_edge_pull,0,84,0.571429,0.074546,0.580443,0.065177,0.249011,0.078080,0.000000
ensemble_disagreement_filter,combined_stress,soft_compliance,cloth_edge_pull,0,84,0.571429,0.086352,0.584926,0.067321,0.248535,0.084843,0.000000
ensemble_disagreement_filter,combined_stress,texture_aliasing,cloth_edge_pull,0,84,0.511905,0.085643,0.565394,0.068347,0.254099,0.084276,0.000000
ensemble_disagreement_filter,combined_stress,taxel_bias,cloth_edge_pull,0,84,0.547619,0.091458,0.565913,0.073039,0.254568,0.085432,0.000000
ensemble_disagreement_filter,combined_stress,transient_shear_spike,cloth_edge_pull,0,84,0.559524,0.100621,0.561913,0.072514,0.254061,0.081817,0.000000
ensemble_disagreement_filter,combined_stress,compound_contact_shift,cloth_edge_pull,0,84,0.392857,0.111386,0.551627,0.082965,0.259613,0.086822,0.000000
ensemble_disagreement_filter,combined_stress,source_matched,cable_threading,0,84,0.559524,0.072886,0.585494,0.059825,0.245582,0.078331,0.000000
ensemble_disagreement_filter,combined_stress,low_friction,cable_threading,0,84,0.511905,0.085352,0.584107,0.066682,0.249151,0.076665,0.000000
ensemble_disagreement_filter,combined_stress,soft_compliance,cable_threading,0,84,0.571429,0.084612,0.587780,0.065723,0.247244,0.082792,0.000000
ensemble_disagreement_filter,combined_stress,texture_aliasing,cable_threading,0,84,0.500000,0.095729,0.567978,0.076113,0.252902,0.082365,0.000000
ensemble_disagreement_filter,combined_stress,taxel_bias,cable_threading,0,84,0.571429,0.090618,0.570117,0.071536,0.253448,0.084001,0.000000
ensemble_disagreement_filter,combined_stress,transient_shear_spike,cable_threading,0,84,0.559524,0.097801,0.581156,0.078092,0.252050,0.087027,0.000000
ensemble_disagreement_filter,combined_stress,compound_contact_shift,cable_threading,0,84,0.523810,0.108386,0.570600,0.085131,0.255125,0.083904,0.000000
ensemble_disagreement_filter,combined_stress,source_matched,lid_twist_force_control,0,84,0.666667,0.071346,0.544923,0.055372,0.246330,0.078973,0.000000
ensemble_disagreement_filter,combined_stress,low_friction,lid_twist_force_control,0,84,0.642857,0.084813,0.545039,0.062402,0.250138,0.077997,0.000000
ensemble_disagreement_filter,combined_stress,soft_compliance,lid_twist_force_control,0,84,0.535714,0.088573,0.537453,0.069060,0.254231,0.079220,0.000000
ensemble_disagreement_filter,combined_stress,texture_aliasing,lid_twist_force_control,0,84,0.678571,0.093186,0.543913,0.069106,0.251695,0.082317,0.000000
ensemble_disagreement_filter,combined_stress,taxel_bias,lid_twist_force_control,0,84,0.678571,0.091082,0.532552,0.068620,0.247527,0.086023,0.000000
ensemble_disagreement_filter,combined_stress,transient_shear_spike,lid_twist_force_control,0,84,0.690476,0.098756,0.526320,0.074958,0.254033,0.081384,0.000000
ensemble_disagreement_filter,combined_stress,compound_contact_shift,lid_twist_force_control,0,84,0.488095,0.114844,0.524017,0.082378,0.255772,0.090054,0.000000
ensemble_disagreement_filter,combined_stress,source_matched,slip_limited_grasp,1,84,0.642857,0.070089,0.582863,0.058597,0.243716,0.078734,0.000000
ensemble_disagreement_filter,combined_stress,low_friction,slip_limited_grasp,1,84,0.702381,0.078138,0.574852,0.059390,0.250416,0.082031,0.000000
ensemble_disagreement_filter,combined_stress,soft_compliance,slip_limited_grasp,1,84,0.654762,0.084022,0.570452,0.066189,0.246849,0.084716,0.000000
ensemble_disagreement_filter,combined_stress,texture_aliasing,slip_limited_grasp,1,84,0.607143,0.085341,0.571971,0.068472,0.253551,0.085545,0.000000
ensemble_disagreement_filter,combined_stress,taxel_bias,slip_limited_grasp,1,84,0.535714,0.090995,0.572247,0.067715,0.255840,0.086590,0.000000
ensemble_disagreement_filter,combined_stress,transient_shear_spike,slip_limited_grasp,1,84,0.619048,0.098453,0.565691,0.072101,0.252912,0.081802,0.000000
ensemble_disagreement_filter,combined_stress,compound_contact_shift,slip_limited_grasp,1,84,0.571429,0.111247,0.558447,0.081131,0.257673,0.088203,0.000000
ensemble_disagreement_filter,combined_stress,source_matched,peg_in_hole_contact_search,1,84,0.654762,0.063270,0.551412,0.059498,0.242167,0.080395,0.000000
ensemble_disagreement_filter,combined_stress,low_friction,peg_in_hole_contact_search,1,84,0.702381,0.073749,0.547046,0.062451,0.250702,0.077362,0.000000
ensemble_disagreement_filter,combined_stress,soft_compliance,peg_in_hole_contact_search,1,84,0.654762,0.081991,0.546183,0.063054,0.248707,0.081671,0.000000
ensemble_disagreement_filter,combined_stress,texture_aliasing,peg_in_hole_contact_search,1,84,0.714286,0.088098,0.536875,0.066329,0.248668,0.085798,0.000000
ensemble_disagreement_filter,combined_stress,taxel_bias,peg_in_hole_contact_search,1,84,0.702381,0.089036,0.548086,0.068472,0.246742,0.083594,0.000000
ensemble_disagreement_filter,combined_stress,transient_shear_spike,peg_in_hole_contact_search,1,84,0.690476,0.101138,0.530487,0.070796,0.248624,0.082005,0.000000
ensemble_disagreement_filter,combined_stress,compound_contact_shift,peg_in_hole_contact_search,1,84,0.690476,0.106714,0.530425,0.081105,0.255720,0.083435,0.000000
ensemble_disagreement_filter,combined_stress,source_matched,cloth_edge_pull,1,84,0.678571,0.062962,0.583135,0.057516,0.244963,0.080381,0.000000
ensemble_disagreement_filter,combined_stress,low_friction,cloth_edge_pull,1,84,0.690476,0.075056,0.581190,0.062600,0.247212,0.078459,0.000000
ensemble_disagreement_filter,combined_stress,soft_compliance,cloth_edge_pull,1,84,0.583333,0.086880,0.567691,0.067437,0.248677,0.077231,0.000000
ensemble_disagreement_filter,combined_stress,texture_aliasing,cloth_edge_pull,1,84,0.607143,0.086177,0.566177,0.066383,0.252744,0.084671,0.000000
ensemble_disagreement_filter,combined_stress,taxel_bias,cloth_edge_pull,1,84,0.678571,0.091956,0.566642,0.070155,0.252547,0.085803,0.000000
ensemble_disagreement_filter,combined_stress,transient_shear_spike,cloth_edge_pull,1,84,0.607143,0.101185,0.562741,0.071764,0.253584,0.082234,0.000000
ensemble_disagreement_filter,combined_stress,compound_contact_shift,cloth_edge_pull,1,84,0.547619,0.111956,0.552464,0.079541,0.257212,0.087243,0.000000
ensemble_disagreement_filter,combined_stress,source_matched,cable_threading,1,84,0.619048,0.073408,0.586259,0.058745,0.244863,0.078718,0.000000
ensemble_disagreement_filter,combined_stress,low_friction,cable_threading,1,84,0.619048,0.073856,0.584854,0.063201,0.247567,0.076780,0.000000
ensemble_disagreement_filter,combined_stress,soft_compliance,cable_threading,1,84,0.690476,0.085140,0.588554,0.063160,0.245457,0.083184,0.000000
ensemble_disagreement_filter,combined_stress,texture_aliasing,cable_threading,1,84,0.630952,0.096263,0.568761,0.073256,0.250904,0.082761,0.000000
ensemble_disagreement_filter,combined_stress,taxel_bias,cable_threading,1,84,0.535714,0.091116,0.570846,0.072819,0.254427,0.084372,0.000000
ensemble_disagreement_filter,combined_stress,transient_shear_spike,cable_threading,1,84,0.500000,0.098365,0.563975,0.080020,0.253502,0.087443,0.000000
ensemble_disagreement_filter,combined_stress,compound_contact_shift,cable_threading,1,84,0.583333,0.108956,0.571437,0.084088,0.254438,0.084324,0.000000
ensemble_disagreement_filter,combined_stress,source_matched,lid_twist_force_control,1,84,0.630952,0.071916,0.545760,0.056710,0.247356,0.079393,0.000000
ensemble_disagreement_filter,combined_stress,low_friction,lid_twist_force_control,1,84,0.630952,0.073365,0.545858,0.061935,0.250728,0.078145,0.000000
ensemble_disagreement_filter,combined_stress,soft_compliance,lid_twist_force_control,1,84,0.619048,0.089149,0.538299,0.067427,0.253119,0.079644,0.000000
ensemble_disagreement_filter,combined_stress,texture_aliasing,lid_twist_force_control,1,84,0.666667,0.093768,0.544768,0.069858,0.252302,0.082746,0.000000
ensemble_disagreement_filter,combined_stress,taxel_bias,lid_twist_force_control,1,84,0.607143,0.091628,0.533353,0.070832,0.249181,0.086427,0.000000
ensemble_disagreement_filter,combined_stress,transient_shear_spike,lid_twist_force_control,1,84,0.583333,0.099368,0.527220,0.078113,0.256374,0.081833,0.000000
ensemble_disagreement_filter,combined_stress,compound_contact_shift,lid_twist_force_control,1,84,0.595238,0.115462,0.524926,0.080181,0.254259,0.090507,0.000000
ensemble_disagreement_filter,combined_stress,source_matched,slip_limited_grasp,2,84,0.642857,0.070629,0.583655,0.059019,0.244080,0.079134,0.000000
ensemble_disagreement_filter,combined_stress,low_friction,slip_limited_grasp,2,84,0.690476,0.078666,0.575626,0.060101,0.250987,0.082422,0.000000
ensemble_disagreement_filter,combined_stress,soft_compliance,slip_limited_grasp,2,84,0.726190,0.084568,0.571253,0.064830,0.245932,0.077116,0.000000
ensemble_disagreement_filter,combined_stress,texture_aliasing,slip_limited_grasp,2,84,0.595238,0.085893,0.572781,0.069200,0.254137,0.085953,0.000000
ensemble_disagreement_filter,combined_stress,taxel_bias,slip_limited_grasp,2,84,0.583333,0.091511,0.573003,0.066928,0.255331,0.086973,0.000000
ensemble_disagreement_filter,combined_stress,transient_shear_spike,slip_limited_grasp,2,84,0.642857,0.099035,0.566546,0.071960,0.252876,0.082230,0.000000
ensemble_disagreement_filter,combined_stress,compound_contact_shift,slip_limited_grasp,2,84,0.559524,0.111835,0.559311,0.081887,0.258284,0.088636,0.000000
ensemble_disagreement_filter,combined_stress,source_matched,peg_in_hole_contact_search,2,84,0.690476,0.063858,0.552276,0.051060,0.241920,0.080828,0.000000
ensemble_disagreement_filter,combined_stress,low_friction,peg_in_hole_contact_search,2,84,0.523810,0.074325,0.547892,0.067365,0.254304,0.077787,0.000000
ensemble_disagreement_filter,combined_stress,soft_compliance,peg_in_hole_contact_search,2,84,0.559524,0.082585,0.547056,0.065898,0.250821,0.082108,0.000000
ensemble_disagreement_filter,combined_stress,texture_aliasing,peg_in_hole_contact_search,2,84,0.642857,0.088698,0.537757,0.068582,0.250357,0.086239,0.000000
ensemble_disagreement_filter,combined_stress,taxel_bias,peg_in_hole_contact_search,2,84,0.619048,0.089600,0.548914,0.070996,0.248622,0.084011,0.000000
ensemble_disagreement_filter,combined_stress,transient_shear_spike,peg_in_hole_contact_search,2,84,0.595238,0.101768,0.531414,0.073668,0.250763,0.082466,0.000000
ensemble_disagreement_filter,combined_stress,compound_contact_shift,peg_in_hole_contact_search,2,84,0.571429,0.107350,0.531361,0.076573,0.258291,0.083901,0.000000
ensemble_disagreement_filter,combined_stress,source_matched,cloth_edge_pull,2,84,0.583333,0.063484,0.583900,0.060305,0.247029,0.080768,0.000000
ensemble_disagreement_filter,combined_stress,low_friction,cloth_edge_pull,2,84,0.583333,0.075566,0.581937,0.065677,0.249485,0.078838,0.000000
ensemble_disagreement_filter,combined_stress,soft_compliance,cloth_edge_pull,2,84,0.535714,0.087408,0.568465,0.069040,0.249890,0.077622,0.000000
ensemble_disagreement_filter,combined_stress,texture_aliasing,cloth_edge_pull,2,84,0.547619,0.086711,0.566960,0.068289,0.254176,0.085067,0.000000
ensemble_disagreement_filter,combined_stress,taxel_bias,cloth_edge_pull,2,84,0.607143,0.092454,0.567371,0.072331,0.254168,0.086174,0.000000
ensemble_disagreement_filter,combined_stress,transient_shear_spike,cloth_edge_pull,2,84,0.488095,0.101749,0.563569,0.075180,0.256107,0.082650,0.000000
ensemble_disagreement_filter,combined_stress,compound_contact_shift,cloth_edge_pull,2,84,0.559524,0.112526,0.553301,0.079689,0.257381,0.087663,0.000000
ensemble_disagreement_filter,combined_stress,source_matched,cable_threading,2,84,0.642857,0.073930,0.587024,0.058558,0.244786,0.079106,0.000000
ensemble_disagreement_filter,combined_stress,low_friction,cable_threading,2,84,0.571429,0.074366,0.585601,0.064791,0.248768,0.077159,0.000000
ensemble_disagreement_filter,combined_stress,soft_compliance,cable_threading,2,84,0.547619,0.085668,0.589328,0.067144,0.248384,0.083576,0.000000
ensemble_disagreement_filter,combined_stress,texture_aliasing,cable_threading,2,84,0.619048,0.096797,0.569544,0.073971,0.251479,0.083157,0.000000
ensemble_disagreement_filter,combined_stress,taxel_bias,cable_threading,2,84,0.476190,0.091614,0.571575,0.074697,0.255834,0.084743,0.000000
ensemble_disagreement_filter,combined_stress,transient_shear_spike,cable_threading,2,84,0.619048,0.098929,0.564803,0.069481,0.251739,0.087859,0.000000
ensemble_disagreement_filter,combined_stress,compound_contact_shift,cable_threading,2,84,0.583333,0.109526,0.572274,0.076529,0.254822,0.084745,0.000000
ensemble_disagreement_filter,combined_stress,source_matched,lid_twist_force_control,2,84,0.607143,0.072486,0.546597,0.057750,0.248169,0.079814,0.000000
ensemble_disagreement_filter,combined_stress,low_friction,lid_twist_force_control,2,84,0.654762,0.073923,0.546677,0.061775,0.250676,0.078557,0.000000
ensemble_disagreement_filter,combined_stress,soft_compliance,lid_twist_force_control,2,84,0.630952,0.077719,0.539145,0.066378,0.253292,0.079805,0.000000
ensemble_disagreement_filter,combined_stress,texture_aliasing,lid_twist_force_control,2,84,0.607143,0.094350,0.545623,0.071800,0.253765,0.083175,0.000000
ensemble_disagreement_filter,combined_stress,taxel_bias,lid_twist_force_control,2,84,0.690476,0.092174,0.534154,0.069175,0.248049,0.086831,0.000000
ensemble_disagreement_filter,combined_stress,transient_shear_spike,lid_twist_force_control,2,84,0.607143,0.099980,0.528120,0.069991,0.256357,0.082283,0.000000
ensemble_disagreement_filter,combined_stress,compound_contact_shift,lid_twist_force_control,2,84,0.619048,0.116080,0.525835,0.080068,0.254247,0.090961,0.000000
ensemble_disagreement_filter,combined_stress,source_matched,slip_limited_grasp,3,84,0.726190,0.071169,0.584447,0.057358,0.242944,0.079533,0.000000
ensemble_disagreement_filter,combined_stress,low_friction,slip_limited_grasp,3,84,0.630952,0.079194,0.576400,0.062002,0.252414,0.082814,0.000000
ensemble_disagreement_filter,combined_stress,soft_compliance,slip_limited_grasp,3,84,0.630952,0.085114,0.572054,0.067638,0.248014,0.077520,0.000000
ensemble_disagreement_filter,combined_stress,texture_aliasing,slip_limited_grasp,3,84,0.630952,0.086445,0.573591,0.068739,0.253866,0.086361,0.000000
ensemble_disagreement_filter,combined_stress,taxel_bias,slip_limited_grasp,3,84,0.702381,0.092027,0.573759,0.064355,0.253536,0.079352,0.000000
ensemble_disagreement_filter,combined_stress,transient_shear_spike,slip_limited_grasp,3,84,0.583333,0.099617,0.567401,0.073902,0.254339,0.082659,0.000000
ensemble_disagreement_filter,combined_stress,compound_contact_shift,slip_limited_grasp,3,84,0.595238,0.112423,0.560175,0.081453,0.258037,0.089069,0.000000
ensemble_disagreement_filter,combined_stress,source_matched,peg_in_hole_contact_search,3,84,0.714286,0.064446,0.553140,0.050923,0.241888,0.081261,0.000000
ensemble_disagreement_filter,combined_stress,low_friction,peg_in_hole_contact_search,3,84,0.642857,0.074901,0.548738,0.064839,0.244545,0.078211,0.000000
ensemble_disagreement_filter,combined_stress,soft_compliance,peg_in_hole_contact_search,3,84,0.607143,0.083179,0.547929,0.065171,0.250364,0.082545,0.000000
ensemble_disagreement_filter,combined_stress,texture_aliasing,peg_in_hole_contact_search,3,84,0.630952,0.089298,0.538639,0.069348,0.250976,0.078676,0.000000
ensemble_disagreement_filter,combined_stress,taxel_bias,peg_in_hole_contact_search,3,84,0.714286,0.090164,0.549742,0.069055,0.247288,0.084427,0.000000
ensemble_disagreement_filter,combined_stress,transient_shear_spike,peg_in_hole_contact_search,3,84,0.583333,0.102398,0.532341,0.074456,0.251401,0.082928,0.000000
ensemble_disagreement_filter,combined_stress,compound_contact_shift,peg_in_hole_contact_search,3,84,0.571429,0.107986,0.532297,0.077069,0.258719,0.084367,0.000000
ensemble_disagreement_filter,combined_stress,source_matched,cloth_edge_pull,3,84,0.619048,0.064006,0.584665,0.059820,0.246738,0.081156,0.000000
ensemble_disagreement_filter,combined_stress,low_friction,cloth_edge_pull,3,84,0.583333,0.076076,0.582684,0.066076,0.249829,0.079217,0.000000
ensemble_disagreement_filter,combined_stress,soft_compliance,cloth_edge_pull,3,84,0.523810,0.087936,0.569239,0.069750,0.250460,0.078014,0.000000
ensemble_disagreement_filter,combined_stress,texture_aliasing,cloth_edge_pull,3,84,0.547619,0.087245,0.567743,0.068706,0.254536,0.085463,0.000000
ensemble_disagreement_filter,combined_stress,taxel_bias,cloth_edge_pull,3,84,0.630952,0.092952,0.568100,0.072125,0.254076,0.086544,0.000000
ensemble_disagreement_filter,combined_stress,transient_shear_spike,cloth_edge_pull,3,84,0.654762,0.102313,0.564397,0.071454,0.253487,0.083066,0.000000
ensemble_disagreement_filter,combined_stress,compound_contact_shift,cloth_edge_pull,3,84,0.500000,0.113096,0.554138,0.081622,0.258837,0.088084,0.000000
ensemble_disagreement_filter,combined_stress,source_matched,cable_threading,3,84,0.583333,0.062446,0.587789,0.059253,0.246210,0.079229,0.000000
ensemble_disagreement_filter,combined_stress,low_friction,cable_threading,3,84,0.666667,0.074876,0.586348,0.062809,0.247398,0.077538,0.000000
ensemble_disagreement_filter,combined_stress,soft_compliance,cable_threading,3,84,0.583333,0.086196,0.590102,0.066664,0.248098,0.083967,0.000000
ensemble_disagreement_filter,combined_stress,texture_aliasing,cable_threading,3,84,0.571429,0.085325,0.570327,0.066375,0.252696,0.083288,0.000000
ensemble_disagreement_filter,combined_stress,taxel_bias,cable_threading,3,84,0.607143,0.092112,0.572304,0.071813,0.253813,0.085114,0.000000
ensemble_disagreement_filter,combined_stress,transient_shear_spike,cable_threading,3,84,0.511905,0.099493,0.565631,0.072600,0.254047,0.088276,0.000000
ensemble_disagreement_filter,combined_stress,compound_contact_shift,cable_threading,3,84,0.511905,0.110096,0.573111,0.078760,0.256491,0.085165,0.000000
ensemble_disagreement_filter,combined_stress,source_matched,lid_twist_force_control,3,84,0.654762,0.073056,0.547434,0.057005,0.247696,0.080234,0.000000
ensemble_disagreement_filter,combined_stress,low_friction,lid_twist_force_control,3,84,0.702381,0.074481,0.547496,0.061021,0.250195,0.078970,0.000000
ensemble_disagreement_filter,combined_stress,soft_compliance,lid_twist_force_control,3,84,0.690476,0.078295,0.539991,0.065340,0.244605,0.080230,0.000000
ensemble_disagreement_filter,combined_stress,texture_aliasing,lid_twist_force_control,3,84,0.500000,0.094932,0.528469,0.074933,0.256086,0.083604,0.000000
ensemble_disagreement_filter,combined_stress,taxel_bias,lid_twist_force_control,3,84,0.642857,0.092720,0.534955,0.070793,0.249274,0.079231,0.000000
ensemble_disagreement_filter,combined_stress,transient_shear_spike,lid_twist_force_control,3,84,0.642857,0.100592,0.529020,0.069576,0.256126,0.082732,0.000000
ensemble_disagreement_filter,combined_stress,compound_contact_shift,lid_twist_force_control,3,84,0.690476,0.104692,0.526744,0.077563,0.253377,0.091150,0.000000
ensemble_disagreement_filter,combined_stress,source_matched,slip_limited_grasp,4,84,0.583333,0.071709,0.585239,0.061352,0.245879,0.079933,0.000000
ensemble_disagreement_filter,combined_stress,low_friction,slip_limited_grasp,4,84,0.630952,0.079722,0.577174,0.062414,0.244766,0.083206,0.000000
ensemble_disagreement_filter,combined_stress,soft_compliance,slip_limited_grasp,4,84,0.607143,0.085660,0.572855,0.068659,0.248811,0.077924,0.000000
ensemble_disagreement_filter,combined_stress,texture_aliasing,slip_limited_grasp,4,84,0.630952,0.086997,0.574401,0.069170,0.254238,0.078766,0.000000
ensemble_disagreement_filter,combined_stress,taxel_bias,slip_limited_grasp,4,84,0.619048,0.092543,0.574515,0.066842,0.255384,0.079736,0.000000
ensemble_disagreement_filter,combined_stress,transient_shear_spike,slip_limited_grasp,4,84,0.583333,0.100199,0.568256,0.074357,0.254731,0.083088,0.000000
ensemble_disagreement_filter,combined_stress,compound_contact_shift,slip_limited_grasp,4,84,0.595238,0.113011,0.561039,0.081912,0.258433,0.089502,0.000000
ensemble_disagreement_filter,combined_stress,source_matched,peg_in_hole_contact_search,4,84,0.607143,0.065034,0.554004,0.054061,0.244212,0.073690,0.000000
ensemble_disagreement_filter,combined_stress,low_friction,peg_in_hole_contact_search,4,84,0.547619,0.075477,0.549584,0.067669,0.246648,0.078636,0.000000
ensemble_disagreement_filter,combined_stress,soft_compliance,peg_in_hole_contact_search,4,84,0.750000,0.083773,0.548802,0.062063,0.248193,0.082983,0.000000
ensemble_disagreement_filter,combined_stress,texture_aliasing,peg_in_hole_contact_search,4,84,0.642857,0.089898,0.539521,0.069518,0.251165,0.079117,0.000000
ensemble_disagreement_filter,combined_stress,taxel_bias,peg_in_hole_contact_search,4,84,0.607143,0.090728,0.532561,0.072174,0.249596,0.084844,0.000000
ensemble_disagreement_filter,combined_stress,transient_shear_spike,peg_in_hole_contact_search,4,84,0.559524,0.103028,0.533268,0.075543,0.252253,0.083390,0.000000
ensemble_disagreement_filter,combined_stress,compound_contact_shift,peg_in_hole_contact_search,4,84,0.642857,0.108622,0.533233,0.075779,0.257861,0.084833,0.000000
ensemble_disagreement_filter,combined_stress,source_matched,cloth_edge_pull,4,84,0.607143,0.064528,0.585430,0.060526,0.247304,0.073539,0.000000
ensemble_disagreement_filter,combined_stress,low_friction,cloth_edge_pull,4,84,0.595238,0.076586,0.583431,0.066178,0.249959,0.079596,0.000000
ensemble_disagreement_filter,combined_stress,soft_compliance,cloth_edge_pull,4,84,0.642857,0.088464,0.570013,0.067187,0.248673,0.078406,0.000000
ensemble_disagreement_filter,combined_stress,texture_aliasing,cloth_edge_pull,4,84,0.571429,0.087779,0.568526,0.068528,0.254467,0.085859,0.000000
ensemble_disagreement_filter,combined_stress,taxel_bias,cloth_edge_pull,4,84,0.547619,0.093450,0.568829,0.074599,0.255912,0.086915,0.000000
ensemble_disagreement_filter,combined_stress,transient_shear_spike,cloth_edge_pull,4,84,0.642857,0.102877,0.565225,0.072192,0.254081,0.083483,0.000000
ensemble_disagreement_filter,combined_stress,compound_contact_shift,cloth_edge_pull,4,84,0.488095,0.113666,0.554975,0.082364,0.259435,0.088504,0.000000
ensemble_disagreement_filter,combined_stress,source_matched,cable_threading,4,84,0.571429,0.062968,0.588554,0.059959,0.246776,0.079616,0.000000
ensemble_disagreement_filter,combined_stress,low_friction,cable_threading,4,84,0.583333,0.075386,0.587095,0.065291,0.249242,0.077918,0.000000
ensemble_disagreement_filter,combined_stress,soft_compliance,cable_threading,4,84,0.702381,0.086724,0.572867,0.064101,0.246311,0.084359,0.000000
ensemble_disagreement_filter,combined_stress,texture_aliasing,cable_threading,4,84,0.559524,0.085859,0.571110,0.067090,0.253270,0.083684,0.000000
ensemble_disagreement_filter,combined_stress,taxel_bias,cable_threading,4,84,0.523810,0.092610,0.573033,0.074286,0.255649,0.085484,0.000000
ensemble_disagreement_filter,combined_stress,transient_shear_spike,cable_threading,4,84,0.583333,0.100057,0.566459,0.071254,0.253142,0.080688,0.000000
ensemble_disagreement_filter,combined_stress,compound_contact_shift,cable_threading,4,84,0.511905,0.110666,0.573948,0.079205,0.256875,0.085586,0.000000
ensemble_disagreement_filter,combined_stress,source_matched,lid_twist_force_control,4,84,0.607143,0.073626,0.548271,0.058640,0.248937,0.080655,0.000000
ensemble_disagreement_filter,combined_stress,low_friction,lid_twist_force_control,4,84,0.666667,0.075039,0.548315,0.062349,0.251214,0.079382,0.000000
ensemble_disagreement_filter,combined_stress,soft_compliance,lid_twist_force_control,4,84,0.583333,0.078871,0.540837,0.068468,0.246922,0.080654,0.000000
ensemble_disagreement_filter,combined_stress,texture_aliasing,lid_twist_force_control,4,84,0.642857,0.095514,0.529324,0.071816,0.253906,0.084032,0.000000
ensemble_disagreement_filter,combined_stress,taxel_bias,lid_twist_force_control,4,84,0.619048,0.093266,0.535756,0.071814,0.250071,0.079635,0.000000
ensemble_disagreement_filter,combined_stress,transient_shear_spike,lid_twist_force_control,4,84,0.642857,0.101204,0.529920,0.070053,0.256538,0.083182,0.000000
ensemble_disagreement_filter,combined_stress,compound_contact_shift,lid_twist_force_control,4,84,0.607143,0.105310,0.527653,0.080128,0.255293,0.083600,0.000000
ensemble_disagreement_filter,combined_stress,source_matched,slip_limited_grasp,5,84,0.642857,0.072249,0.586031,0.060285,0.245172,0.080333,0.000000
ensemble_disagreement_filter,combined_stress,low_friction,slip_limited_grasp,5,84,0.750000,0.080250,0.577948,0.059851,0.242979,0.083597,0.000000
ensemble_disagreement_filter,combined_stress,soft_compliance,slip_limited_grasp,5,84,0.666667,0.086206,0.573656,0.067598,0.248107,0.078328,0.000000
ensemble_disagreement_filter,combined_stress,texture_aliasing,slip_limited_grasp,5,84,0.702381,0.087549,0.575211,0.067815,0.253324,0.079174,0.000000
ensemble_disagreement_filter,combined_stress,taxel_bias,slip_limited_grasp,5,84,0.630952,0.093059,0.557262,0.066948,0.255518,0.080119,0.000000
ensemble_disagreement_filter,combined_stress,transient_shear_spike,slip_limited_grasp,5,84,0.511905,0.100781,0.569111,0.076597,0.256409,0.083517,0.000000
ensemble_disagreement_filter,combined_stress,compound_contact_shift,slip_limited_grasp,5,84,0.523810,0.113599,0.561903,0.084157,0.260115,0.089935,0.000000
ensemble_disagreement_filter,combined_stress,source_matched,peg_in_hole_contact_search,5,84,0.714286,0.065622,0.554868,0.051841,0.242680,0.074123,0.000000
ensemble_disagreement_filter,combined_stress,low_friction,peg_in_hole_contact_search,5,84,0.654762,0.076053,0.550430,0.065440,0.245107,0.079061,0.000000
ensemble_disagreement_filter,combined_stress,soft_compliance,peg_in_hole_contact_search,5,84,0.547619,0.084367,0.549675,0.067586,0.252236,0.083420,0.000000
ensemble_disagreement_filter,combined_stress,texture_aliasing,peg_in_hole_contact_search,5,84,0.619048,0.090498,0.540403,0.070582,0.251998,0.079558,0.000000
ensemble_disagreement_filter,combined_stress,taxel_bias,peg_in_hole_contact_search,5,84,0.654762,0.091292,0.533389,0.071424,0.249119,0.085260,0.000000
ensemble_disagreement_filter,combined_stress,transient_shear_spike,peg_in_hole_contact_search,5,84,0.511905,0.103658,0.534195,0.077224,0.253535,0.083852,0.000000
ensemble_disagreement_filter,combined_stress,compound_contact_shift,peg_in_hole_contact_search,5,84,0.488095,0.109258,0.534169,0.080143,0.261075,0.085299,0.000000
ensemble_disagreement_filter,combined_stress,source_matched,cloth_edge_pull,5,84,0.488095,0.065050,0.586195,0.055907,0.249799,0.073927,0.000000
ensemble_disagreement_filter,combined_stress,low_friction,cloth_edge_pull,5,84,0.595238,0.077096,0.584178,0.066577,0.250303,0.079976,0.000000
ensemble_disagreement_filter,combined_stress,soft_compliance,cloth_edge_pull,5,84,0.654762,0.088992,0.570787,0.067302,0.248815,0.078797,0.000000
ensemble_disagreement_filter,combined_stress,texture_aliasing,cloth_edge_pull,5,84,0.642857,0.088313,0.569309,0.067160,0.253541,0.086254,0.000000
ensemble_disagreement_filter,combined_stress,taxel_bias,cloth_edge_pull,5,84,0.523810,0.093948,0.569558,0.067580,0.256676,0.079282,0.000000
ensemble_disagreement_filter,combined_stress,transient_shear_spike,cloth_edge_pull,5,84,0.630952,0.103441,0.566053,0.072930,0.254676,0.083899,0.000000
ensemble_disagreement_filter,combined_stress,compound_contact_shift,cloth_edge_pull,5,84,0.583333,0.114236,0.555812,0.080428,0.258105,0.088925,0.000000
ensemble_disagreement_filter,combined_stress,source_matched,cable_threading,5,84,0.607143,0.063490,0.589319,0.059474,0.246485,0.080004,0.000000
ensemble_disagreement_filter,combined_stress,low_friction,cable_threading,5,84,0.547619,0.075896,0.587842,0.066583,0.250228,0.078297,0.000000
ensemble_disagreement_filter,combined_stress,soft_compliance,cable_threading,5,84,0.583333,0.087252,0.573641,0.067490,0.248810,0.084751,0.000000
ensemble_disagreement_filter,combined_stress,texture_aliasing,cable_threading,5,84,0.595238,0.086393,0.571893,0.066614,0.252987,0.084080,0.000000
ensemble_disagreement_filter,combined_stress,taxel_bias,cable_threading,5,84,0.642857,0.093108,0.573762,0.071699,0.253842,0.085855,0.000000
ensemble_disagreement_filter,combined_stress,transient_shear_spike,cable_threading,5,84,0.535714,0.100621,0.567287,0.072885,0.254379,0.081105,0.000000
ensemble_disagreement_filter,combined_stress,compound_contact_shift,cable_threading,5,84,0.511905,0.111236,0.556776,0.079650,0.257259,0.086006,0.000000
ensemble_disagreement_filter,combined_stress,source_matched,lid_twist_force_control,5,84,0.642857,0.062190,0.549108,0.056992,0.248678,0.080811,0.000000
ensemble_disagreement_filter,combined_stress,low_friction,lid_twist_force_control,5,84,0.666667,0.075597,0.549134,0.062785,0.251590,0.079794,0.000000
ensemble_disagreement_filter,combined_stress,soft_compliance,lid_twist_force_control,5,84,0.702381,0.079447,0.541683,0.065941,0.245167,0.081079,0.000000
ensemble_disagreement_filter,combined_stress,texture_aliasing,lid_twist_force_control,5,84,0.726190,0.096096,0.530179,0.070187,0.252798,0.084461,0.000000
ensemble_disagreement_filter,combined_stress,taxel_bias,lid_twist_force_control,5,84,0.535714,0.093812,0.536557,0.074324,0.251939,0.080039,0.000000
ensemble_disagreement_filter,combined_stress,transient_shear_spike,lid_twist_force_control,5,84,0.488095,0.101816,0.530820,0.074399,0.251732,0.083631,0.000000
ensemble_disagreement_filter,combined_stress,compound_contact_shift,lid_twist_force_control,5,84,0.500000,0.105928,0.528562,0.083289,0.257638,0.084053,0.000000
ensemble_disagreement_filter,combined_stress,source_matched,slip_limited_grasp,6,84,0.702381,0.072789,0.586823,0.059219,0.244464,0.080733,0.000000
ensemble_disagreement_filter,combined_stress,low_friction,slip_limited_grasp,6,84,0.654762,0.080778,0.578722,0.062645,0.245049,0.083989,0.000000
ensemble_disagreement_filter,combined_stress,soft_compliance,slip_limited_grasp,6,84,0.619048,0.086752,0.574457,0.061211,0.249332,0.078732,0.000000
ensemble_disagreement_filter,combined_stress,texture_aliasing,slip_limited_grasp,6,84,0.595238,0.088101,0.558012,0.070925,0.255625,0.079582,0.000000
ensemble_disagreement_filter,combined_stress,taxel_bias,slip_limited_grasp,6,84,0.583333,0.093575,0.558018,0.068542,0.248719,0.080502,0.000000
ensemble_disagreement_filter,combined_stress,transient_shear_spike,slip_limited_grasp,6,84,0.678571,0.101363,0.569966,0.072884,0.253801,0.083946,0.000000
ensemble_disagreement_filter,combined_stress,compound_contact_shift,slip_limited_grasp,6,84,0.630952,0.114187,0.562767,0.081937,0.258582,0.090368,0.000000
ensemble_disagreement_filter,combined_stress,source_matched,peg_in_hole_contact_search,6,84,0.642857,0.066210,0.555732,0.054086,0.244361,0.074556,0.000000
ensemble_disagreement_filter,combined_stress,low_friction,peg_in_hole_contact_search,6,84,0.630952,0.076629,0.551276,0.066485,0.245924,0.079485,0.000000
ensemble_disagreement_filter,combined_stress,soft_compliance,peg_in_hole_contact_search,6,84,0.630952,0.084961,0.550548,0.065966,0.251136,0.083857,0.000000
ensemble_disagreement_filter,combined_stress,texture_aliasing,peg_in_hole_contact_search,6,84,0.607143,0.091098,0.541285,0.071347,0.252616,0.080000,0.000000
ensemble_disagreement_filter,combined_stress,taxel_bias,peg_in_hole_contact_search,6,84,0.583333,0.091856,0.534217,0.073650,0.250785,0.085676,0.000000
ensemble_disagreement_filter,combined_stress,transient_shear_spike,peg_in_hole_contact_search,6,84,0.547619,0.104288,0.535122,0.076822,0.253316,0.084314,0.000000
ensemble_disagreement_filter,combined_stress,compound_contact_shift,peg_in_hole_contact_search,6,84,0.476190,0.109894,0.535105,0.080937,0.261717,0.085765,0.000000
ensemble_disagreement_filter,combined_stress,source_matched,cloth_edge_pull,6,84,0.630952,0.065572,0.586960,0.052743,0.247580,0.074314,0.000000
ensemble_disagreement_filter,combined_stress,low_friction,cloth_edge_pull,6,84,0.547619,0.077606,0.584925,0.068166,0.251504,0.080355,0.000000
ensemble_disagreement_filter,combined_stress,soft_compliance,cloth_edge_pull,6,84,0.642857,0.077514,0.571561,0.066812,0.249385,0.078925,0.000000
ensemble_disagreement_filter,combined_stress,texture_aliasing,cloth_edge_pull,6,84,0.511905,0.088847,0.570092,0.070851,0.256259,0.078646,0.000000
ensemble_disagreement_filter,combined_stress,taxel_bias,cloth_edge_pull,6,84,0.595238,0.094446,0.570287,0.066184,0.255727,0.079653,0.000000
ensemble_disagreement_filter,combined_stress,transient_shear_spike,cloth_edge_pull,6,84,0.511905,0.104005,0.566881,0.076347,0.257199,0.084316,0.000000
ensemble_disagreement_filter,combined_stress,compound_contact_shift,cloth_edge_pull,6,84,0.559524,0.114806,0.556649,0.081469,0.258917,0.089345,0.000000
ensemble_disagreement_filter,combined_stress,source_matched,cable_threading,6,84,0.523810,0.064012,0.590084,0.061966,0.248337,0.080391,0.000000
ensemble_disagreement_filter,combined_stress,low_friction,cable_threading,6,84,0.559524,0.076406,0.588589,0.066684,0.250358,0.078676,0.000000
ensemble_disagreement_filter,combined_stress,soft_compliance,cable_threading,6,84,0.535714,0.087780,0.574415,0.069093,0.250023,0.077138,0.000000
ensemble_disagreement_filter,combined_stress,texture_aliasing,cable_threading,6,84,0.571429,0.086927,0.572676,0.067627,0.253776,0.084475,0.000000
ensemble_disagreement_filter,combined_stress,taxel_bias,cable_threading,6,84,0.500000,0.093606,0.574491,0.075661,0.256750,0.086226,0.000000
ensemble_disagreement_filter,combined_stress,transient_shear_spike,cable_threading,6,84,0.500000,0.101185,0.568115,0.074218,0.255402,0.081521,0.000000
ensemble_disagreement_filter,combined_stress,compound_contact_shift,cable_threading,6,84,0.619048,0.111806,0.557613,0.077416,0.255715,0.086427,0.000000
ensemble_disagreement_filter,combined_stress,source_matched,lid_twist_force_control,6,84,0.738095,0.062760,0.549945,0.055056,0.247348,0.081232,0.000000
ensemble_disagreement_filter,combined_stress,low_friction,lid_twist_force_control,6,84,0.666667,0.076155,0.549953,0.063221,0.243962,0.080206,0.000000
ensemble_disagreement_filter,combined_stress,soft_compliance,lid_twist_force_control,6,84,0.738095,0.080023,0.542529,0.057494,0.244912,0.081504,0.000000
ensemble_disagreement_filter,combined_stress,texture_aliasing,lid_twist_force_control,6,84,0.630952,0.096678,0.531034,0.073022,0.254904,0.084890,0.000000
ensemble_disagreement_filter,combined_stress,taxel_bias,lid_twist_force_control,6,84,0.678571,0.094358,0.537358,0.071179,0.249735,0.080443,0.000000
ensemble_disagreement_filter,combined_stress,transient_shear_spike,lid_twist_force_control,6,84,0.583333,0.102428,0.531720,0.072495,0.250430,0.084080,0.000000
ensemble_disagreement_filter,combined_stress,compound_contact_shift,lid_twist_force_control,6,84,0.642857,0.106546,0.529471,0.080199,0.255482,0.084507,0.000000
proposed_negative_transfer_guard,combined_stress,source_matched,slip_limited_grasp,0,84,0.845238,0.048285,0.627352,0.034598,0.211477,0.055690,0.000000
proposed_negative_transfer_guard,combined_stress,low_friction,slip_limited_grasp,0,84,0.821429,0.060502,0.630780,0.042975,0.216757,0.064163,0.000000
proposed_negative_transfer_guard,combined_stress,soft_compliance,slip_limited_grasp,0,84,0.666667,0.060112,0.618964,0.048529,0.219827,0.063414,0.000000
proposed_negative_transfer_guard,combined_stress,texture_aliasing,slip_limited_grasp,0,84,0.833333,0.062418,0.625154,0.047628,0.216743,0.066341,0.000000
proposed_negative_transfer_guard,combined_stress,taxel_bias,slip_limited_grasp,0,84,0.738095,0.063283,0.619445,0.052332,0.216801,0.064620,0.000000
proposed_negative_transfer_guard,combined_stress,transient_shear_spike,slip_limited_grasp,0,84,0.702381,0.073434,0.619720,0.054996,0.219052,0.062927,0.000000
proposed_negative_transfer_guard,combined_stress,compound_contact_shift,slip_limited_grasp,0,84,0.642857,0.072987,0.616211,0.064659,0.225688,0.070697,0.000000
proposed_negative_transfer_guard,combined_stress,source_matched,peg_in_hole_contact_search,0,84,0.761905,0.048594,0.606548,0.043324,0.216375,0.062241,0.000000
proposed_negative_transfer_guard,combined_stress,low_friction,peg_in_hole_contact_search,0,84,0.797619,0.051235,0.613621,0.042871,0.214200,0.064119,0.000000
proposed_negative_transfer_guard,combined_stress,soft_compliance,peg_in_hole_contact_search,0,84,0.666667,0.053203,0.605342,0.049638,0.218413,0.064994,0.000000
proposed_negative_transfer_guard,combined_stress,texture_aliasing,peg_in_hole_contact_search,0,84,0.666667,0.060296,0.600705,0.056575,0.221521,0.063214,0.000000
proposed_negative_transfer_guard,combined_stress,taxel_bias,peg_in_hole_contact_search,0,84,0.654762,0.068452,0.605931,0.056780,0.224939,0.066513,0.000000
proposed_negative_transfer_guard,combined_stress,transient_shear_spike,peg_in_hole_contact_search,0,84,0.702381,0.071240,0.595163,0.059721,0.220782,0.067755,0.000000
proposed_negative_transfer_guard,combined_stress,compound_contact_shift,peg_in_hole_contact_search,0,84,0.738095,0.075582,0.580827,0.062670,0.220891,0.070818,0.000000
proposed_negative_transfer_guard,combined_stress,source_matched,cloth_edge_pull,0,84,0.714286,0.045071,0.633528,0.040698,0.218348,0.060047,0.000000
proposed_negative_transfer_guard,combined_stress,low_friction,cloth_edge_pull,0,84,0.666667,0.061333,0.643022,0.052771,0.218749,0.063301,0.000000
proposed_negative_transfer_guard,combined_stress,soft_compliance,cloth_edge_pull,0,84,0.595238,0.054877,0.640116,0.051591,0.224279,0.058375,0.000000
proposed_negative_transfer_guard,combined_stress,texture_aliasing,cloth_edge_pull,0,84,0.750000,0.067166,0.625264,0.050639,0.220061,0.060173,0.000000
proposed_negative_transfer_guard,combined_stress,taxel_bias,cloth_edge_pull,0,84,0.702381,0.068157,0.619744,0.054248,0.219346,0.066543,0.000000
proposed_negative_transfer_guard,combined_stress,transient_shear_spike,cloth_edge_pull,0,84,0.714286,0.068072,0.622674,0.055878,0.221920,0.065805,0.000000
proposed_negative_transfer_guard,combined_stress,compound_contact_shift,cloth_edge_pull,0,84,0.595238,0.077609,0.616132,0.066680,0.228279,0.072447,0.000000
proposed_negative_transfer_guard,combined_stress,source_matched,cable_threading,0,84,0.654762,0.042774,0.653581,0.040172,0.217768,0.057624,0.000000
proposed_negative_transfer_guard,combined_stress,low_friction,cable_threading,0,84,0.630952,0.059396,0.645606,0.051926,0.217980,0.061126,0.000000
proposed_negative_transfer_guard,combined_stress,soft_compliance,cable_threading,0,84,0.690476,0.064406,0.641890,0.048259,0.220793,0.064096,0.000000
proposed_negative_transfer_guard,combined_stress,texture_aliasing,cable_threading,0,84,0.666667,0.064509,0.626768,0.058436,0.219670,0.065506,0.000000
proposed_negative_transfer_guard,combined_stress,taxel_bias,cable_threading,0,84,0.559524,0.066580,0.640877,0.056358,0.220746,0.064616,0.000000
proposed_negative_transfer_guard,combined_stress,transient_shear_spike,cable_threading,0,84,0.714286,0.064515,0.622828,0.052898,0.219428,0.062514,0.000000
proposed_negative_transfer_guard,combined_stress,compound_contact_shift,cable_threading,0,84,0.642857,0.073872,0.616016,0.062372,0.224810,0.069032,0.000000
proposed_negative_transfer_guard,combined_stress,source_matched,lid_twist_force_control,0,84,0.821429,0.051289,0.610004,0.041905,0.216108,0.057151,0.000000
proposed_negative_transfer_guard,combined_stress,low_friction,lid_twist_force_control,0,84,0.690476,0.056906,0.603532,0.047901,0.218917,0.061079,0.000000
proposed_negative_transfer_guard,combined_stress,soft_compliance,lid_twist_force_control,0,84,0.773810,0.054410,0.588557,0.045888,0.216297,0.058880,0.000000
proposed_negative_transfer_guard,combined_stress,texture_aliasing,lid_twist_force_control,0,84,0.702381,0.060015,0.599697,0.053470,0.219699,0.064079,0.000000
proposed_negative_transfer_guard,combined_stress,taxel_bias,lid_twist_force_control,0,84,0.666667,0.065093,0.600306,0.051911,0.221494,0.065259,0.000000
proposed_negative_transfer_guard,combined_stress,transient_shear_spike,lid_twist_force_control,0,84,0.726190,0.075525,0.582995,0.060414,0.222218,0.063761,0.000000
proposed_negative_transfer_guard,combined_stress,compound_contact_shift,lid_twist_force_control,0,84,0.654762,0.078379,0.584436,0.064901,0.223264,0.065799,0.000000
proposed_negative_transfer_guard,combined_stress,source_matched,slip_limited_grasp,1,84,0.666667,0.048849,0.628180,0.039502,0.215071,0.056106,0.000000
proposed_negative_transfer_guard,combined_stress,low_friction,slip_limited_grasp,1,84,0.833333,0.061054,0.631590,0.043108,0.216915,0.064571,0.000000
proposed_negative_transfer_guard,combined_stress,soft_compliance,slip_limited_grasp,1,84,0.678571,0.060682,0.619801,0.048676,0.219997,0.063835,0.000000
proposed_negative_transfer_guard,combined_stress,texture_aliasing,slip_limited_grasp,1,84,0.750000,0.062994,0.626000,0.050161,0.218631,0.066766,0.000000
proposed_negative_transfer_guard,combined_stress,taxel_bias,slip_limited_grasp,1,84,0.714286,0.063823,0.620237,0.053349,0.217594,0.065020,0.000000
proposed_negative_transfer_guard,combined_stress,transient_shear_spike,slip_limited_grasp,1,84,0.857143,0.074040,0.620611,0.051599,0.216675,0.063373,0.000000
proposed_negative_transfer_guard,combined_stress,compound_contact_shift,slip_limited_grasp,1,84,0.738095,0.073599,0.617111,0.062756,0.224385,0.071147,0.000000
proposed_negative_transfer_guard,combined_stress,source_matched,peg_in_hole_contact_search,1,84,0.773810,0.049206,0.607448,0.043503,0.216572,0.062690,0.000000
proposed_negative_transfer_guard,combined_stress,low_friction,peg_in_hole_contact_search,1,84,0.726190,0.051835,0.596494,0.045125,0.215889,0.064560,0.000000
proposed_negative_transfer_guard,combined_stress,soft_compliance,peg_in_hole_contact_search,1,84,0.702381,0.053821,0.606251,0.049227,0.218186,0.065448,0.000000
proposed_negative_transfer_guard,combined_stress,texture_aliasing,peg_in_hole_contact_search,1,84,0.630952,0.060920,0.601623,0.057954,0.222584,0.063672,0.000000
proposed_negative_transfer_guard,combined_stress,taxel_bias,peg_in_hole_contact_search,1,84,0.678571,0.069040,0.588786,0.056644,0.224907,0.066946,0.000000
proposed_negative_transfer_guard,combined_stress,transient_shear_spike,peg_in_hole_contact_search,1,84,0.595238,0.071894,0.596126,0.062908,0.223151,0.068233,0.000000
proposed_negative_transfer_guard,combined_stress,compound_contact_shift,peg_in_hole_contact_search,1,84,0.666667,0.076242,0.581799,0.064970,0.222621,0.071301,0.000000
proposed_negative_transfer_guard,combined_stress,source_matched,cloth_edge_pull,1,84,0.785714,0.045617,0.634329,0.039339,0.217430,0.060451,0.000000
proposed_negative_transfer_guard,combined_stress,low_friction,cloth_edge_pull,1,84,0.714286,0.061867,0.625796,0.043994,0.218252,0.063697,0.000000
proposed_negative_transfer_guard,combined_stress,soft_compliance,cloth_edge_pull,1,84,0.642857,0.055429,0.640926,0.050831,0.223793,0.058783,0.000000
proposed_negative_transfer_guard,combined_stress,texture_aliasing,cloth_edge_pull,1,84,0.630952,0.067724,0.626083,0.054051,0.222580,0.060585,0.000000
proposed_negative_transfer_guard,combined_stress,taxel_bias,cloth_edge_pull,1,84,0.714286,0.068679,0.620509,0.054359,0.219484,0.066930,0.000000
proposed_negative_transfer_guard,combined_stress,transient_shear_spike,cloth_edge_pull,1,84,0.630952,0.068660,0.623538,0.058420,0.223816,0.066238,0.000000
proposed_negative_transfer_guard,combined_stress,compound_contact_shift,cloth_edge_pull,1,84,0.571429,0.078203,0.617005,0.067739,0.229107,0.064880,0.000000
proposed_negative_transfer_guard,combined_stress,source_matched,cable_threading,1,84,0.726190,0.043320,0.654382,0.038813,0.216850,0.058028,0.000000
proposed_negative_transfer_guard,combined_stress,low_friction,cable_threading,1,84,0.654762,0.059930,0.646389,0.051748,0.217912,0.061521,0.000000
proposed_negative_transfer_guard,combined_stress,soft_compliance,cable_threading,1,84,0.583333,0.052952,0.642700,0.050168,0.223094,0.064240,0.000000
proposed_negative_transfer_guard,combined_stress,texture_aliasing,cable_threading,1,84,0.595238,0.065067,0.627587,0.060658,0.221331,0.065919,0.000000
proposed_negative_transfer_guard,combined_stress,taxel_bias,cable_threading,1,84,0.619048,0.067102,0.623633,0.055278,0.220027,0.065003,0.000000
proposed_negative_transfer_guard,combined_stress,transient_shear_spike,cable_threading,1,84,0.559524,0.065103,0.623692,0.057226,0.222610,0.062947,0.000000
proposed_negative_transfer_guard,combined_stress,compound_contact_shift,cable_threading,1,84,0.571429,0.074466,0.616889,0.064621,0.226496,0.069469,0.000000
proposed_negative_transfer_guard,combined_stress,source_matched,lid_twist_force_control,1,84,0.845238,0.051883,0.610877,0.041773,0.216079,0.057588,0.000000
proposed_negative_transfer_guard,combined_stress,low_friction,lid_twist_force_control,1,84,0.726190,0.057488,0.604387,0.047462,0.218666,0.061508,0.000000
proposed_negative_transfer_guard,combined_stress,soft_compliance,lid_twist_force_control,1,84,0.761905,0.055010,0.589439,0.046653,0.216915,0.059321,0.000000
proposed_negative_transfer_guard,combined_stress,texture_aliasing,lid_twist_force_control,1,84,0.714286,0.060621,0.600588,0.053645,0.219892,0.064525,0.000000
proposed_negative_transfer_guard,combined_stress,taxel_bias,lid_twist_force_control,1,84,0.690476,0.065663,0.601143,0.051760,0.221449,0.065680,0.000000
proposed_negative_transfer_guard,combined_stress,transient_shear_spike,lid_twist_force_control,1,84,0.714286,0.064155,0.583931,0.060006,0.222860,0.063962,0.000000
proposed_negative_transfer_guard,combined_stress,compound_contact_shift,lid_twist_force_control,1,84,0.666667,0.079021,0.585381,0.065103,0.223482,0.066270,0.000000
proposed_negative_transfer_guard,combined_stress,source_matched,slip_limited_grasp,2,84,0.797619,0.049413,0.629008,0.036669,0.213094,0.056523,0.000000
proposed_negative_transfer_guard,combined_stress,low_friction,slip_limited_grasp,2,84,0.761905,0.061606,0.632400,0.045325,0.218573,0.064979,0.000000
proposed_negative_transfer_guard,combined_stress,soft_compliance,slip_limited_grasp,2,84,0.678571,0.061252,0.620638,0.049121,0.220381,0.064255,0.000000
proposed_negative_transfer_guard,combined_stress,texture_aliasing,slip_limited_grasp,2,84,0.773810,0.063570,0.626846,0.050016,0.218591,0.067190,0.000000
proposed_negative_transfer_guard,combined_stress,taxel_bias,slip_limited_grasp,2,84,0.714286,0.064363,0.621029,0.053771,0.217958,0.065420,0.000000
proposed_negative_transfer_guard,combined_stress,transient_shear_spike,slip_limited_grasp,2,84,0.666667,0.074646,0.621502,0.056834,0.220511,0.063818,0.000000
proposed_negative_transfer_guard,combined_stress,compound_contact_shift,slip_limited_grasp,2,84,0.738095,0.074211,0.618011,0.063233,0.224797,0.071596,0.000000
proposed_negative_transfer_guard,combined_stress,source_matched,peg_in_hole_contact_search,2,84,0.726190,0.049818,0.608348,0.045171,0.217841,0.055136,0.000000
proposed_negative_transfer_guard,combined_stress,low_friction,peg_in_hole_contact_search,2,84,0.642857,0.052435,0.597376,0.047676,0.217793,0.065001,0.000000
proposed_negative_transfer_guard,combined_stress,soft_compliance,peg_in_hole_contact_search,2,84,0.726190,0.054439,0.607160,0.049113,0.218173,0.065901,0.000000
proposed_negative_transfer_guard,combined_stress,texture_aliasing,peg_in_hole_contact_search,2,84,0.595238,0.061544,0.602541,0.059333,0.223647,0.064129,0.000000
proposed_negative_transfer_guard,combined_stress,taxel_bias,peg_in_hole_contact_search,2,84,0.666667,0.069628,0.589650,0.057400,0.225517,0.067379,0.000000
proposed_negative_transfer_guard,combined_stress,transient_shear_spike,peg_in_hole_contact_search,2,84,0.726190,0.072548,0.597089,0.060144,0.221233,0.068712,0.000000
proposed_negative_transfer_guard,combined_stress,compound_contact_shift,peg_in_hole_contact_search,2,84,0.690476,0.076902,0.582771,0.064888,0.222636,0.071783,0.000000
proposed_negative_transfer_guard,combined_stress,source_matched,cloth_edge_pull,2,84,0.678571,0.046163,0.635130,0.042444,0.219727,0.060855,0.000000
proposed_negative_transfer_guard,combined_stress,low_friction,cloth_edge_pull,2,84,0.714286,0.050395,0.626579,0.043210,0.218612,0.063828,0.000000
proposed_negative_transfer_guard,combined_stress,soft_compliance,cloth_edge_pull,2,84,0.678571,0.055981,0.623727,0.050370,0.223523,0.059191,0.000000
proposed_negative_transfer_guard,combined_stress,texture_aliasing,cloth_edge_pull,2,84,0.714286,0.068282,0.626902,0.052403,0.221456,0.060998,0.000000
proposed_negative_transfer_guard,combined_stress,taxel_bias,cloth_edge_pull,2,84,0.702381,0.069201,0.621274,0.055065,0.220050,0.067318,0.000000
proposed_negative_transfer_guard,combined_stress,transient_shear_spike,cloth_edge_pull,2,84,0.595238,0.069248,0.624402,0.059772,0.224855,0.066671,0.000000
proposed_negative_transfer_guard,combined_stress,compound_contact_shift,cloth_edge_pull,2,84,0.642857,0.078797,0.617878,0.066416,0.228221,0.065317,0.000000
proposed_negative_transfer_guard,combined_stress,source_matched,cable_threading,2,84,0.714286,0.043866,0.637174,0.039537,0.217432,0.058432,0.000000
proposed_negative_transfer_guard,combined_stress,low_friction,cable_threading,2,84,0.595238,0.060464,0.647172,0.053653,0.219343,0.061917,0.000000
proposed_negative_transfer_guard,combined_stress,soft_compliance,cable_threading,2,84,0.666667,0.053504,0.643510,0.048516,0.221966,0.064648,0.000000
proposed_negative_transfer_guard,combined_stress,texture_aliasing,cable_threading,2,84,0.619048,0.065625,0.628406,0.052494,0.221279,0.066331,0.000000
proposed_negative_transfer_guard,combined_stress,taxel_bias,cable_threading,2,84,0.630952,0.067624,0.624398,0.055389,0.220164,0.065391,0.000000
proposed_negative_transfer_guard,combined_stress,transient_shear_spike,cable_threading,2,84,0.607143,0.065691,0.624556,0.056495,0.222149,0.063380,0.000000
proposed_negative_transfer_guard,combined_stress,compound_contact_shift,cable_threading,2,84,0.607143,0.075060,0.617762,0.064191,0.226253,0.069906,0.000000
proposed_negative_transfer_guard,combined_stress,source_matched,lid_twist_force_control,2,84,0.726190,0.052477,0.611750,0.045213,0.218622,0.058026,0.000000
proposed_negative_transfer_guard,combined_stress,low_friction,lid_twist_force_control,2,84,0.785714,0.058070,0.605242,0.046428,0.217987,0.061937,0.000000
proposed_negative_transfer_guard,combined_stress,soft_compliance,lid_twist_force_control,2,84,0.738095,0.055610,0.590321,0.047717,0.217748,0.059762,0.000000
proposed_negative_transfer_guard,combined_stress,texture_aliasing,lid_twist_force_control,2,84,0.678571,0.061227,0.601479,0.055010,0.220943,0.064970,0.000000
proposed_negative_transfer_guard,combined_stress,taxel_bias,lid_twist_force_control,2,84,0.726190,0.066233,0.583971,0.051313,0.221190,0.066100,0.000000
proposed_negative_transfer_guard,combined_stress,transient_shear_spike,lid_twist_force_control,2,84,0.785714,0.064791,0.584867,0.058716,0.222003,0.064428,0.000000
proposed_negative_transfer_guard,combined_stress,compound_contact_shift,lid_twist_force_control,2,84,0.714286,0.079663,0.586326,0.064413,0.223056,0.066740,0.000000
proposed_negative_transfer_guard,combined_stress,source_matched,slip_limited_grasp,3,84,0.785714,0.049977,0.629836,0.037407,0.213688,0.056939,0.000000
proposed_negative_transfer_guard,combined_stress,low_friction,slip_limited_grasp,3,84,0.690476,0.062158,0.633210,0.047542,0.220231,0.065387,0.000000
proposed_negative_transfer_guard,combined_stress,soft_compliance,slip_limited_grasp,3,84,0.750000,0.061822,0.621475,0.047780,0.219479,0.064676,0.000000
proposed_negative_transfer_guard,combined_stress,texture_aliasing,slip_limited_grasp,3,84,0.750000,0.064146,0.627692,0.051061,0.219407,0.067615,0.000000
proposed_negative_transfer_guard,combined_stress,taxel_bias,slip_limited_grasp,3,84,0.642857,0.064903,0.621821,0.055979,0.219608,0.065820,0.000000
proposed_negative_transfer_guard,combined_stress,transient_shear_spike,slip_limited_grasp,3,84,0.571429,0.075252,0.622393,0.059687,0.222633,0.064263,0.000000
proposed_negative_transfer_guard,combined_stress,compound_contact_shift,slip_limited_grasp,3,84,0.702381,0.074823,0.618911,0.064603,0.225852,0.072046,0.000000
proposed_negative_transfer_guard,combined_stress,source_matched,peg_in_hole_contact_search,3,84,0.702381,0.050430,0.609248,0.038239,0.218682,0.055585,0.000000
proposed_negative_transfer_guard,combined_stress,low_friction,peg_in_hole_contact_search,3,84,0.714286,0.053035,0.598258,0.046358,0.216912,0.057438,0.000000
proposed_negative_transfer_guard,combined_stress,soft_compliance,peg_in_hole_contact_search,3,84,0.654762,0.055057,0.608069,0.051381,0.219875,0.058351,0.000000
proposed_negative_transfer_guard,combined_stress,texture_aliasing,peg_in_hole_contact_search,3,84,0.714286,0.062168,0.603459,0.056844,0.221924,0.064587,0.000000
proposed_negative_transfer_guard,combined_stress,taxel_bias,peg_in_hole_contact_search,3,84,0.666667,0.070216,0.590514,0.057859,0.225913,0.067812,0.000000
proposed_negative_transfer_guard,combined_stress,transient_shear_spike,peg_in_hole_contact_search,3,84,0.714286,0.073202,0.598052,0.060951,0.221888,0.069190,0.000000
proposed_negative_transfer_guard,combined_stress,compound_contact_shift,peg_in_hole_contact_search,3,84,0.666667,0.077562,0.583743,0.065998,0.223509,0.072266,0.000000
proposed_negative_transfer_guard,combined_stress,source_matched,cloth_edge_pull,3,84,0.773810,0.046709,0.635931,0.040490,0.210376,0.061259,0.000000
proposed_negative_transfer_guard,combined_stress,low_friction,cloth_edge_pull,3,84,0.761905,0.050929,0.627362,0.042437,0.218115,0.064224,0.000000
proposed_negative_transfer_guard,combined_stress,soft_compliance,cloth_edge_pull,3,84,0.678571,0.056533,0.624537,0.050801,0.215891,0.059599,0.000000
proposed_negative_transfer_guard,combined_stress,texture_aliasing,cloth_edge_pull,3,84,0.690476,0.068840,0.627721,0.053434,0.222260,0.061410,0.000000
proposed_negative_transfer_guard,combined_stress,taxel_bias,cloth_edge_pull,3,84,0.726190,0.069723,0.622039,0.054878,0.219973,0.067705,0.000000
proposed_negative_transfer_guard,combined_stress,transient_shear_spike,cloth_edge_pull,3,84,0.714286,0.069836,0.625266,0.057254,0.223108,0.067104,0.000000
proposed_negative_transfer_guard,combined_stress,compound_contact_shift,cloth_edge_pull,3,84,0.583333,0.079391,0.618751,0.068368,0.229693,0.065754,0.000000
proposed_negative_transfer_guard,combined_stress,source_matched,cable_threading,3,84,0.761905,0.044412,0.637975,0.038774,0.216943,0.058836,0.000000
proposed_negative_transfer_guard,combined_stress,low_friction,cable_threading,3,84,0.630952,0.060998,0.647955,0.053178,0.219060,0.062313,0.000000
proposed_negative_transfer_guard,combined_stress,soft_compliance,cable_threading,3,84,0.547619,0.054056,0.644320,0.051923,0.224480,0.065056,0.000000
proposed_negative_transfer_guard,combined_stress,texture_aliasing,cable_threading,3,84,0.678571,0.066183,0.629225,0.051442,0.220583,0.066743,0.000000
proposed_negative_transfer_guard,combined_stress,taxel_bias,cable_threading,3,84,0.702381,0.068146,0.625163,0.054011,0.219231,0.065778,0.000000
proposed_negative_transfer_guard,combined_stress,transient_shear_spike,cable_threading,3,84,0.738095,0.066279,0.625420,0.053679,0.220188,0.063813,0.000000
proposed_negative_transfer_guard,combined_stress,compound_contact_shift,cable_threading,3,84,0.619048,0.075654,0.618635,0.064357,0.226439,0.070343,0.000000
proposed_negative_transfer_guard,combined_stress,source_matched,lid_twist_force_control,3,84,0.750000,0.053071,0.612623,0.045081,0.218594,0.058463,0.000000
proposed_negative_transfer_guard,combined_stress,low_friction,lid_twist_force_control,3,84,0.797619,0.058652,0.606097,0.046585,0.218164,0.062365,0.000000
proposed_negative_transfer_guard,combined_stress,soft_compliance,lid_twist_force_control,3,84,0.738095,0.056210,0.591203,0.048185,0.218152,0.060204,0.000000
proposed_negative_transfer_guard,combined_stress,texture_aliasing,lid_twist_force_control,3,84,0.773810,0.061833,0.584361,0.053102,0.219637,0.065415,0.000000
proposed_negative_transfer_guard,combined_stress,taxel_bias,lid_twist_force_control,3,84,0.797619,0.066803,0.584808,0.049972,0.220288,0.066521,0.000000
proposed_negative_transfer_guard,combined_stress,transient_shear_spike,lid_twist_force_control,3,84,0.630952,0.065427,0.585803,0.055077,0.225216,0.064894,0.000000
proposed_negative_transfer_guard,combined_stress,compound_contact_shift,lid_twist_force_control,3,84,0.690476,0.080305,0.587271,0.065509,0.223917,0.067210,0.000000
proposed_negative_transfer_guard,combined_stress,source_matched,slip_limited_grasp,4,84,0.809524,0.050541,0.630664,0.037252,0.213640,0.057356,0.000000
proposed_negative_transfer_guard,combined_stress,low_friction,slip_limited_grasp,4,84,0.714286,0.050704,0.634020,0.046177,0.220174,0.057527,0.000000
proposed_negative_transfer_guard,combined_stress,soft_compliance,slip_limited_grasp,4,84,0.726190,0.062392,0.622312,0.048820,0.220292,0.065096,0.000000
proposed_negative_transfer_guard,combined_stress,texture_aliasing,slip_limited_grasp,4,84,0.690476,0.064722,0.628538,0.052998,0.220867,0.060036,0.000000
proposed_negative_transfer_guard,combined_stress,taxel_bias,slip_limited_grasp,4,84,0.773810,0.065443,0.622613,0.053127,0.217615,0.066219,0.000000
proposed_negative_transfer_guard,combined_stress,transient_shear_spike,slip_limited_grasp,4,84,0.630952,0.063852,0.623284,0.057471,0.221970,0.064444,0.000000
proposed_negative_transfer_guard,combined_stress,compound_contact_shift,slip_limited_grasp,4,84,0.678571,0.075435,0.619811,0.065675,0.226693,0.072495,0.000000
proposed_negative_transfer_guard,combined_stress,source_matched,peg_in_hole_contact_search,4,84,0.714286,0.051042,0.610148,0.038419,0.218880,0.056034,0.000000
proposed_negative_transfer_guard,combined_stress,low_friction,peg_in_hole_contact_search,4,84,0.785714,0.053635,0.599140,0.045041,0.216030,0.057879,0.000000
proposed_negative_transfer_guard,combined_stress,soft_compliance,peg_in_hole_contact_search,4,84,0.678571,0.055675,0.608978,0.051267,0.219863,0.058804,0.000000
proposed_negative_transfer_guard,combined_stress,texture_aliasing,peg_in_hole_contact_search,4,84,0.714286,0.062792,0.604377,0.057330,0.222344,0.065045,0.000000
proposed_negative_transfer_guard,combined_stress,taxel_bias,peg_in_hole_contact_search,4,84,0.690476,0.058798,0.591378,0.056522,0.217876,0.067981,0.000000
proposed_negative_transfer_guard,combined_stress,transient_shear_spike,peg_in_hole_contact_search,4,84,0.785714,0.073856,0.599015,0.059675,0.221042,0.069668,0.000000
proposed_negative_transfer_guard,combined_stress,compound_contact_shift,peg_in_hole_contact_search,4,84,0.607143,0.078222,0.584715,0.068000,0.225024,0.064744,0.000000
proposed_negative_transfer_guard,combined_stress,source_matched,cloth_edge_pull,4,84,0.690476,0.047255,0.636732,0.043000,0.212244,0.061663,0.000000
proposed_negative_transfer_guard,combined_stress,low_friction,cloth_edge_pull,4,84,0.666667,0.051463,0.628145,0.045236,0.220189,0.064620,0.000000
proposed_negative_transfer_guard,combined_stress,soft_compliance,cloth_edge_pull,4,84,0.714286,0.057085,0.625347,0.050339,0.215620,0.060007,0.000000
proposed_negative_transfer_guard,combined_stress,texture_aliasing,cloth_edge_pull,4,84,0.642857,0.069398,0.628540,0.055060,0.223493,0.061822,0.000000
proposed_negative_transfer_guard,combined_stress,taxel_bias,cloth_edge_pull,4,84,0.583333,0.070245,0.622804,0.058857,0.222897,0.068093,0.000000
proposed_negative_transfer_guard,combined_stress,transient_shear_spike,cloth_edge_pull,4,84,0.607143,0.070424,0.626130,0.060392,0.225432,0.067537,0.000000
proposed_negative_transfer_guard,combined_stress,compound_contact_shift,cloth_edge_pull,4,84,0.654762,0.079985,0.619624,0.067045,0.228807,0.066191,0.000000
proposed_negative_transfer_guard,combined_stress,source_matched,cable_threading,4,84,0.678571,0.044958,0.638776,0.041284,0.218811,0.059240,0.000000
proposed_negative_transfer_guard,combined_stress,low_friction,cable_threading,4,84,0.726190,0.061532,0.630729,0.051214,0.217706,0.062709,0.000000
proposed_negative_transfer_guard,combined_stress,soft_compliance,cable_threading,4,84,0.678571,0.054608,0.645130,0.049080,0.222495,0.065464,0.000000
proposed_negative_transfer_guard,combined_stress,texture_aliasing,cable_threading,4,84,0.607143,0.066741,0.630044,0.053664,0.222245,0.067155,0.000000
proposed_negative_transfer_guard,combined_stress,taxel_bias,cable_threading,4,84,0.607143,0.068668,0.625928,0.056800,0.221297,0.066166,0.000000
proposed_negative_transfer_guard,combined_stress,transient_shear_spike,cable_threading,4,84,0.630952,0.066867,0.626284,0.056817,0.222512,0.064246,0.000000
proposed_negative_transfer_guard,combined_stress,compound_contact_shift,cable_threading,4,84,0.642857,0.076248,0.619508,0.064225,0.226410,0.070781,0.000000
proposed_negative_transfer_guard,combined_stress,source_matched,lid_twist_force_control,4,84,0.642857,0.053665,0.613496,0.040219,0.212918,0.058900,0.000000
proposed_negative_transfer_guard,combined_stress,low_friction,lid_twist_force_control,4,84,0.678571,0.059234,0.606952,0.050015,0.220699,0.062794,0.000000
proposed_negative_transfer_guard,combined_stress,soft_compliance,lid_twist_force_control,4,84,0.750000,0.056810,0.592085,0.048355,0.218342,0.060645,0.000000
proposed_negative_transfer_guard,combined_stress,texture_aliasing,lid_twist_force_control,4,84,0.761905,0.062439,0.585252,0.053872,0.220259,0.065861,0.000000
proposed_negative_transfer_guard,combined_stress,taxel_bias,lid_twist_force_control,4,84,0.714286,0.067373,0.585645,0.052500,0.222172,0.066941,0.000000
proposed_negative_transfer_guard,combined_stress,transient_shear_spike,lid_twist_force_control,4,84,0.738095,0.066063,0.586739,0.052894,0.223716,0.065360,0.000000
proposed_negative_transfer_guard,combined_stress,compound_contact_shift,lid_twist_force_control,4,84,0.761905,0.080947,0.588216,0.064223,0.223063,0.067680,0.000000
proposed_negative_transfer_guard,combined_stress,source_matched,slip_limited_grasp,5,84,0.821429,0.051105,0.631492,0.037395,0.213805,0.057772,0.000000
proposed_negative_transfer_guard,combined_stress,low_friction,slip_limited_grasp,5,84,0.726190,0.051256,0.634830,0.046311,0.220332,0.057935,0.000000
proposed_negative_transfer_guard,combined_stress,soft_compliance,slip_limited_grasp,5,84,0.690476,0.062962,0.623149,0.050158,0.221319,0.065517,0.000000
proposed_negative_transfer_guard,combined_stress,texture_aliasing,slip_limited_grasp,5,84,0.809524,0.065298,0.629384,0.050472,0.219112,0.060460,0.000000
proposed_negative_transfer_guard,combined_stress,taxel_bias,slip_limited_grasp,5,84,0.714286,0.065983,0.623405,0.055037,0.219050,0.066619,0.000000
proposed_negative_transfer_guard,combined_stress,transient_shear_spike,slip_limited_grasp,5,84,0.702381,0.064458,0.624175,0.056158,0.221092,0.064890,0.000000
proposed_negative_transfer_guard,combined_stress,compound_contact_shift,slip_limited_grasp,5,84,0.654762,0.076047,0.602702,0.066748,0.227533,0.064941,0.000000
proposed_negative_transfer_guard,combined_stress,source_matched,peg_in_hole_contact_search,5,84,0.678571,0.051654,0.611048,0.039789,0.219935,0.056484,0.000000
proposed_negative_transfer_guard,combined_stress,low_friction,peg_in_hole_contact_search,5,84,0.702381,0.054235,0.600022,0.047592,0.217934,0.058321,0.000000
proposed_negative_transfer_guard,combined_stress,soft_compliance,peg_in_hole_contact_search,5,84,0.738095,0.056293,0.609887,0.050261,0.219207,0.059258,0.000000
proposed_negative_transfer_guard,combined_stress,texture_aliasing,peg_in_hole_contact_search,5,84,0.785714,0.063416,0.605295,0.048027,0.221478,0.065503,0.000000
proposed_negative_transfer_guard,combined_stress,taxel_bias,peg_in_hole_contact_search,5,84,0.809524,0.059386,0.592242,0.046000,0.216129,0.060410,0.000000
proposed_negative_transfer_guard,combined_stress,transient_shear_spike,peg_in_hole_contact_search,5,84,0.666667,0.074510,0.599978,0.055156,0.223625,0.062143,0.000000
proposed_negative_transfer_guard,combined_stress,compound_contact_shift,peg_in_hole_contact_search,5,84,0.654762,0.078882,0.585687,0.067323,0.224611,0.065227,0.000000
proposed_negative_transfer_guard,combined_stress,source_matched,cloth_edge_pull,5,84,0.666667,0.047801,0.637533,0.044021,0.213041,0.062067,0.000000
proposed_negative_transfer_guard,combined_stress,low_friction,cloth_edge_pull,5,84,0.607143,0.051997,0.628928,0.047141,0.221620,0.065015,0.000000
proposed_negative_transfer_guard,combined_stress,soft_compliance,cloth_edge_pull,5,84,0.666667,0.057637,0.626157,0.051961,0.216849,0.060416,0.000000
proposed_negative_transfer_guard,combined_stress,texture_aliasing,cloth_edge_pull,5,84,0.761905,0.069956,0.629359,0.052520,0.221727,0.062235,0.000000
proposed_negative_transfer_guard,combined_stress,taxel_bias,cloth_edge_pull,5,84,0.583333,0.058761,0.623569,0.058065,0.223249,0.068216,0.000000
proposed_negative_transfer_guard,combined_stress,transient_shear_spike,cloth_edge_pull,5,84,0.654762,0.071012,0.626994,0.059660,0.224971,0.067970,0.000000
proposed_negative_transfer_guard,combined_stress,compound_contact_shift,cloth_edge_pull,5,84,0.714286,0.080579,0.620497,0.066021,0.228136,0.066628,0.000000
proposed_negative_transfer_guard,combined_stress,source_matched,cable_threading,5,84,0.714286,0.045504,0.639577,0.040817,0.218536,0.059644,0.000000
proposed_negative_transfer_guard,combined_stress,low_friction,cable_threading,5,84,0.690476,0.062066,0.631512,0.052525,0.218709,0.063104,0.000000
proposed_negative_transfer_guard,combined_stress,soft_compliance,cable_threading,5,84,0.702381,0.055160,0.645940,0.048916,0.222439,0.065873,0.000000
proposed_negative_transfer_guard,combined_stress,texture_aliasing,cable_threading,5,84,0.654762,0.067299,0.630863,0.052909,0.221764,0.067568,0.000000
proposed_negative_transfer_guard,combined_stress,taxel_bias,cable_threading,5,84,0.630952,0.069190,0.626693,0.056613,0.221220,0.066553,0.000000
proposed_negative_transfer_guard,combined_stress,transient_shear_spike,cable_threading,5,84,0.678571,0.067455,0.627148,0.056085,0.222051,0.064679,0.000000
proposed_negative_transfer_guard,combined_stress,compound_contact_shift,cable_threading,5,84,0.583333,0.076842,0.620381,0.066177,0.227882,0.071218,0.000000
proposed_negative_transfer_guard,combined_stress,source_matched,lid_twist_force_control,5,84,0.702381,0.054259,0.614369,0.039194,0.212247,0.059337,0.000000
proposed_negative_transfer_guard,combined_stress,low_friction,lid_twist_force_control,5,84,0.738095,0.059816,0.607807,0.048981,0.220020,0.063223,0.000000
proposed_negative_transfer_guard,combined_stress,soft_compliance,lid_twist_force_control,5,84,0.630952,0.057410,0.592967,0.051799,0.220888,0.061086,0.000000
proposed_negative_transfer_guard,combined_stress,texture_aliasing,lid_twist_force_control,5,84,0.678571,0.063045,0.586143,0.056428,0.222167,0.066306,0.000000
proposed_negative_transfer_guard,combined_stress,taxel_bias,lid_twist_force_control,5,84,0.678571,0.067943,0.586482,0.053838,0.223199,0.067362,0.000000
proposed_negative_transfer_guard,combined_stress,transient_shear_spike,lid_twist_force_control,5,84,0.666667,0.066699,0.587675,0.055175,0.225430,0.065826,0.000000
proposed_negative_transfer_guard,combined_stress,compound_contact_shift,lid_twist_force_control,5,84,0.642857,0.081589,0.589161,0.067699,0.225638,0.068150,0.000000
proposed_negative_transfer_guard,combined_stress,source_matched,slip_limited_grasp,6,84,0.797619,0.051669,0.632320,0.038430,0.214614,0.058188,0.000000
proposed_negative_transfer_guard,combined_stress,low_friction,slip_limited_grasp,6,84,0.690476,0.051808,0.635640,0.047635,0.221347,0.058343,0.000000
proposed_negative_transfer_guard,combined_stress,soft_compliance,slip_limited_grasp,6,84,0.619048,0.063532,0.623986,0.052389,0.222988,0.065937,0.000000
proposed_negative_transfer_guard,combined_stress,texture_aliasing,slip_limited_grasp,6,84,0.750000,0.065874,0.630230,0.052409,0.220571,0.060885,0.000000
proposed_negative_transfer_guard,combined_stress,taxel_bias,slip_limited_grasp,6,84,0.773810,0.066523,0.624197,0.053971,0.218343,0.067019,0.000000
proposed_negative_transfer_guard,combined_stress,transient_shear_spike,slip_limited_grasp,6,84,0.714286,0.065064,0.625066,0.056333,0.221286,0.065335,0.000000
proposed_negative_transfer_guard,combined_stress,compound_contact_shift,slip_limited_grasp,6,84,0.607143,0.076659,0.603602,0.068415,0.228803,0.065390,0.000000
proposed_negative_transfer_guard,combined_stress,source_matched,peg_in_hole_contact_search,6,84,0.726190,0.052266,0.611948,0.039076,0.211485,0.056933,0.000000
proposed_negative_transfer_guard,combined_stress,low_friction,peg_in_hole_contact_search,6,84,0.702381,0.054835,0.600904,0.048060,0.218338,0.058762,0.000000
proposed_negative_transfer_guard,combined_stress,soft_compliance,peg_in_hole_contact_search,6,84,0.726190,0.056911,0.610796,0.051040,0.219837,0.059712,0.000000
proposed_negative_transfer_guard,combined_stress,texture_aliasing,peg_in_hole_contact_search,6,84,0.797619,0.064040,0.606213,0.048216,0.221684,0.065960,0.000000
proposed_negative_transfer_guard,combined_stress,taxel_bias,peg_in_hole_contact_search,6,84,0.666667,0.059974,0.593106,0.050031,0.219097,0.060843,0.000000
proposed_negative_transfer_guard,combined_stress,transient_shear_spike,peg_in_hole_contact_search,6,84,0.726190,0.075164,0.600941,0.054178,0.222993,0.062621,0.000000
proposed_negative_transfer_guard,combined_stress,compound_contact_shift,peg_in_hole_contact_search,6,84,0.702381,0.079542,0.586659,0.066647,0.224198,0.065709,0.000000
proposed_negative_transfer_guard,combined_stress,source_matched,cloth_edge_pull,6,84,0.666667,0.048347,0.638334,0.044448,0.213409,0.062471,0.000000
proposed_negative_transfer_guard,combined_stress,low_friction,cloth_edge_pull,6,84,0.642857,0.052531,0.629711,0.046666,0.221337,0.057407,0.000000
proposed_negative_transfer_guard,combined_stress,soft_compliance,cloth_edge_pull,6,84,0.666667,0.058189,0.626967,0.052392,0.217221,0.060824,0.000000
proposed_negative_transfer_guard,combined_stress,texture_aliasing,cloth_edge_pull,6,84,0.654762,0.058508,0.630178,0.054434,0.224031,0.062383,0.000000
proposed_negative_transfer_guard,combined_stress,taxel_bias,cloth_edge_pull,6,84,0.630952,0.059283,0.624334,0.057282,0.222744,0.060600,0.000000
proposed_negative_transfer_guard,combined_stress,transient_shear_spike,cloth_edge_pull,6,84,0.714286,0.071600,0.627858,0.058631,0.224296,0.068403,0.000000
proposed_negative_transfer_guard,combined_stress,compound_contact_shift,cloth_edge_pull,6,84,0.595238,0.081173,0.621370,0.069460,0.230679,0.067065,0.000000
proposed_negative_transfer_guard,combined_stress,source_matched,cable_threading,6,84,0.690476,0.046050,0.640378,0.041839,0.219333,0.060048,0.000000
proposed_negative_transfer_guard,combined_stress,low_friction,cable_threading,6,84,0.642857,0.050594,0.632295,0.044928,0.219926,0.063236,0.000000
proposed_negative_transfer_guard,combined_stress,soft_compliance,cable_threading,6,84,0.726190,0.055712,0.628741,0.048752,0.222382,0.066281,0.000000
proposed_negative_transfer_guard,combined_stress,texture_aliasing,cable_threading,6,84,0.690476,0.067857,0.631682,0.052452,0.221497,0.067980,0.000000
proposed_negative_transfer_guard,combined_stress,taxel_bias,cable_threading,6,84,0.702381,0.069712,0.627458,0.055236,0.220287,0.066941,0.000000
proposed_negative_transfer_guard,combined_stress,transient_shear_spike,cable_threading,6,84,0.702381,0.068043,0.628012,0.055949,0.222019,0.065112,0.000000
proposed_negative_transfer_guard,combined_stress,compound_contact_shift,cable_threading,6,84,0.535714,0.077436,0.621254,0.067831,0.229139,0.071655,0.000000
proposed_negative_transfer_guard,combined_stress,source_matched,lid_twist_force_control,6,84,0.773810,0.042847,0.597233,0.036671,0.211361,0.059510,0.000000
proposed_negative_transfer_guard,combined_stress,low_friction,lid_twist_force_control,6,84,0.726190,0.060398,0.590653,0.049733,0.220626,0.063652,0.000000
proposed_negative_transfer_guard,combined_stress,soft_compliance,lid_twist_force_control,6,84,0.726190,0.058010,0.593849,0.049886,0.219578,0.061527,0.000000
proposed_negative_transfer_guard,combined_stress,texture_aliasing,lid_twist_force_control,6,84,0.773810,0.063651,0.587034,0.054520,0.220861,0.066751,0.000000
proposed_negative_transfer_guard,combined_stress,taxel_bias,lid_twist_force_control,6,84,0.678571,0.068513,0.587319,0.054283,0.223583,0.067782,0.000000
proposed_negative_transfer_guard,combined_stress,transient_shear_spike,lid_twist_force_control,6,84,0.714286,0.067335,0.588611,0.054480,0.225000,0.066292,0.000000
proposed_negative_transfer_guard,combined_stress,compound_contact_shift,lid_twist_force_control,6,84,0.666667,0.082231,0.590106,0.067604,0.225642,0.068620,0.000000
oracle_feature_selector,combined_stress,source_matched,slip_limited_grasp,0,84,0.821429,0.037417,0.693505,0.021518,0.171233,0.041295,0.000000
oracle_feature_selector,combined_stress,low_friction,slip_limited_grasp,0,84,0.761905,0.045534,0.693747,0.028962,0.175741,0.040257,0.000000
oracle_feature_selector,combined_stress,soft_compliance,slip_limited_grasp,0,84,0.773810,0.040460,0.694054,0.035269,0.173195,0.044794,0.000000
oracle_feature_selector,combined_stress,texture_aliasing,slip_limited_grasp,0,84,0.750000,0.046535,0.689714,0.034828,0.176863,0.043123,0.000000
oracle_feature_selector,combined_stress,taxel_bias,slip_limited_grasp,0,84,0.821429,0.046999,0.684086,0.035360,0.173957,0.041430,0.000000
oracle_feature_selector,combined_stress,transient_shear_spike,slip_limited_grasp,0,84,0.761905,0.051693,0.677773,0.043150,0.173709,0.044693,0.000000
oracle_feature_selector,combined_stress,compound_contact_shift,slip_limited_grasp,0,84,0.821429,0.055509,0.683849,0.046519,0.174457,0.048813,0.000000
oracle_feature_selector,combined_stress,source_matched,peg_in_hole_contact_search,0,84,0.702381,0.042675,0.680099,0.026916,0.172058,0.043238,0.000000
oracle_feature_selector,combined_stress,low_friction,peg_in_hole_contact_search,0,84,0.785714,0.041216,0.665977,0.031451,0.175614,0.043610,0.000000
oracle_feature_selector,combined_stress,soft_compliance,peg_in_hole_contact_search,0,84,0.750000,0.050506,0.669821,0.033953,0.175497,0.042031,0.000000
oracle_feature_selector,combined_stress,texture_aliasing,peg_in_hole_contact_search,0,84,0.761905,0.049363,0.672663,0.035089,0.173711,0.043394,0.000000
oracle_feature_selector,combined_stress,taxel_bias,peg_in_hole_contact_search,0,84,0.761905,0.045110,0.659961,0.033791,0.176951,0.046456,0.000000
oracle_feature_selector,combined_stress,transient_shear_spike,peg_in_hole_contact_search,0,84,0.750000,0.054449,0.660614,0.043951,0.178941,0.044913,0.000000
oracle_feature_selector,combined_stress,compound_contact_shift,peg_in_hole_contact_search,0,84,0.750000,0.063053,0.655863,0.044475,0.175949,0.052331,0.000000
oracle_feature_selector,combined_stress,source_matched,cloth_edge_pull,0,84,0.761905,0.040382,0.708969,0.030579,0.172943,0.041912,0.000000
oracle_feature_selector,combined_stress,low_friction,cloth_edge_pull,0,84,0.642857,0.040537,0.697268,0.033406,0.173213,0.043395,0.000000
oracle_feature_selector,combined_stress,soft_compliance,cloth_edge_pull,0,84,0.738095,0.041403,0.706485,0.034180,0.173127,0.044018,0.000000
oracle_feature_selector,combined_stress,texture_aliasing,cloth_edge_pull,0,84,0.761905,0.045456,0.699112,0.039002,0.174591,0.040956,0.000000
oracle_feature_selector,combined_stress,taxel_bias,cloth_edge_pull,0,84,0.690476,0.046045,0.693673,0.035199,0.174340,0.047353,0.000000
oracle_feature_selector,combined_stress,transient_shear_spike,cloth_edge_pull,0,84,0.690476,0.052510,0.690015,0.042857,0.174200,0.043831,0.000000
oracle_feature_selector,combined_stress,compound_contact_shift,cloth_edge_pull,0,84,0.773810,0.054304,0.675049,0.044081,0.181176,0.046558,0.000000
oracle_feature_selector,combined_stress,source_matched,cable_threading,0,84,0.738095,0.039695,0.713443,0.030401,0.172800,0.040604,0.000000
oracle_feature_selector,combined_stress,low_friction,cable_threading,0,84,0.773810,0.040210,0.702282,0.029636,0.170525,0.042336,0.000000
oracle_feature_selector,combined_stress,soft_compliance,cable_threading,0,84,0.761905,0.040536,0.710689,0.032674,0.172007,0.042587,0.000000
oracle_feature_selector,combined_stress,texture_aliasing,cable_threading,0,84,0.690476,0.044409,0.703046,0.039739,0.175065,0.047404,0.000000
oracle_feature_selector,combined_stress,taxel_bias,cable_threading,0,84,0.773810,0.046078,0.699227,0.032895,0.172749,0.046541,0.000000
oracle_feature_selector,combined_stress,transient_shear_spike,cable_threading,0,84,0.761905,0.050563,0.692599,0.039333,0.179507,0.049659,0.000000
oracle_feature_selector,combined_stress,compound_contact_shift,cable_threading,0,84,0.714286,0.064183,0.695372,0.044893,0.180716,0.052527,0.000000
oracle_feature_selector,combined_stress,source_matched,lid_twist_force_control,0,84,0.761905,0.034740,0.667625,0.025358,0.172715,0.038839,0.000000
oracle_feature_selector,combined_stress,low_friction,lid_twist_force_control,0,84,0.797619,0.048263,0.657967,0.034566,0.171108,0.041525,0.000000
oracle_feature_selector,combined_stress,soft_compliance,lid_twist_force_control,0,84,0.702381,0.041083,0.655115,0.033933,0.177091,0.044611,0.000000
oracle_feature_selector,combined_stress,texture_aliasing,lid_twist_force_control,0,84,0.809524,0.050458,0.655725,0.040752,0.172598,0.045213,0.000000
oracle_feature_selector,combined_stress,taxel_bias,lid_twist_force_control,0,84,0.869048,0.043128,0.656415,0.035607,0.172715,0.046156,0.000000
oracle_feature_selector,combined_stress,transient_shear_spike,lid_twist_force_control,0,84,0.833333,0.048104,0.650525,0.043017,0.172226,0.049613,0.000000
oracle_feature_selector,combined_stress,compound_contact_shift,lid_twist_force_control,0,84,0.750000,0.055220,0.643542,0.044484,0.177746,0.048002,0.000000
oracle_feature_selector,combined_stress,source_matched,slip_limited_grasp,1,84,0.738095,0.037927,0.694252,0.024000,0.173077,0.041674,0.000000
oracle_feature_selector,combined_stress,low_friction,slip_limited_grasp,1,84,0.773810,0.046032,0.694476,0.029054,0.175863,0.040628,0.000000
oracle_feature_selector,combined_stress,soft_compliance,slip_limited_grasp,1,84,0.750000,0.040976,0.694810,0.036268,0.173971,0.045177,0.000000
oracle_feature_selector,combined_stress,texture_aliasing,slip_limited_grasp,1,84,0.845238,0.047057,0.690479,0.032855,0.175501,0.043511,0.000000
oracle_feature_selector,combined_stress,taxel_bias,slip_limited_grasp,1,84,0.785714,0.047485,0.684797,0.036634,0.174928,0.041792,0.000000
oracle_feature_selector,combined_stress,transient_shear_spike,slip_limited_grasp,1,84,0.773810,0.052245,0.678583,0.043283,0.173867,0.045101,0.000000
oracle_feature_selector,combined_stress,compound_contact_shift,slip_limited_grasp,1,84,0.857143,0.056067,0.684668,0.046062,0.174191,0.049225,0.000000
oracle_feature_selector,combined_stress,source_matched,peg_in_hole_contact_search,1,84,0.833333,0.043233,0.680918,0.024078,0.170077,0.043651,0.000000
oracle_feature_selector,combined_stress,low_friction,peg_in_hole_contact_search,1,84,0.845238,0.041762,0.666778,0.030389,0.166907,0.044014,0.000000
oracle_feature_selector,combined_stress,soft_compliance,peg_in_hole_contact_search,1,84,0.773810,0.039064,0.670649,0.032597,0.175448,0.042183,0.000000
oracle_feature_selector,combined_stress,texture_aliasing,peg_in_hole_contact_search,1,84,0.702381,0.049933,0.655491,0.037022,0.175166,0.043814,0.000000
oracle_feature_selector,combined_stress,taxel_bias,peg_in_hole_contact_search,1,84,0.773810,0.045644,0.660744,0.033911,0.177096,0.046852,0.000000
oracle_feature_selector,combined_stress,transient_shear_spike,peg_in_hole_contact_search,1,84,0.773810,0.055049,0.661496,0.043824,0.178916,0.045355,0.000000
oracle_feature_selector,combined_stress,compound_contact_shift,peg_in_hole_contact_search,1,84,0.690476,0.063659,0.656754,0.046436,0.177428,0.052776,0.000000
oracle_feature_selector,combined_stress,source_matched,cloth_edge_pull,1,84,0.785714,0.040874,0.709689,0.022365,0.172846,0.042279,0.000000
oracle_feature_selector,combined_stress,low_friction,cloth_edge_pull,1,84,0.726190,0.041017,0.697970,0.031699,0.172037,0.043754,0.000000
oracle_feature_selector,combined_stress,soft_compliance,cloth_edge_pull,1,84,0.797619,0.041901,0.707214,0.033082,0.172392,0.044389,0.000000
oracle_feature_selector,combined_stress,texture_aliasing,cloth_edge_pull,1,84,0.750000,0.045960,0.699850,0.039694,0.175145,0.041331,0.000000
oracle_feature_selector,combined_stress,taxel_bias,cloth_edge_pull,1,84,0.738095,0.046513,0.694357,0.034375,0.173799,0.047703,0.000000
oracle_feature_selector,combined_stress,transient_shear_spike,cloth_edge_pull,1,84,0.702381,0.053044,0.690798,0.042977,0.174346,0.044226,0.000000
oracle_feature_selector,combined_stress,compound_contact_shift,cloth_edge_pull,1,84,0.726190,0.054844,0.675841,0.045694,0.182397,0.046958,0.000000
oracle_feature_selector,combined_stress,source_matched,cable_threading,1,84,0.797619,0.040187,0.714163,0.029298,0.172060,0.040971,0.000000
oracle_feature_selector,combined_stress,low_friction,cable_threading,1,84,0.714286,0.040690,0.702984,0.031500,0.171920,0.042694,0.000000
oracle_feature_selector,combined_stress,soft_compliance,cable_threading,1,84,0.642857,0.041034,0.711418,0.036040,0.174486,0.042958,0.000000
oracle_feature_selector,combined_stress,texture_aliasing,cable_threading,1,84,0.785714,0.044913,0.703784,0.037752,0.173691,0.047779,0.000000
oracle_feature_selector,combined_stress,taxel_bias,cable_threading,1,84,0.678571,0.046546,0.699911,0.035642,0.174779,0.046891,0.000000
oracle_feature_selector,combined_stress,transient_shear_spike,cable_threading,1,84,0.678571,0.051097,0.693382,0.041833,0.181367,0.050055,0.000000
oracle_feature_selector,combined_stress,compound_contact_shift,cable_threading,1,84,0.726190,0.064723,0.696164,0.045018,0.180866,0.052927,0.000000
oracle_feature_selector,combined_stress,source_matched,lid_twist_force_control,1,84,0.857143,0.035280,0.668417,0.023399,0.171365,0.039239,0.000000
oracle_feature_selector,combined_stress,low_friction,lid_twist_force_control,1,84,0.726190,0.048791,0.658741,0.036764,0.172750,0.041916,0.000000
oracle_feature_selector,combined_stress,soft_compliance,lid_twist_force_control,1,84,0.785714,0.041629,0.655916,0.032276,0.175959,0.045015,0.000000
oracle_feature_selector,combined_stress,texture_aliasing,lid_twist_force_control,1,84,0.738095,0.051010,0.656535,0.034965,0.174256,0.045621,0.000000
oracle_feature_selector,combined_stress,taxel_bias,lid_twist_force_control,1,84,0.821429,0.043644,0.657171,0.037201,0.173920,0.046539,0.000000
oracle_feature_selector,combined_stress,transient_shear_spike,lid_twist_force_control,1,84,0.821429,0.048686,0.651380,0.035765,0.172832,0.050042,0.000000
oracle_feature_selector,combined_stress,compound_contact_shift,lid_twist_force_control,1,84,0.833333,0.055808,0.644406,0.042859,0.176642,0.048435,0.000000
oracle_feature_selector,combined_stress,source_matched,slip_limited_grasp,2,84,0.845238,0.038437,0.694999,0.021721,0.171493,0.042053,0.000000
oracle_feature_selector,combined_stress,low_friction,slip_limited_grasp,2,84,0.809524,0.046530,0.695205,0.028551,0.167552,0.040999,0.000000
oracle_feature_selector,combined_stress,soft_compliance,slip_limited_grasp,2,84,0.821429,0.041492,0.695566,0.034885,0.173033,0.045561,0.000000
oracle_feature_selector,combined_stress,texture_aliasing,slip_limited_grasp,2,84,0.761905,0.047579,0.691244,0.035346,0.177353,0.043898,0.000000
oracle_feature_selector,combined_stress,taxel_bias,slip_limited_grasp,2,84,0.785714,0.047971,0.685508,0.037014,0.175256,0.042155,0.000000
oracle_feature_selector,combined_stress,transient_shear_spike,slip_limited_grasp,2,84,0.821429,0.052797,0.679393,0.042524,0.173381,0.045509,0.000000
oracle_feature_selector,combined_stress,compound_contact_shift,slip_limited_grasp,2,84,0.785714,0.056625,0.685487,0.048284,0.175852,0.049637,0.000000
oracle_feature_selector,combined_stress,source_matched,peg_in_hole_contact_search,2,84,0.738095,0.031785,0.681737,0.025694,0.172167,0.035795,0.000000
oracle_feature_selector,combined_stress,low_friction,peg_in_hole_contact_search,2,84,0.761905,0.042308,0.667579,0.032899,0.168775,0.044418,0.000000
oracle_feature_selector,combined_stress,soft_compliance,peg_in_hole_contact_search,2,84,0.880952,0.039628,0.671477,0.030359,0.173900,0.042599,0.000000
oracle_feature_selector,combined_stress,texture_aliasing,peg_in_hole_contact_search,2,84,0.833333,0.050503,0.656328,0.034193,0.173193,0.044235,0.000000
oracle_feature_selector,combined_stress,taxel_bias,peg_in_hole_contact_search,2,84,0.773810,0.046178,0.661527,0.034329,0.177456,0.047247,0.000000
oracle_feature_selector,combined_stress,transient_shear_spike,peg_in_hole_contact_search,2,84,0.785714,0.055649,0.662378,0.043994,0.179106,0.045796,0.000000
oracle_feature_selector,combined_stress,compound_contact_shift,peg_in_hole_contact_search,2,84,0.750000,0.064265,0.657645,0.045420,0.176765,0.053221,0.000000
oracle_feature_selector,combined_stress,source_matched,cloth_edge_pull,2,84,0.738095,0.041366,0.710409,0.023940,0.166031,0.042646,0.000000
oracle_feature_selector,combined_stress,low_friction,cloth_edge_pull,2,84,0.761905,0.041497,0.698672,0.031182,0.171719,0.044112,0.000000
oracle_feature_selector,combined_stress,soft_compliance,cloth_edge_pull,2,84,0.714286,0.042399,0.689934,0.035555,0.174228,0.044760,0.000000
oracle_feature_selector,combined_stress,texture_aliasing,cloth_edge_pull,2,84,0.750000,0.046464,0.700588,0.040088,0.175485,0.041706,0.000000
oracle_feature_selector,combined_stress,taxel_bias,cloth_edge_pull,2,84,0.678571,0.046981,0.695041,0.036230,0.175187,0.048053,0.000000
oracle_feature_selector,combined_stress,transient_shear_spike,cloth_edge_pull,2,84,0.785714,0.053578,0.691581,0.041311,0.173206,0.044622,0.000000
oracle_feature_selector,combined_stress,compound_contact_shift,cloth_edge_pull,2,84,0.678571,0.055384,0.676633,0.047306,0.183619,0.047358,0.000000
oracle_feature_selector,combined_stress,source_matched,cable_threading,2,84,0.750000,0.040679,0.714883,0.030874,0.173250,0.041338,0.000000
oracle_feature_selector,combined_stress,low_friction,cable_threading,2,84,0.690476,0.041170,0.703686,0.032471,0.172673,0.043053,0.000000
oracle_feature_selector,combined_stress,soft_compliance,cable_threading,2,84,0.726190,0.041532,0.712147,0.034346,0.173322,0.043329,0.000000
oracle_feature_selector,combined_stress,texture_aliasing,cable_threading,2,84,0.809524,0.045417,0.704522,0.037552,0.173602,0.048154,0.000000
oracle_feature_selector,combined_stress,taxel_bias,cable_threading,2,84,0.750000,0.047014,0.700595,0.034223,0.173810,0.047241,0.000000
oracle_feature_selector,combined_stress,transient_shear_spike,cable_threading,2,84,0.702381,0.051631,0.694165,0.041656,0.181299,0.050451,0.000000
oracle_feature_selector,combined_stress,compound_contact_shift,cable_threading,2,84,0.690476,0.053257,0.678947,0.045132,0.181873,0.053063,0.000000
oracle_feature_selector,combined_stress,source_matched,lid_twist_force_control,2,84,0.761905,0.035820,0.669209,0.026202,0.173443,0.039639,0.000000
oracle_feature_selector,combined_stress,low_friction,lid_twist_force_control,2,84,0.880952,0.037313,0.659515,0.032108,0.170320,0.042044,0.000000
oracle_feature_selector,combined_stress,soft_compliance,lid_twist_force_control,2,84,0.821429,0.042175,0.656717,0.031810,0.175684,0.045419,0.000000
oracle_feature_selector,combined_stress,texture_aliasing,lid_twist_force_control,2,84,0.773810,0.051562,0.657345,0.034503,0.173985,0.046029,0.000000
oracle_feature_selector,combined_stress,taxel_bias,lid_twist_force_control,2,84,0.797619,0.044160,0.657927,0.038199,0.174696,0.046923,0.000000
oracle_feature_selector,combined_stress,transient_shear_spike,lid_twist_force_control,2,84,0.797619,0.049268,0.652235,0.036814,0.173652,0.042467,0.000000
oracle_feature_selector,combined_stress,compound_contact_shift,lid_twist_force_control,2,84,0.738095,0.056396,0.645270,0.045699,0.178752,0.048868,0.000000
oracle_feature_selector,combined_stress,source_matched,slip_limited_grasp,3,84,0.797619,0.038947,0.695746,0.023310,0.172694,0.042433,0.000000
oracle_feature_selector,combined_stress,low_friction,slip_limited_grasp,3,84,0.880952,0.047028,0.695934,0.027155,0.166602,0.041370,0.000000
oracle_feature_selector,combined_stress,soft_compliance,slip_limited_grasp,3,84,0.809524,0.042008,0.696322,0.035587,0.173596,0.045944,0.000000
oracle_feature_selector,combined_stress,texture_aliasing,slip_limited_grasp,3,84,0.761905,0.048101,0.692009,0.035755,0.177705,0.044286,0.000000
oracle_feature_selector,combined_stress,taxel_bias,slip_limited_grasp,3,84,0.857143,0.048457,0.686219,0.035609,0.174299,0.042518,0.000000
oracle_feature_selector,combined_stress,transient_shear_spike,slip_limited_grasp,3,84,0.797619,0.053349,0.680203,0.043550,0.174182,0.045917,0.000000
oracle_feature_selector,combined_stress,compound_contact_shift,slip_limited_grasp,3,84,0.797619,0.057183,0.668297,0.048422,0.176014,0.050050,0.000000
oracle_feature_selector,combined_stress,source_matched,peg_in_hole_contact_search,3,84,0.738095,0.032343,0.682556,0.026130,0.172543,0.036207,0.000000
oracle_feature_selector,combined_stress,low_friction,peg_in_hole_contact_search,3,84,0.773810,0.042854,0.668380,0.033028,0.168928,0.044822,0.000000
oracle_feature_selector,combined_stress,soft_compliance,peg_in_hole_contact_search,3,84,0.880952,0.040192,0.672305,0.030799,0.174280,0.043016,0.000000
oracle_feature_selector,combined_stress,texture_aliasing,peg_in_hole_contact_search,3,84,0.797619,0.051073,0.657165,0.035531,0.174220,0.044655,0.000000
oracle_feature_selector,combined_stress,taxel_bias,peg_in_hole_contact_search,3,84,0.833333,0.046712,0.662310,0.033258,0.176745,0.047643,0.000000
oracle_feature_selector,combined_stress,transient_shear_spike,peg_in_hole_contact_search,3,84,0.869048,0.056249,0.663260,0.042379,0.178010,0.046237,0.000000
oracle_feature_selector,combined_stress,compound_contact_shift,peg_in_hole_contact_search,3,84,0.750000,0.052865,0.658536,0.044692,0.177173,0.045399,0.000000
oracle_feature_selector,combined_stress,source_matched,cloth_edge_pull,3,84,0.797619,0.041858,0.711129,0.022837,0.165292,0.043012,0.000000
oracle_feature_selector,combined_stress,low_friction,cloth_edge_pull,3,84,0.785714,0.041977,0.699374,0.030963,0.171614,0.044471,0.000000
oracle_feature_selector,combined_stress,soft_compliance,cloth_edge_pull,3,84,0.809524,0.042897,0.690663,0.033564,0.172849,0.045131,0.000000
oracle_feature_selector,combined_stress,texture_aliasing,cloth_edge_pull,3,84,0.678571,0.046968,0.701326,0.042269,0.177111,0.042081,0.000000
oracle_feature_selector,combined_stress,taxel_bias,cloth_edge_pull,3,84,0.726190,0.047449,0.695725,0.035406,0.174645,0.048403,0.000000
oracle_feature_selector,combined_stress,transient_shear_spike,cloth_edge_pull,3,84,0.738095,0.054112,0.692364,0.042919,0.174423,0.045018,0.000000
oracle_feature_selector,combined_stress,compound_contact_shift,cloth_edge_pull,3,84,0.761905,0.055924,0.677425,0.045645,0.182483,0.047758,0.000000
oracle_feature_selector,combined_stress,source_matched,cable_threading,3,84,0.750000,0.041171,0.715603,0.023255,0.173582,0.041705,0.000000
oracle_feature_selector,combined_stress,low_friction,cable_threading,3,84,0.678571,0.041650,0.704388,0.033145,0.173211,0.043411,0.000000
oracle_feature_selector,combined_stress,soft_compliance,cable_threading,3,84,0.654762,0.042030,0.694867,0.036522,0.174944,0.043700,0.000000
oracle_feature_selector,combined_stress,texture_aliasing,cable_threading,3,84,0.738095,0.045921,0.705260,0.039732,0.175228,0.048529,0.000000
oracle_feature_selector,combined_stress,taxel_bias,cable_threading,3,84,0.738095,0.047482,0.701279,0.034888,0.174340,0.047592,0.000000
oracle_feature_selector,combined_stress,transient_shear_spike,cable_threading,3,84,0.678571,0.052165,0.694948,0.042668,0.182087,0.042843,0.000000
oracle_feature_selector,combined_stress,compound_contact_shift,cable_threading,3,84,0.797619,0.053797,0.679739,0.042875,0.180308,0.045459,0.000000
oracle_feature_selector,combined_stress,source_matched,lid_twist_force_control,3,84,0.821429,0.036360,0.670001,0.025136,0.164732,0.040039,0.000000
oracle_feature_selector,combined_stress,low_friction,lid_twist_force_control,3,84,0.750000,0.037841,0.660289,0.027790,0.173034,0.042436,0.000000
oracle_feature_selector,combined_stress,soft_compliance,lid_twist_force_control,3,84,0.857143,0.042721,0.657518,0.031344,0.167405,0.045823,0.000000
oracle_feature_selector,combined_stress,texture_aliasing,lid_twist_force_control,3,84,0.916667,0.052114,0.658155,0.031363,0.171786,0.046438,0.000000
oracle_feature_selector,combined_stress,taxel_bias,lid_twist_force_control,3,84,0.702381,0.044676,0.658683,0.040984,0.176759,0.047306,0.000000
oracle_feature_selector,combined_stress,transient_shear_spike,lid_twist_force_control,3,84,0.714286,0.049850,0.653090,0.039352,0.175544,0.042896,0.000000
oracle_feature_selector,combined_stress,compound_contact_shift,lid_twist_force_control,3,84,0.761905,0.056984,0.646134,0.045563,0.178719,0.049301,0.000000
oracle_feature_selector,combined_stress,source_matched,slip_limited_grasp,4,84,0.809524,0.039457,0.696493,0.023412,0.164820,0.042812,0.000000
oracle_feature_selector,combined_stress,low_friction,slip_limited_grasp,4,84,0.892857,0.047526,0.696663,0.027247,0.166724,0.041741,0.000000
oracle_feature_selector,combined_stress,soft_compliance,slip_limited_grasp,4,84,0.821429,0.042524,0.697078,0.027689,0.173729,0.046327,0.000000
oracle_feature_selector,combined_stress,texture_aliasing,slip_limited_grasp,4,84,0.845238,0.048623,0.692774,0.034079,0.176557,0.044673,0.000000
oracle_feature_selector,combined_stress,taxel_bias,slip_limited_grasp,4,84,0.821429,0.048943,0.686930,0.036883,0.175269,0.042880,0.000000
oracle_feature_selector,combined_stress,transient_shear_spike,slip_limited_grasp,4,84,0.809524,0.053901,0.681013,0.043684,0.174340,0.046326,0.000000
oracle_feature_selector,combined_stress,compound_contact_shift,slip_limited_grasp,4,84,0.785714,0.057741,0.669116,0.049155,0.176604,0.050462,0.000000
oracle_feature_selector,combined_stress,source_matched,peg_in_hole_contact_search,4,84,0.797619,0.032901,0.683375,0.025078,0.171848,0.036619,0.000000
oracle_feature_selector,combined_stress,low_friction,peg_in_hole_contact_search,4,84,0.738095,0.043400,0.669181,0.034348,0.169939,0.045226,0.000000
oracle_feature_selector,combined_stress,soft_compliance,peg_in_hole_contact_search,4,84,0.797619,0.040756,0.673133,0.033323,0.176160,0.043432,0.000000
oracle_feature_selector,combined_stress,texture_aliasing,peg_in_hole_contact_search,4,84,0.797619,0.051643,0.658002,0.035976,0.174604,0.045076,0.000000
oracle_feature_selector,combined_stress,taxel_bias,peg_in_hole_contact_search,4,84,0.869048,0.047246,0.663093,0.032782,0.176462,0.048039,0.000000
oracle_feature_selector,combined_stress,transient_shear_spike,peg_in_hole_contact_search,4,84,0.845238,0.056849,0.664142,0.043442,0.178843,0.046678,0.000000
oracle_feature_selector,combined_stress,compound_contact_shift,peg_in_hole_contact_search,4,84,0.773810,0.053471,0.659427,0.044570,0.177152,0.045844,0.000000
oracle_feature_selector,combined_stress,source_matched,cloth_edge_pull,4,84,0.809524,0.042350,0.711849,0.022925,0.165409,0.043379,0.000000
oracle_feature_selector,combined_stress,low_friction,cloth_edge_pull,4,84,0.738095,0.042457,0.700076,0.032529,0.172795,0.044830,0.000000
oracle_feature_selector,combined_stress,soft_compliance,cloth_edge_pull,4,84,0.773810,0.043395,0.691392,0.034846,0.173828,0.045502,0.000000
oracle_feature_selector,combined_stress,texture_aliasing,cloth_edge_pull,4,84,0.678571,0.047472,0.702064,0.042663,0.177451,0.042456,0.000000
oracle_feature_selector,combined_stress,taxel_bias,cloth_edge_pull,4,84,0.702381,0.047917,0.696409,0.036368,0.175390,0.048754,0.000000
oracle_feature_selector,combined_stress,transient_shear_spike,cloth_edge_pull,4,84,0.726190,0.054646,0.693147,0.043634,0.174997,0.045414,0.000000
oracle_feature_selector,combined_stress,compound_contact_shift,cloth_edge_pull,4,84,0.750000,0.056464,0.678217,0.046364,0.183061,0.048158,0.000000
oracle_feature_selector,combined_stress,source_matched,cable_threading,4,84,0.607143,0.041663,0.716323,0.027212,0.168481,0.042072,0.000000
oracle_feature_selector,combined_stress,low_friction,cable_threading,4,84,0.738095,0.042130,0.705090,0.032033,0.172464,0.043770,0.000000
oracle_feature_selector,combined_stress,soft_compliance,cable_threading,4,84,0.809524,0.042528,0.695596,0.033043,0.172494,0.044071,0.000000
oracle_feature_selector,combined_stress,texture_aliasing,cable_threading,4,84,0.690476,0.046425,0.705998,0.041317,0.176425,0.040900,0.000000
oracle_feature_selector,combined_stress,taxel_bias,cable_threading,4,84,0.678571,0.047950,0.701963,0.036743,0.175727,0.047942,0.000000
oracle_feature_selector,combined_stress,transient_shear_spike,cable_threading,4,84,0.738095,0.052699,0.695731,0.041598,0.173372,0.043238,0.000000
oracle_feature_selector,combined_stress,compound_contact_shift,cable_threading,4,84,0.797619,0.054337,0.680531,0.043297,0.180672,0.045858,0.000000
oracle_feature_selector,combined_stress,source_matched,lid_twist_force_control,4,84,0.833333,0.036900,0.670793,0.025261,0.164882,0.040439,0.000000
oracle_feature_selector,combined_stress,low_friction,lid_twist_force_control,4,84,0.833333,0.038369,0.661063,0.026120,0.171890,0.042827,0.000000
oracle_feature_selector,combined_stress,soft_compliance,lid_twist_force_control,4,84,0.797619,0.043267,0.658319,0.033258,0.168844,0.046227,0.000000
oracle_feature_selector,combined_stress,texture_aliasing,lid_twist_force_control,4,84,0.857143,0.052666,0.658965,0.033282,0.173229,0.046846,0.000000
oracle_feature_selector,combined_stress,taxel_bias,lid_twist_force_control,4,84,0.761905,0.045192,0.659439,0.039900,0.176035,0.047689,0.000000
oracle_feature_selector,combined_stress,transient_shear_spike,lid_twist_force_control,4,84,0.738095,0.050432,0.653945,0.039211,0.175508,0.043325,0.000000
oracle_feature_selector,combined_stress,compound_contact_shift,lid_twist_force_control,4,84,0.750000,0.057572,0.646998,0.046319,0.179330,0.049734,0.000000
oracle_feature_selector,combined_stress,source_matched,slip_limited_grasp,5,84,0.928571,0.039967,0.697240,0.020834,0.163021,0.043191,0.000000
oracle_feature_selector,combined_stress,low_friction,slip_limited_grasp,5,84,0.773810,0.048024,0.697392,0.030613,0.169203,0.042112,0.000000
oracle_feature_selector,combined_stress,soft_compliance,slip_limited_grasp,5,84,0.821429,0.043040,0.697834,0.028092,0.174077,0.046711,0.000000
oracle_feature_selector,combined_stress,texture_aliasing,slip_limited_grasp,5,84,0.809524,0.049145,0.693539,0.035380,0.177552,0.045061,0.000000
oracle_feature_selector,combined_stress,taxel_bias,slip_limited_grasp,5,84,0.809524,0.049429,0.687641,0.037561,0.175812,0.043243,0.000000
oracle_feature_selector,combined_stress,transient_shear_spike,slip_limited_grasp,5,84,0.797619,0.054453,0.681823,0.044413,0.174926,0.046734,0.000000
oracle_feature_selector,combined_stress,compound_contact_shift,slip_limited_grasp,5,84,0.750000,0.058299,0.669935,0.050484,0.177623,0.050874,0.000000
oracle_feature_selector,combined_stress,source_matched,peg_in_hole_contact_search,5,84,0.845238,0.033459,0.684194,0.024323,0.171367,0.037032,0.000000
oracle_feature_selector,combined_stress,low_friction,peg_in_hole_contact_search,5,84,0.821429,0.043946,0.669982,0.032691,0.168807,0.045630,0.000000
oracle_feature_selector,combined_stress,soft_compliance,peg_in_hole_contact_search,5,84,0.726190,0.041320,0.673961,0.035549,0.169821,0.043849,0.000000
oracle_feature_selector,combined_stress,texture_aliasing,peg_in_hole_contact_search,5,84,0.857143,0.052213,0.658839,0.034933,0.173916,0.045496,0.000000
oracle_feature_selector,combined_stress,taxel_bias,peg_in_hole_contact_search,5,84,0.785714,0.047780,0.663876,0.035283,0.178322,0.048435,0.000000
oracle_feature_selector,combined_stress,transient_shear_spike,peg_in_hole_contact_search,5,84,0.690476,0.057449,0.665024,0.039775,0.174028,0.047119,0.000000
oracle_feature_selector,combined_stress,compound_contact_shift,peg_in_hole_contact_search,5,84,0.750000,0.054077,0.660318,0.045638,0.177989,0.046289,0.000000
oracle_feature_selector,combined_stress,source_matched,cloth_edge_pull,5,84,0.726190,0.042842,0.712569,0.025393,0.167241,0.043746,0.000000
oracle_feature_selector,combined_stress,low_friction,cloth_edge_pull,5,84,0.738095,0.042937,0.700778,0.032905,0.173119,0.045188,0.000000
oracle_feature_selector,combined_stress,soft_compliance,cloth_edge_pull,5,84,0.773810,0.043893,0.692121,0.035236,0.174164,0.045873,0.000000
oracle_feature_selector,combined_stress,texture_aliasing,cloth_edge_pull,5,84,0.690476,0.047976,0.702802,0.042760,0.177576,0.042831,0.000000
oracle_feature_selector,combined_stress,taxel_bias,cloth_edge_pull,5,84,0.761905,0.048385,0.697093,0.035247,0.174635,0.049104,0.000000
oracle_feature_selector,combined_stress,transient_shear_spike,cloth_edge_pull,5,84,0.833333,0.055180,0.693930,0.041373,0.173429,0.045809,0.000000
oracle_feature_selector,combined_stress,compound_contact_shift,cloth_edge_pull,5,84,0.714286,0.057004,0.679009,0.047679,0.184068,0.048558,0.000000
oracle_feature_selector,combined_stress,source_matched,cable_threading,5,84,0.690476,0.042155,0.717043,0.025514,0.167313,0.042438,0.000000
oracle_feature_selector,combined_stress,low_friction,cable_threading,5,84,0.714286,0.042610,0.705792,0.033004,0.173216,0.044128,0.000000
oracle_feature_selector,combined_stress,soft_compliance,cable_threading,5,84,0.773810,0.043026,0.696325,0.034325,0.173473,0.044442,0.000000
oracle_feature_selector,combined_stress,texture_aliasing,cable_threading,5,84,0.726190,0.046929,0.706736,0.040818,0.176122,0.041275,0.000000
oracle_feature_selector,combined_stress,taxel_bias,cable_threading,5,84,0.714286,0.048418,0.702647,0.036217,0.175400,0.048292,0.000000
oracle_feature_selector,combined_stress,transient_shear_spike,cable_threading,5,84,0.750000,0.053233,0.696514,0.041717,0.173518,0.043634,0.000000
oracle_feature_selector,combined_stress,compound_contact_shift,cable_threading,5,84,0.750000,0.054877,0.681323,0.044910,0.181894,0.046258,0.000000
oracle_feature_selector,combined_stress,source_matched,lid_twist_force_control,5,84,0.809524,0.037440,0.671585,0.026278,0.165674,0.040839,0.000000
oracle_feature_selector,combined_stress,low_friction,lid_twist_force_control,5,84,0.845238,0.038897,0.661837,0.026235,0.172031,0.043219,0.000000
oracle_feature_selector,combined_stress,soft_compliance,lid_twist_force_control,5,84,0.773810,0.043813,0.659120,0.034280,0.169641,0.046631,0.000000
oracle_feature_selector,combined_stress,texture_aliasing,lid_twist_force_control,5,84,0.750000,0.053218,0.659775,0.036392,0.175530,0.047254,0.000000
oracle_feature_selector,combined_stress,taxel_bias,lid_twist_force_control,5,84,0.833333,0.045708,0.660195,0.038517,0.175098,0.048073,0.000000
oracle_feature_selector,combined_stress,transient_shear_spike,lid_twist_force_control,5,84,0.785714,0.051014,0.654800,0.038475,0.175043,0.043753,0.000000
oracle_feature_selector,combined_stress,compound_contact_shift,lid_twist_force_control,5,84,0.750000,0.058160,0.647862,0.046778,0.179726,0.050167,0.000000
oracle_feature_selector,combined_stress,source_matched,slip_limited_grasp,6,84,0.857143,0.040477,0.697987,0.023019,0.164651,0.043570,0.000000
oracle_feature_selector,combined_stress,low_friction,slip_limited_grasp,6,84,0.773810,0.048522,0.698121,0.031003,0.169539,0.042483,0.000000
oracle_feature_selector,combined_stress,soft_compliance,slip_limited_grasp,6,84,0.773810,0.043556,0.698590,0.029686,0.175283,0.039090,0.000000
oracle_feature_selector,combined_stress,texture_aliasing,slip_limited_grasp,6,84,0.904762,0.049667,0.694304,0.033408,0.168185,0.045448,0.000000
oracle_feature_selector,combined_stress,taxel_bias,slip_limited_grasp,6,84,0.809524,0.049915,0.688352,0.037941,0.176140,0.043606,0.000000
oracle_feature_selector,combined_stress,transient_shear_spike,slip_limited_grasp,6,84,0.761905,0.055005,0.682633,0.037733,0.175941,0.047142,0.000000
oracle_feature_selector,combined_stress,compound_contact_shift,slip_limited_grasp,6,84,0.809524,0.058857,0.670754,0.049432,0.176928,0.051287,0.000000
oracle_feature_selector,combined_stress,source_matched,peg_in_hole_contact_search,6,84,0.821429,0.034017,0.685013,0.025354,0.172171,0.037444,0.000000
oracle_feature_selector,combined_stress,low_friction,peg_in_hole_contact_search,6,84,0.785714,0.044492,0.670783,0.034010,0.169818,0.046034,0.000000
oracle_feature_selector,combined_stress,soft_compliance,peg_in_hole_contact_search,6,84,0.761905,0.041884,0.674789,0.035097,0.169559,0.044265,0.000000
oracle_feature_selector,combined_stress,texture_aliasing,peg_in_hole_contact_search,6,84,0.869048,0.052783,0.659676,0.035080,0.174086,0.045917,0.000000
oracle_feature_selector,combined_stress,taxel_bias,peg_in_hole_contact_search,6,84,0.761905,0.048314,0.664659,0.036296,0.179111,0.048830,0.000000
oracle_feature_selector,combined_stress,transient_shear_spike,peg_in_hole_contact_search,6,84,0.785714,0.058049,0.665906,0.037862,0.172718,0.047561,0.000000
oracle_feature_selector,combined_stress,compound_contact_shift,peg_in_hole_contact_search,6,84,0.773810,0.054683,0.661209,0.045515,0.177968,0.046735,0.000000
oracle_feature_selector,combined_stress,source_matched,cloth_edge_pull,6,84,0.785714,0.031328,0.713289,0.023090,0.166502,0.035845,0.000000
oracle_feature_selector,combined_stress,low_friction,cloth_edge_pull,6,84,0.702381,0.043417,0.701480,0.034174,0.174086,0.045547,0.000000
oracle_feature_selector,combined_stress,soft_compliance,cloth_edge_pull,6,84,0.750000,0.044391,0.692850,0.036221,0.174929,0.046244,0.000000
oracle_feature_selector,combined_stress,texture_aliasing,cloth_edge_pull,6,84,0.690476,0.048480,0.685531,0.043154,0.177916,0.043206,0.000000
oracle_feature_selector,combined_stress,taxel_bias,cloth_edge_pull,6,84,0.797619,0.048853,0.697777,0.034721,0.174308,0.041450,0.000000
oracle_feature_selector,combined_stress,transient_shear_spike,cloth_edge_pull,6,84,0.583333,0.055714,0.694713,0.048040,0.178289,0.046205,0.000000
oracle_feature_selector,combined_stress,compound_contact_shift,cloth_edge_pull,6,84,0.797619,0.057544,0.679801,0.046018,0.174928,0.048957,0.000000
oracle_feature_selector,combined_stress,source_matched,cable_threading,6,84,0.761905,0.042647,0.717763,0.024113,0.166359,0.042805,0.000000
oracle_feature_selector,combined_stress,low_friction,cable_threading,6,84,0.750000,0.043090,0.706494,0.032487,0.172898,0.044487,0.000000
oracle_feature_selector,combined_stress,soft_compliance,cable_threading,6,84,0.785714,0.043524,0.697054,0.034418,0.173595,0.044813,0.000000
oracle_feature_selector,combined_stress,texture_aliasing,cable_threading,6,84,0.726190,0.047433,0.707474,0.041213,0.176462,0.041651,0.000000
oracle_feature_selector,combined_stress,taxel_bias,cable_threading,6,84,0.750000,0.048886,0.703331,0.035691,0.175074,0.048643,0.000000
oracle_feature_selector,combined_stress,transient_shear_spike,cable_threading,6,84,0.750000,0.053767,0.697297,0.042135,0.173878,0.044030,0.000000
oracle_feature_selector,combined_stress,compound_contact_shift,cable_threading,6,84,0.726190,0.055417,0.682115,0.045927,0.182686,0.046658,0.000000
oracle_feature_selector,combined_stress,source_matched,lid_twist_force_control,6,84,0.809524,0.037980,0.672377,0.026700,0.166038,0.041239,0.000000
oracle_feature_selector,combined_stress,low_friction,lid_twist_force_control,6,84,0.821429,0.039425,0.662611,0.027243,0.172816,0.043610,0.000000
oracle_feature_selector,combined_stress,soft_compliance,lid_twist_force_control,6,84,0.797619,0.044359,0.659921,0.034111,0.169580,0.047035,0.000000
oracle_feature_selector,combined_stress,texture_aliasing,lid_twist_force_control,6,84,0.726190,0.053770,0.660585,0.037418,0.176330,0.047662,0.000000
oracle_feature_selector,combined_stress,taxel_bias,lid_twist_force_control,6,84,0.809524,0.046224,0.660951,0.039516,0.175874,0.048456,0.000000
oracle_feature_selector,combined_stress,transient_shear_spike,lid_twist_force_control,6,84,0.750000,0.051596,0.655655,0.039822,0.176078,0.044182,0.000000
oracle_feature_selector,combined_stress,compound_contact_shift,lid_twist_force_control,6,84,0.797619,0.058748,0.648726,0.046046,0.179264,0.050599,0.000000
full_finetune_pretrained,combined_stress,source_matched,slip_limited_grasp,0,84,0.714286,0.140440,0.542204,0.089619,0.148555,0.127317,0.200000
full_finetune_pretrained,combined_stress,low_friction,slip_limited_grasp,0,84,0.690476,0.143692,0.546615,0.090583,0.149367,0.131356,0.200000
full_finetune_pretrained,combined_stress,soft_compliance,slip_limited_grasp,0,84,0.702381,0.144843,0.549577,0.090689,0.148001,0.129205,0.200000
full_finetune_pretrained,combined_stress,texture_aliasing,slip_limited_grasp,0,84,0.666667,0.159037,0.546407,0.099881,0.152404,0.128234,0.200000
full_finetune_pretrained,combined_stress,taxel_bias,slip_limited_grasp,0,84,0.595238,0.158010,0.534767,0.101164,0.157401,0.131839,0.200000
full_finetune_pretrained,combined_stress,transient_shear_spike,slip_limited_grasp,0,84,0.547619,0.164289,0.539191,0.105582,0.161711,0.131905,0.200000
full_finetune_pretrained,combined_stress,compound_contact_shift,slip_limited_grasp,0,84,0.619048,0.181348,0.528194,0.110395,0.162661,0.136733,0.200000
full_finetune_pretrained,combined_stress,source_matched,peg_in_hole_contact_search,0,84,0.571429,0.138111,0.518062,0.090041,0.152946,0.124233,0.200000
full_finetune_pretrained,combined_stress,low_friction,peg_in_hole_contact_search,0,84,0.654762,0.143794,0.526118,0.090190,0.153450,0.129946,0.200000
full_finetune_pretrained,combined_stress,soft_compliance,peg_in_hole_contact_search,0,84,0.630952,0.147302,0.514608,0.092996,0.154298,0.129419,0.200000
full_finetune_pretrained,combined_stress,texture_aliasing,peg_in_hole_contact_search,0,84,0.547619,0.154278,0.518620,0.097845,0.154746,0.131480,0.200000
full_finetune_pretrained,combined_stress,taxel_bias,peg_in_hole_contact_search,0,84,0.523810,0.160541,0.517915,0.103527,0.155743,0.132102,0.200000
full_finetune_pretrained,combined_stress,transient_shear_spike,peg_in_hole_contact_search,0,84,0.571429,0.171464,0.511296,0.101121,0.161434,0.135367,0.200000
full_finetune_pretrained,combined_stress,compound_contact_shift,peg_in_hole_contact_search,0,84,0.654762,0.181305,0.507481,0.108105,0.157358,0.135223,0.200000
full_finetune_pretrained,combined_stress,source_matched,cloth_edge_pull,0,84,0.559524,0.141672,0.554563,0.091535,0.150672,0.126586,0.200000
full_finetune_pretrained,combined_stress,low_friction,cloth_edge_pull,0,84,0.523810,0.136963,0.547031,0.094697,0.154395,0.125142,0.200000
full_finetune_pretrained,combined_stress,soft_compliance,cloth_edge_pull,0,84,0.440476,0.144053,0.540894,0.101737,0.158703,0.127082,0.200000
full_finetune_pretrained,combined_stress,texture_aliasing,cloth_edge_pull,0,84,0.571429,0.156226,0.552700,0.097209,0.158758,0.132722,0.200000
full_finetune_pretrained,combined_stress,taxel_bias,cloth_edge_pull,0,84,0.476190,0.155324,0.541249,0.099184,0.156264,0.128410,0.200000
full_finetune_pretrained,combined_stress,transient_shear_spike,cloth_edge_pull,0,84,0.535714,0.163373,0.548328,0.102280,0.159825,0.129695,0.200000
full_finetune_pretrained,combined_stress,compound_contact_shift,cloth_edge_pull,0,84,0.511905,0.190416,0.534298,0.117128,0.161141,0.133394,0.200000
full_finetune_pretrained,combined_stress,source_matched,cable_threading,0,84,0.619048,0.141016,0.558715,0.089157,0.148940,0.125186,0.200000
full_finetune_pretrained,combined_stress,low_friction,cable_threading,0,84,0.571429,0.136667,0.551723,0.092893,0.153117,0.123991,0.200000
full_finetune_pretrained,combined_stress,soft_compliance,cable_threading,0,84,0.488095,0.143217,0.544776,0.099519,0.157065,0.125559,0.200000
full_finetune_pretrained,combined_stress,texture_aliasing,cable_threading,0,84,0.607143,0.155210,0.556312,0.103154,0.157214,0.131075,0.200000
full_finetune_pretrained,combined_stress,taxel_bias,cable_threading,0,84,0.511905,0.155388,0.546481,0.097953,0.155441,0.127506,0.200000
full_finetune_pretrained,combined_stress,transient_shear_spike,cable_threading,0,84,0.595238,0.173463,0.550590,0.108141,0.157253,0.135696,0.200000
full_finetune_pretrained,combined_stress,compound_contact_shift,cable_threading,0,84,0.464286,0.188320,0.536290,0.116325,0.160378,0.139007,0.200000
full_finetune_pretrained,combined_stress,source_matched,lid_twist_force_control,0,84,0.630952,0.140905,0.521313,0.088565,0.152642,0.127109,0.200000
full_finetune_pretrained,combined_stress,low_friction,lid_twist_force_control,0,84,0.666667,0.137557,0.515824,0.090985,0.147983,0.126604,0.200000
full_finetune_pretrained,combined_stress,soft_compliance,lid_twist_force_control,0,84,0.630952,0.148608,0.515627,0.091867,0.154074,0.131271,0.200000
full_finetune_pretrained,combined_stress,texture_aliasing,lid_twist_force_control,0,84,0.559524,0.154096,0.517407,0.103282,0.153316,0.132308,0.200000
full_finetune_pretrained,combined_stress,taxel_bias,lid_twist_force_control,0,84,0.559524,0.157281,0.512085,0.098004,0.159836,0.130810,0.200000
full_finetune_pretrained,combined_stress,transient_shear_spike,lid_twist_force_control,0,84,0.726190,0.163842,0.498923,0.097281,0.152472,0.131070,0.200000
full_finetune_pretrained,combined_stress,compound_contact_shift,lid_twist_force_control,0,84,0.511905,0.184201,0.492876,0.111766,0.160765,0.138170,0.200000
full_finetune_pretrained,combined_stress,source_matched,slip_limited_grasp,1,84,0.678571,0.140956,0.542960,0.090915,0.149545,0.127700,0.200000
full_finetune_pretrained,combined_stress,low_friction,slip_limited_grasp,1,84,0.678571,0.132190,0.547353,0.090075,0.149921,0.131467,0.200000
full_finetune_pretrained,combined_stress,soft_compliance,slip_limited_grasp,1,84,0.702381,0.145365,0.550342,0.091097,0.148353,0.129593,0.200000
full_finetune_pretrained,combined_stress,texture_aliasing,slip_limited_grasp,1,84,0.678571,0.159565,0.547181,0.099996,0.152545,0.128625,0.200000
full_finetune_pretrained,combined_stress,taxel_bias,slip_limited_grasp,1,84,0.571429,0.158502,0.535487,0.102144,0.158162,0.132206,0.200000
full_finetune_pretrained,combined_stress,transient_shear_spike,slip_limited_grasp,1,84,0.583333,0.164847,0.540010,0.105125,0.161444,0.132318,0.200000
full_finetune_pretrained,combined_stress,compound_contact_shift,slip_limited_grasp,1,84,0.500000,0.181912,0.529022,0.113811,0.165184,0.137149,0.200000
full_finetune_pretrained,combined_stress,source_matched,peg_in_hole_contact_search,1,84,0.607143,0.138675,0.518890,0.089589,0.152683,0.124649,0.200000
full_finetune_pretrained,combined_stress,low_friction,peg_in_hole_contact_search,1,84,0.559524,0.132340,0.526928,0.091802,0.155536,0.130090,0.200000
full_finetune_pretrained,combined_stress,soft_compliance,peg_in_hole_contact_search,1,84,0.630952,0.147872,0.515445,0.093441,0.154682,0.129840,0.200000
full_finetune_pretrained,combined_stress,texture_aliasing,peg_in_hole_contact_search,1,84,0.595238,0.154854,0.519466,0.097104,0.154277,0.131905,0.200000
full_finetune_pretrained,combined_stress,taxel_bias,peg_in_hole_contact_search,1,84,0.571429,0.161081,0.518707,0.102758,0.155250,0.132502,0.200000
full_finetune_pretrained,combined_stress,transient_shear_spike,peg_in_hole_contact_search,1,84,0.535714,0.172070,0.512187,0.102486,0.162485,0.135812,0.200000
full_finetune_pretrained,combined_stress,compound_contact_shift,peg_in_hole_contact_search,1,84,0.523810,0.181917,0.508381,0.111856,0.160127,0.135673,0.200000
full_finetune_pretrained,combined_stress,source_matched,cloth_edge_pull,1,84,0.654762,0.142170,0.555292,0.089544,0.149294,0.126957,0.200000
full_finetune_pretrained,combined_stress,low_friction,cloth_edge_pull,1,84,0.559524,0.137449,0.547742,0.094185,0.154080,0.125505,0.200000
full_finetune_pretrained,combined_stress,soft_compliance,cloth_edge_pull,1,84,0.654762,0.144557,0.541632,0.096775,0.155186,0.127457,0.200000
full_finetune_pretrained,combined_stress,texture_aliasing,cloth_edge_pull,1,84,0.523810,0.156736,0.535438,0.098798,0.159959,0.133101,0.200000
full_finetune_pretrained,combined_stress,taxel_bias,cloth_edge_pull,1,84,0.595238,0.155798,0.541942,0.096579,0.154441,0.128764,0.200000
full_finetune_pretrained,combined_stress,transient_shear_spike,cloth_edge_pull,1,84,0.595238,0.163913,0.531111,0.101214,0.159117,0.130095,0.200000
full_finetune_pretrained,combined_stress,compound_contact_shift,cloth_edge_pull,1,84,0.595238,0.190962,0.535099,0.107467,0.160009,0.133798,0.200000
full_finetune_pretrained,combined_stress,source_matched,cable_threading,1,84,0.630952,0.141514,0.559444,0.089250,0.149062,0.125557,0.200000
full_finetune_pretrained,combined_stress,low_friction,cable_threading,1,84,0.666667,0.137153,0.552434,0.090893,0.151731,0.124353,0.200000
full_finetune_pretrained,combined_stress,soft_compliance,cable_threading,1,84,0.559524,0.143721,0.545514,0.098128,0.156120,0.125934,0.200000
full_finetune_pretrained,combined_stress,texture_aliasing,cable_threading,1,84,0.571429,0.155720,0.557059,0.096442,0.158201,0.131454,0.200000
full_finetune_pretrained,combined_stress,taxel_bias,cable_threading,1,84,0.500000,0.155862,0.547174,0.098622,0.155975,0.127861,0.200000
full_finetune_pretrained,combined_stress,transient_shear_spike,cable_threading,1,84,0.583333,0.174003,0.551382,0.100857,0.157831,0.136096,0.200000
full_finetune_pretrained,combined_stress,compound_contact_shift,cable_threading,1,84,0.476190,0.188866,0.537091,0.116454,0.160532,0.139411,0.200000
full_finetune_pretrained,combined_stress,source_matched,lid_twist_force_control,1,84,0.761905,0.141451,0.522114,0.085717,0.150653,0.127513,0.200000
full_finetune_pretrained,combined_stress,low_friction,lid_twist_force_control,1,84,0.714286,0.138091,0.516607,0.090212,0.147486,0.127000,0.200000
full_finetune_pretrained,combined_stress,soft_compliance,lid_twist_force_control,1,84,0.678571,0.149160,0.516437,0.091108,0.153589,0.131679,0.200000
full_finetune_pretrained,combined_stress,texture_aliasing,lid_twist_force_control,1,84,0.642857,0.154654,0.518226,0.101634,0.152192,0.132720,0.200000
full_finetune_pretrained,combined_stress,taxel_bias,lid_twist_force_control,1,84,0.607143,0.157803,0.512850,0.097222,0.159330,0.131197,0.200000
full_finetune_pretrained,combined_stress,transient_shear_spike,lid_twist_force_control,1,84,0.535714,0.164430,0.499787,0.102502,0.156296,0.131503,0.200000
full_finetune_pretrained,combined_stress,compound_contact_shift,lid_twist_force_control,1,84,0.500000,0.184795,0.493749,0.112527,0.161379,0.138607,0.200000
full_finetune_pretrained,combined_stress,source_matched,slip_limited_grasp,2,84,0.654762,0.141472,0.543716,0.091914,0.150322,0.128083,0.200000
full_finetune_pretrained,combined_stress,low_friction,slip_limited_grasp,2,84,0.714286,0.132694,0.548091,0.089576,0.149619,0.123838,0.200000
full_finetune_pretrained,combined_stress,soft_compliance,slip_limited_grasp,2,84,0.630952,0.145887,0.551107,0.093291,0.149991,0.129980,0.200000
full_finetune_pretrained,combined_stress,texture_aliasing,slip_limited_grasp,2,84,0.547619,0.160093,0.547955,0.103683,0.155259,0.129017,0.200000
full_finetune_pretrained,combined_stress,taxel_bias,slip_limited_grasp,2,84,0.666667,0.158994,0.536207,0.100149,0.156780,0.132573,0.200000
full_finetune_pretrained,combined_stress,transient_shear_spike,slip_limited_grasp,2,84,0.619048,0.165405,0.540829,0.104668,0.153173,0.132730,0.200000
full_finetune_pretrained,combined_stress,compound_contact_shift,slip_limited_grasp,2,84,0.511905,0.182476,0.529850,0.113954,0.165349,0.137565,0.200000
full_finetune_pretrained,combined_stress,source_matched,peg_in_hole_contact_search,2,84,0.702381,0.139239,0.519718,0.087648,0.151349,0.125066,0.200000
full_finetune_pretrained,combined_stress,low_friction,peg_in_hole_contact_search,2,84,0.678571,0.132892,0.527738,0.089257,0.153765,0.130498,0.200000
full_finetune_pretrained,combined_stress,soft_compliance,peg_in_hole_contact_search,2,84,0.607143,0.148442,0.516282,0.094482,0.155495,0.130260,0.200000
full_finetune_pretrained,combined_stress,texture_aliasing,peg_in_hole_contact_search,2,84,0.619048,0.155430,0.520312,0.096959,0.154237,0.132330,0.200000
full_finetune_pretrained,combined_stress,taxel_bias,peg_in_hole_contact_search,2,84,0.630952,0.161621,0.519499,0.101692,0.154542,0.132902,0.200000
full_finetune_pretrained,combined_stress,transient_shear_spike,peg_in_hole_contact_search,2,84,0.642857,0.172676,0.513078,0.100280,0.152960,0.136257,0.200000
full_finetune_pretrained,combined_stress,compound_contact_shift,peg_in_hole_contact_search,2,84,0.523810,0.182529,0.509281,0.112334,0.160539,0.136122,0.200000
full_finetune_pretrained,combined_stress,source_matched,cloth_edge_pull,2,84,0.607143,0.130662,0.556021,0.089924,0.150487,0.127063,0.200000
full_finetune_pretrained,combined_stress,low_friction,cloth_edge_pull,2,84,0.583333,0.137935,0.548453,0.093970,0.153980,0.125867,0.200000
full_finetune_pretrained,combined_stress,soft_compliance,cloth_edge_pull,2,84,0.666667,0.145061,0.542370,0.088867,0.155312,0.127832,0.200000
full_finetune_pretrained,combined_stress,texture_aliasing,cloth_edge_pull,2,84,0.571429,0.157246,0.536185,0.098007,0.159446,0.133480,0.200000
full_finetune_pretrained,combined_stress,taxel_bias,cloth_edge_pull,2,84,0.630952,0.156272,0.542635,0.096057,0.154118,0.129119,0.200000
full_finetune_pretrained,combined_stress,transient_shear_spike,cloth_edge_pull,2,84,0.476190,0.164453,0.531903,0.104613,0.161624,0.130495,0.200000
full_finetune_pretrained,combined_stress,compound_contact_shift,cloth_edge_pull,2,84,0.523810,0.191508,0.535900,0.109680,0.161663,0.134202,0.200000
full_finetune_pretrained,combined_stress,source_matched,cable_threading,2,84,0.547619,0.142012,0.560173,0.091723,0.150898,0.125928,0.200000
full_finetune_pretrained,combined_stress,low_friction,cable_threading,2,84,0.571429,0.137639,0.553145,0.093654,0.153773,0.124716,0.200000
full_finetune_pretrained,combined_stress,soft_compliance,cable_threading,2,84,0.583333,0.144225,0.546252,0.097927,0.156031,0.126309,0.200000
full_finetune_pretrained,combined_stress,texture_aliasing,cable_threading,2,84,0.607143,0.156230,0.557806,0.095948,0.157902,0.131833,0.200000
full_finetune_pretrained,combined_stress,taxel_bias,cable_threading,2,84,0.535714,0.156336,0.547867,0.098101,0.155652,0.128215,0.200000
full_finetune_pretrained,combined_stress,transient_shear_spike,cable_threading,2,84,0.464286,0.174543,0.552174,0.104255,0.160338,0.136496,0.200000
full_finetune_pretrained,combined_stress,compound_contact_shift,cable_threading,2,84,0.428571,0.189412,0.537892,0.118071,0.161757,0.131811,0.200000
full_finetune_pretrained,combined_stress,source_matched,lid_twist_force_control,2,84,0.750000,0.141997,0.522915,0.086442,0.151235,0.127917,0.200000
full_finetune_pretrained,combined_stress,low_friction,lid_twist_force_control,2,84,0.607143,0.138625,0.517390,0.093308,0.149774,0.127395,0.200000
full_finetune_pretrained,combined_stress,soft_compliance,lid_twist_force_control,2,84,0.630952,0.149712,0.517247,0.092729,0.154818,0.132087,0.200000
full_finetune_pretrained,combined_stress,texture_aliasing,lid_twist_force_control,2,84,0.535714,0.155212,0.501036,0.104748,0.154496,0.133132,0.200000
full_finetune_pretrained,combined_stress,taxel_bias,lid_twist_force_control,2,84,0.571429,0.158325,0.513615,0.098523,0.160325,0.131585,0.200000
full_finetune_pretrained,combined_stress,transient_shear_spike,lid_twist_force_control,2,84,0.559524,0.165018,0.500651,0.102366,0.156264,0.131936,0.200000
full_finetune_pretrained,combined_stress,compound_contact_shift,lid_twist_force_control,2,84,0.535714,0.185389,0.494622,0.112098,0.161136,0.139044,0.200000
full_finetune_pretrained,combined_stress,source_matched,slip_limited_grasp,3,84,0.750000,0.141988,0.544472,0.089937,0.148956,0.128467,0.200000
full_finetune_pretrained,combined_stress,low_friction,slip_limited_grasp,3,84,0.678571,0.133198,0.548829,0.090864,0.150601,0.124213,0.200000
full_finetune_pretrained,combined_stress,soft_compliance,slip_limited_grasp,3,84,0.583333,0.146409,0.551872,0.094890,0.151200,0.130368,0.200000
full_finetune_pretrained,combined_stress,texture_aliasing,slip_limited_grasp,3,84,0.642857,0.160621,0.530720,0.101715,0.153900,0.129409,0.200000
full_finetune_pretrained,combined_stress,taxel_bias,slip_limited_grasp,3,84,0.619048,0.159486,0.536927,0.101724,0.157969,0.132940,0.200000
full_finetune_pretrained,combined_stress,transient_shear_spike,slip_limited_grasp,3,84,0.583333,0.165963,0.541648,0.105997,0.154192,0.133142,0.200000
full_finetune_pretrained,combined_stress,compound_contact_shift,slip_limited_grasp,3,84,0.500000,0.183040,0.530678,0.114692,0.165944,0.137982,0.200000
full_finetune_pretrained,combined_stress,source_matched,peg_in_hole_contact_search,3,84,0.642857,0.139803,0.520546,0.089577,0.152800,0.125482,0.200000
full_finetune_pretrained,combined_stress,low_friction,peg_in_hole_contact_search,3,84,0.607143,0.133444,0.528548,0.091474,0.155423,0.130906,0.200000
full_finetune_pretrained,combined_stress,soft_compliance,peg_in_hole_contact_search,3,84,0.547619,0.149012,0.517119,0.096415,0.156950,0.130681,0.200000
full_finetune_pretrained,combined_stress,texture_aliasing,peg_in_hole_contact_search,3,84,0.595238,0.156006,0.521158,0.098004,0.155053,0.132755,0.200000
full_finetune_pretrained,combined_stress,taxel_bias,peg_in_hole_contact_search,3,84,0.642857,0.162161,0.520291,0.101817,0.154692,0.133302,0.200000
full_finetune_pretrained,combined_stress,transient_shear_spike,peg_in_hole_contact_search,3,84,0.464286,0.173282,0.513969,0.105217,0.156582,0.128699,0.200000
full_finetune_pretrained,combined_stress,compound_contact_shift,peg_in_hole_contact_search,3,84,0.619048,0.183141,0.510181,0.110430,0.159237,0.136571,0.200000
full_finetune_pretrained,combined_stress,source_matched,cloth_edge_pull,3,84,0.690476,0.131160,0.556750,0.088230,0.149323,0.127434,0.200000
full_finetune_pretrained,combined_stress,low_friction,cloth_edge_pull,3,84,0.619048,0.138421,0.549164,0.093458,0.153665,0.126230,0.200000
full_finetune_pretrained,combined_stress,soft_compliance,cloth_edge_pull,3,84,0.583333,0.145565,0.543108,0.091345,0.157152,0.128207,0.200000
full_finetune_pretrained,combined_stress,texture_aliasing,cloth_edge_pull,3,84,0.583333,0.157756,0.536932,0.098108,0.159576,0.133859,0.200000
full_finetune_pretrained,combined_stress,taxel_bias,cloth_edge_pull,3,84,0.654762,0.156746,0.543328,0.095834,0.154010,0.129473,0.200000
full_finetune_pretrained,combined_stress,transient_shear_spike,cloth_edge_pull,3,84,0.583333,0.164993,0.532695,0.102356,0.160060,0.130895,0.200000
full_finetune_pretrained,combined_stress,compound_contact_shift,cloth_edge_pull,3,84,0.535714,0.192054,0.536701,0.109809,0.161817,0.134606,0.200000
full_finetune_pretrained,combined_stress,source_matched,cable_threading,3,84,0.511905,0.142510,0.560902,0.093005,0.151877,0.126299,0.200000
full_finetune_pretrained,combined_stress,low_friction,cable_threading,3,84,0.547619,0.138125,0.553856,0.094630,0.154530,0.125079,0.200000
full_finetune_pretrained,combined_stress,soft_compliance,cable_threading,3,84,0.476190,0.144729,0.546990,0.101000,0.158300,0.126684,0.200000
full_finetune_pretrained,combined_stress,texture_aliasing,cable_threading,3,84,0.619048,0.156740,0.540544,0.096050,0.158032,0.132212,0.200000
full_finetune_pretrained,combined_stress,taxel_bias,cable_threading,3,84,0.630952,0.156810,0.548560,0.096091,0.154258,0.128570,0.200000
full_finetune_pretrained,combined_stress,transient_shear_spike,cable_threading,3,84,0.440476,0.175083,0.552966,0.105272,0.161130,0.128892,0.200000
full_finetune_pretrained,combined_stress,compound_contact_shift,cable_threading,3,84,0.488095,0.189958,0.538693,0.117009,0.161053,0.132215,0.200000
full_finetune_pretrained,combined_stress,source_matched,lid_twist_force_control,3,84,0.547619,0.130537,0.523716,0.090727,0.155246,0.128057,0.200000
full_finetune_pretrained,combined_stress,low_friction,lid_twist_force_control,3,84,0.678571,0.139159,0.518173,0.091940,0.148849,0.127791,0.200000
full_finetune_pretrained,combined_stress,soft_compliance,lid_twist_force_control,3,84,0.642857,0.138258,0.518057,0.091662,0.154976,0.132231,0.200000
full_finetune_pretrained,combined_stress,texture_aliasing,lid_twist_force_control,3,84,0.607143,0.155770,0.501855,0.103398,0.153586,0.133544,0.200000
full_finetune_pretrained,combined_stress,taxel_bias,lid_twist_force_control,3,84,0.666667,0.158847,0.514380,0.096550,0.150959,0.131972,0.200000
full_finetune_pretrained,combined_stress,transient_shear_spike,lid_twist_force_control,3,84,0.488095,0.165606,0.501515,0.104610,0.157945,0.132369,0.200000
full_finetune_pretrained,combined_stress,compound_contact_shift,lid_twist_force_control,3,84,0.559524,0.185983,0.495495,0.111966,0.161108,0.131477,0.200000
full_finetune_pretrained,combined_stress,source_matched,slip_limited_grasp,4,84,0.714286,0.130498,0.545228,0.090033,0.149947,0.128586,0.200000
full_finetune_pretrained,combined_stress,low_friction,slip_limited_grasp,4,84,0.773810,0.133702,0.549567,0.088877,0.149227,0.124588,0.200000
full_finetune_pretrained,combined_stress,soft_compliance,slip_limited_grasp,4,84,0.559524,0.146931,0.552637,0.095893,0.151980,0.130755,0.200000
full_finetune_pretrained,combined_stress,texture_aliasing,slip_limited_grasp,4,84,0.607143,0.161149,0.531494,0.103020,0.154899,0.129800,0.200000
full_finetune_pretrained,combined_stress,taxel_bias,slip_limited_grasp,4,84,0.583333,0.159978,0.537647,0.103002,0.158944,0.133306,0.200000
full_finetune_pretrained,combined_stress,transient_shear_spike,slip_limited_grasp,4,84,0.726190,0.166521,0.542467,0.102861,0.151996,0.133554,0.200000
full_finetune_pretrained,combined_stress,compound_contact_shift,slip_limited_grasp,4,84,0.642857,0.183604,0.531506,0.111561,0.155748,0.138398,0.200000
full_finetune_pretrained,combined_stress,source_matched,peg_in_hole_contact_search,4,84,0.607143,0.140367,0.521374,0.090910,0.153823,0.125898,0.200000
full_finetune_pretrained,combined_stress,low_friction,peg_in_hole_contact_search,4,84,0.654762,0.133996,0.529358,0.090715,0.154938,0.131314,0.200000
full_finetune_pretrained,combined_stress,soft_compliance,peg_in_hole_contact_search,4,84,0.595238,0.149582,0.517956,0.095669,0.156477,0.131101,0.200000
full_finetune_pretrained,combined_stress,texture_aliasing,peg_in_hole_contact_search,4,84,0.654762,0.156582,0.522004,0.096965,0.154370,0.133179,0.200000
full_finetune_pretrained,combined_stress,taxel_bias,peg_in_hole_contact_search,4,84,0.619048,0.162701,0.521083,0.102834,0.155485,0.133702,0.200000
full_finetune_pretrained,combined_stress,transient_shear_spike,peg_in_hole_contact_search,4,84,0.547619,0.173888,0.514860,0.103606,0.155490,0.129144,0.200000
full_finetune_pretrained,combined_stress,compound_contact_shift,peg_in_hole_contact_search,4,84,0.523810,0.183753,0.511081,0.113288,0.161363,0.137021,0.200000
full_finetune_pretrained,combined_stress,source_matched,cloth_edge_pull,4,84,0.607143,0.131658,0.557479,0.090703,0.151159,0.127805,0.200000
full_finetune_pretrained,combined_stress,low_friction,cloth_edge_pull,4,84,0.630952,0.138907,0.549875,0.093541,0.153778,0.126593,0.200000
full_finetune_pretrained,combined_stress,soft_compliance,cloth_edge_pull,4,84,0.595238,0.146069,0.543846,0.091442,0.157277,0.128582,0.200000
full_finetune_pretrained,combined_stress,texture_aliasing,cloth_edge_pull,4,84,0.535714,0.158266,0.537679,0.099698,0.152773,0.134239,0.200000
full_finetune_pretrained,combined_stress,taxel_bias,cloth_edge_pull,4,84,0.500000,0.157220,0.544021,0.100074,0.157116,0.129828,0.200000
full_finetune_pretrained,combined_stress,transient_shear_spike,cloth_edge_pull,4,84,0.476190,0.165533,0.533487,0.105457,0.162352,0.131294,0.200000
full_finetune_pretrained,combined_stress,compound_contact_shift,cloth_edge_pull,4,84,0.476190,0.192600,0.537502,0.111723,0.163256,0.135010,0.200000
full_finetune_pretrained,combined_stress,source_matched,cable_threading,4,84,0.535714,0.131002,0.561631,0.091599,0.151784,0.126406,0.200000
full_finetune_pretrained,combined_stress,low_friction,cable_threading,4,84,0.619048,0.138611,0.554567,0.093225,0.153572,0.125441,0.200000
full_finetune_pretrained,combined_stress,soft_compliance,cable_threading,4,84,0.642857,0.145233,0.547728,0.097228,0.155640,0.127059,0.200000
full_finetune_pretrained,combined_stress,texture_aliasing,cable_threading,4,84,0.571429,0.157250,0.541291,0.097639,0.159233,0.132591,0.200000
full_finetune_pretrained,combined_stress,taxel_bias,cable_threading,4,84,0.630952,0.157284,0.549253,0.096463,0.154578,0.128924,0.200000
full_finetune_pretrained,combined_stress,transient_shear_spike,cable_threading,4,84,0.452381,0.163617,0.535749,0.104196,0.161280,0.129028,0.200000
full_finetune_pretrained,combined_stress,compound_contact_shift,cable_threading,4,84,0.511905,0.190504,0.539494,0.116841,0.160993,0.132619,0.200000
full_finetune_pretrained,combined_stress,source_matched,lid_twist_force_control,4,84,0.523810,0.131083,0.524517,0.091749,0.156042,0.128461,0.200000
full_finetune_pretrained,combined_stress,low_friction,lid_twist_force_control,4,84,0.607143,0.139693,0.518956,0.094143,0.150494,0.128187,0.200000
full_finetune_pretrained,combined_stress,soft_compliance,lid_twist_force_control,4,84,0.654762,0.138810,0.518867,0.091796,0.155133,0.124635,0.200000
full_finetune_pretrained,combined_stress,texture_aliasing,lid_twist_force_control,4,84,0.654762,0.156328,0.502674,0.094640,0.153105,0.133957,0.200000
full_finetune_pretrained,combined_stress,taxel_bias,lid_twist_force_control,4,84,0.571429,0.159369,0.515145,0.099339,0.153025,0.132360,0.200000
full_finetune_pretrained,combined_stress,transient_shear_spike,lid_twist_force_control,4,84,0.523810,0.166194,0.502379,0.104176,0.157698,0.132802,0.200000
full_finetune_pretrained,combined_stress,compound_contact_shift,lid_twist_force_control,4,84,0.523810,0.186577,0.496368,0.113322,0.162150,0.131914,0.200000
full_finetune_pretrained,combined_stress,source_matched,slip_limited_grasp,5,84,0.630952,0.131014,0.545984,0.092520,0.151795,0.128969,0.200000
full_finetune_pretrained,combined_stress,low_friction,slip_limited_grasp,5,84,0.630952,0.134206,0.550305,0.092843,0.152139,0.124963,0.200000
full_finetune_pretrained,combined_stress,soft_compliance,slip_limited_grasp,5,84,0.654762,0.147453,0.535393,0.093920,0.150618,0.131143,0.200000
full_finetune_pretrained,combined_stress,texture_aliasing,slip_limited_grasp,5,84,0.535714,0.161677,0.532268,0.105219,0.156541,0.130192,0.200000
full_finetune_pretrained,combined_stress,taxel_bias,slip_limited_grasp,5,84,0.630952,0.160470,0.538367,0.102197,0.158419,0.133673,0.200000
full_finetune_pretrained,combined_stress,transient_shear_spike,slip_limited_grasp,5,84,0.547619,0.167079,0.543286,0.107761,0.155587,0.133967,0.200000
full_finetune_pretrained,combined_stress,compound_contact_shift,slip_limited_grasp,5,84,0.583333,0.184168,0.532334,0.113489,0.157200,0.138815,0.200000
full_finetune_pretrained,combined_stress,source_matched,peg_in_hole_contact_search,5,84,0.690476,0.140931,0.522202,0.089267,0.152703,0.126315,0.200000
full_finetune_pretrained,combined_stress,low_friction,peg_in_hole_contact_search,5,84,0.726190,0.134548,0.530168,0.089360,0.154024,0.123718,0.200000
full_finetune_pretrained,combined_stress,soft_compliance,peg_in_hole_contact_search,5,84,0.654762,0.138146,0.518793,0.093426,0.155790,0.131258,0.200000
full_finetune_pretrained,combined_stress,texture_aliasing,peg_in_hole_contact_search,5,84,0.583333,0.157158,0.522850,0.099200,0.156044,0.133604,0.200000
full_finetune_pretrained,combined_stress,taxel_bias,peg_in_hole_contact_search,5,84,0.535714,0.163241,0.521875,0.097335,0.157349,0.134102,0.200000
full_finetune_pretrained,combined_stress,transient_shear_spike,peg_in_hole_contact_search,5,84,0.630952,0.162488,0.515751,0.100795,0.154398,0.129325,0.200000
full_finetune_pretrained,combined_stress,compound_contact_shift,peg_in_hole_contact_search,5,84,0.571429,0.184365,0.493972,0.112575,0.160918,0.137470,0.200000
full_finetune_pretrained,combined_stress,source_matched,cloth_edge_pull,5,84,0.583333,0.132156,0.558208,0.091688,0.151924,0.128176,0.200000
full_finetune_pretrained,combined_stress,low_friction,cloth_edge_pull,5,84,0.619048,0.139393,0.550586,0.094219,0.154321,0.126955,0.200000
full_finetune_pretrained,combined_stress,soft_compliance,cloth_edge_pull,5,84,0.511905,0.146573,0.544584,0.093920,0.159117,0.128957,0.200000
full_finetune_pretrained,combined_stress,texture_aliasing,cloth_edge_pull,5,84,0.595238,0.158776,0.538426,0.098609,0.152045,0.126614,0.200000
full_finetune_pretrained,combined_stress,taxel_bias,cloth_edge_pull,5,84,0.547619,0.157694,0.544714,0.099255,0.156578,0.130182,0.200000
full_finetune_pretrained,combined_stress,transient_shear_spike,cloth_edge_pull,5,84,0.511905,0.166073,0.534279,0.104986,0.162073,0.131694,0.200000
full_finetune_pretrained,combined_stress,compound_contact_shift,cloth_edge_pull,5,84,0.452381,0.193146,0.538303,0.112745,0.164053,0.135414,0.200000
full_finetune_pretrained,combined_stress,source_matched,cable_threading,5,84,0.559524,0.131500,0.562360,0.091394,0.151692,0.126777,0.200000
full_finetune_pretrained,combined_stress,low_friction,cable_threading,5,84,0.440476,0.139097,0.555278,0.098070,0.157114,0.125804,0.200000
full_finetune_pretrained,combined_stress,soft_compliance,cable_threading,5,84,0.595238,0.145737,0.548466,0.090809,0.156837,0.127434,0.200000
full_finetune_pretrained,combined_stress,texture_aliasing,cable_threading,5,84,0.571429,0.157760,0.542038,0.098038,0.159577,0.132971,0.200000
full_finetune_pretrained,combined_stress,taxel_bias,cable_threading,5,84,0.523810,0.157758,0.549946,0.099513,0.156826,0.129279,0.200000
full_finetune_pretrained,combined_stress,transient_shear_spike,cable_threading,5,84,0.523810,0.164157,0.536541,0.102832,0.160358,0.129427,0.200000
full_finetune_pretrained,combined_stress,compound_contact_shift,cable_threading,5,84,0.523810,0.191050,0.540295,0.116970,0.161146,0.133023,0.200000
full_finetune_pretrained,combined_stress,source_matched,lid_twist_force_control,5,84,0.726190,0.131629,0.525318,0.087116,0.152768,0.128865,0.200000
full_finetune_pretrained,combined_stress,low_friction,lid_twist_force_control,5,84,0.738095,0.140227,0.519739,0.091286,0.148497,0.128583,0.200000
full_finetune_pretrained,combined_stress,soft_compliance,lid_twist_force_control,5,84,0.642857,0.139362,0.519677,0.092525,0.155720,0.125043,0.200000
full_finetune_pretrained,combined_stress,texture_aliasing,lid_twist_force_control,5,84,0.535714,0.156886,0.503493,0.098052,0.155624,0.134369,0.200000
full_finetune_pretrained,combined_stress,taxel_bias,lid_twist_force_control,5,84,0.619048,0.159891,0.515910,0.098557,0.152520,0.132747,0.200000
full_finetune_pretrained,combined_stress,transient_shear_spike,lid_twist_force_control,5,84,0.571429,0.166782,0.503243,0.103444,0.157237,0.133235,0.200000
full_finetune_pretrained,combined_stress,compound_contact_shift,lid_twist_force_control,5,84,0.559524,0.187171,0.497241,0.112893,0.161908,0.132351,0.200000
full_finetune_pretrained,combined_stress,source_matched,slip_limited_grasp,6,84,0.690476,0.131530,0.546740,0.091435,0.151071,0.129353,0.200000
full_finetune_pretrained,combined_stress,low_friction,slip_limited_grasp,6,84,0.666667,0.134710,0.551043,0.092344,0.151836,0.125339,0.200000
full_finetune_pretrained,combined_stress,soft_compliance,slip_limited_grasp,6,84,0.678571,0.147975,0.536158,0.093733,0.150541,0.131530,0.200000
full_finetune_pretrained,combined_stress,texture_aliasing,slip_limited_grasp,6,84,0.500000,0.150199,0.533042,0.105324,0.157540,0.130319,0.200000
full_finetune_pretrained,combined_stress,taxel_bias,slip_limited_grasp,6,84,0.678571,0.160962,0.539087,0.093388,0.157893,0.134040,0.200000
full_finetune_pretrained,combined_stress,transient_shear_spike,slip_limited_grasp,6,84,0.523810,0.167637,0.526096,0.108792,0.156391,0.134379,0.200000
full_finetune_pretrained,combined_stress,compound_contact_shift,slip_limited_grasp,6,84,0.523810,0.184732,0.533162,0.115418,0.158651,0.139231,0.200000
full_finetune_pretrained,combined_stress,source_matched,peg_in_hole_contact_search,6,84,0.666667,0.141495,0.523030,0.090303,0.153512,0.126731,0.200000
full_finetune_pretrained,combined_stress,low_friction,peg_in_hole_contact_search,6,84,0.666667,0.135100,0.512969,0.091279,0.155468,0.124127,0.200000
full_finetune_pretrained,combined_stress,soft_compliance,peg_in_hole_contact_search,6,84,0.654762,0.138716,0.519630,0.093871,0.156174,0.131678,0.200000
full_finetune_pretrained,combined_stress,texture_aliasing,peg_in_hole_contact_search,6,84,0.523810,0.157734,0.505687,0.101138,0.157503,0.134029,0.200000
full_finetune_pretrained,combined_stress,taxel_bias,peg_in_hole_contact_search,6,84,0.607143,0.163781,0.522667,0.095972,0.156427,0.134502,0.200000
full_finetune_pretrained,combined_stress,transient_shear_spike,peg_in_hole_contact_search,6,84,0.595238,0.163094,0.516642,0.102160,0.155449,0.129770,0.200000
full_finetune_pretrained,combined_stress,compound_contact_shift,peg_in_hole_contact_search,6,84,0.535714,0.184977,0.494872,0.113945,0.161973,0.137920,0.200000
full_finetune_pretrained,combined_stress,source_matched,cloth_edge_pull,6,84,0.642857,0.132654,0.558937,0.090590,0.151188,0.128547,0.200000
full_finetune_pretrained,combined_stress,low_friction,cloth_edge_pull,6,84,0.511905,0.139879,0.551297,0.097278,0.156577,0.127318,0.200000
full_finetune_pretrained,combined_stress,soft_compliance,cloth_edge_pull,6,84,0.595238,0.147077,0.545322,0.092231,0.149953,0.129332,0.200000
full_finetune_pretrained,combined_stress,texture_aliasing,cloth_edge_pull,6,84,0.511905,0.159286,0.539173,0.101091,0.153889,0.126993,0.200000
full_finetune_pretrained,combined_stress,taxel_bias,cloth_edge_pull,6,84,0.559524,0.158168,0.545407,0.099329,0.156684,0.130536,0.200000
full_finetune_pretrained,combined_stress,transient_shear_spike,cloth_edge_pull,6,84,0.547619,0.166613,0.535071,0.104515,0.161794,0.132094,0.200000
full_finetune_pretrained,combined_stress,compound_contact_shift,cloth_edge_pull,6,84,0.488095,0.181686,0.539104,0.111078,0.163778,0.135554,0.200000
full_finetune_pretrained,combined_stress,source_matched,cable_threading,6,84,0.595238,0.131998,0.563089,0.090891,0.151385,0.127148,0.200000
full_finetune_pretrained,combined_stress,low_friction,cable_threading,6,84,0.547619,0.139583,0.555989,0.095772,0.155514,0.126167,0.200000
full_finetune_pretrained,combined_stress,soft_compliance,cable_threading,6,84,0.500000,0.146241,0.549204,0.093584,0.158891,0.127809,0.200000
full_finetune_pretrained,combined_stress,texture_aliasing,cable_threading,6,84,0.559524,0.158270,0.542785,0.098735,0.160136,0.133350,0.200000
full_finetune_pretrained,combined_stress,taxel_bias,cable_threading,6,84,0.523810,0.158232,0.550639,0.099884,0.157146,0.129633,0.200000
full_finetune_pretrained,combined_stress,transient_shear_spike,cable_threading,6,84,0.583333,0.164697,0.537333,0.101766,0.159651,0.129827,0.200000
full_finetune_pretrained,combined_stress,compound_contact_shift,cable_threading,6,84,0.416667,0.191596,0.541096,0.112071,0.163443,0.133427,0.200000
full_finetune_pretrained,combined_stress,source_matched,lid_twist_force_control,6,84,0.702381,0.132175,0.508110,0.088138,0.153564,0.129269,0.200000
full_finetune_pretrained,combined_stress,low_friction,lid_twist_force_control,6,84,0.607143,0.140761,0.520522,0.094978,0.151214,0.128978,0.200000
full_finetune_pretrained,combined_stress,soft_compliance,lid_twist_force_control,6,84,0.595238,0.139914,0.520487,0.094146,0.156949,0.125452,0.200000
full_finetune_pretrained,combined_stress,texture_aliasing,lid_twist_force_control,6,84,0.630952,0.157444,0.504312,0.096107,0.154286,0.126777,0.200000
full_finetune_pretrained,combined_stress,taxel_bias,lid_twist_force_control,6,84,0.654762,0.160413,0.516675,0.098072,0.152229,0.133135,0.200000
full_finetune_pretrained,combined_stress,transient_shear_spike,lid_twist_force_control,6,84,0.666667,0.167370,0.504107,0.101522,0.155919,0.133668,0.200000
full_finetune_pretrained,combined_stress,compound_contact_shift,lid_twist_force_control,6,84,0.535714,0.187765,0.498114,0.113952,0.162736,0.132788,0.200000
ensemble_disagreement_filter,combined_stress,source_matched,slip_limited_grasp,0,84,0.666667,0.090669,0.569774,0.067052,0.249056,0.084318,0.200000
ensemble_disagreement_filter,combined_stress,low_friction,slip_limited_grasp,0,84,0.738095,0.088902,0.567597,0.062206,0.253230,0.085319,0.200000
ensemble_disagreement_filter,combined_stress,soft_compliance,slip_limited_grasp,0,84,0.630952,0.094890,0.563170,0.070491,0.250723,0.087995,0.200000
ensemble_disagreement_filter,combined_stress,texture_aliasing,slip_limited_grasp,0,84,0.630952,0.108618,0.564680,0.072820,0.256563,0.089092,0.200000
ensemble_disagreement_filter,combined_stress,taxel_bias,slip_limited_grasp,0,84,0.642857,0.102219,0.565010,0.068798,0.257376,0.089896,0.200000
ensemble_disagreement_filter,combined_stress,transient_shear_spike,slip_limited_grasp,0,84,0.714286,0.109979,0.558355,0.073469,0.254619,0.085070,0.200000
ensemble_disagreement_filter,combined_stress,compound_contact_shift,slip_limited_grasp,0,84,0.630952,0.123256,0.551102,0.083436,0.260019,0.091479,0.200000
ensemble_disagreement_filter,combined_stress,source_matched,peg_in_hole_contact_search,0,84,0.607143,0.083651,0.538342,0.069687,0.248707,0.085895,0.200000
ensemble_disagreement_filter,combined_stress,low_friction,peg_in_hole_contact_search,0,84,0.642857,0.096320,0.539810,0.068797,0.255144,0.080829,0.200000
ensemble_disagreement_filter,combined_stress,soft_compliance,peg_in_hole_contact_search,0,84,0.547619,0.092660,0.538920,0.069388,0.253994,0.084865,0.200000
ensemble_disagreement_filter,combined_stress,texture_aliasing,peg_in_hole_contact_search,0,84,0.607143,0.099169,0.529603,0.072698,0.253951,0.088996,0.200000
ensemble_disagreement_filter,combined_stress,taxel_bias,peg_in_hole_contact_search,0,84,0.619048,0.100061,0.540868,0.074266,0.251621,0.086816,0.200000
ensemble_disagreement_filter,combined_stress,transient_shear_spike,peg_in_hole_contact_search,0,84,0.642857,0.112465,0.523170,0.075683,0.252816,0.085189,0.200000
ensemble_disagreement_filter,combined_stress,compound_contact_shift,peg_in_hole_contact_search,0,84,0.666667,0.118524,0.523099,0.085442,0.259480,0.094630,0.200000
ensemble_disagreement_filter,combined_stress,source_matched,cloth_edge_pull,0,84,0.535714,0.083679,0.570001,0.070163,0.253357,0.086018,0.200000
ensemble_disagreement_filter,combined_stress,low_friction,cloth_edge_pull,0,84,0.547619,0.085956,0.573890,0.069905,0.253294,0.081800,0.200000
ensemble_disagreement_filter,combined_stress,soft_compliance,cloth_edge_pull,0,84,0.547619,0.097885,0.578373,0.072062,0.252818,0.088566,0.200000
ensemble_disagreement_filter,combined_stress,texture_aliasing,cloth_edge_pull,0,84,0.500000,0.097584,0.558841,0.072830,0.258168,0.088008,0.200000
ensemble_disagreement_filter,combined_stress,taxel_bias,cloth_edge_pull,0,84,0.523810,0.103317,0.559360,0.077813,0.258851,0.089162,0.200000
ensemble_disagreement_filter,combined_stress,transient_shear_spike,cloth_edge_pull,0,84,0.547619,0.112847,0.555360,0.077026,0.258130,0.085555,0.200000
ensemble_disagreement_filter,combined_stress,compound_contact_shift,cloth_edge_pull,0,84,0.369048,0.124103,0.545074,0.087824,0.263897,0.090571,0.200000
ensemble_disagreement_filter,combined_stress,source_matched,cable_threading,0,84,0.523810,0.094212,0.573073,0.070210,0.252430,0.084385,0.200000
ensemble_disagreement_filter,combined_stress,low_friction,cable_threading,0,84,0.500000,0.096849,0.577502,0.071121,0.253251,0.080415,0.200000
ensemble_disagreement_filter,combined_stress,soft_compliance,cable_threading,0,84,0.559524,0.096231,0.581175,0.070175,0.251344,0.086545,0.200000
ensemble_disagreement_filter,combined_stress,texture_aliasing,cable_threading,0,84,0.500000,0.107756,0.561373,0.080308,0.256787,0.086127,0.200000
ensemble_disagreement_filter,combined_stress,taxel_bias,cable_threading,0,84,0.654762,0.102564,0.563512,0.073639,0.255833,0.087760,0.200000
ensemble_disagreement_filter,combined_stress,transient_shear_spike,cable_threading,0,84,0.535714,0.110114,0.574551,0.082911,0.256364,0.090794,0.200000
ensemble_disagreement_filter,combined_stress,compound_contact_shift,cable_threading,0,84,0.500000,0.121189,0.563995,0.089999,0.259439,0.087682,0.200000
ensemble_disagreement_filter,combined_stress,source_matched,lid_twist_force_control,0,84,0.642857,0.092401,0.532665,0.065433,0.252868,0.084934,0.200000
ensemble_disagreement_filter,combined_stress,low_friction,lid_twist_force_control,0,84,0.630952,0.096040,0.538597,0.066814,0.254142,0.081654,0.200000
ensemble_disagreement_filter,combined_stress,soft_compliance,lid_twist_force_control,0,84,0.654762,0.099923,0.531011,0.070211,0.255877,0.082880,0.200000
ensemble_disagreement_filter,combined_stress,texture_aliasing,lid_twist_force_control,0,84,0.678571,0.104944,0.537471,0.073274,0.255485,0.085986,0.200000
ensemble_disagreement_filter,combined_stress,taxel_bias,lid_twist_force_control,0,84,0.654762,0.102757,0.526110,0.073375,0.251745,0.089690,0.200000
ensemble_disagreement_filter,combined_stress,transient_shear_spike,lid_twist_force_control,0,84,0.523810,0.110799,0.519878,0.083321,0.260822,0.085059,0.200000
ensemble_disagreement_filter,combined_stress,compound_contact_shift,lid_twist_force_control,0,84,0.464286,0.127377,0.517575,0.087219,0.259990,0.093740,0.200000
ensemble_disagreement_filter,combined_stress,source_matched,slip_limited_grasp,1,84,0.702381,0.091209,0.570566,0.066581,0.248777,0.084718,0.200000
ensemble_disagreement_filter,combined_stress,low_friction,slip_limited_grasp,1,84,0.690476,0.089430,0.568371,0.063809,0.254443,0.085710,0.200000
ensemble_disagreement_filter,combined_stress,soft_compliance,slip_limited_grasp,1,84,0.642857,0.095436,0.563971,0.070620,0.250876,0.088399,0.200000
ensemble_disagreement_filter,combined_stress,texture_aliasing,slip_limited_grasp,1,84,0.607143,0.097164,0.565490,0.072646,0.257363,0.089237,0.200000
ensemble_disagreement_filter,combined_stress,taxel_bias,slip_limited_grasp,1,84,0.511905,0.102735,0.565766,0.072476,0.260081,0.090279,0.200000
ensemble_disagreement_filter,combined_stress,transient_shear_spike,slip_limited_grasp,1,84,0.607143,0.110561,0.559210,0.076602,0.256939,0.085499,0.200000
ensemble_disagreement_filter,combined_stress,compound_contact_shift,slip_limited_grasp,1,84,0.547619,0.123844,0.551966,0.085978,0.261915,0.091911,0.200000
ensemble_disagreement_filter,combined_stress,source_matched,peg_in_hole_contact_search,1,84,0.547619,0.084239,0.539206,0.071633,0.250174,0.086328,0.200000
ensemble_disagreement_filter,combined_stress,low_friction,peg_in_hole_contact_search,1,84,0.630952,0.084890,0.540656,0.068343,0.255746,0.080990,0.200000
ensemble_disagreement_filter,combined_stress,soft_compliance,peg_in_hole_contact_search,1,84,0.511905,0.093254,0.539793,0.070744,0.255037,0.085302,0.200000
ensemble_disagreement_filter,combined_stress,texture_aliasing,peg_in_hole_contact_search,1,84,0.702381,0.099769,0.530485,0.070785,0.252641,0.089437,0.200000
ensemble_disagreement_filter,combined_stress,taxel_bias,peg_in_hole_contact_search,1,84,0.535714,0.100625,0.541696,0.076790,0.253501,0.087232,0.200000
ensemble_disagreement_filter,combined_stress,transient_shear_spike,peg_in_hole_contact_search,1,84,0.535714,0.113095,0.524097,0.078853,0.255169,0.085650,0.200000
ensemble_disagreement_filter,combined_stress,compound_contact_shift,peg_in_hole_contact_search,1,84,0.666667,0.119160,0.524035,0.085937,0.259908,0.087092,0.200000
ensemble_disagreement_filter,combined_stress,source_matched,cloth_edge_pull,1,84,0.654762,0.084201,0.570766,0.067595,0.251566,0.086405,0.200000
ensemble_disagreement_filter,combined_stress,low_friction,cloth_edge_pull,1,84,0.666667,0.086466,0.574637,0.067328,0.251496,0.082179,0.200000
ensemble_disagreement_filter,combined_stress,soft_compliance,cloth_edge_pull,1,84,0.642857,0.098413,0.561138,0.070094,0.251460,0.080954,0.200000
ensemble_disagreement_filter,combined_stress,texture_aliasing,cloth_edge_pull,1,84,0.595238,0.098118,0.559624,0.070867,0.256813,0.088403,0.200000
ensemble_disagreement_filter,combined_stress,taxel_bias,cloth_edge_pull,1,84,0.654762,0.103815,0.560089,0.074928,0.256830,0.089533,0.200000
ensemble_disagreement_filter,combined_stress,transient_shear_spike,cloth_edge_pull,1,84,0.595238,0.113411,0.556188,0.076276,0.257653,0.085972,0.200000
ensemble_disagreement_filter,combined_stress,compound_contact_shift,cloth_edge_pull,1,84,0.523810,0.124673,0.545911,0.084400,0.261495,0.090992,0.200000
ensemble_disagreement_filter,combined_stress,source_matched,cable_threading,1,84,0.583333,0.094734,0.573838,0.069130,0.251711,0.084772,0.200000
ensemble_disagreement_filter,combined_stress,low_friction,cable_threading,1,84,0.607143,0.085353,0.578249,0.067641,0.251666,0.080530,0.200000
ensemble_disagreement_filter,combined_stress,soft_compliance,cable_threading,1,84,0.666667,0.096759,0.581949,0.067909,0.249771,0.086937,0.200000
ensemble_disagreement_filter,combined_stress,texture_aliasing,cable_threading,1,84,0.607143,0.108290,0.562156,0.078046,0.255218,0.086522,0.200000
ensemble_disagreement_filter,combined_stress,taxel_bias,cable_threading,1,84,0.511905,0.103062,0.564241,0.077601,0.258741,0.088131,0.200000
ensemble_disagreement_filter,combined_stress,transient_shear_spike,cable_threading,1,84,0.476190,0.110678,0.557370,0.084839,0.257816,0.091211,0.200000
ensemble_disagreement_filter,combined_stress,compound_contact_shift,cable_threading,1,84,0.571429,0.121759,0.564832,0.088658,0.258537,0.088103,0.200000
ensemble_disagreement_filter,combined_stress,source_matched,lid_twist_force_control,1,84,0.595238,0.092971,0.533502,0.067068,0.254109,0.085355,0.200000
ensemble_disagreement_filter,combined_stress,low_friction,lid_twist_force_control,1,84,0.547619,0.084592,0.539416,0.068133,0.256018,0.081803,0.200000
ensemble_disagreement_filter,combined_stress,soft_compliance,lid_twist_force_control,1,84,0.678571,0.100499,0.531857,0.070066,0.255837,0.083305,0.200000
ensemble_disagreement_filter,combined_stress,texture_aliasing,lid_twist_force_control,1,84,0.654762,0.105526,0.538326,0.074324,0.256305,0.086415,0.200000
ensemble_disagreement_filter,combined_stress,taxel_bias,lid_twist_force_control,1,84,0.583333,0.103303,0.526911,0.075587,0.253399,0.090094,0.200000
ensemble_disagreement_filter,combined_stress,transient_shear_spike,lid_twist_force_control,1,84,0.607143,0.111411,0.520778,0.081715,0.259734,0.085509,0.200000
ensemble_disagreement_filter,combined_stress,compound_contact_shift,lid_twist_force_control,1,84,0.571429,0.127995,0.518484,0.085022,0.258477,0.094193,0.200000
ensemble_disagreement_filter,combined_stress,source_matched,slip_limited_grasp,2,84,0.583333,0.091749,0.571358,0.069980,0.251284,0.085117,0.200000
ensemble_disagreement_filter,combined_stress,low_friction,slip_limited_grasp,2,84,0.678571,0.089958,0.569145,0.064520,0.255013,0.086102,0.200000
ensemble_disagreement_filter,combined_stress,soft_compliance,slip_limited_grasp,2,84,0.607143,0.095982,0.564772,0.071940,0.251887,0.080799,0.200000
ensemble_disagreement_filter,combined_stress,texture_aliasing,slip_limited_grasp,2,84,0.571429,0.097716,0.566300,0.073970,0.258378,0.089645,0.200000
ensemble_disagreement_filter,combined_stress,taxel_bias,slip_limited_grasp,2,84,0.559524,0.103251,0.566522,0.071689,0.259572,0.090662,0.200000
ensemble_disagreement_filter,combined_stress,transient_shear_spike,slip_limited_grasp,2,84,0.630952,0.111143,0.560065,0.076461,0.256903,0.085928,0.200000
ensemble_disagreement_filter,combined_stress,compound_contact_shift,slip_limited_grasp,2,84,0.666667,0.124432,0.552830,0.083461,0.260168,0.092344,0.200000
ensemble_disagreement_filter,combined_stress,source_matched,peg_in_hole_contact_search,2,84,0.630952,0.084827,0.540070,0.062005,0.249070,0.086761,0.200000
ensemble_disagreement_filter,combined_stress,low_friction,peg_in_hole_contact_search,2,84,0.559524,0.085466,0.541502,0.070578,0.257420,0.081415,0.200000
ensemble_disagreement_filter,combined_stress,soft_compliance,peg_in_hole_contact_search,2,84,0.547619,0.093848,0.540666,0.070314,0.254794,0.085739,0.200000
ensemble_disagreement_filter,combined_stress,texture_aliasing,peg_in_hole_contact_search,2,84,0.726190,0.100369,0.531367,0.070658,0.252616,0.089878,0.200000
ensemble_disagreement_filter,combined_stress,taxel_bias,peg_in_hole_contact_search,2,84,0.547619,0.101189,0.542524,0.076932,0.253666,0.087649,0.200000
ensemble_disagreement_filter,combined_stress,transient_shear_spike,peg_in_hole_contact_search,2,84,0.571429,0.113725,0.525024,0.078451,0.254950,0.086112,0.200000
ensemble_disagreement_filter,combined_stress,compound_contact_shift,peg_in_hole_contact_search,2,84,0.547619,0.119796,0.524971,0.081405,0.262478,0.087558,0.200000
ensemble_disagreement_filter,combined_stress,source_matched,cloth_edge_pull,2,84,0.607143,0.084723,0.571531,0.069194,0.252775,0.086793,0.200000
ensemble_disagreement_filter,combined_stress,low_friction,cloth_edge_pull,2,84,0.607143,0.086976,0.575384,0.069215,0.252911,0.082558,0.200000
ensemble_disagreement_filter,combined_stress,soft_compliance,cloth_edge_pull,2,84,0.511905,0.098941,0.561912,0.073780,0.254173,0.081345,0.200000
ensemble_disagreement_filter,combined_stress,texture_aliasing,cloth_edge_pull,2,84,0.523810,0.098652,0.560407,0.073070,0.258459,0.088799,0.200000
ensemble_disagreement_filter,combined_stress,taxel_bias,cloth_edge_pull,2,84,0.595238,0.104313,0.560818,0.076806,0.258237,0.089904,0.200000
ensemble_disagreement_filter,combined_stress,transient_shear_spike,cloth_edge_pull,2,84,0.476190,0.113975,0.557016,0.079693,0.260176,0.086388,0.200000
ensemble_disagreement_filter,combined_stress,compound_contact_shift,cloth_edge_pull,2,84,0.535714,0.125243,0.546748,0.084547,0.261665,0.091412,0.200000
ensemble_disagreement_filter,combined_stress,source_matched,cable_threading,2,84,0.630952,0.095256,0.574603,0.068348,0.251206,0.085160,0.200000
ensemble_disagreement_filter,combined_stress,low_friction,cable_threading,2,84,0.547619,0.085863,0.578996,0.069528,0.253082,0.080909,0.200000
ensemble_disagreement_filter,combined_stress,soft_compliance,cable_threading,2,84,0.535714,0.097287,0.582723,0.071596,0.252484,0.087328,0.200000
ensemble_disagreement_filter,combined_stress,texture_aliasing,cable_threading,2,84,0.607143,0.108824,0.562939,0.078464,0.255578,0.086918,0.200000
ensemble_disagreement_filter,combined_stress,taxel_bias,cable_threading,2,84,0.535714,0.103560,0.564970,0.077395,0.258648,0.088502,0.200000
ensemble_disagreement_filter,combined_stress,transient_shear_spike,cable_threading,2,84,0.595238,0.111242,0.558198,0.074299,0.256053,0.091627,0.200000
ensemble_disagreement_filter,combined_stress,compound_contact_shift,cable_threading,2,84,0.559524,0.122329,0.565669,0.081397,0.259136,0.088523,0.200000
ensemble_disagreement_filter,combined_stress,source_matched,lid_twist_force_control,2,84,0.571429,0.093541,0.534339,0.068108,0.254921,0.085775,0.200000
ensemble_disagreement_filter,combined_stress,low_friction,lid_twist_force_control,2,84,0.666667,0.085150,0.540235,0.065592,0.254251,0.082215,0.200000
ensemble_disagreement_filter,combined_stress,soft_compliance,lid_twist_force_control,2,84,0.595238,0.089069,0.532703,0.071398,0.257725,0.083465,0.200000
ensemble_disagreement_filter,combined_stress,texture_aliasing,lid_twist_force_control,2,84,0.583333,0.106108,0.539181,0.076563,0.257983,0.086844,0.200000
ensemble_disagreement_filter,combined_stress,taxel_bias,lid_twist_force_control,2,84,0.666667,0.103849,0.527712,0.073930,0.252267,0.090498,0.200000
ensemble_disagreement_filter,combined_stress,transient_shear_spike,lid_twist_force_control,2,84,0.583333,0.112023,0.521678,0.074783,0.260575,0.085958,0.200000
ensemble_disagreement_filter,combined_stress,compound_contact_shift,lid_twist_force_control,2,84,0.595238,0.128613,0.519393,0.084908,0.258465,0.094647,0.200000
ensemble_disagreement_filter,combined_stress,source_matched,slip_limited_grasp,3,84,0.690476,0.092289,0.572150,0.067723,0.249719,0.085517,0.200000
ensemble_disagreement_filter,combined_stress,low_friction,slip_limited_grasp,3,84,0.607143,0.090486,0.569919,0.066718,0.256655,0.086494,0.200000
ensemble_disagreement_filter,combined_stress,soft_compliance,slip_limited_grasp,3,84,0.607143,0.096528,0.565573,0.072366,0.252255,0.081203,0.200000
ensemble_disagreement_filter,combined_stress,texture_aliasing,slip_limited_grasp,3,84,0.619048,0.098268,0.567110,0.073211,0.257893,0.090053,0.200000
ensemble_disagreement_filter,combined_stress,taxel_bias,slip_limited_grasp,3,84,0.678571,0.103767,0.567278,0.069116,0.257777,0.083042,0.200000
ensemble_disagreement_filter,combined_stress,transient_shear_spike,slip_limited_grasp,3,84,0.547619,0.111725,0.560920,0.078998,0.258795,0.086357,0.200000
ensemble_disagreement_filter,combined_stress,compound_contact_shift,slip_limited_grasp,3,84,0.583333,0.125020,0.553694,0.086003,0.262064,0.092777,0.200000
ensemble_disagreement_filter,combined_stress,source_matched,peg_in_hole_contact_search,3,84,0.654762,0.085415,0.540934,0.061868,0.249038,0.087193,0.200000
ensemble_disagreement_filter,combined_stress,low_friction,peg_in_hole_contact_search,3,84,0.630952,0.086042,0.542348,0.069242,0.248518,0.081839,0.200000
ensemble_disagreement_filter,combined_stress,soft_compliance,peg_in_hole_contact_search,3,84,0.595238,0.094442,0.541539,0.069587,0.254337,0.086176,0.200000
ensemble_disagreement_filter,combined_stress,texture_aliasing,peg_in_hole_contact_search,3,84,0.583333,0.100969,0.532249,0.074698,0.255592,0.082316,0.200000
ensemble_disagreement_filter,combined_stress,taxel_bias,peg_in_hole_contact_search,3,84,0.702381,0.101753,0.543352,0.073504,0.251261,0.088065,0.200000
ensemble_disagreement_filter,combined_stress,transient_shear_spike,peg_in_hole_contact_search,3,84,0.571429,0.114355,0.525951,0.078942,0.255374,0.086574,0.200000
ensemble_disagreement_filter,combined_stress,compound_contact_shift,peg_in_hole_contact_search,3,84,0.547619,0.120432,0.525907,0.081901,0.262906,0.088024,0.200000
ensemble_disagreement_filter,combined_stress,source_matched,cloth_edge_pull,3,84,0.714286,0.085245,0.572296,0.066923,0.251198,0.087180,0.200000
ensemble_disagreement_filter,combined_stress,low_friction,cloth_edge_pull,3,84,0.559524,0.087486,0.576131,0.070805,0.254112,0.082937,0.200000
ensemble_disagreement_filter,combined_stress,soft_compliance,cloth_edge_pull,3,84,0.500000,0.099469,0.562686,0.074491,0.254744,0.081737,0.200000
ensemble_disagreement_filter,combined_stress,texture_aliasing,cloth_edge_pull,3,84,0.523810,0.099186,0.561190,0.073487,0.258819,0.089195,0.200000
ensemble_disagreement_filter,combined_stress,taxel_bias,cloth_edge_pull,3,84,0.619048,0.104811,0.561547,0.076601,0.258145,0.090275,0.200000
ensemble_disagreement_filter,combined_stress,transient_shear_spike,cloth_edge_pull,3,84,0.571429,0.114539,0.557844,0.077752,0.258842,0.086805,0.200000
ensemble_disagreement_filter,combined_stress,compound_contact_shift,cloth_edge_pull,3,84,0.488095,0.125813,0.547585,0.086183,0.262906,0.091833,0.200000
ensemble_disagreement_filter,combined_stress,source_matched,cable_threading,3,84,0.559524,0.083772,0.575368,0.069341,0.252844,0.085283,0.200000
ensemble_disagreement_filter,combined_stress,low_friction,cable_threading,3,84,0.642857,0.086373,0.579743,0.067546,0.251712,0.081288,0.200000
ensemble_disagreement_filter,combined_stress,soft_compliance,cable_threading,3,84,0.559524,0.097815,0.583497,0.071413,0.252412,0.087720,0.200000
ensemble_disagreement_filter,combined_stress,texture_aliasing,cable_threading,3,84,0.559524,0.097352,0.563722,0.070867,0.256796,0.087050,0.200000
ensemble_disagreement_filter,combined_stress,taxel_bias,cable_threading,3,84,0.583333,0.104058,0.565699,0.076594,0.258127,0.088873,0.200000
ensemble_disagreement_filter,combined_stress,transient_shear_spike,cable_threading,3,84,0.488095,0.111806,0.559026,0.077418,0.258361,0.092044,0.200000
ensemble_disagreement_filter,combined_stress,compound_contact_shift,cable_threading,3,84,0.488095,0.122899,0.566506,0.083628,0.260805,0.088944,0.200000
ensemble_disagreement_filter,combined_stress,source_matched,lid_twist_force_control,3,84,0.654762,0.094111,0.535176,0.066470,0.253805,0.086196,0.200000
ensemble_disagreement_filter,combined_stress,low_friction,lid_twist_force_control,3,84,0.619048,0.085708,0.541054,0.067219,0.255484,0.082627,0.200000
ensemble_disagreement_filter,combined_stress,soft_compliance,lid_twist_force_control,3,84,0.607143,0.089645,0.533549,0.071550,0.249894,0.083890,0.200000
ensemble_disagreement_filter,combined_stress,texture_aliasing,lid_twist_force_control,3,84,0.464286,0.106690,0.522027,0.079994,0.260518,0.087273,0.200000
ensemble_disagreement_filter,combined_stress,taxel_bias,lid_twist_force_control,3,84,0.630952,0.104395,0.528513,0.075250,0.253278,0.082898,0.200000
ensemble_disagreement_filter,combined_stress,transient_shear_spike,lid_twist_force_control,3,84,0.630952,0.112635,0.522578,0.074070,0.260130,0.086408,0.200000
ensemble_disagreement_filter,combined_stress,compound_contact_shift,lid_twist_force_control,3,84,0.666667,0.117225,0.520302,0.082404,0.257595,0.094836,0.200000
ensemble_disagreement_filter,combined_stress,source_matched,slip_limited_grasp,4,84,0.547619,0.092829,0.572942,0.071716,0.252655,0.085917,0.200000
ensemble_disagreement_filter,combined_stress,low_friction,slip_limited_grasp,4,84,0.607143,0.091014,0.570693,0.067131,0.249007,0.086885,0.200000
ensemble_disagreement_filter,combined_stress,soft_compliance,slip_limited_grasp,4,84,0.559524,0.097074,0.566374,0.073983,0.253480,0.081607,0.200000
ensemble_disagreement_filter,combined_stress,texture_aliasing,slip_limited_grasp,4,84,0.571429,0.098820,0.567920,0.074832,0.259122,0.082457,0.200000
ensemble_disagreement_filter,combined_stress,taxel_bias,slip_limited_grasp,4,84,0.595238,0.104283,0.568034,0.071603,0.259625,0.083425,0.200000
ensemble_disagreement_filter,combined_stress,transient_shear_spike,slip_limited_grasp,4,84,0.583333,0.112307,0.561775,0.078559,0.258544,0.086786,0.200000
ensemble_disagreement_filter,combined_stress,compound_contact_shift,slip_limited_grasp,4,84,0.571429,0.125608,0.554558,0.086759,0.262674,0.093210,0.200000
ensemble_disagreement_filter,combined_stress,source_matched,peg_in_hole_contact_search,4,84,0.714286,0.086003,0.541798,0.060839,0.248362,0.079622,0.200000
ensemble_disagreement_filter,combined_stress,low_friction,peg_in_hole_contact_search,4,84,0.535714,0.086618,0.543194,0.072073,0.250621,0.082264,0.200000
ensemble_disagreement_filter,combined_stress,soft_compliance,peg_in_hole_contact_search,4,84,0.738095,0.095036,0.542412,0.066479,0.252166,0.086613,0.200000
ensemble_disagreement_filter,combined_stress,texture_aliasing,peg_in_hole_contact_search,4,84,0.630952,0.101569,0.533131,0.073975,0.255138,0.082757,0.200000
ensemble_disagreement_filter,combined_stress,taxel_bias,peg_in_hole_contact_search,4,84,0.595238,0.102317,0.526171,0.076623,0.253569,0.088481,0.200000
ensemble_disagreement_filter,combined_stress,transient_shear_spike,peg_in_hole_contact_search,4,84,0.547619,0.114985,0.526878,0.080028,0.256226,0.087036,0.200000
ensemble_disagreement_filter,combined_stress,compound_contact_shift,peg_in_hole_contact_search,4,84,0.619048,0.121068,0.526843,0.080611,0.262049,0.088490,0.200000
ensemble_disagreement_filter,combined_stress,source_matched,cloth_edge_pull,4,84,0.678571,0.085767,0.573061,0.068224,0.252193,0.079564,0.200000
ensemble_disagreement_filter,combined_stress,low_friction,cloth_edge_pull,4,84,0.571429,0.087996,0.576878,0.070906,0.254242,0.083317,0.200000
ensemble_disagreement_filter,combined_stress,soft_compliance,cloth_edge_pull,4,84,0.619048,0.099997,0.563460,0.071927,0.252957,0.082129,0.200000
ensemble_disagreement_filter,combined_stress,texture_aliasing,cloth_edge_pull,4,84,0.547619,0.099720,0.561973,0.073310,0.258750,0.089591,0.200000
ensemble_disagreement_filter,combined_stress,taxel_bias,cloth_edge_pull,4,84,0.535714,0.105309,0.562276,0.079074,0.259981,0.090646,0.200000
ensemble_disagreement_filter,combined_stress,transient_shear_spike,cloth_edge_pull,4,84,0.630952,0.115103,0.558672,0.076705,0.258150,0.087221,0.200000
ensemble_disagreement_filter,combined_stress,compound_contact_shift,cloth_edge_pull,4,84,0.464286,0.126383,0.548422,0.087223,0.263718,0.092253,0.200000
ensemble_disagreement_filter,combined_stress,source_matched,cable_threading,4,84,0.535714,0.084294,0.576133,0.070345,0.253624,0.085670,0.200000
ensemble_disagreement_filter,combined_stress,low_friction,cable_threading,4,84,0.559524,0.086883,0.580490,0.070028,0.253556,0.081667,0.200000
ensemble_disagreement_filter,combined_stress,soft_compliance,cable_threading,4,84,0.690476,0.098343,0.566262,0.068552,0.250410,0.088111,0.200000
ensemble_disagreement_filter,combined_stress,texture_aliasing,cable_threading,4,84,0.547619,0.097886,0.564505,0.071582,0.257370,0.087445,0.200000
ensemble_disagreement_filter,combined_stress,taxel_bias,cable_threading,4,84,0.511905,0.104556,0.566428,0.078770,0.259749,0.089244,0.200000
ensemble_disagreement_filter,combined_stress,transient_shear_spike,cable_threading,4,84,0.559524,0.112370,0.559854,0.076073,0.257456,0.084456,0.200000
ensemble_disagreement_filter,combined_stress,compound_contact_shift,cable_threading,4,84,0.488095,0.123469,0.567343,0.084073,0.261189,0.089364,0.200000
ensemble_disagreement_filter,combined_stress,source_matched,lid_twist_force_control,4,84,0.726190,0.094681,0.536013,0.065129,0.252904,0.086617,0.200000
ensemble_disagreement_filter,combined_stress,low_friction,lid_twist_force_control,4,84,0.630952,0.086266,0.541873,0.067357,0.255646,0.083039,0.200000
ensemble_disagreement_filter,combined_stress,soft_compliance,lid_twist_force_control,4,84,0.595238,0.090221,0.534395,0.072297,0.250497,0.084314,0.200000
ensemble_disagreement_filter,combined_stress,texture_aliasing,lid_twist_force_control,4,84,0.619048,0.107272,0.522882,0.076579,0.258124,0.087702,0.200000
ensemble_disagreement_filter,combined_stress,taxel_bias,lid_twist_force_control,4,84,0.607143,0.104941,0.529314,0.076272,0.254074,0.083302,0.200000
ensemble_disagreement_filter,combined_stress,transient_shear_spike,lid_twist_force_control,4,84,0.630952,0.113247,0.523478,0.074547,0.260542,0.086857,0.200000
ensemble_disagreement_filter,combined_stress,compound_contact_shift,lid_twist_force_control,4,84,0.595238,0.117843,0.521211,0.084671,0.259297,0.087286,0.200000
ensemble_disagreement_filter,combined_stress,source_matched,slip_limited_grasp,5,84,0.607143,0.093369,0.573734,0.070650,0.251947,0.086317,0.200000
ensemble_disagreement_filter,combined_stress,low_friction,slip_limited_grasp,5,84,0.738095,0.091542,0.571467,0.064270,0.247006,0.087277,0.200000
ensemble_disagreement_filter,combined_stress,soft_compliance,slip_limited_grasp,5,84,0.583333,0.097620,0.567175,0.073815,0.253420,0.082011,0.200000
ensemble_disagreement_filter,combined_stress,texture_aliasing,slip_limited_grasp,5,84,0.690476,0.099372,0.568730,0.072287,0.257351,0.082865,0.200000
ensemble_disagreement_filter,combined_stress,taxel_bias,slip_limited_grasp,5,84,0.607143,0.104799,0.550781,0.071709,0.259759,0.083808,0.200000
ensemble_disagreement_filter,combined_stress,transient_shear_spike,slip_limited_grasp,5,84,0.619048,0.112889,0.562630,0.078121,0.258293,0.087214,0.200000
ensemble_disagreement_filter,combined_stress,compound_contact_shift,slip_limited_grasp,5,84,0.488095,0.126196,0.555422,0.089301,0.264570,0.093643,0.200000
ensemble_disagreement_filter,combined_stress,source_matched,peg_in_hole_contact_search,5,84,0.619048,0.086591,0.542662,0.063679,0.250473,0.080055,0.200000
ensemble_disagreement_filter,combined_stress,low_friction,peg_in_hole_contact_search,5,84,0.642857,0.087194,0.544040,0.069844,0.249080,0.082689,0.200000
ensemble_disagreement_filter,combined_stress,soft_compliance,peg_in_hole_contact_search,5,84,0.523810,0.095630,0.543285,0.072300,0.256423,0.087050,0.200000
ensemble_disagreement_filter,combined_stress,texture_aliasing,peg_in_hole_contact_search,5,84,0.607143,0.102169,0.534013,0.075038,0.255971,0.083198,0.200000
ensemble_disagreement_filter,combined_stress,taxel_bias,peg_in_hole_contact_search,5,84,0.666667,0.102881,0.526999,0.075277,0.252664,0.088898,0.200000
ensemble_disagreement_filter,combined_stress,transient_shear_spike,peg_in_hole_contact_search,5,84,0.571429,0.115615,0.527805,0.079924,0.256222,0.087498,0.200000
ensemble_disagreement_filter,combined_stress,compound_contact_shift,peg_in_hole_contact_search,5,84,0.464286,0.121704,0.527779,0.084975,0.265262,0.088956,0.200000
ensemble_disagreement_filter,combined_stress,source_matched,cloth_edge_pull,5,84,0.607143,0.086289,0.573826,0.062414,0.253831,0.079951,0.200000
ensemble_disagreement_filter,combined_stress,low_friction,cloth_edge_pull,5,84,0.571429,0.088506,0.577625,0.071305,0.254586,0.083696,0.200000
ensemble_disagreement_filter,combined_stress,soft_compliance,cloth_edge_pull,5,84,0.642857,0.100525,0.564234,0.071745,0.252884,0.082520,0.200000
ensemble_disagreement_filter,combined_stress,texture_aliasing,cloth_edge_pull,5,84,0.619048,0.100254,0.562756,0.071941,0.257825,0.089986,0.200000
ensemble_disagreement_filter,combined_stress,taxel_bias,cloth_edge_pull,5,84,0.511905,0.105807,0.563005,0.072055,0.260745,0.083013,0.200000
ensemble_disagreement_filter,combined_stress,transient_shear_spike,cloth_edge_pull,5,84,0.607143,0.115667,0.559500,0.077740,0.258959,0.087637,0.200000
ensemble_disagreement_filter,combined_stress,compound_contact_shift,cloth_edge_pull,5,84,0.559524,0.126953,0.549259,0.085287,0.262388,0.092674,0.200000
ensemble_disagreement_filter,combined_stress,source_matched,cable_threading,5,84,0.571429,0.084816,0.576898,0.069860,0.253333,0.086058,0.200000
ensemble_disagreement_filter,combined_stress,low_friction,cable_threading,5,84,0.523810,0.087393,0.581237,0.071320,0.254542,0.082047,0.200000
ensemble_disagreement_filter,combined_stress,soft_compliance,cable_threading,5,84,0.559524,0.098871,0.567036,0.072239,0.253124,0.088503,0.200000
ensemble_disagreement_filter,combined_stress,texture_aliasing,cable_threading,5,84,0.583333,0.098420,0.565288,0.071107,0.257087,0.087841,0.200000
ensemble_disagreement_filter,combined_stress,taxel_bias,cable_threading,5,84,0.630952,0.105054,0.567157,0.076184,0.257942,0.089615,0.200000
ensemble_disagreement_filter,combined_stress,transient_shear_spike,cable_threading,5,84,0.511905,0.112934,0.560682,0.077704,0.258693,0.084872,0.200000
ensemble_disagreement_filter,combined_stress,compound_contact_shift,cable_threading,5,84,0.488095,0.124039,0.550171,0.084518,0.261573,0.089785,0.200000
ensemble_disagreement_filter,combined_stress,source_matched,lid_twist_force_control,5,84,0.595238,0.083245,0.536850,0.067648,0.255645,0.086773,0.200000
ensemble_disagreement_filter,combined_stress,low_friction,lid_twist_force_control,5,84,0.666667,0.086824,0.542692,0.066900,0.255379,0.083452,0.200000
ensemble_disagreement_filter,combined_stress,soft_compliance,lid_twist_force_control,5,84,0.619048,0.090797,0.535241,0.072151,0.250456,0.084739,0.200000
ensemble_disagreement_filter,combined_stress,texture_aliasing,lid_twist_force_control,5,84,0.738095,0.107854,0.523737,0.074057,0.256373,0.088130,0.200000
ensemble_disagreement_filter,combined_stress,taxel_bias,lid_twist_force_control,5,84,0.511905,0.105487,0.530115,0.079079,0.256157,0.083706,0.200000
ensemble_disagreement_filter,combined_stress,transient_shear_spike,lid_twist_force_control,5,84,0.464286,0.113859,0.524378,0.079191,0.255950,0.087306,0.200000
ensemble_disagreement_filter,combined_stress,compound_contact_shift,lid_twist_force_control,5,84,0.476190,0.118461,0.522120,0.088129,0.261856,0.087740,0.200000
ensemble_disagreement_filter,combined_stress,source_matched,slip_limited_grasp,6,84,0.678571,0.093909,0.574526,0.069287,0.251025,0.086717,0.200000
ensemble_disagreement_filter,combined_stress,low_friction,slip_limited_grasp,6,84,0.630952,0.092070,0.572241,0.067361,0.249291,0.087668,0.200000
ensemble_disagreement_filter,combined_stress,soft_compliance,slip_limited_grasp,6,84,0.583333,0.098166,0.567976,0.066237,0.253788,0.082415,0.200000
ensemble_disagreement_filter,combined_stress,texture_aliasing,slip_limited_grasp,6,84,0.583333,0.099924,0.551531,0.075397,0.259652,0.083273,0.200000
ensemble_disagreement_filter,combined_stress,taxel_bias,slip_limited_grasp,6,84,0.583333,0.105315,0.551537,0.072708,0.252532,0.084192,0.200000
ensemble_disagreement_filter,combined_stress,transient_shear_spike,slip_limited_grasp,6,84,0.678571,0.113471,0.563485,0.077087,0.257613,0.087643,0.200000
ensemble_disagreement_filter,combined_stress,compound_contact_shift,slip_limited_grasp,6,84,0.607143,0.126784,0.556286,0.086784,0.262823,0.094076,0.200000
ensemble_disagreement_filter,combined_stress,source_matched,peg_in_hole_contact_search,6,84,0.619048,0.087179,0.543526,0.064138,0.250869,0.080488,0.200000
ensemble_disagreement_filter,combined_stress,low_friction,peg_in_hole_contact_search,6,84,0.619048,0.087770,0.544886,0.070889,0.249897,0.083113,0.200000
ensemble_disagreement_filter,combined_stress,soft_compliance,peg_in_hole_contact_search,6,84,0.607143,0.096224,0.544158,0.070680,0.255323,0.087487,0.200000
ensemble_disagreement_filter,combined_stress,texture_aliasing,peg_in_hole_contact_search,6,84,0.583333,0.102769,0.534895,0.076102,0.256804,0.083639,0.200000
ensemble_disagreement_filter,combined_stress,taxel_bias,peg_in_hole_contact_search,6,84,0.571429,0.103445,0.527827,0.078099,0.254758,0.089314,0.200000
ensemble_disagreement_filter,combined_stress,transient_shear_spike,peg_in_hole_contact_search,6,84,0.535714,0.116245,0.528732,0.081308,0.257289,0.087960,0.200000
ensemble_disagreement_filter,combined_stress,compound_contact_shift,peg_in_hole_contact_search,6,84,0.452381,0.122340,0.528715,0.085768,0.265905,0.089422,0.200000
ensemble_disagreement_filter,combined_stress,source_matched,cloth_edge_pull,6,84,0.595238,0.086811,0.574591,0.063120,0.254397,0.080339,0.200000
ensemble_disagreement_filter,combined_stress,low_friction,cloth_edge_pull,6,84,0.535714,0.089016,0.578372,0.072597,0.255573,0.084075,0.200000
ensemble_disagreement_filter,combined_stress,soft_compliance,cloth_edge_pull,6,84,0.630952,0.089047,0.565008,0.071255,0.253454,0.082648,0.200000
ensemble_disagreement_filter,combined_stress,texture_aliasing,cloth_edge_pull,6,84,0.488095,0.100788,0.563539,0.075632,0.260542,0.082378,0.200000
ensemble_disagreement_filter,combined_stress,taxel_bias,cloth_edge_pull,6,84,0.595238,0.106305,0.563734,0.070362,0.259581,0.083383,0.200000
ensemble_disagreement_filter,combined_stress,transient_shear_spike,cloth_edge_pull,6,84,0.488095,0.116231,0.560328,0.081157,0.261482,0.088054,0.200000
ensemble_disagreement_filter,combined_stress,compound_contact_shift,cloth_edge_pull,6,84,0.535714,0.127523,0.550096,0.086327,0.263201,0.093094,0.200000
ensemble_disagreement_filter,combined_stress,source_matched,cable_threading,6,84,0.488095,0.085338,0.577663,0.072351,0.255185,0.086445,0.200000
ensemble_disagreement_filter,combined_stress,low_friction,cable_threading,6,84,0.535714,0.087903,0.581984,0.071421,0.254672,0.082426,0.200000
ensemble_disagreement_filter,combined_stress,soft_compliance,cable_threading,6,84,0.511905,0.099399,0.567810,0.073842,0.254337,0.080891,0.200000
ensemble_disagreement_filter,combined_stress,texture_aliasing,cable_threading,6,84,0.547619,0.098954,0.566071,0.072417,0.258090,0.088237,0.200000
ensemble_disagreement_filter,combined_stress,taxel_bias,cable_threading,6,84,0.488095,0.105552,0.567886,0.080145,0.260849,0.089986,0.200000
ensemble_disagreement_filter,combined_stress,transient_shear_spike,cable_threading,6,84,0.488095,0.113498,0.561510,0.078739,0.259501,0.085289,0.200000
ensemble_disagreement_filter,combined_stress,compound_contact_shift,cable_threading,6,84,0.583333,0.124609,0.551008,0.082582,0.260243,0.090205,0.200000
ensemble_disagreement_filter,combined_stress,source_matched,lid_twist_force_control,6,84,0.678571,0.083815,0.537687,0.066009,0.254529,0.087193,0.200000
ensemble_disagreement_filter,combined_stress,low_friction,lid_twist_force_control,6,84,0.690476,0.087382,0.543511,0.066740,0.247322,0.083864,0.200000
ensemble_disagreement_filter,combined_stress,soft_compliance,lid_twist_force_control,6,84,0.726190,0.091373,0.536087,0.061918,0.248916,0.085164,0.200000
ensemble_disagreement_filter,combined_stress,texture_aliasing,lid_twist_force_control,6,84,0.607143,0.108436,0.524592,0.077785,0.259122,0.088559,0.200000
ensemble_disagreement_filter,combined_stress,taxel_bias,lid_twist_force_control,6,84,0.666667,0.106033,0.530916,0.075637,0.253739,0.084110,0.200000
ensemble_disagreement_filter,combined_stress,transient_shear_spike,lid_twist_force_control,6,84,0.559524,0.114471,0.525278,0.077287,0.254648,0.087756,0.200000
ensemble_disagreement_filter,combined_stress,compound_contact_shift,lid_twist_force_control,6,84,0.619048,0.119079,0.523029,0.085040,0.259700,0.088193,0.200000
proposed_negative_transfer_guard,combined_stress,source_matched,slip_limited_grasp,0,84,0.833333,0.061249,0.615055,0.043552,0.217824,0.061494,0.200000
proposed_negative_transfer_guard,combined_stress,low_friction,slip_limited_grasp,0,84,0.821429,0.066724,0.624299,0.046589,0.220570,0.067731,0.200000
proposed_negative_transfer_guard,combined_stress,soft_compliance,slip_limited_grasp,0,84,0.654762,0.066456,0.612483,0.052453,0.223854,0.066985,0.200000
proposed_negative_transfer_guard,combined_stress,texture_aliasing,slip_limited_grasp,0,84,0.821429,0.069169,0.618673,0.051593,0.220770,0.069921,0.200000
proposed_negative_transfer_guard,combined_stress,taxel_bias,slip_limited_grasp,0,84,0.726190,0.069953,0.612964,0.056289,0.220828,0.068198,0.200000
proposed_negative_transfer_guard,combined_stress,transient_shear_spike,slip_limited_grasp,0,84,0.690476,0.080471,0.613239,0.058989,0.223079,0.066513,0.200000
proposed_negative_transfer_guard,combined_stress,compound_contact_shift,slip_limited_grasp,0,84,0.619048,0.080514,0.609730,0.068999,0.229929,0.074294,0.200000
proposed_negative_transfer_guard,combined_stress,source_matched,peg_in_hole_contact_search,0,84,0.738095,0.061478,0.594342,0.052567,0.222882,0.067995,0.200000
proposed_negative_transfer_guard,combined_stress,low_friction,peg_in_hole_contact_search,0,84,0.785714,0.057377,0.607231,0.046775,0.218173,0.067637,0.200000
proposed_negative_transfer_guard,combined_stress,soft_compliance,peg_in_hole_contact_search,0,84,0.654762,0.059467,0.598952,0.053554,0.222386,0.068515,0.200000
proposed_negative_transfer_guard,combined_stress,texture_aliasing,peg_in_hole_contact_search,0,84,0.654762,0.066969,0.594315,0.060532,0.225494,0.066744,0.200000
proposed_negative_transfer_guard,combined_stress,taxel_bias,peg_in_hole_contact_search,0,84,0.642857,0.075042,0.599541,0.060729,0.228912,0.070041,0.200000
proposed_negative_transfer_guard,combined_stress,transient_shear_spike,peg_in_hole_contact_search,0,84,0.690476,0.078198,0.588773,0.063706,0.224755,0.071291,0.200000
proposed_negative_transfer_guard,combined_stress,compound_contact_shift,peg_in_hole_contact_search,0,84,0.714286,0.083029,0.574437,0.067002,0.225078,0.074365,0.200000
proposed_negative_transfer_guard,combined_stress,source_matched,cloth_edge_pull,0,84,0.690476,0.058098,0.621159,0.049956,0.224951,0.065891,0.200000
proposed_negative_transfer_guard,combined_stress,low_friction,cloth_edge_pull,0,84,0.654762,0.067616,0.636469,0.056689,0.222818,0.066908,0.200000
proposed_negative_transfer_guard,combined_stress,soft_compliance,cloth_edge_pull,0,84,0.583333,0.061283,0.633563,0.055521,0.228348,0.061985,0.200000
proposed_negative_transfer_guard,combined_stress,texture_aliasing,cloth_edge_pull,0,84,0.738095,0.073980,0.618711,0.054610,0.224130,0.063792,0.200000
proposed_negative_transfer_guard,combined_stress,taxel_bias,cloth_edge_pull,0,84,0.690476,0.074890,0.613191,0.058211,0.223415,0.070160,0.200000
proposed_negative_transfer_guard,combined_stress,transient_shear_spike,cloth_edge_pull,0,84,0.630952,0.075172,0.616121,0.061663,0.227274,0.069431,0.200000
proposed_negative_transfer_guard,combined_stress,compound_contact_shift,cloth_edge_pull,0,84,0.571429,0.085199,0.609579,0.071026,0.232562,0.076083,0.200000
proposed_negative_transfer_guard,combined_stress,source_matched,cable_threading,0,84,0.642857,0.055846,0.641160,0.049137,0.224188,0.063497,0.200000
proposed_negative_transfer_guard,combined_stress,low_friction,cable_threading,0,84,0.619048,0.065725,0.639001,0.055848,0.222080,0.064762,0.200000
proposed_negative_transfer_guard,combined_stress,soft_compliance,cable_threading,0,84,0.619048,0.070857,0.635285,0.053682,0.225964,0.067735,0.200000
proposed_negative_transfer_guard,combined_stress,texture_aliasing,cable_threading,0,84,0.702381,0.071369,0.620163,0.061221,0.222912,0.069154,0.200000
proposed_negative_transfer_guard,combined_stress,taxel_bias,cable_threading,0,84,0.547619,0.073358,0.634272,0.060325,0.224846,0.068262,0.200000
proposed_negative_transfer_guard,combined_stress,transient_shear_spike,cable_threading,0,84,0.690476,0.071660,0.616223,0.057200,0.223742,0.066168,0.200000
proposed_negative_transfer_guard,combined_stress,compound_contact_shift,cable_threading,0,84,0.619048,0.081507,0.609411,0.066723,0.229124,0.072697,0.200000
proposed_negative_transfer_guard,combined_stress,source_matched,lid_twist_force_control,0,84,0.809524,0.064219,0.597746,0.050856,0.222432,0.062934,0.200000
proposed_negative_transfer_guard,combined_stress,low_friction,lid_twist_force_control,0,84,0.678571,0.063093,0.597090,0.051809,0.222921,0.064626,0.200000
proposed_negative_transfer_guard,combined_stress,soft_compliance,lid_twist_force_control,0,84,0.761905,0.060720,0.582115,0.049808,0.220301,0.062429,0.200000
proposed_negative_transfer_guard,combined_stress,texture_aliasing,lid_twist_force_control,0,84,0.690476,0.066733,0.593255,0.057431,0.223702,0.067638,0.200000
proposed_negative_transfer_guard,combined_stress,taxel_bias,lid_twist_force_control,0,84,0.654762,0.071729,0.593864,0.055864,0.225497,0.068816,0.200000
proposed_negative_transfer_guard,combined_stress,transient_shear_spike,lid_twist_force_control,0,84,0.714286,0.082529,0.576553,0.064404,0.226222,0.067325,0.200000
proposed_negative_transfer_guard,combined_stress,compound_contact_shift,lid_twist_force_control,0,84,0.642857,0.085872,0.577994,0.068940,0.227268,0.069375,0.200000
proposed_negative_transfer_guard,combined_stress,source_matched,slip_limited_grasp,1,84,0.642857,0.061813,0.615883,0.048754,0.221632,0.061911,0.200000
proposed_negative_transfer_guard,combined_stress,low_friction,slip_limited_grasp,1,84,0.821429,0.067276,0.625109,0.047020,0.220942,0.068139,0.200000
proposed_negative_transfer_guard,combined_stress,soft_compliance,slip_limited_grasp,1,84,0.666667,0.067026,0.613320,0.052600,0.224024,0.067405,0.200000
proposed_negative_transfer_guard,combined_stress,texture_aliasing,slip_limited_grasp,1,84,0.738095,0.069745,0.619519,0.054126,0.222658,0.070345,0.200000
proposed_negative_transfer_guard,combined_stress,taxel_bias,slip_limited_grasp,1,84,0.702381,0.070493,0.613756,0.057306,0.221621,0.068598,0.200000
proposed_negative_transfer_guard,combined_stress,transient_shear_spike,slip_limited_grasp,1,84,0.845238,0.081077,0.614130,0.055593,0.220701,0.066959,0.200000
proposed_negative_transfer_guard,combined_stress,compound_contact_shift,slip_limited_grasp,1,84,0.726190,0.081126,0.610630,0.066798,0.228412,0.074744,0.200000
proposed_negative_transfer_guard,combined_stress,source_matched,peg_in_hole_contact_search,1,84,0.761905,0.062090,0.595242,0.052449,0.222865,0.068444,0.200000
proposed_negative_transfer_guard,combined_stress,low_friction,peg_in_hole_contact_search,1,84,0.714286,0.057977,0.590104,0.049029,0.219862,0.068078,0.200000
proposed_negative_transfer_guard,combined_stress,soft_compliance,peg_in_hole_contact_search,1,84,0.690476,0.060085,0.599861,0.053143,0.222159,0.068968,0.200000
proposed_negative_transfer_guard,combined_stress,texture_aliasing,peg_in_hole_contact_search,1,84,0.619048,0.067593,0.595233,0.061911,0.226557,0.067201,0.200000
proposed_negative_transfer_guard,combined_stress,taxel_bias,peg_in_hole_contact_search,1,84,0.666667,0.075630,0.582396,0.060592,0.228880,0.070474,0.200000
proposed_negative_transfer_guard,combined_stress,transient_shear_spike,peg_in_hole_contact_search,1,84,0.583333,0.078852,0.589736,0.066894,0.227124,0.071769,0.200000
proposed_negative_transfer_guard,combined_stress,compound_contact_shift,peg_in_hole_contact_search,1,84,0.654762,0.083689,0.575409,0.069004,0.226594,0.074848,0.200000
proposed_negative_transfer_guard,combined_stress,source_matched,cloth_edge_pull,1,84,0.773810,0.058644,0.621960,0.048299,0.223819,0.066295,0.200000
proposed_negative_transfer_guard,combined_stress,low_friction,cloth_edge_pull,1,84,0.702381,0.068150,0.619243,0.047912,0.222321,0.067304,0.200000
proposed_negative_transfer_guard,combined_stress,soft_compliance,cloth_edge_pull,1,84,0.630952,0.061835,0.634373,0.054762,0.227862,0.062393,0.200000
proposed_negative_transfer_guard,combined_stress,texture_aliasing,cloth_edge_pull,1,84,0.619048,0.074538,0.619530,0.058022,0.226649,0.064205,0.200000
proposed_negative_transfer_guard,combined_stress,taxel_bias,cloth_edge_pull,1,84,0.702381,0.075412,0.613956,0.058322,0.223553,0.070548,0.200000
proposed_negative_transfer_guard,combined_stress,transient_shear_spike,cloth_edge_pull,1,84,0.619048,0.075760,0.616985,0.062420,0.227885,0.069863,0.200000
proposed_negative_transfer_guard,combined_stress,compound_contact_shift,cloth_edge_pull,1,84,0.559524,0.085793,0.610452,0.071787,0.233176,0.068516,0.200000
proposed_negative_transfer_guard,combined_stress,source_matched,cable_threading,1,84,0.702381,0.056392,0.641961,0.048076,0.223484,0.063901,0.200000
proposed_negative_transfer_guard,combined_stress,low_friction,cable_threading,1,84,0.654762,0.066259,0.639784,0.055373,0.221797,0.065158,0.200000
proposed_negative_transfer_guard,combined_stress,soft_compliance,cable_threading,1,84,0.583333,0.059403,0.636095,0.053805,0.226979,0.067879,0.200000
proposed_negative_transfer_guard,combined_stress,texture_aliasing,cable_threading,1,84,0.726190,0.071927,0.620982,0.061062,0.222860,0.069566,0.200000
proposed_negative_transfer_guard,combined_stress,taxel_bias,cable_threading,1,84,0.690476,0.073880,0.617028,0.057162,0.222626,0.068649,0.200000
proposed_negative_transfer_guard,combined_stress,transient_shear_spike,cable_threading,1,84,0.547619,0.072248,0.617087,0.061230,0.226710,0.066601,0.200000
proposed_negative_transfer_guard,combined_stress,compound_contact_shift,cable_threading,1,84,0.559524,0.082101,0.610284,0.068674,0.230596,0.073134,0.200000
proposed_negative_transfer_guard,combined_stress,source_matched,lid_twist_force_control,1,84,0.833333,0.064813,0.598619,0.050724,0.222403,0.063371,0.200000
proposed_negative_transfer_guard,combined_stress,low_friction,lid_twist_force_control,1,84,0.714286,0.063675,0.597945,0.051370,0.222670,0.065054,0.200000
proposed_negative_transfer_guard,combined_stress,soft_compliance,lid_twist_force_control,1,84,0.750000,0.061320,0.582997,0.050574,0.220919,0.062871,0.200000
proposed_negative_transfer_guard,combined_stress,texture_aliasing,lid_twist_force_control,1,84,0.702381,0.067339,0.594146,0.057606,0.223896,0.068083,0.200000
proposed_negative_transfer_guard,combined_stress,taxel_bias,lid_twist_force_control,1,84,0.678571,0.072299,0.594701,0.055714,0.225453,0.069236,0.200000
proposed_negative_transfer_guard,combined_stress,transient_shear_spike,lid_twist_force_control,1,84,0.702381,0.071159,0.577489,0.063996,0.226864,0.067527,0.200000
proposed_negative_transfer_guard,combined_stress,compound_contact_shift,lid_twist_force_control,1,84,0.654762,0.086514,0.578939,0.069142,0.227485,0.069845,0.200000
proposed_negative_transfer_guard,combined_stress,source_matched,slip_limited_grasp,2,84,0.773810,0.062377,0.616711,0.045920,0.219655,0.062327,0.200000
proposed_negative_transfer_guard,combined_stress,low_friction,slip_limited_grasp,2,84,0.750000,0.067828,0.625919,0.049237,0.222600,0.068547,0.200000
proposed_negative_transfer_guard,combined_stress,soft_compliance,slip_limited_grasp,2,84,0.666667,0.067596,0.614157,0.053045,0.224408,0.067826,0.200000
proposed_negative_transfer_guard,combined_stress,texture_aliasing,slip_limited_grasp,2,84,0.761905,0.070321,0.620365,0.053981,0.222617,0.070770,0.200000
proposed_negative_transfer_guard,combined_stress,taxel_bias,slip_limited_grasp,2,84,0.702381,0.071033,0.614548,0.057728,0.221985,0.068998,0.200000
proposed_negative_transfer_guard,combined_stress,transient_shear_spike,slip_limited_grasp,2,84,0.642857,0.081683,0.615021,0.061125,0.224752,0.067404,0.200000
proposed_negative_transfer_guard,combined_stress,compound_contact_shift,slip_limited_grasp,2,84,0.726190,0.081738,0.611530,0.067275,0.228824,0.075193,0.200000
proposed_negative_transfer_guard,combined_stress,source_matched,peg_in_hole_contact_search,2,84,0.702381,0.062702,0.596142,0.054415,0.224349,0.060890,0.200000
proposed_negative_transfer_guard,combined_stress,low_friction,peg_in_hole_contact_search,2,84,0.630952,0.058577,0.590986,0.051580,0.221766,0.068519,0.200000
proposed_negative_transfer_guard,combined_stress,soft_compliance,peg_in_hole_contact_search,2,84,0.714286,0.060703,0.600770,0.053029,0.222146,0.069422,0.200000
proposed_negative_transfer_guard,combined_stress,texture_aliasing,peg_in_hole_contact_search,2,84,0.583333,0.068217,0.596151,0.063290,0.227620,0.067659,0.200000
proposed_negative_transfer_guard,combined_stress,taxel_bias,peg_in_hole_contact_search,2,84,0.654762,0.076218,0.583260,0.061349,0.229490,0.070907,0.200000
proposed_negative_transfer_guard,combined_stress,transient_shear_spike,peg_in_hole_contact_search,2,84,0.714286,0.079506,0.590699,0.064129,0.225206,0.072248,0.200000
proposed_negative_transfer_guard,combined_stress,compound_contact_shift,peg_in_hole_contact_search,2,84,0.666667,0.084349,0.576381,0.069220,0.226824,0.075330,0.200000
proposed_negative_transfer_guard,combined_stress,source_matched,cloth_edge_pull,2,84,0.654762,0.059190,0.622761,0.051702,0.226330,0.066699,0.200000
proposed_negative_transfer_guard,combined_stress,low_friction,cloth_edge_pull,2,84,0.702381,0.056678,0.620026,0.047128,0.222681,0.067436,0.200000
proposed_negative_transfer_guard,combined_stress,soft_compliance,cloth_edge_pull,2,84,0.666667,0.062387,0.617174,0.054300,0.227592,0.062801,0.200000
proposed_negative_transfer_guard,combined_stress,texture_aliasing,cloth_edge_pull,2,84,0.702381,0.075096,0.620349,0.056374,0.225525,0.064617,0.200000
proposed_negative_transfer_guard,combined_stress,taxel_bias,cloth_edge_pull,2,84,0.690476,0.075934,0.614721,0.059027,0.224119,0.070935,0.200000
proposed_negative_transfer_guard,combined_stress,transient_shear_spike,cloth_edge_pull,2,84,0.583333,0.076348,0.617849,0.063771,0.228924,0.070296,0.200000
proposed_negative_transfer_guard,combined_stress,compound_contact_shift,cloth_edge_pull,2,84,0.630952,0.086387,0.611325,0.070465,0.232290,0.068953,0.200000
proposed_negative_transfer_guard,combined_stress,source_matched,cable_threading,2,84,0.690476,0.056938,0.624753,0.048800,0.224066,0.064305,0.200000
proposed_negative_transfer_guard,combined_stress,low_friction,cable_threading,2,84,0.583333,0.066793,0.640567,0.057576,0.223443,0.065553,0.200000
proposed_negative_transfer_guard,combined_stress,soft_compliance,cable_threading,2,84,0.595238,0.059955,0.636905,0.053939,0.227137,0.068287,0.200000
proposed_negative_transfer_guard,combined_stress,texture_aliasing,cable_threading,2,84,0.630952,0.072485,0.621801,0.055875,0.224950,0.069979,0.200000
proposed_negative_transfer_guard,combined_stress,taxel_bias,cable_threading,2,84,0.583333,0.074402,0.617793,0.060249,0.224907,0.069037,0.200000
proposed_negative_transfer_guard,combined_stress,transient_shear_spike,cable_threading,2,84,0.595238,0.072836,0.617951,0.060499,0.226249,0.067034,0.200000
proposed_negative_transfer_guard,combined_stress,compound_contact_shift,cable_threading,2,84,0.607143,0.082695,0.611157,0.067947,0.230138,0.073571,0.200000
proposed_negative_transfer_guard,combined_stress,source_matched,lid_twist_force_control,2,84,0.702381,0.065407,0.599492,0.054461,0.225160,0.063808,0.200000
proposed_negative_transfer_guard,combined_stress,low_friction,lid_twist_force_control,2,84,0.785714,0.064257,0.598800,0.050039,0.221776,0.065483,0.200000
proposed_negative_transfer_guard,combined_stress,soft_compliance,lid_twist_force_control,2,84,0.726190,0.061920,0.583879,0.051637,0.221752,0.063312,0.200000
proposed_negative_transfer_guard,combined_stress,texture_aliasing,lid_twist_force_control,2,84,0.654762,0.067945,0.595037,0.059269,0.225161,0.068528,0.200000
proposed_negative_transfer_guard,combined_stress,taxel_bias,lid_twist_force_control,2,84,0.714286,0.072869,0.577529,0.055266,0.225194,0.069657,0.200000
proposed_negative_transfer_guard,combined_stress,transient_shear_spike,lid_twist_force_control,2,84,0.773810,0.071795,0.578425,0.062706,0.226006,0.067993,0.200000
proposed_negative_transfer_guard,combined_stress,compound_contact_shift,lid_twist_force_control,2,84,0.690476,0.087156,0.579884,0.068750,0.227274,0.070315,0.200000
proposed_negative_transfer_guard,combined_stress,source_matched,slip_limited_grasp,3,84,0.761905,0.062941,0.617539,0.046658,0.220249,0.062744,0.200000
proposed_negative_transfer_guard,combined_stress,low_friction,slip_limited_grasp,3,84,0.678571,0.068380,0.626729,0.051454,0.224257,0.068955,0.200000
proposed_negative_transfer_guard,combined_stress,soft_compliance,slip_limited_grasp,3,84,0.750000,0.068166,0.614994,0.051407,0.223292,0.068247,0.200000
proposed_negative_transfer_guard,combined_stress,texture_aliasing,slip_limited_grasp,3,84,0.738095,0.070897,0.621211,0.055025,0.223434,0.071195,0.200000
proposed_negative_transfer_guard,combined_stress,taxel_bias,slip_limited_grasp,3,84,0.630952,0.071573,0.615340,0.059935,0.223635,0.069398,0.200000
proposed_negative_transfer_guard,combined_stress,transient_shear_spike,slip_limited_grasp,3,84,0.559524,0.082289,0.615912,0.063681,0.226660,0.067849,0.200000
proposed_negative_transfer_guard,combined_stress,compound_contact_shift,slip_limited_grasp,3,84,0.690476,0.082350,0.612430,0.068645,0.229879,0.075643,0.200000
proposed_negative_transfer_guard,combined_stress,source_matched,peg_in_hole_contact_search,3,84,0.678571,0.063314,0.597042,0.047483,0.225189,0.061339,0.200000
proposed_negative_transfer_guard,combined_stress,low_friction,peg_in_hole_contact_search,3,84,0.702381,0.059177,0.591868,0.050262,0.220885,0.060956,0.200000
proposed_negative_transfer_guard,combined_stress,soft_compliance,peg_in_hole_contact_search,3,84,0.654762,0.061321,0.601679,0.054999,0.223634,0.061871,0.200000
proposed_negative_transfer_guard,combined_stress,texture_aliasing,peg_in_hole_contact_search,3,84,0.702381,0.068841,0.597069,0.060801,0.225897,0.068117,0.200000
proposed_negative_transfer_guard,combined_stress,taxel_bias,peg_in_hole_contact_search,3,84,0.654762,0.076806,0.584124,0.061808,0.229886,0.071340,0.200000
proposed_negative_transfer_guard,combined_stress,transient_shear_spike,peg_in_hole_contact_search,3,84,0.702381,0.080160,0.591662,0.064936,0.225861,0.072726,0.200000
proposed_negative_transfer_guard,combined_stress,compound_contact_shift,peg_in_hole_contact_search,3,84,0.654762,0.085009,0.577353,0.070032,0.227482,0.075813,0.200000
proposed_negative_transfer_guard,combined_stress,source_matched,cloth_edge_pull,3,84,0.750000,0.059736,0.623562,0.049748,0.216980,0.067103,0.200000
proposed_negative_transfer_guard,combined_stress,low_friction,cloth_edge_pull,3,84,0.750000,0.057212,0.620809,0.046355,0.222184,0.067831,0.200000
proposed_negative_transfer_guard,combined_stress,soft_compliance,cloth_edge_pull,3,84,0.666667,0.062939,0.617984,0.054731,0.219960,0.063209,0.200000
proposed_negative_transfer_guard,combined_stress,texture_aliasing,cloth_edge_pull,3,84,0.678571,0.075654,0.621168,0.057405,0.226329,0.065029,0.200000
proposed_negative_transfer_guard,combined_stress,taxel_bias,cloth_edge_pull,3,84,0.714286,0.076456,0.615486,0.058840,0.224042,0.071323,0.200000
proposed_negative_transfer_guard,combined_stress,transient_shear_spike,cloth_edge_pull,3,84,0.702381,0.076936,0.618713,0.061254,0.227177,0.070729,0.200000
proposed_negative_transfer_guard,combined_stress,compound_contact_shift,cloth_edge_pull,3,84,0.630952,0.086981,0.612198,0.070928,0.232690,0.069390,0.200000
proposed_negative_transfer_guard,combined_stress,source_matched,cable_threading,3,84,0.750000,0.057484,0.625554,0.047738,0.223363,0.064709,0.200000
proposed_negative_transfer_guard,combined_stress,low_friction,cable_threading,3,84,0.619048,0.067327,0.641350,0.057101,0.223160,0.065949,0.200000
proposed_negative_transfer_guard,combined_stress,soft_compliance,cable_threading,3,84,0.595238,0.060507,0.637715,0.054370,0.227509,0.068695,0.200000
proposed_negative_transfer_guard,combined_stress,texture_aliasing,cable_threading,3,84,0.595238,0.073043,0.622620,0.057203,0.225969,0.070391,0.200000
proposed_negative_transfer_guard,combined_stress,taxel_bias,cable_threading,3,84,0.619048,0.074924,0.618558,0.059764,0.224616,0.069424,0.200000
proposed_negative_transfer_guard,combined_stress,transient_shear_spike,cable_threading,3,84,0.726190,0.073424,0.618815,0.057684,0.224288,0.067467,0.200000
proposed_negative_transfer_guard,combined_stress,compound_contact_shift,cable_threading,3,84,0.619048,0.083289,0.612030,0.068113,0.230324,0.074008,0.200000
proposed_negative_transfer_guard,combined_stress,source_matched,lid_twist_force_control,3,84,0.726190,0.066001,0.600365,0.054329,0.225132,0.064246,0.200000
proposed_negative_transfer_guard,combined_stress,low_friction,lid_twist_force_control,3,84,0.785714,0.064839,0.599655,0.050493,0.222168,0.065912,0.200000
proposed_negative_transfer_guard,combined_stress,soft_compliance,lid_twist_force_control,3,84,0.726190,0.062520,0.584761,0.052105,0.222156,0.063753,0.200000
proposed_negative_transfer_guard,combined_stress,texture_aliasing,lid_twist_force_control,3,84,0.761905,0.068551,0.577919,0.057063,0.223641,0.068974,0.200000
proposed_negative_transfer_guard,combined_stress,taxel_bias,lid_twist_force_control,3,84,0.785714,0.073439,0.578366,0.053925,0.224292,0.070077,0.200000
proposed_negative_transfer_guard,combined_stress,transient_shear_spike,lid_twist_force_control,3,84,0.619048,0.072431,0.579361,0.059067,0.229220,0.068459,0.200000
proposed_negative_transfer_guard,combined_stress,compound_contact_shift,lid_twist_force_control,3,84,0.678571,0.087798,0.580829,0.069547,0.227921,0.070785,0.200000
proposed_negative_transfer_guard,combined_stress,source_matched,slip_limited_grasp,4,84,0.785714,0.063505,0.618367,0.046504,0.220201,0.063160,0.200000
proposed_negative_transfer_guard,combined_stress,low_friction,slip_limited_grasp,4,84,0.702381,0.056926,0.627539,0.050089,0.224201,0.061095,0.200000
proposed_negative_transfer_guard,combined_stress,soft_compliance,slip_limited_grasp,4,84,0.714286,0.068736,0.615831,0.052744,0.224319,0.068667,0.200000
proposed_negative_transfer_guard,combined_stress,texture_aliasing,slip_limited_grasp,4,84,0.678571,0.071473,0.622057,0.056963,0.224893,0.063615,0.200000
proposed_negative_transfer_guard,combined_stress,taxel_bias,slip_limited_grasp,4,84,0.773810,0.072113,0.616132,0.056786,0.221427,0.069797,0.200000
proposed_negative_transfer_guard,combined_stress,transient_shear_spike,slip_limited_grasp,4,84,0.619048,0.070889,0.616803,0.061465,0.225997,0.068030,0.200000
proposed_negative_transfer_guard,combined_stress,compound_contact_shift,slip_limited_grasp,4,84,0.666667,0.082962,0.613330,0.069718,0.230720,0.076092,0.200000
proposed_negative_transfer_guard,combined_stress,source_matched,peg_in_hole_contact_search,4,84,0.690476,0.063926,0.597942,0.047663,0.225387,0.061789,0.200000
proposed_negative_transfer_guard,combined_stress,low_friction,peg_in_hole_contact_search,4,84,0.773810,0.059777,0.592750,0.048944,0.220003,0.061397,0.200000
proposed_negative_transfer_guard,combined_stress,soft_compliance,peg_in_hole_contact_search,4,84,0.678571,0.061939,0.602588,0.054886,0.223621,0.062325,0.200000
proposed_negative_transfer_guard,combined_stress,texture_aliasing,peg_in_hole_contact_search,4,84,0.702381,0.069465,0.597987,0.061287,0.226317,0.068575,0.200000
proposed_negative_transfer_guard,combined_stress,taxel_bias,peg_in_hole_contact_search,4,84,0.678571,0.065388,0.584988,0.060471,0.221849,0.071509,0.200000
proposed_negative_transfer_guard,combined_stress,transient_shear_spike,peg_in_hole_contact_search,4,84,0.773810,0.080814,0.592625,0.063660,0.225015,0.073204,0.200000
proposed_negative_transfer_guard,combined_stress,compound_contact_shift,peg_in_hole_contact_search,4,84,0.595238,0.085669,0.578325,0.072034,0.228997,0.068291,0.200000
proposed_negative_transfer_guard,combined_stress,source_matched,cloth_edge_pull,4,84,0.678571,0.060282,0.624363,0.051960,0.218633,0.067507,0.200000
proposed_negative_transfer_guard,combined_stress,low_friction,cloth_edge_pull,4,84,0.666667,0.057746,0.621592,0.048856,0.224044,0.068227,0.200000
proposed_negative_transfer_guard,combined_stress,soft_compliance,cloth_edge_pull,4,84,0.714286,0.063491,0.618794,0.053972,0.219474,0.063618,0.200000
proposed_negative_transfer_guard,combined_stress,texture_aliasing,cloth_edge_pull,4,84,0.630952,0.076212,0.621987,0.059031,0.227562,0.065441,0.200000
proposed_negative_transfer_guard,combined_stress,taxel_bias,cloth_edge_pull,4,84,0.571429,0.076978,0.616251,0.062820,0.226966,0.071710,0.200000
proposed_negative_transfer_guard,combined_stress,transient_shear_spike,cloth_edge_pull,4,84,0.595238,0.077524,0.619577,0.064391,0.229501,0.071162,0.200000
proposed_negative_transfer_guard,combined_stress,compound_contact_shift,cloth_edge_pull,4,84,0.678571,0.087575,0.613071,0.070201,0.232233,0.069827,0.200000
proposed_negative_transfer_guard,combined_stress,source_matched,cable_threading,4,84,0.654762,0.058030,0.626355,0.050546,0.225445,0.065113,0.200000
proposed_negative_transfer_guard,combined_stress,low_friction,cable_threading,4,84,0.714286,0.067861,0.624124,0.055137,0.221806,0.066345,0.200000
proposed_negative_transfer_guard,combined_stress,soft_compliance,cable_threading,4,84,0.619048,0.061059,0.638525,0.054206,0.227452,0.069103,0.200000
proposed_negative_transfer_guard,combined_stress,texture_aliasing,cable_threading,4,84,0.571429,0.073601,0.623439,0.058234,0.226773,0.070803,0.200000
proposed_negative_transfer_guard,combined_stress,taxel_bias,cable_threading,4,84,0.785714,0.075446,0.619323,0.056006,0.221968,0.069812,0.200000
proposed_negative_transfer_guard,combined_stress,transient_shear_spike,cable_threading,4,84,0.619048,0.074012,0.619679,0.060821,0.226612,0.067900,0.200000
proposed_negative_transfer_guard,combined_stress,compound_contact_shift,cable_threading,4,84,0.630952,0.083883,0.612903,0.068279,0.230510,0.074445,0.200000
proposed_negative_transfer_guard,combined_stress,source_matched,lid_twist_force_control,4,84,0.619048,0.066595,0.601238,0.049467,0.219456,0.064683,0.200000
proposed_negative_transfer_guard,combined_stress,low_friction,lid_twist_force_control,4,84,0.678571,0.065421,0.600510,0.053626,0.224489,0.066341,0.200000
proposed_negative_transfer_guard,combined_stress,soft_compliance,lid_twist_force_control,4,84,0.738095,0.063120,0.585643,0.052276,0.222345,0.064194,0.200000
proposed_negative_transfer_guard,combined_stress,texture_aliasing,lid_twist_force_control,4,84,0.750000,0.069157,0.578810,0.057834,0.224263,0.069419,0.200000
proposed_negative_transfer_guard,combined_stress,taxel_bias,lid_twist_force_control,4,84,0.690476,0.074009,0.579203,0.056751,0.226390,0.070498,0.200000
proposed_negative_transfer_guard,combined_stress,transient_shear_spike,lid_twist_force_control,4,84,0.726190,0.073067,0.580297,0.056884,0.227720,0.068925,0.200000
proposed_negative_transfer_guard,combined_stress,compound_contact_shift,lid_twist_force_control,4,84,0.738095,0.088440,0.581774,0.068560,0.227281,0.071255,0.200000
proposed_negative_transfer_guard,combined_stress,source_matched,slip_limited_grasp,5,84,0.809524,0.064069,0.619195,0.046349,0.220152,0.063576,0.200000
proposed_negative_transfer_guard,combined_stress,low_friction,slip_limited_grasp,5,84,0.714286,0.057478,0.628349,0.050223,0.224359,0.061503,0.200000
proposed_negative_transfer_guard,combined_stress,soft_compliance,slip_limited_grasp,5,84,0.678571,0.069306,0.616668,0.054082,0.225345,0.069088,0.200000
proposed_negative_transfer_guard,combined_stress,texture_aliasing,slip_limited_grasp,5,84,0.797619,0.072049,0.622903,0.054436,0.223139,0.064040,0.200000
proposed_negative_transfer_guard,combined_stress,taxel_bias,slip_limited_grasp,5,84,0.702381,0.072653,0.616924,0.058994,0.223077,0.070197,0.200000
proposed_negative_transfer_guard,combined_stress,transient_shear_spike,slip_limited_grasp,5,84,0.690476,0.071495,0.617694,0.060152,0.225119,0.068476,0.200000
proposed_negative_transfer_guard,combined_stress,compound_contact_shift,slip_limited_grasp,5,84,0.642857,0.083574,0.596221,0.070790,0.231560,0.068538,0.200000
proposed_negative_transfer_guard,combined_stress,source_matched,peg_in_hole_contact_search,5,84,0.654762,0.064538,0.598842,0.049033,0.226442,0.062238,0.200000
proposed_negative_transfer_guard,combined_stress,low_friction,peg_in_hole_contact_search,5,84,0.690476,0.060377,0.593632,0.051496,0.221907,0.061839,0.200000
proposed_negative_transfer_guard,combined_stress,soft_compliance,peg_in_hole_contact_search,5,84,0.726190,0.062557,0.603497,0.054177,0.223180,0.062779,0.200000
proposed_negative_transfer_guard,combined_stress,texture_aliasing,peg_in_hole_contact_search,5,84,0.773810,0.070089,0.598905,0.051984,0.225451,0.069032,0.200000
proposed_negative_transfer_guard,combined_stress,taxel_bias,peg_in_hole_contact_search,5,84,0.797619,0.065976,0.585852,0.049949,0.220102,0.063938,0.200000
proposed_negative_transfer_guard,combined_stress,transient_shear_spike,peg_in_hole_contact_search,5,84,0.642857,0.081468,0.593588,0.059439,0.227812,0.065679,0.200000
proposed_negative_transfer_guard,combined_stress,compound_contact_shift,peg_in_hole_contact_search,5,84,0.630952,0.086329,0.579297,0.071655,0.228798,0.068774,0.200000
proposed_negative_transfer_guard,combined_stress,source_matched,cloth_edge_pull,5,84,0.642857,0.060828,0.625164,0.053279,0.219644,0.067911,0.200000
proposed_negative_transfer_guard,combined_stress,low_friction,cloth_edge_pull,5,84,0.595238,0.058280,0.622375,0.051059,0.225689,0.068623,0.200000
proposed_negative_transfer_guard,combined_stress,soft_compliance,cloth_edge_pull,5,84,0.654762,0.064043,0.619604,0.055891,0.220918,0.064026,0.200000
proposed_negative_transfer_guard,combined_stress,texture_aliasing,cloth_edge_pull,5,84,0.750000,0.076770,0.622806,0.056491,0.225796,0.065854,0.200000
proposed_negative_transfer_guard,combined_stress,taxel_bias,cloth_edge_pull,5,84,0.571429,0.065494,0.617016,0.062028,0.227318,0.071834,0.200000
proposed_negative_transfer_guard,combined_stress,transient_shear_spike,cloth_edge_pull,5,84,0.642857,0.078112,0.620441,0.063660,0.229040,0.071595,0.200000
proposed_negative_transfer_guard,combined_stress,compound_contact_shift,cloth_edge_pull,5,84,0.642857,0.088169,0.613944,0.071557,0.233276,0.070264,0.200000
proposed_negative_transfer_guard,combined_stress,source_matched,cable_threading,5,84,0.690476,0.058576,0.627156,0.050080,0.225170,0.065517,0.200000
proposed_negative_transfer_guard,combined_stress,low_friction,cable_threading,5,84,0.666667,0.068395,0.624907,0.056745,0.223023,0.066741,0.200000
proposed_negative_transfer_guard,combined_stress,soft_compliance,cable_threading,5,84,0.607143,0.061611,0.639335,0.054935,0.228038,0.069511,0.200000
proposed_negative_transfer_guard,combined_stress,texture_aliasing,cable_threading,5,84,0.642857,0.074159,0.624258,0.056884,0.225864,0.071215,0.200000
proposed_negative_transfer_guard,combined_stress,taxel_bias,cable_threading,5,84,0.607143,0.075968,0.620088,0.060878,0.225534,0.070199,0.200000
proposed_negative_transfer_guard,combined_stress,transient_shear_spike,cable_threading,5,84,0.666667,0.074600,0.620543,0.060089,0.226151,0.068333,0.200000
proposed_negative_transfer_guard,combined_stress,compound_contact_shift,cable_threading,5,84,0.559524,0.084477,0.613776,0.070528,0.232196,0.074882,0.200000
proposed_negative_transfer_guard,combined_stress,source_matched,lid_twist_force_control,5,84,0.678571,0.067189,0.602111,0.048443,0.218785,0.065120,0.200000
proposed_negative_transfer_guard,combined_stress,low_friction,lid_twist_force_control,5,84,0.738095,0.066003,0.601365,0.052592,0.223809,0.066770,0.200000
proposed_negative_transfer_guard,combined_stress,soft_compliance,lid_twist_force_control,5,84,0.619048,0.063720,0.586525,0.055720,0.224892,0.064635,0.200000
proposed_negative_transfer_guard,combined_stress,texture_aliasing,lid_twist_force_control,5,84,0.666667,0.069763,0.579701,0.060390,0.226171,0.069864,0.200000
proposed_negative_transfer_guard,combined_stress,taxel_bias,lid_twist_force_control,5,84,0.666667,0.074579,0.580040,0.057791,0.227203,0.070918,0.200000
proposed_negative_transfer_guard,combined_stress,transient_shear_spike,lid_twist_force_control,5,84,0.654762,0.073703,0.581233,0.059165,0.229433,0.069391,0.200000
proposed_negative_transfer_guard,combined_stress,compound_contact_shift,lid_twist_force_control,5,84,0.619048,0.089082,0.582719,0.072036,0.229856,0.071725,0.200000
proposed_negative_transfer_guard,combined_stress,source_matched,slip_limited_grasp,6,84,0.773810,0.064633,0.620023,0.047682,0.221175,0.063993,0.200000
proposed_negative_transfer_guard,combined_stress,low_friction,slip_limited_grasp,6,84,0.678571,0.058030,0.629159,0.051547,0.225373,0.061912,0.200000
proposed_negative_transfer_guard,combined_stress,soft_compliance,slip_limited_grasp,6,84,0.607143,0.069876,0.617505,0.056313,0.227015,0.069508,0.200000
proposed_negative_transfer_guard,combined_stress,texture_aliasing,slip_limited_grasp,6,84,0.738095,0.072625,0.623749,0.056374,0.224598,0.064465,0.200000
proposed_negative_transfer_guard,combined_stress,taxel_bias,slip_limited_grasp,6,84,0.761905,0.073193,0.617716,0.057928,0.222369,0.070597,0.200000
proposed_negative_transfer_guard,combined_stress,transient_shear_spike,slip_limited_grasp,6,84,0.702381,0.072101,0.618585,0.060327,0.225313,0.068921,0.200000
proposed_negative_transfer_guard,combined_stress,compound_contact_shift,slip_limited_grasp,6,84,0.595238,0.084186,0.597121,0.072458,0.232829,0.068987,0.200000
proposed_negative_transfer_guard,combined_stress,source_matched,peg_in_hole_contact_search,6,84,0.702381,0.065150,0.599742,0.048320,0.217993,0.062688,0.200000
proposed_negative_transfer_guard,combined_stress,low_friction,peg_in_hole_contact_search,6,84,0.690476,0.060977,0.594514,0.051964,0.222311,0.062280,0.200000
proposed_negative_transfer_guard,combined_stress,soft_compliance,peg_in_hole_contact_search,6,84,0.714286,0.063175,0.604406,0.054956,0.223810,0.063232,0.200000
proposed_negative_transfer_guard,combined_stress,texture_aliasing,peg_in_hole_contact_search,6,84,0.785714,0.070713,0.599823,0.052172,0.225657,0.069490,0.200000
proposed_negative_transfer_guard,combined_stress,taxel_bias,peg_in_hole_contact_search,6,84,0.654762,0.066564,0.586716,0.053979,0.223070,0.064371,0.200000
proposed_negative_transfer_guard,combined_stress,transient_shear_spike,peg_in_hole_contact_search,6,84,0.714286,0.082122,0.594551,0.058163,0.226966,0.066157,0.200000
proposed_negative_transfer_guard,combined_stress,compound_contact_shift,peg_in_hole_contact_search,6,84,0.690476,0.086989,0.580269,0.070681,0.228171,0.069256,0.200000
proposed_negative_transfer_guard,combined_stress,source_matched,cloth_edge_pull,6,84,0.654762,0.061374,0.625965,0.053408,0.219798,0.068315,0.200000
proposed_negative_transfer_guard,combined_stress,low_friction,cloth_edge_pull,6,84,0.630952,0.058814,0.623158,0.050584,0.225406,0.061015,0.200000
proposed_negative_transfer_guard,combined_stress,soft_compliance,cloth_edge_pull,6,84,0.654762,0.064595,0.620414,0.056322,0.221290,0.064434,0.200000
proposed_negative_transfer_guard,combined_stress,texture_aliasing,cloth_edge_pull,6,84,0.642857,0.065322,0.623625,0.058405,0.228100,0.066002,0.200000
proposed_negative_transfer_guard,combined_stress,taxel_bias,cloth_edge_pull,6,84,0.619048,0.066016,0.617781,0.061245,0.226813,0.064217,0.200000
proposed_negative_transfer_guard,combined_stress,transient_shear_spike,cloth_edge_pull,6,84,0.702381,0.078700,0.621305,0.062630,0.228365,0.072028,0.200000
proposed_negative_transfer_guard,combined_stress,compound_contact_shift,cloth_edge_pull,6,84,0.630952,0.088763,0.614817,0.072318,0.233890,0.070702,0.200000
proposed_negative_transfer_guard,combined_stress,source_matched,cable_threading,6,84,0.666667,0.059122,0.627957,0.051102,0.225967,0.065921,0.200000
proposed_negative_transfer_guard,combined_stress,low_friction,cable_threading,6,84,0.642857,0.056923,0.625690,0.048553,0.223812,0.066872,0.200000
proposed_negative_transfer_guard,combined_stress,soft_compliance,cable_threading,6,84,0.714286,0.062163,0.622136,0.052687,0.226482,0.069920,0.200000
proposed_negative_transfer_guard,combined_stress,texture_aliasing,cable_threading,6,84,0.642857,0.074717,0.625077,0.057320,0.226240,0.071628,0.200000
proposed_negative_transfer_guard,combined_stress,taxel_bias,cable_threading,6,84,0.666667,0.076490,0.620853,0.059798,0.224815,0.070587,0.200000
proposed_negative_transfer_guard,combined_stress,transient_shear_spike,cable_threading,6,84,0.690476,0.075188,0.621407,0.059953,0.226118,0.068766,0.200000
proposed_negative_transfer_guard,combined_stress,compound_contact_shift,cable_threading,6,84,0.523810,0.085071,0.614649,0.071884,0.233238,0.075320,0.200000
proposed_negative_transfer_guard,combined_stress,source_matched,lid_twist_force_control,6,84,0.750000,0.055777,0.584975,0.045920,0.217899,0.065293,0.200000
proposed_negative_transfer_guard,combined_stress,low_friction,lid_twist_force_control,6,84,0.714286,0.066585,0.584211,0.053641,0.224630,0.067198,0.200000
proposed_negative_transfer_guard,combined_stress,soft_compliance,lid_twist_force_control,6,84,0.714286,0.064320,0.587407,0.053807,0.223582,0.065077,0.200000
proposed_negative_transfer_guard,combined_stress,texture_aliasing,lid_twist_force_control,6,84,0.761905,0.070369,0.580592,0.058481,0.224865,0.070310,0.200000
proposed_negative_transfer_guard,combined_stress,taxel_bias,lid_twist_force_control,6,84,0.666667,0.075149,0.580877,0.058236,0.227587,0.071339,0.200000
proposed_negative_transfer_guard,combined_stress,transient_shear_spike,lid_twist_force_control,6,84,0.702381,0.074339,0.582169,0.058470,0.229004,0.069857,0.200000
proposed_negative_transfer_guard,combined_stress,compound_contact_shift,lid_twist_force_control,6,84,0.654762,0.089724,0.583664,0.071643,0.229645,0.072195,0.200000
oracle_feature_selector,combined_stress,source_matched,slip_limited_grasp,0,84,0.809524,0.045720,0.681208,0.030006,0.177580,0.046997,0.200000
oracle_feature_selector,combined_stress,low_friction,slip_limited_grasp,0,84,0.750000,0.048858,0.687266,0.032584,0.179768,0.043762,0.200000
oracle_feature_selector,combined_stress,soft_compliance,slip_limited_grasp,0,84,0.761905,0.043906,0.687573,0.038903,0.177221,0.048301,0.200000
oracle_feature_selector,combined_stress,texture_aliasing,slip_limited_grasp,0,84,0.750000,0.050390,0.683233,0.038205,0.180676,0.046639,0.200000
oracle_feature_selector,combined_stress,taxel_bias,slip_limited_grasp,0,84,0.821429,0.050771,0.677605,0.038729,0.177770,0.044944,0.200000
oracle_feature_selector,combined_stress,transient_shear_spike,slip_limited_grasp,0,84,0.761905,0.055833,0.671292,0.046556,0.177521,0.048215,0.200000
oracle_feature_selector,combined_stress,compound_contact_shift,slip_limited_grasp,0,84,0.821429,0.060138,0.677368,0.049974,0.178270,0.052346,0.200000
oracle_feature_selector,combined_stress,source_matched,peg_in_hole_contact_search,0,84,0.690476,0.050939,0.667893,0.035400,0.178351,0.048891,0.200000
oracle_feature_selector,combined_stress,low_friction,peg_in_hole_contact_search,0,84,0.773810,0.044501,0.659587,0.035069,0.179587,0.047065,0.200000
oracle_feature_selector,combined_stress,soft_compliance,peg_in_hole_contact_search,0,84,0.738095,0.053913,0.663431,0.037583,0.179470,0.045488,0.200000
oracle_feature_selector,combined_stress,texture_aliasing,peg_in_hole_contact_search,0,84,0.761905,0.053179,0.666273,0.038462,0.177469,0.046860,0.200000
oracle_feature_selector,combined_stress,taxel_bias,peg_in_hole_contact_search,0,84,0.750000,0.048844,0.653571,0.037454,0.180924,0.049921,0.200000
oracle_feature_selector,combined_stress,transient_shear_spike,peg_in_hole_contact_search,0,84,0.738095,0.058550,0.654224,0.047651,0.182914,0.048386,0.200000
oracle_feature_selector,combined_stress,compound_contact_shift,peg_in_hole_contact_search,0,84,0.738095,0.067643,0.649473,0.048224,0.179922,0.055815,0.200000
oracle_feature_selector,combined_stress,source_matched,cloth_edge_pull,0,84,0.750000,0.048715,0.696600,0.039070,0.179332,0.047653,0.200000
oracle_feature_selector,combined_stress,low_friction,cloth_edge_pull,0,84,0.642857,0.043891,0.690715,0.036734,0.177068,0.046938,0.200000
oracle_feature_selector,combined_stress,soft_compliance,cloth_edge_pull,0,84,0.726190,0.044880,0.699932,0.037817,0.177196,0.047564,0.200000
oracle_feature_selector,combined_stress,texture_aliasing,cloth_edge_pull,0,84,0.750000,0.049341,0.692559,0.042680,0.178660,0.044510,0.200000
oracle_feature_selector,combined_stress,taxel_bias,cloth_edge_pull,0,84,0.690476,0.049848,0.687120,0.038571,0.178195,0.050905,0.200000
oracle_feature_selector,combined_stress,transient_shear_spike,cloth_edge_pull,0,84,0.690476,0.056680,0.683462,0.046266,0.178055,0.047392,0.200000
oracle_feature_selector,combined_stress,compound_contact_shift,cloth_edge_pull,0,84,0.761905,0.058964,0.668496,0.047837,0.185245,0.050130,0.200000
oracle_feature_selector,combined_stress,source_matched,cable_threading,0,84,0.726190,0.048051,0.701022,0.038894,0.179220,0.046373,0.200000
oracle_feature_selector,combined_stress,low_friction,cable_threading,0,84,0.761905,0.043587,0.695677,0.033263,0.174625,0.045907,0.200000
oracle_feature_selector,combined_stress,soft_compliance,cable_threading,0,84,0.761905,0.044035,0.704084,0.036016,0.175893,0.046161,0.200000
oracle_feature_selector,combined_stress,texture_aliasing,cable_threading,0,84,0.678571,0.048316,0.696441,0.043419,0.179165,0.050987,0.200000
oracle_feature_selector,combined_stress,taxel_bias,cable_threading,0,84,0.761905,0.049904,0.692622,0.036567,0.176849,0.050122,0.200000
oracle_feature_selector,combined_stress,transient_shear_spike,cable_threading,0,84,0.761905,0.054756,0.685994,0.042744,0.183393,0.053249,0.200000
oracle_feature_selector,combined_stress,compound_contact_shift,cable_threading,0,84,0.702381,0.068865,0.688767,0.048651,0.184816,0.056127,0.200000
oracle_feature_selector,combined_stress,source_matched,lid_twist_force_control,0,84,0.750000,0.043027,0.655367,0.033845,0.179039,0.044520,0.200000
oracle_feature_selector,combined_stress,low_friction,lid_twist_force_control,0,84,0.797619,0.051570,0.651525,0.037889,0.174898,0.045008,0.200000
oracle_feature_selector,combined_stress,soft_compliance,lid_twist_force_control,0,84,0.690476,0.044513,0.648673,0.037565,0.181094,0.048097,0.200000
oracle_feature_selector,combined_stress,texture_aliasing,lid_twist_force_control,0,84,0.797619,0.054296,0.649283,0.044425,0.176602,0.048708,0.200000
oracle_feature_selector,combined_stress,taxel_bias,lid_twist_force_control,0,84,0.857143,0.046884,0.649973,0.039272,0.176718,0.049649,0.200000
oracle_feature_selector,combined_stress,transient_shear_spike,lid_twist_force_control,0,84,0.833333,0.052228,0.644083,0.046421,0.176015,0.053115,0.200000
oracle_feature_selector,combined_stress,compound_contact_shift,lid_twist_force_control,0,84,0.750000,0.059833,0.637100,0.047937,0.181535,0.051514,0.200000
oracle_feature_selector,combined_stress,source_matched,slip_limited_grasp,1,84,0.714286,0.046230,0.681955,0.032786,0.179639,0.047376,0.200000
oracle_feature_selector,combined_stress,low_friction,slip_limited_grasp,1,84,0.761905,0.049356,0.687995,0.032676,0.179889,0.044133,0.200000
oracle_feature_selector,combined_stress,soft_compliance,slip_limited_grasp,1,84,0.750000,0.044422,0.688329,0.039604,0.177784,0.048684,0.200000
oracle_feature_selector,combined_stress,texture_aliasing,slip_limited_grasp,1,84,0.845238,0.050912,0.683998,0.036232,0.179313,0.047027,0.200000
oracle_feature_selector,combined_stress,taxel_bias,slip_limited_grasp,1,84,0.773810,0.051257,0.678316,0.040300,0.178955,0.045307,0.200000
oracle_feature_selector,combined_stress,transient_shear_spike,slip_limited_grasp,1,84,0.761905,0.056385,0.672102,0.046987,0.177893,0.048623,0.200000
oracle_feature_selector,combined_stress,compound_contact_shift,slip_limited_grasp,1,84,0.845238,0.060696,0.678187,0.049815,0.178217,0.052758,0.200000
oracle_feature_selector,combined_stress,source_matched,peg_in_hole_contact_search,1,84,0.821429,0.051497,0.668712,0.032562,0.176370,0.049303,0.200000
oracle_feature_selector,combined_stress,low_friction,peg_in_hole_contact_search,1,84,0.833333,0.045047,0.660388,0.034007,0.170880,0.047469,0.200000
oracle_feature_selector,combined_stress,soft_compliance,peg_in_hole_contact_search,1,84,0.761905,0.042471,0.664259,0.036228,0.179421,0.045641,0.200000
oracle_feature_selector,combined_stress,texture_aliasing,peg_in_hole_contact_search,1,84,0.690476,0.053749,0.649101,0.040693,0.179139,0.047281,0.200000
oracle_feature_selector,combined_stress,taxel_bias,peg_in_hole_contact_search,1,84,0.773810,0.049378,0.654354,0.037277,0.180855,0.050317,0.200000
oracle_feature_selector,combined_stress,transient_shear_spike,peg_in_hole_contact_search,1,84,0.773810,0.059150,0.655106,0.047226,0.182675,0.048828,0.200000
oracle_feature_selector,combined_stress,compound_contact_shift,peg_in_hole_contact_search,1,84,0.678571,0.068249,0.650364,0.050185,0.181401,0.056260,0.200000
oracle_feature_selector,combined_stress,source_matched,cloth_edge_pull,1,84,0.773810,0.049207,0.697320,0.030855,0.179235,0.048019,0.200000
oracle_feature_selector,combined_stress,low_friction,cloth_edge_pull,1,84,0.726190,0.044371,0.691417,0.035026,0.175892,0.047297,0.200000
oracle_feature_selector,combined_stress,soft_compliance,cloth_edge_pull,1,84,0.785714,0.045378,0.700661,0.036719,0.176461,0.047935,0.200000
oracle_feature_selector,combined_stress,texture_aliasing,cloth_edge_pull,1,84,0.750000,0.049845,0.693297,0.043074,0.179000,0.044885,0.200000
oracle_feature_selector,combined_stress,taxel_bias,cloth_edge_pull,1,84,0.738095,0.050316,0.687804,0.037747,0.177654,0.051256,0.200000
oracle_feature_selector,combined_stress,transient_shear_spike,cloth_edge_pull,1,84,0.690476,0.057214,0.684245,0.046684,0.178415,0.047787,0.200000
oracle_feature_selector,combined_stress,compound_contact_shift,cloth_edge_pull,1,84,0.714286,0.059504,0.669288,0.049449,0.186466,0.050530,0.200000
oracle_feature_selector,combined_stress,source_matched,cable_threading,1,84,0.785714,0.048543,0.701742,0.037791,0.178480,0.046740,0.200000
oracle_feature_selector,combined_stress,low_friction,cable_threading,1,84,0.702381,0.044067,0.696379,0.035127,0.176020,0.046265,0.200000
oracle_feature_selector,combined_stress,soft_compliance,cable_threading,1,84,0.630952,0.044533,0.704813,0.039679,0.178586,0.046532,0.200000
oracle_feature_selector,combined_stress,texture_aliasing,cable_threading,1,84,0.773810,0.048820,0.697179,0.041433,0.177790,0.051362,0.200000
oracle_feature_selector,combined_stress,taxel_bias,cable_threading,1,84,0.678571,0.050372,0.693306,0.039017,0.178665,0.050472,0.200000
oracle_feature_selector,combined_stress,transient_shear_spike,cable_threading,1,84,0.666667,0.055290,0.686777,0.045542,0.185467,0.053644,0.200000
oracle_feature_selector,combined_stress,compound_contact_shift,cable_threading,1,84,0.714286,0.069405,0.689559,0.048775,0.184966,0.056527,0.200000
oracle_feature_selector,combined_stress,source_matched,lid_twist_force_control,1,84,0.845238,0.043567,0.656159,0.031886,0.177689,0.044920,0.200000
oracle_feature_selector,combined_stress,low_friction,lid_twist_force_control,1,84,0.714286,0.052098,0.652299,0.040385,0.176754,0.045400,0.200000
oracle_feature_selector,combined_stress,soft_compliance,lid_twist_force_control,1,84,0.773810,0.045059,0.649474,0.035909,0.179962,0.048501,0.200000
oracle_feature_selector,combined_stress,texture_aliasing,lid_twist_force_control,1,84,0.738095,0.054848,0.650093,0.038340,0.178045,0.049116,0.200000
oracle_feature_selector,combined_stress,taxel_bias,lid_twist_force_control,1,84,0.809524,0.047400,0.650729,0.040866,0.177924,0.050032,0.200000
oracle_feature_selector,combined_stress,transient_shear_spike,lid_twist_force_control,1,84,0.809524,0.052810,0.644938,0.039467,0.176836,0.053543,0.200000
oracle_feature_selector,combined_stress,compound_contact_shift,lid_twist_force_control,1,84,0.833333,0.060421,0.637964,0.046313,0.180431,0.051947,0.200000
oracle_feature_selector,combined_stress,source_matched,slip_limited_grasp,2,84,0.833333,0.046740,0.682702,0.030209,0.177840,0.047755,0.200000
oracle_feature_selector,combined_stress,low_friction,slip_limited_grasp,2,84,0.809524,0.049854,0.688724,0.031875,0.171364,0.044504,0.200000
oracle_feature_selector,combined_stress,soft_compliance,slip_limited_grasp,2,84,0.821429,0.044938,0.689085,0.038222,0.176846,0.049068,0.200000
oracle_feature_selector,combined_stress,texture_aliasing,slip_limited_grasp,2,84,0.750000,0.051434,0.684763,0.039021,0.181380,0.047414,0.200000
oracle_feature_selector,combined_stress,taxel_bias,slip_limited_grasp,2,84,0.773810,0.051743,0.679027,0.040681,0.179283,0.045669,0.200000
oracle_feature_selector,combined_stress,transient_shear_spike,slip_limited_grasp,2,84,0.821429,0.056937,0.672912,0.045930,0.177194,0.049032,0.200000
oracle_feature_selector,combined_stress,compound_contact_shift,slip_limited_grasp,2,84,0.773810,0.061254,0.679006,0.052036,0.179879,0.053171,0.200000
oracle_feature_selector,combined_stress,source_matched,peg_in_hole_contact_search,2,84,0.726190,0.040049,0.669531,0.034178,0.178460,0.041447,0.200000
oracle_feature_selector,combined_stress,low_friction,peg_in_hole_contact_search,2,84,0.761905,0.045593,0.661189,0.036220,0.172533,0.047873,0.200000
oracle_feature_selector,combined_stress,soft_compliance,peg_in_hole_contact_search,2,84,0.869048,0.043035,0.665087,0.033989,0.177873,0.046057,0.200000
oracle_feature_selector,combined_stress,texture_aliasing,peg_in_hole_contact_search,2,84,0.821429,0.054319,0.649938,0.037864,0.177166,0.047701,0.200000
oracle_feature_selector,combined_stress,taxel_bias,peg_in_hole_contact_search,2,84,0.773810,0.049912,0.655137,0.037694,0.181215,0.050712,0.200000
oracle_feature_selector,combined_stress,transient_shear_spike,peg_in_hole_contact_search,2,84,0.785714,0.059750,0.655988,0.047396,0.182865,0.049269,0.200000
oracle_feature_selector,combined_stress,compound_contact_shift,peg_in_hole_contact_search,2,84,0.750000,0.068855,0.651255,0.048872,0.180524,0.056705,0.200000
oracle_feature_selector,combined_stress,source_matched,cloth_edge_pull,2,84,0.726190,0.049699,0.698040,0.032431,0.172420,0.048386,0.200000
oracle_feature_selector,combined_stress,low_friction,cloth_edge_pull,2,84,0.750000,0.044851,0.692119,0.034807,0.175788,0.047655,0.200000
oracle_feature_selector,combined_stress,soft_compliance,cloth_edge_pull,2,84,0.702381,0.045876,0.683381,0.039192,0.178297,0.048306,0.200000
oracle_feature_selector,combined_stress,texture_aliasing,cloth_edge_pull,2,84,0.738095,0.050349,0.694035,0.043766,0.179554,0.045260,0.200000
oracle_feature_selector,combined_stress,taxel_bias,cloth_edge_pull,2,84,0.678571,0.050784,0.688488,0.039602,0.179041,0.051606,0.200000
oracle_feature_selector,combined_stress,transient_shear_spike,cloth_edge_pull,2,84,0.773810,0.057748,0.685028,0.045018,0.177275,0.048183,0.200000
oracle_feature_selector,combined_stress,compound_contact_shift,cloth_edge_pull,2,84,0.666667,0.060044,0.670080,0.051062,0.187688,0.050930,0.200000
oracle_feature_selector,combined_stress,source_matched,cable_threading,2,84,0.726190,0.049035,0.702462,0.039665,0.179884,0.047107,0.200000
oracle_feature_selector,combined_stress,low_friction,cable_threading,2,84,0.678571,0.044547,0.697081,0.036098,0.176773,0.046624,0.200000
oracle_feature_selector,combined_stress,soft_compliance,cable_threading,2,84,0.726190,0.045031,0.705542,0.037688,0.177208,0.046903,0.200000
oracle_feature_selector,combined_stress,texture_aliasing,cable_threading,2,84,0.797619,0.049324,0.697917,0.041232,0.177702,0.051737,0.200000
oracle_feature_selector,combined_stress,taxel_bias,cable_threading,2,84,0.750000,0.050840,0.693990,0.037598,0.177695,0.050822,0.200000
oracle_feature_selector,combined_stress,transient_shear_spike,cable_threading,2,84,0.690476,0.055824,0.687560,0.045364,0.185398,0.054040,0.200000
oracle_feature_selector,combined_stress,compound_contact_shift,cable_threading,2,84,0.678571,0.057939,0.672342,0.048890,0.185973,0.056663,0.200000
oracle_feature_selector,combined_stress,source_matched,lid_twist_force_control,2,84,0.750000,0.044107,0.656951,0.034689,0.179767,0.045320,0.200000
oracle_feature_selector,combined_stress,low_friction,lid_twist_force_control,2,84,0.869048,0.040620,0.653073,0.035728,0.174324,0.045527,0.200000
oracle_feature_selector,combined_stress,soft_compliance,lid_twist_force_control,2,84,0.809524,0.045605,0.650275,0.035442,0.179688,0.048905,0.200000
oracle_feature_selector,combined_stress,texture_aliasing,lid_twist_force_control,2,84,0.761905,0.055400,0.650903,0.038176,0.177989,0.049524,0.200000
oracle_feature_selector,combined_stress,taxel_bias,lid_twist_force_control,2,84,0.785714,0.047916,0.651485,0.041865,0.178700,0.050416,0.200000
oracle_feature_selector,combined_stress,transient_shear_spike,lid_twist_force_control,2,84,0.797619,0.053392,0.645793,0.040219,0.177442,0.045968,0.200000
oracle_feature_selector,combined_stress,compound_contact_shift,lid_twist_force_control,2,84,0.726190,0.061009,0.638828,0.049450,0.182756,0.052380,0.200000
oracle_feature_selector,combined_stress,source_matched,slip_limited_grasp,3,84,0.785714,0.047250,0.683449,0.031798,0.179041,0.048134,0.200000
oracle_feature_selector,combined_stress,low_friction,slip_limited_grasp,3,84,0.880952,0.050352,0.689453,0.030479,0.170415,0.044875,0.200000
oracle_feature_selector,combined_stress,soft_compliance,slip_limited_grasp,3,84,0.797619,0.045454,0.689841,0.039221,0.177623,0.049451,0.200000
oracle_feature_selector,combined_stress,texture_aliasing,slip_limited_grasp,3,84,0.761905,0.051956,0.685528,0.039132,0.181517,0.047802,0.200000
oracle_feature_selector,combined_stress,taxel_bias,slip_limited_grasp,3,84,0.845238,0.052229,0.679738,0.039276,0.178325,0.046032,0.200000
oracle_feature_selector,combined_stress,transient_shear_spike,slip_limited_grasp,3,84,0.797619,0.057489,0.673722,0.046956,0.177995,0.049440,0.200000
oracle_feature_selector,combined_stress,compound_contact_shift,slip_limited_grasp,3,84,0.797619,0.061812,0.661816,0.051877,0.179827,0.053583,0.200000
oracle_feature_selector,combined_stress,source_matched,peg_in_hole_contact_search,3,84,0.726190,0.040607,0.670350,0.034614,0.178836,0.041860,0.200000
oracle_feature_selector,combined_stress,low_friction,peg_in_hole_contact_search,3,84,0.761905,0.046139,0.661990,0.036646,0.172901,0.048277,0.200000
oracle_feature_selector,combined_stress,soft_compliance,peg_in_hole_contact_search,3,84,0.869048,0.043599,0.665915,0.034430,0.178253,0.046474,0.200000
oracle_feature_selector,combined_stress,texture_aliasing,peg_in_hole_contact_search,3,84,0.797619,0.054889,0.650775,0.038904,0.177978,0.048122,0.200000
oracle_feature_selector,combined_stress,taxel_bias,peg_in_hole_contact_search,3,84,0.821429,0.050446,0.655920,0.036921,0.180718,0.051108,0.200000
oracle_feature_selector,combined_stress,transient_shear_spike,peg_in_hole_contact_search,3,84,0.869048,0.060350,0.656870,0.045781,0.181769,0.049710,0.200000
oracle_feature_selector,combined_stress,compound_contact_shift,peg_in_hole_contact_search,3,84,0.750000,0.057455,0.652146,0.048144,0.180932,0.048882,0.200000
oracle_feature_selector,combined_stress,source_matched,cloth_edge_pull,3,84,0.785714,0.050191,0.698760,0.031328,0.171681,0.048753,0.200000
oracle_feature_selector,combined_stress,low_friction,cloth_edge_pull,3,84,0.773810,0.045331,0.692821,0.034588,0.175683,0.048014,0.200000
oracle_feature_selector,combined_stress,soft_compliance,cloth_edge_pull,3,84,0.797619,0.046374,0.684110,0.037201,0.176918,0.048677,0.200000
oracle_feature_selector,combined_stress,texture_aliasing,cloth_edge_pull,3,84,0.666667,0.050853,0.694773,0.045947,0.181180,0.045636,0.200000
oracle_feature_selector,combined_stress,taxel_bias,cloth_edge_pull,3,84,0.714286,0.051252,0.689172,0.039076,0.178714,0.051956,0.200000
oracle_feature_selector,combined_stress,transient_shear_spike,cloth_edge_pull,3,84,0.726190,0.058282,0.685811,0.046625,0.178492,0.048579,0.200000
oracle_feature_selector,combined_stress,compound_contact_shift,cloth_edge_pull,3,84,0.750000,0.060584,0.670872,0.049400,0.186552,0.051330,0.200000
oracle_feature_selector,combined_stress,source_matched,cable_threading,3,84,0.738095,0.049527,0.703182,0.031748,0.180001,0.047474,0.200000
oracle_feature_selector,combined_stress,low_friction,cable_threading,3,84,0.678571,0.045027,0.697783,0.036474,0.177097,0.046983,0.200000
oracle_feature_selector,combined_stress,soft_compliance,cable_threading,3,84,0.654762,0.045529,0.688262,0.039864,0.178829,0.047274,0.200000
oracle_feature_selector,combined_stress,texture_aliasing,cable_threading,3,84,0.726190,0.049828,0.698655,0.043412,0.179328,0.052112,0.200000
oracle_feature_selector,combined_stress,taxel_bias,cable_threading,3,84,0.726190,0.051308,0.694674,0.038560,0.178440,0.051173,0.200000
oracle_feature_selector,combined_stress,transient_shear_spike,cable_threading,3,84,0.666667,0.056358,0.688343,0.046377,0.186187,0.046432,0.200000
oracle_feature_selector,combined_stress,compound_contact_shift,cable_threading,3,84,0.785714,0.058479,0.673134,0.046633,0.184408,0.049058,0.200000
oracle_feature_selector,combined_stress,source_matched,lid_twist_force_control,3,84,0.809524,0.044647,0.657743,0.033623,0.171056,0.045720,0.200000
oracle_feature_selector,combined_stress,low_friction,lid_twist_force_control,3,84,0.750000,0.041148,0.653847,0.031113,0.176823,0.045919,0.200000
oracle_feature_selector,combined_stress,soft_compliance,lid_twist_force_control,3,84,0.857143,0.046151,0.651076,0.034679,0.171194,0.049309,0.200000
oracle_feature_selector,combined_stress,texture_aliasing,lid_twist_force_control,3,84,0.916667,0.055952,0.651713,0.034739,0.175575,0.049932,0.200000
oracle_feature_selector,combined_stress,taxel_bias,lid_twist_force_control,3,84,0.702381,0.048432,0.652241,0.044352,0.180548,0.050799,0.200000
oracle_feature_selector,combined_stress,transient_shear_spike,lid_twist_force_control,3,84,0.702381,0.053974,0.646648,0.043054,0.179548,0.046397,0.200000
oracle_feature_selector,combined_stress,compound_contact_shift,lid_twist_force_control,3,84,0.750000,0.061597,0.639692,0.049314,0.182723,0.052813,0.200000
oracle_feature_selector,combined_stress,source_matched,slip_limited_grasp,4,84,0.797619,0.047760,0.684196,0.031900,0.171167,0.048514,0.200000
oracle_feature_selector,combined_stress,low_friction,slip_limited_grasp,4,84,0.892857,0.050850,0.690182,0.030572,0.170536,0.045246,0.200000
oracle_feature_selector,combined_stress,soft_compliance,slip_limited_grasp,4,84,0.821429,0.045970,0.690597,0.031025,0.177542,0.049834,0.200000
oracle_feature_selector,combined_stress,texture_aliasing,slip_limited_grasp,4,84,0.833333,0.052478,0.686293,0.037754,0.180584,0.048189,0.200000
oracle_feature_selector,combined_stress,taxel_bias,slip_limited_grasp,4,84,0.821429,0.052715,0.680449,0.040252,0.179082,0.046395,0.200000
oracle_feature_selector,combined_stress,transient_shear_spike,slip_limited_grasp,4,84,0.797619,0.058041,0.674532,0.047388,0.178367,0.049848,0.200000
oracle_feature_selector,combined_stress,compound_contact_shift,slip_limited_grasp,4,84,0.785714,0.062370,0.662635,0.052610,0.180417,0.053995,0.200000
oracle_feature_selector,combined_stress,source_matched,peg_in_hole_contact_search,4,84,0.785714,0.041165,0.671169,0.033562,0.178141,0.042272,0.200000
oracle_feature_selector,combined_stress,low_friction,peg_in_hole_contact_search,4,84,0.738095,0.046685,0.662791,0.037668,0.173698,0.048681,0.200000
oracle_feature_selector,combined_stress,soft_compliance,peg_in_hole_contact_search,4,84,0.785714,0.044163,0.666743,0.036953,0.180133,0.046890,0.200000
oracle_feature_selector,combined_stress,texture_aliasing,peg_in_hole_contact_search,4,84,0.785714,0.055459,0.651612,0.039647,0.178577,0.048542,0.200000
oracle_feature_selector,combined_stress,taxel_bias,peg_in_hole_contact_search,4,84,0.869048,0.050980,0.656703,0.036148,0.180221,0.051504,0.200000
oracle_feature_selector,combined_stress,transient_shear_spike,peg_in_hole_contact_search,4,84,0.845238,0.060950,0.657752,0.046844,0.182601,0.050151,0.200000
oracle_feature_selector,combined_stress,compound_contact_shift,peg_in_hole_contact_search,4,84,0.761905,0.058061,0.653037,0.048319,0.181125,0.049328,0.200000
oracle_feature_selector,combined_stress,source_matched,cloth_edge_pull,4,84,0.797619,0.050683,0.699480,0.031416,0.171798,0.049120,0.200000
oracle_feature_selector,combined_stress,low_friction,cloth_edge_pull,4,84,0.726190,0.045811,0.693523,0.036154,0.176864,0.048373,0.200000
oracle_feature_selector,combined_stress,soft_compliance,cloth_edge_pull,4,84,0.761905,0.046872,0.684839,0.038484,0.177897,0.049048,0.200000
oracle_feature_selector,combined_stress,texture_aliasing,cloth_edge_pull,4,84,0.678571,0.051357,0.695511,0.046043,0.181305,0.046011,0.200000
oracle_feature_selector,combined_stress,taxel_bias,cloth_edge_pull,4,84,0.690476,0.051720,0.689856,0.040038,0.179459,0.052307,0.200000
oracle_feature_selector,combined_stress,transient_shear_spike,cloth_edge_pull,4,84,0.714286,0.058816,0.686594,0.047340,0.179066,0.048975,0.200000
oracle_feature_selector,combined_stress,compound_contact_shift,cloth_edge_pull,4,84,0.738095,0.061124,0.671664,0.050120,0.187130,0.051729,0.200000
oracle_feature_selector,combined_stress,source_matched,cable_threading,4,84,0.595238,0.050019,0.703902,0.035705,0.174901,0.047840,0.200000
oracle_feature_selector,combined_stress,low_friction,cable_threading,4,84,0.726190,0.045507,0.698485,0.035660,0.176564,0.047341,0.200000
oracle_feature_selector,combined_stress,soft_compliance,cable_threading,4,84,0.797619,0.046027,0.688991,0.036682,0.176594,0.047645,0.200000
oracle_feature_selector,combined_stress,texture_aliasing,cable_threading,4,84,0.690476,0.050332,0.699393,0.044699,0.180310,0.044483,0.200000
oracle_feature_selector,combined_stress,taxel_bias,cable_threading,4,84,0.666667,0.051776,0.695358,0.040415,0.179827,0.051523,0.200000
oracle_feature_selector,combined_stress,transient_shear_spike,cable_threading,4,84,0.726190,0.056892,0.689126,0.045306,0.177472,0.046828,0.200000
oracle_feature_selector,combined_stress,compound_contact_shift,cable_threading,4,84,0.785714,0.059019,0.673926,0.047055,0.184772,0.049458,0.200000
oracle_feature_selector,combined_stress,source_matched,lid_twist_force_control,4,84,0.833333,0.045187,0.658535,0.033449,0.170991,0.046120,0.200000
oracle_feature_selector,combined_stress,low_friction,lid_twist_force_control,4,84,0.833333,0.041676,0.654621,0.029442,0.175679,0.046310,0.200000
oracle_feature_selector,combined_stress,soft_compliance,lid_twist_force_control,4,84,0.785714,0.046697,0.651877,0.036891,0.172848,0.049713,0.200000
oracle_feature_selector,combined_stress,texture_aliasing,lid_twist_force_control,4,84,0.845238,0.056504,0.652523,0.036955,0.177233,0.050341,0.200000
oracle_feature_selector,combined_stress,taxel_bias,lid_twist_force_control,4,84,0.761905,0.048948,0.652997,0.043267,0.179825,0.051182,0.200000
oracle_feature_selector,combined_stress,transient_shear_spike,lid_twist_force_control,4,84,0.726190,0.054556,0.647503,0.042913,0.179512,0.046826,0.200000
oracle_feature_selector,combined_stress,compound_contact_shift,lid_twist_force_control,4,84,0.738095,0.062185,0.640556,0.050070,0.183333,0.053246,0.200000
oracle_feature_selector,combined_stress,source_matched,slip_limited_grasp,5,84,0.916667,0.048270,0.684943,0.029322,0.169368,0.048893,0.200000
oracle_feature_selector,combined_stress,low_friction,slip_limited_grasp,5,84,0.773810,0.051348,0.690911,0.033938,0.173015,0.045617,0.200000
oracle_feature_selector,combined_stress,soft_compliance,slip_limited_grasp,5,84,0.821429,0.046486,0.691353,0.031429,0.177890,0.050218,0.200000
oracle_feature_selector,combined_stress,texture_aliasing,slip_limited_grasp,5,84,0.797619,0.053000,0.687058,0.039055,0.181579,0.048577,0.200000
oracle_feature_selector,combined_stress,taxel_bias,slip_limited_grasp,5,84,0.797619,0.053201,0.681160,0.041228,0.179839,0.046757,0.200000
oracle_feature_selector,combined_stress,transient_shear_spike,slip_limited_grasp,5,84,0.797619,0.058593,0.675342,0.047819,0.178739,0.050256,0.200000
oracle_feature_selector,combined_stress,compound_contact_shift,slip_limited_grasp,5,84,0.750000,0.062928,0.663454,0.053939,0.181436,0.054407,0.200000
oracle_feature_selector,combined_stress,source_matched,peg_in_hole_contact_search,5,84,0.833333,0.041723,0.671988,0.032807,0.177660,0.042684,0.200000
oracle_feature_selector,combined_stress,low_friction,peg_in_hole_contact_search,5,84,0.821429,0.047231,0.663592,0.036011,0.172566,0.049085,0.200000
oracle_feature_selector,combined_stress,soft_compliance,peg_in_hole_contact_search,5,84,0.726190,0.044727,0.667571,0.038882,0.173580,0.047306,0.200000
oracle_feature_selector,combined_stress,texture_aliasing,peg_in_hole_contact_search,5,84,0.845238,0.056029,0.652449,0.038604,0.177889,0.048963,0.200000
oracle_feature_selector,combined_stress,taxel_bias,peg_in_hole_contact_search,5,84,0.785714,0.051514,0.657486,0.038649,0.182081,0.051900,0.200000
oracle_feature_selector,combined_stress,transient_shear_spike,peg_in_hole_contact_search,5,84,0.678571,0.061550,0.658634,0.043475,0.178001,0.050592,0.200000
oracle_feature_selector,combined_stress,compound_contact_shift,peg_in_hole_contact_search,5,84,0.738095,0.058667,0.653928,0.049386,0.181962,0.049773,0.200000
oracle_feature_selector,combined_stress,source_matched,cloth_edge_pull,5,84,0.714286,0.051175,0.700200,0.033884,0.173630,0.049487,0.200000
oracle_feature_selector,combined_stress,low_friction,cloth_edge_pull,5,84,0.726190,0.046291,0.694225,0.036530,0.177188,0.048731,0.200000
oracle_feature_selector,combined_stress,soft_compliance,cloth_edge_pull,5,84,0.773810,0.047370,0.685568,0.038576,0.178019,0.049419,0.200000
oracle_feature_selector,combined_stress,texture_aliasing,cloth_edge_pull,5,84,0.678571,0.051861,0.696249,0.046438,0.181645,0.046386,0.200000
oracle_feature_selector,combined_stress,taxel_bias,cloth_edge_pull,5,84,0.750000,0.052188,0.690540,0.038917,0.178704,0.052657,0.200000
oracle_feature_selector,combined_stress,transient_shear_spike,cloth_edge_pull,5,84,0.821429,0.059350,0.687377,0.045079,0.177498,0.049370,0.200000
oracle_feature_selector,combined_stress,compound_contact_shift,cloth_edge_pull,5,84,0.714286,0.061664,0.672456,0.051137,0.187922,0.052129,0.200000
oracle_feature_selector,combined_stress,source_matched,cable_threading,5,84,0.678571,0.050511,0.704622,0.034007,0.173733,0.048207,0.200000
oracle_feature_selector,combined_stress,low_friction,cable_threading,5,84,0.714286,0.045987,0.699187,0.036334,0.177102,0.047700,0.200000
oracle_feature_selector,combined_stress,soft_compliance,cable_threading,5,84,0.773810,0.046525,0.689720,0.037667,0.177358,0.048015,0.200000
oracle_feature_selector,combined_stress,texture_aliasing,cable_threading,5,84,0.714286,0.050836,0.700131,0.044498,0.180222,0.044858,0.200000
oracle_feature_selector,combined_stress,taxel_bias,cable_threading,5,84,0.714286,0.052244,0.696042,0.039591,0.179286,0.051873,0.200000
oracle_feature_selector,combined_stress,transient_shear_spike,cable_threading,5,84,0.750000,0.057426,0.689909,0.045129,0.177403,0.047223,0.200000
oracle_feature_selector,combined_stress,compound_contact_shift,cable_threading,5,84,0.738095,0.059559,0.674718,0.048668,0.185993,0.049858,0.200000
oracle_feature_selector,combined_stress,source_matched,lid_twist_force_control,5,84,0.797619,0.045727,0.659327,0.034764,0.171998,0.046520,0.200000
oracle_feature_selector,combined_stress,low_friction,lid_twist_force_control,5,84,0.833333,0.042204,0.655395,0.029855,0.176035,0.046702,0.200000
oracle_feature_selector,combined_stress,soft_compliance,lid_twist_force_control,5,84,0.761905,0.047243,0.652678,0.037913,0.173645,0.050117,0.200000
oracle_feature_selector,combined_stress,texture_aliasing,lid_twist_force_control,5,84,0.738095,0.057056,0.653333,0.040065,0.179533,0.050749,0.200000
oracle_feature_selector,combined_stress,taxel_bias,lid_twist_force_control,5,84,0.821429,0.049464,0.653753,0.042183,0.179101,0.051566,0.200000
oracle_feature_selector,combined_stress,transient_shear_spike,lid_twist_force_control,5,84,0.773810,0.055138,0.648358,0.042177,0.179046,0.047255,0.200000
oracle_feature_selector,combined_stress,compound_contact_shift,lid_twist_force_control,5,84,0.738095,0.062773,0.641420,0.050529,0.183729,0.053679,0.200000
oracle_feature_selector,combined_stress,source_matched,slip_limited_grasp,6,84,0.845238,0.048780,0.685690,0.031507,0.170997,0.049272,0.200000
oracle_feature_selector,combined_stress,low_friction,slip_limited_grasp,6,84,0.773810,0.051846,0.691640,0.034327,0.173351,0.045988,0.200000
oracle_feature_selector,combined_stress,soft_compliance,slip_limited_grasp,6,84,0.761905,0.047002,0.692109,0.033321,0.179309,0.042597,0.200000
oracle_feature_selector,combined_stress,texture_aliasing,slip_limited_grasp,6,84,0.892857,0.053522,0.687823,0.037083,0.172212,0.048964,0.200000
oracle_feature_selector,combined_stress,taxel_bias,slip_limited_grasp,6,84,0.809524,0.053687,0.681871,0.041311,0.179952,0.047120,0.200000
oracle_feature_selector,combined_stress,transient_shear_spike,slip_limited_grasp,6,84,0.750000,0.059145,0.676152,0.041437,0.179968,0.050664,0.200000
oracle_feature_selector,combined_stress,compound_contact_shift,slip_limited_grasp,6,84,0.809524,0.063486,0.664273,0.052887,0.180740,0.054820,0.200000
oracle_feature_selector,combined_stress,source_matched,peg_in_hole_contact_search,6,84,0.809524,0.042281,0.672807,0.033838,0.178464,0.043097,0.200000
oracle_feature_selector,combined_stress,low_friction,peg_in_hole_contact_search,6,84,0.785714,0.047777,0.664393,0.037331,0.173577,0.049489,0.200000
oracle_feature_selector,combined_stress,soft_compliance,peg_in_hole_contact_search,6,84,0.761905,0.045291,0.668399,0.038430,0.173317,0.047723,0.200000
oracle_feature_selector,combined_stress,texture_aliasing,peg_in_hole_contact_search,6,84,0.869048,0.056599,0.653286,0.038454,0.177845,0.049384,0.200000
oracle_feature_selector,combined_stress,taxel_bias,peg_in_hole_contact_search,6,84,0.750000,0.052048,0.658269,0.039959,0.183084,0.052295,0.200000
oracle_feature_selector,combined_stress,transient_shear_spike,peg_in_hole_contact_search,6,84,0.785714,0.062150,0.659516,0.041264,0.176477,0.051034,0.200000
oracle_feature_selector,combined_stress,compound_contact_shift,peg_in_hole_contact_search,6,84,0.761905,0.059273,0.654819,0.049264,0.181941,0.050218,0.200000
oracle_feature_selector,combined_stress,source_matched,cloth_edge_pull,6,84,0.773810,0.039661,0.700920,0.031581,0.172891,0.041585,0.200000
oracle_feature_selector,combined_stress,low_friction,cloth_edge_pull,6,84,0.690476,0.046771,0.694927,0.037799,0.178155,0.049090,0.200000
oracle_feature_selector,combined_stress,soft_compliance,cloth_edge_pull,6,84,0.750000,0.047868,0.686297,0.039561,0.178784,0.049790,0.200000
oracle_feature_selector,combined_stress,texture_aliasing,cloth_edge_pull,6,84,0.690476,0.052365,0.678978,0.046535,0.181771,0.046761,0.200000
oracle_feature_selector,combined_stress,taxel_bias,cloth_edge_pull,6,84,0.797619,0.052656,0.691224,0.038093,0.178162,0.045003,0.200000
oracle_feature_selector,combined_stress,transient_shear_spike,cloth_edge_pull,6,84,0.583333,0.059884,0.688160,0.051449,0.182144,0.049766,0.200000
oracle_feature_selector,combined_stress,compound_contact_shift,cloth_edge_pull,6,84,0.785714,0.062204,0.673248,0.049773,0.178997,0.052529,0.200000
oracle_feature_selector,combined_stress,source_matched,cable_threading,6,84,0.750000,0.051003,0.705342,0.032606,0.172779,0.048574,0.200000
oracle_feature_selector,combined_stress,low_friction,cable_threading,6,84,0.750000,0.046467,0.699889,0.035817,0.176783,0.048058,0.200000
oracle_feature_selector,combined_stress,soft_compliance,cable_threading,6,84,0.773810,0.047023,0.690449,0.038057,0.177694,0.048386,0.200000
oracle_feature_selector,combined_stress,texture_aliasing,cable_threading,6,84,0.714286,0.051340,0.700869,0.044893,0.180562,0.045233,0.200000
oracle_feature_selector,combined_stress,taxel_bias,cable_threading,6,84,0.750000,0.052712,0.696726,0.039065,0.178959,0.052224,0.200000
oracle_feature_selector,combined_stress,transient_shear_spike,cable_threading,6,84,0.750000,0.057960,0.690692,0.045546,0.177763,0.047619,0.200000
oracle_feature_selector,combined_stress,compound_contact_shift,cable_threading,6,84,0.714286,0.060099,0.675510,0.049685,0.186786,0.050258,0.200000
oracle_feature_selector,combined_stress,source_matched,lid_twist_force_control,6,84,0.797619,0.046267,0.660119,0.035186,0.172362,0.046919,0.200000
oracle_feature_selector,combined_stress,low_friction,lid_twist_force_control,6,84,0.821429,0.042732,0.656169,0.030566,0.176605,0.047094,0.200000
oracle_feature_selector,combined_stress,soft_compliance,lid_twist_force_control,6,84,0.797619,0.047789,0.653479,0.037446,0.173370,0.050521,0.200000
oracle_feature_selector,combined_stress,texture_aliasing,lid_twist_force_control,6,84,0.714286,0.057608,0.654143,0.041092,0.180334,0.051157,0.200000
oracle_feature_selector,combined_stress,taxel_bias,lid_twist_force_control,6,84,0.797619,0.049980,0.654509,0.043181,0.179878,0.051949,0.200000
oracle_feature_selector,combined_stress,transient_shear_spike,lid_twist_force_control,6,84,0.738095,0.055720,0.649213,0.043524,0.180081,0.047683,0.200000
oracle_feature_selector,combined_stress,compound_contact_shift,lid_twist_force_control,6,84,0.785714,0.063361,0.642284,0.049797,0.183268,0.054111,0.200000
full_finetune_pretrained,combined_stress,source_matched,slip_limited_grasp,0,84,0.607143,0.176157,0.529907,0.103229,0.156616,0.133622,0.400000
full_finetune_pretrained,combined_stress,low_friction,slip_limited_grasp,0,84,0.583333,0.177411,0.535082,0.103322,0.157148,0.137365,0.400000
full_finetune_pretrained,combined_stress,soft_compliance,slip_limited_grasp,0,84,0.583333,0.172413,0.540284,0.101850,0.154996,0.134179,0.400000
full_finetune_pretrained,combined_stress,texture_aliasing,slip_limited_grasp,0,84,0.642857,0.179407,0.539926,0.105505,0.156645,0.132113,0.400000
full_finetune_pretrained,combined_stress,taxel_bias,slip_limited_grasp,0,84,0.583333,0.178298,0.528286,0.106482,0.161428,0.135717,0.400000
full_finetune_pretrained,combined_stress,transient_shear_spike,slip_limited_grasp,0,84,0.511905,0.184944,0.532710,0.111533,0.166166,0.135791,0.400000
full_finetune_pretrained,combined_stress,compound_contact_shift,slip_limited_grasp,0,84,0.583333,0.202493,0.521713,0.116394,0.167116,0.140629,0.400000
full_finetune_pretrained,combined_stress,source_matched,peg_in_hole_contact_search,0,84,0.511905,0.173557,0.505857,0.102434,0.160096,0.130483,0.400000
full_finetune_pretrained,combined_stress,low_friction,peg_in_hole_contact_search,0,84,0.619048,0.177241,0.514677,0.101116,0.159891,0.135901,0.400000
full_finetune_pretrained,combined_stress,soft_compliance,peg_in_hole_contact_search,0,84,0.583333,0.174601,0.505407,0.102345,0.159954,0.134338,0.400000
full_finetune_pretrained,combined_stress,texture_aliasing,peg_in_hole_contact_search,0,84,0.535714,0.174376,0.512231,0.103145,0.158719,0.135305,0.400000
full_finetune_pretrained,combined_stress,taxel_bias,peg_in_hole_contact_search,0,84,0.619048,0.180558,0.511526,0.106140,0.157787,0.135925,0.400000
full_finetune_pretrained,combined_stress,transient_shear_spike,peg_in_hole_contact_search,0,84,0.535714,0.191848,0.504907,0.107044,0.165835,0.139198,0.400000
full_finetune_pretrained,combined_stress,compound_contact_shift,peg_in_hole_contact_search,0,84,0.607143,0.202178,0.501092,0.114375,0.161974,0.139065,0.400000
full_finetune_pretrained,combined_stress,source_matched,cloth_edge_pull,0,84,0.500000,0.177603,0.542194,0.103976,0.157918,0.132933,0.400000
full_finetune_pretrained,combined_stress,low_friction,cloth_edge_pull,0,84,0.464286,0.170895,0.535426,0.106266,0.161361,0.131194,0.400000
full_finetune_pretrained,combined_stress,soft_compliance,cloth_edge_pull,0,84,0.392857,0.171837,0.531529,0.111134,0.164455,0.132098,0.400000
full_finetune_pretrained,combined_stress,texture_aliasing,cloth_edge_pull,0,84,0.535714,0.176809,0.546147,0.103152,0.163255,0.136644,0.400000
full_finetune_pretrained,combined_stress,taxel_bias,cloth_edge_pull,0,84,0.452381,0.175826,0.534696,0.104821,0.160547,0.132330,0.400000
full_finetune_pretrained,combined_stress,transient_shear_spike,cloth_edge_pull,0,84,0.500000,0.184242,0.541775,0.108252,0.164322,0.133623,0.400000
full_finetune_pretrained,combined_stress,compound_contact_shift,cloth_edge_pull,0,84,0.464286,0.211775,0.527745,0.123446,0.165853,0.137333,0.400000
full_finetune_pretrained,combined_stress,source_matched,cable_threading,0,84,0.559524,0.177102,0.546294,0.101614,0.156217,0.131565,0.400000
full_finetune_pretrained,combined_stress,low_friction,cable_threading,0,84,0.511905,0.170754,0.540066,0.104478,0.160114,0.130073,0.400000
full_finetune_pretrained,combined_stress,soft_compliance,cable_threading,0,84,0.440476,0.171156,0.535359,0.108932,0.162848,0.130606,0.400000
full_finetune_pretrained,combined_stress,texture_aliasing,cable_threading,0,84,0.583333,0.175948,0.549707,0.108815,0.161528,0.135028,0.400000
full_finetune_pretrained,combined_stress,taxel_bias,cable_threading,0,84,0.488095,0.176045,0.539876,0.103606,0.159755,0.131458,0.400000
full_finetune_pretrained,combined_stress,transient_shear_spike,cable_threading,0,84,0.416667,0.194487,0.543985,0.117700,0.164352,0.139656,0.400000
full_finetune_pretrained,combined_stress,compound_contact_shift,cable_threading,0,84,0.428571,0.209834,0.529685,0.122361,0.164906,0.142977,0.400000
full_finetune_pretrained,combined_stress,source_matched,lid_twist_force_control,0,84,0.630952,0.176506,0.509055,0.099485,0.158751,0.133391,0.400000
full_finetune_pretrained,combined_stress,low_friction,lid_twist_force_control,0,84,0.511905,0.171160,0.504330,0.104902,0.156598,0.132590,0.400000
full_finetune_pretrained,combined_stress,soft_compliance,lid_twist_force_control,0,84,0.619048,0.176062,0.506373,0.100338,0.159118,0.136221,0.400000
full_finetune_pretrained,combined_stress,texture_aliasing,lid_twist_force_control,0,84,0.547619,0.174350,0.510965,0.108596,0.157319,0.136164,0.400000
full_finetune_pretrained,combined_stress,taxel_bias,lid_twist_force_control,0,84,0.523810,0.177453,0.505643,0.103906,0.164268,0.134664,0.400000
full_finetune_pretrained,combined_stress,transient_shear_spike,lid_twist_force_control,0,84,0.642857,0.184381,0.492481,0.104411,0.157761,0.134932,0.400000
full_finetune_pretrained,combined_stress,compound_contact_shift,lid_twist_force_control,0,84,0.476190,0.205229,0.486434,0.117754,0.165197,0.142043,0.400000
full_finetune_pretrained,combined_stress,source_matched,slip_limited_grasp,1,84,0.619048,0.176673,0.530663,0.103335,0.156749,0.134005,0.400000
full_finetune_pretrained,combined_stress,low_friction,slip_limited_grasp,1,84,0.607143,0.165909,0.535820,0.101920,0.157060,0.137476,0.400000
full_finetune_pretrained,combined_stress,soft_compliance,slip_limited_grasp,1,84,0.678571,0.172935,0.541049,0.099877,0.153634,0.134567,0.400000
full_finetune_pretrained,combined_stress,texture_aliasing,slip_limited_grasp,1,84,0.654762,0.179935,0.540700,0.105620,0.156786,0.132505,0.400000
full_finetune_pretrained,combined_stress,taxel_bias,slip_limited_grasp,1,84,0.535714,0.178790,0.529006,0.108058,0.162617,0.136084,0.400000
full_finetune_pretrained,combined_stress,transient_shear_spike,slip_limited_grasp,1,84,0.547619,0.185502,0.533529,0.111076,0.165899,0.136203,0.400000
full_finetune_pretrained,combined_stress,compound_contact_shift,slip_limited_grasp,1,84,0.464286,0.203057,0.522541,0.119811,0.169639,0.141045,0.400000
full_finetune_pretrained,combined_stress,source_matched,peg_in_hole_contact_search,1,84,0.619048,0.174121,0.506685,0.100196,0.158547,0.130900,0.400000
full_finetune_pretrained,combined_stress,low_friction,peg_in_hole_contact_search,1,84,0.523810,0.165787,0.515487,0.102727,0.161978,0.136045,0.400000
full_finetune_pretrained,combined_stress,soft_compliance,peg_in_hole_contact_search,1,84,0.595238,0.175171,0.506244,0.102492,0.160124,0.134759,0.400000
full_finetune_pretrained,combined_stress,texture_aliasing,peg_in_hole_contact_search,1,84,0.571429,0.174952,0.513077,0.102702,0.158465,0.135730,0.400000
full_finetune_pretrained,combined_stress,taxel_bias,peg_in_hole_contact_search,1,84,0.547619,0.181098,0.512318,0.108347,0.159437,0.136325,0.400000
full_finetune_pretrained,combined_stress,transient_shear_spike,peg_in_hole_contact_search,1,84,0.500000,0.192454,0.505798,0.108409,0.166886,0.139643,0.400000
full_finetune_pretrained,combined_stress,compound_contact_shift,peg_in_hole_contact_search,1,84,0.511905,0.202790,0.501992,0.117233,0.164100,0.139515,0.400000
full_finetune_pretrained,combined_stress,source_matched,cloth_edge_pull,1,84,0.607143,0.178101,0.542923,0.101688,0.156326,0.133304,0.400000
full_finetune_pretrained,combined_stress,low_friction,cloth_edge_pull,1,84,0.523810,0.171381,0.536137,0.105159,0.160618,0.131556,0.400000
full_finetune_pretrained,combined_stress,soft_compliance,cloth_edge_pull,1,84,0.619048,0.172341,0.532267,0.105874,0.160723,0.132474,0.400000
full_finetune_pretrained,combined_stress,texture_aliasing,cloth_edge_pull,1,84,0.488095,0.177319,0.528885,0.104742,0.164457,0.137023,0.400000
full_finetune_pretrained,combined_stress,taxel_bias,cloth_edge_pull,1,84,0.559524,0.176300,0.535389,0.102514,0.158939,0.132685,0.400000
full_finetune_pretrained,combined_stress,transient_shear_spike,cloth_edge_pull,1,84,0.416667,0.184782,0.524558,0.110758,0.166186,0.134023,0.400000
full_finetune_pretrained,combined_stress,compound_contact_shift,cloth_edge_pull,1,84,0.547619,0.212321,0.528546,0.113786,0.164721,0.137737,0.400000
full_finetune_pretrained,combined_stress,source_matched,cable_threading,1,84,0.476190,0.177600,0.547023,0.104087,0.158053,0.131936,0.400000
full_finetune_pretrained,combined_stress,low_friction,cable_threading,1,84,0.619048,0.171240,0.540777,0.102180,0.158514,0.130436,0.400000
full_finetune_pretrained,combined_stress,soft_compliance,cable_threading,1,84,0.619048,0.171660,0.536097,0.104862,0.159974,0.130981,0.400000
full_finetune_pretrained,combined_stress,texture_aliasing,cable_threading,1,84,0.547619,0.176458,0.550454,0.102103,0.162515,0.135407,0.400000
full_finetune_pretrained,combined_stress,taxel_bias,cable_threading,1,84,0.476190,0.176519,0.540569,0.104275,0.160289,0.131812,0.400000
full_finetune_pretrained,combined_stress,transient_shear_spike,cable_threading,1,84,0.440476,0.195027,0.544777,0.109523,0.164288,0.140055,0.400000
full_finetune_pretrained,combined_stress,compound_contact_shift,cable_threading,1,84,0.440476,0.210380,0.530486,0.122490,0.165060,0.143381,0.400000
full_finetune_pretrained,combined_stress,source_matched,lid_twist_force_control,1,84,0.619048,0.177052,0.509856,0.100209,0.159334,0.133795,0.400000
full_finetune_pretrained,combined_stress,low_friction,lid_twist_force_control,1,84,0.607143,0.171694,0.505113,0.102939,0.155244,0.132985,0.400000
full_finetune_pretrained,combined_stress,soft_compliance,lid_twist_force_control,1,84,0.571429,0.176614,0.507183,0.101960,0.160347,0.136630,0.400000
full_finetune_pretrained,combined_stress,texture_aliasing,lid_twist_force_control,1,84,0.619048,0.174908,0.511784,0.107247,0.156410,0.136576,0.400000
full_finetune_pretrained,combined_stress,taxel_bias,lid_twist_force_control,1,84,0.571429,0.177975,0.506408,0.103124,0.163763,0.135051,0.400000
full_finetune_pretrained,combined_stress,transient_shear_spike,lid_twist_force_control,1,84,0.500000,0.184969,0.493345,0.108441,0.160728,0.135365,0.400000
full_finetune_pretrained,combined_stress,compound_contact_shift,lid_twist_force_control,1,84,0.464286,0.205823,0.487307,0.118515,0.165811,0.142480,0.400000
full_finetune_pretrained,combined_stress,source_matched,slip_limited_grasp,2,84,0.678571,0.177189,0.531419,0.102251,0.156026,0.134388,0.400000
full_finetune_pretrained,combined_stress,low_friction,slip_limited_grasp,2,84,0.595238,0.166413,0.536558,0.102612,0.157614,0.129847,0.400000
full_finetune_pretrained,combined_stress,soft_compliance,slip_limited_grasp,2,84,0.547619,0.173457,0.541814,0.103559,0.156343,0.134954,0.400000
full_finetune_pretrained,combined_stress,texture_aliasing,slip_limited_grasp,2,84,0.523810,0.180463,0.541474,0.109307,0.159500,0.132896,0.400000
full_finetune_pretrained,combined_stress,taxel_bias,slip_limited_grasp,2,84,0.630952,0.179282,0.529726,0.106062,0.161235,0.136450,0.400000
full_finetune_pretrained,combined_stress,transient_shear_spike,slip_limited_grasp,2,84,0.583333,0.186060,0.534348,0.110619,0.157628,0.136615,0.400000
full_finetune_pretrained,combined_stress,compound_contact_shift,slip_limited_grasp,2,84,0.476190,0.203621,0.523369,0.119953,0.169805,0.141462,0.400000
full_finetune_pretrained,combined_stress,source_matched,peg_in_hole_contact_search,2,84,0.571429,0.174685,0.507513,0.101827,0.159785,0.131316,0.400000
full_finetune_pretrained,combined_stress,low_friction,peg_in_hole_contact_search,2,84,0.619048,0.166339,0.516297,0.100778,0.160635,0.136453,0.400000
full_finetune_pretrained,combined_stress,soft_compliance,peg_in_hole_contact_search,2,84,0.571429,0.175741,0.507081,0.103532,0.160937,0.135180,0.400000
full_finetune_pretrained,combined_stress,texture_aliasing,peg_in_hole_contact_search,2,84,0.583333,0.175528,0.513923,0.102854,0.158638,0.136155,0.400000
full_finetune_pretrained,combined_stress,taxel_bias,peg_in_hole_contact_search,2,84,0.607143,0.181638,0.513110,0.107281,0.158730,0.136725,0.400000
full_finetune_pretrained,combined_stress,transient_shear_spike,peg_in_hole_contact_search,2,84,0.607143,0.193060,0.506689,0.106203,0.157362,0.140089,0.400000
full_finetune_pretrained,combined_stress,compound_contact_shift,peg_in_hole_contact_search,2,84,0.511905,0.203402,0.502892,0.117711,0.164512,0.139964,0.400000
full_finetune_pretrained,combined_stress,source_matched,cloth_edge_pull,2,84,0.559524,0.166593,0.543652,0.102067,0.157519,0.133411,0.400000
full_finetune_pretrained,combined_stress,low_friction,cloth_edge_pull,2,84,0.535714,0.171867,0.536848,0.105242,0.160731,0.131919,0.400000
full_finetune_pretrained,combined_stress,soft_compliance,cloth_edge_pull,2,84,0.500000,0.172845,0.533005,0.101241,0.163206,0.132849,0.400000
full_finetune_pretrained,combined_stress,texture_aliasing,cloth_edge_pull,2,84,0.547619,0.177829,0.529632,0.103652,0.163729,0.137402,0.400000
full_finetune_pretrained,combined_stress,taxel_bias,cloth_edge_pull,2,84,0.595238,0.176774,0.536082,0.101992,0.158616,0.133039,0.400000
full_finetune_pretrained,combined_stress,transient_shear_spike,cloth_edge_pull,2,84,0.440476,0.185322,0.525350,0.110584,0.166122,0.134423,0.400000
full_finetune_pretrained,combined_stress,compound_contact_shift,cloth_edge_pull,2,84,0.428571,0.212867,0.529347,0.117188,0.167232,0.138141,0.400000
full_finetune_pretrained,combined_stress,source_matched,cable_threading,2,84,0.488095,0.178098,0.547752,0.104179,0.158175,0.132307,0.400000
full_finetune_pretrained,combined_stress,low_friction,cable_threading,2,84,0.511905,0.171726,0.541488,0.105239,0.160770,0.130799,0.400000
full_finetune_pretrained,combined_stress,soft_compliance,cable_threading,2,84,0.583333,0.172164,0.536835,0.106149,0.160956,0.131356,0.400000
full_finetune_pretrained,combined_stress,texture_aliasing,cable_threading,2,84,0.571429,0.176968,0.551201,0.101907,0.162431,0.135786,0.400000
full_finetune_pretrained,combined_stress,taxel_bias,cable_threading,2,84,0.511905,0.176993,0.541262,0.103754,0.159966,0.132167,0.400000
full_finetune_pretrained,combined_stress,transient_shear_spike,cable_threading,2,84,0.559524,0.195567,0.545569,0.106969,0.162509,0.140455,0.400000
full_finetune_pretrained,combined_stress,compound_contact_shift,cable_threading,2,84,0.392857,0.210926,0.531287,0.124107,0.166285,0.135781,0.400000
full_finetune_pretrained,combined_stress,source_matched,lid_twist_force_control,2,84,0.607143,0.177598,0.510657,0.100933,0.159916,0.134199,0.400000
full_finetune_pretrained,combined_stress,low_friction,lid_twist_force_control,2,84,0.535714,0.172228,0.505896,0.105142,0.156890,0.133381,0.400000
full_finetune_pretrained,combined_stress,soft_compliance,lid_twist_force_control,2,84,0.619048,0.177166,0.507993,0.101200,0.159862,0.137038,0.400000
full_finetune_pretrained,combined_stress,texture_aliasing,lid_twist_force_control,2,84,0.500000,0.175466,0.494594,0.110659,0.158928,0.136988,0.400000
full_finetune_pretrained,combined_stress,taxel_bias,lid_twist_force_control,2,84,0.535714,0.178497,0.507173,0.104425,0.164758,0.135439,0.400000
full_finetune_pretrained,combined_stress,transient_shear_spike,lid_twist_force_control,2,84,0.523810,0.185557,0.494209,0.108304,0.160696,0.135798,0.400000
full_finetune_pretrained,combined_stress,compound_contact_shift,lid_twist_force_control,2,84,0.500000,0.206417,0.488180,0.118086,0.165568,0.142917,0.400000
full_finetune_pretrained,combined_stress,source_matched,slip_limited_grasp,3,84,0.666667,0.177705,0.532175,0.102952,0.156588,0.134772,0.400000
full_finetune_pretrained,combined_stress,low_friction,slip_limited_grasp,3,84,0.559524,0.166917,0.537296,0.103900,0.158597,0.130222,0.400000
full_finetune_pretrained,combined_stress,soft_compliance,slip_limited_grasp,3,84,0.607143,0.173979,0.542579,0.102479,0.155624,0.135342,0.400000
full_finetune_pretrained,combined_stress,texture_aliasing,slip_limited_grasp,3,84,0.607143,0.180991,0.524239,0.107637,0.158356,0.133288,0.400000
full_finetune_pretrained,combined_stress,taxel_bias,slip_limited_grasp,3,84,0.583333,0.179774,0.530446,0.107638,0.162424,0.136817,0.400000
full_finetune_pretrained,combined_stress,transient_shear_spike,slip_limited_grasp,3,84,0.547619,0.186618,0.535167,0.111947,0.158647,0.137028,0.400000
full_finetune_pretrained,combined_stress,compound_contact_shift,slip_limited_grasp,3,84,0.476190,0.204185,0.524197,0.120394,0.170185,0.141878,0.400000
full_finetune_pretrained,combined_stress,source_matched,peg_in_hole_contact_search,3,84,0.583333,0.175249,0.508341,0.101970,0.159950,0.131733,0.400000
full_finetune_pretrained,combined_stress,low_friction,peg_in_hole_contact_search,3,84,0.547619,0.166891,0.517107,0.102995,0.162293,0.136861,0.400000
full_finetune_pretrained,combined_stress,soft_compliance,peg_in_hole_contact_search,3,84,0.488095,0.176311,0.507918,0.106061,0.162821,0.135600,0.400000
full_finetune_pretrained,combined_stress,texture_aliasing,peg_in_hole_contact_search,3,84,0.559524,0.176104,0.514769,0.103898,0.159455,0.136580,0.400000
full_finetune_pretrained,combined_stress,taxel_bias,peg_in_hole_contact_search,3,84,0.619048,0.182178,0.513902,0.107406,0.158879,0.137125,0.400000
full_finetune_pretrained,combined_stress,transient_shear_spike,peg_in_hole_contact_search,3,84,0.511905,0.193666,0.507580,0.109057,0.159484,0.132530,0.400000
full_finetune_pretrained,combined_stress,compound_contact_shift,peg_in_hole_contact_search,3,84,0.416667,0.204014,0.503792,0.120569,0.166638,0.140414,0.400000
full_finetune_pretrained,combined_stress,source_matched,cloth_edge_pull,3,84,0.630952,0.167091,0.544381,0.100671,0.156569,0.133782,0.400000
full_finetune_pretrained,combined_stress,low_friction,cloth_edge_pull,3,84,0.559524,0.172353,0.537559,0.105027,0.160631,0.132282,0.400000
full_finetune_pretrained,combined_stress,soft_compliance,cloth_edge_pull,3,84,0.535714,0.173349,0.533743,0.100742,0.162903,0.133224,0.400000
full_finetune_pretrained,combined_stress,texture_aliasing,cloth_edge_pull,3,84,0.547619,0.178339,0.530379,0.104051,0.164073,0.137781,0.400000
full_finetune_pretrained,combined_stress,taxel_bias,cloth_edge_pull,3,84,0.619048,0.177248,0.536775,0.101769,0.158507,0.133393,0.400000
full_finetune_pretrained,combined_stress,transient_shear_spike,cloth_edge_pull,3,84,0.547619,0.185862,0.526142,0.108328,0.164557,0.134823,0.400000
full_finetune_pretrained,combined_stress,compound_contact_shift,cloth_edge_pull,3,84,0.500000,0.213413,0.530148,0.115829,0.166314,0.138545,0.400000
full_finetune_pretrained,combined_stress,source_matched,cable_threading,3,84,0.452381,0.178596,0.548481,0.105462,0.159154,0.132678,0.400000
full_finetune_pretrained,combined_stress,low_friction,cable_threading,3,84,0.488095,0.172212,0.542199,0.106215,0.161527,0.131162,0.400000
full_finetune_pretrained,combined_stress,soft_compliance,cable_threading,3,84,0.428571,0.172668,0.537573,0.110413,0.164082,0.131732,0.400000
full_finetune_pretrained,combined_stress,texture_aliasing,cable_threading,3,84,0.583333,0.177478,0.533939,0.102008,0.162560,0.136165,0.400000
full_finetune_pretrained,combined_stress,taxel_bias,cable_threading,3,84,0.607143,0.177467,0.541955,0.101744,0.158572,0.132521,0.400000
full_finetune_pretrained,combined_stress,transient_shear_spike,cable_threading,3,84,0.595238,0.196107,0.546361,0.106498,0.162230,0.132851,0.400000
full_finetune_pretrained,combined_stress,compound_contact_shift,cable_threading,3,84,0.452381,0.211472,0.532088,0.123046,0.165582,0.136185,0.400000
full_finetune_pretrained,combined_stress,source_matched,lid_twist_force_control,3,84,0.571429,0.166138,0.511458,0.101052,0.160927,0.134339,0.400000
full_finetune_pretrained,combined_stress,low_friction,lid_twist_force_control,3,84,0.583333,0.172762,0.506679,0.104369,0.156392,0.133777,0.400000
full_finetune_pretrained,combined_stress,soft_compliance,lid_twist_force_control,3,84,0.583333,0.165712,0.508803,0.101324,0.160876,0.137182,0.400000
full_finetune_pretrained,combined_stress,texture_aliasing,lid_twist_force_control,3,84,0.571429,0.176024,0.495413,0.109309,0.158019,0.137401,0.400000
full_finetune_pretrained,combined_stress,taxel_bias,lid_twist_force_control,3,84,0.642857,0.179019,0.507938,0.102154,0.155177,0.135826,0.400000
full_finetune_pretrained,combined_stress,transient_shear_spike,lid_twist_force_control,3,84,0.452381,0.186145,0.495073,0.110549,0.162378,0.136231,0.400000
full_finetune_pretrained,combined_stress,compound_contact_shift,lid_twist_force_control,3,84,0.535714,0.207011,0.489053,0.117656,0.165326,0.135350,0.400000
full_finetune_pretrained,combined_stress,source_matched,slip_limited_grasp,4,84,0.583333,0.166215,0.532931,0.104238,0.158436,0.134891,0.400000
full_finetune_pretrained,combined_stress,low_friction,slip_limited_grasp,4,84,0.654762,0.167421,0.538034,0.101913,0.157222,0.130597,0.400000
full_finetune_pretrained,combined_stress,soft_compliance,slip_limited_grasp,4,84,0.488095,0.174501,0.543344,0.105864,0.158118,0.135729,0.400000
full_finetune_pretrained,combined_stress,texture_aliasing,slip_limited_grasp,4,84,0.559524,0.181519,0.525013,0.109240,0.159569,0.133680,0.400000
full_finetune_pretrained,combined_stress,taxel_bias,slip_limited_grasp,4,84,0.559524,0.180266,0.531166,0.108619,0.163185,0.137184,0.400000
full_finetune_pretrained,combined_stress,transient_shear_spike,slip_limited_grasp,4,84,0.690476,0.187176,0.535986,0.108812,0.156452,0.137440,0.400000
full_finetune_pretrained,combined_stress,compound_contact_shift,slip_limited_grasp,4,84,0.607143,0.204749,0.525025,0.117560,0.160204,0.142295,0.400000
full_finetune_pretrained,combined_stress,source_matched,peg_in_hole_contact_search,4,84,0.523810,0.175813,0.509169,0.103898,0.161402,0.132149,0.400000
full_finetune_pretrained,combined_stress,low_friction,peg_in_hole_contact_search,4,84,0.607143,0.167443,0.517917,0.101938,0.161594,0.137269,0.400000
full_finetune_pretrained,combined_stress,soft_compliance,peg_in_hole_contact_search,4,84,0.595238,0.176881,0.508755,0.103827,0.161276,0.136021,0.400000
full_finetune_pretrained,combined_stress,texture_aliasing,peg_in_hole_contact_search,4,84,0.619048,0.176680,0.515615,0.102860,0.158771,0.137004,0.400000
full_finetune_pretrained,combined_stress,taxel_bias,peg_in_hole_contact_search,4,84,0.595238,0.182718,0.514694,0.108423,0.159672,0.137525,0.400000
full_finetune_pretrained,combined_stress,transient_shear_spike,peg_in_hole_contact_search,4,84,0.523810,0.194272,0.508471,0.109232,0.159678,0.132975,0.400000
full_finetune_pretrained,combined_stress,compound_contact_shift,peg_in_hole_contact_search,4,84,0.488095,0.204626,0.504692,0.119260,0.165765,0.140863,0.400000
full_finetune_pretrained,combined_stress,source_matched,cloth_edge_pull,4,84,0.547619,0.167589,0.545110,0.103144,0.158405,0.134153,0.400000
full_finetune_pretrained,combined_stress,low_friction,cloth_edge_pull,4,84,0.571429,0.172839,0.538270,0.105110,0.160745,0.132644,0.400000
full_finetune_pretrained,combined_stress,soft_compliance,cloth_edge_pull,4,84,0.547619,0.173853,0.534481,0.100839,0.163029,0.133599,0.400000
full_finetune_pretrained,combined_stress,texture_aliasing,cloth_edge_pull,4,84,0.547619,0.178849,0.531126,0.104450,0.156413,0.138161,0.400000
full_finetune_pretrained,combined_stress,taxel_bias,cloth_edge_pull,4,84,0.464286,0.177722,0.537468,0.106009,0.161613,0.133748,0.400000
full_finetune_pretrained,combined_stress,transient_shear_spike,cloth_edge_pull,4,84,0.440476,0.186402,0.526934,0.111428,0.166850,0.135223,0.400000
full_finetune_pretrained,combined_stress,compound_contact_shift,cloth_edge_pull,4,84,0.440476,0.213959,0.530949,0.117744,0.167754,0.138949,0.400000
full_finetune_pretrained,combined_stress,source_matched,cable_threading,4,84,0.476190,0.167088,0.549210,0.104056,0.159061,0.132785,0.400000
full_finetune_pretrained,combined_stress,low_friction,cable_threading,4,84,0.571429,0.172698,0.542910,0.104512,0.160355,0.131524,0.400000
full_finetune_pretrained,combined_stress,soft_compliance,cable_threading,4,84,0.595238,0.173172,0.538311,0.106640,0.161422,0.132107,0.400000
full_finetune_pretrained,combined_stress,texture_aliasing,cable_threading,4,84,0.535714,0.177988,0.534686,0.103598,0.163762,0.136545,0.400000
full_finetune_pretrained,combined_stress,taxel_bias,cable_threading,4,84,0.583333,0.177941,0.542648,0.102711,0.159320,0.132876,0.400000
full_finetune_pretrained,combined_stress,transient_shear_spike,cable_threading,4,84,0.511905,0.184641,0.529144,0.107803,0.164094,0.132987,0.400000
full_finetune_pretrained,combined_stress,compound_contact_shift,cable_threading,4,84,0.476190,0.212018,0.532889,0.122877,0.165521,0.136589,0.400000
full_finetune_pretrained,combined_stress,source_matched,lid_twist_force_control,4,84,0.559524,0.166684,0.512259,0.101776,0.161509,0.134743,0.400000
full_finetune_pretrained,combined_stress,low_friction,lid_twist_force_control,4,84,0.511905,0.173296,0.507462,0.106572,0.158038,0.134173,0.400000
full_finetune_pretrained,combined_stress,soft_compliance,lid_twist_force_control,4,84,0.607143,0.166264,0.509613,0.101160,0.160820,0.129586,0.400000
full_finetune_pretrained,combined_stress,texture_aliasing,lid_twist_force_control,4,84,0.619048,0.176582,0.496232,0.100550,0.157538,0.137813,0.400000
full_finetune_pretrained,combined_stress,taxel_bias,lid_twist_force_control,4,84,0.547619,0.179541,0.508703,0.104944,0.157243,0.136214,0.400000
full_finetune_pretrained,combined_stress,transient_shear_spike,lid_twist_force_control,4,84,0.500000,0.186733,0.495937,0.109817,0.161916,0.136664,0.400000
full_finetune_pretrained,combined_stress,compound_contact_shift,lid_twist_force_control,4,84,0.488095,0.207605,0.489926,0.119310,0.166583,0.135787,0.400000
full_finetune_pretrained,combined_stress,source_matched,slip_limited_grasp,5,84,0.595238,0.166731,0.533687,0.104344,0.158570,0.135274,0.400000
full_finetune_pretrained,combined_stress,low_friction,slip_limited_grasp,5,84,0.547619,0.167925,0.538772,0.104986,0.159491,0.130973,0.400000
full_finetune_pretrained,combined_stress,soft_compliance,slip_limited_grasp,5,84,0.547619,0.175023,0.526100,0.104784,0.157399,0.136117,0.400000
full_finetune_pretrained,combined_stress,texture_aliasing,slip_limited_grasp,5,84,0.559524,0.182047,0.525787,0.109653,0.159925,0.134071,0.400000
full_finetune_pretrained,combined_stress,taxel_bias,slip_limited_grasp,5,84,0.607143,0.180758,0.531886,0.107813,0.162660,0.137551,0.400000
full_finetune_pretrained,combined_stress,transient_shear_spike,slip_limited_grasp,5,84,0.523810,0.187734,0.536805,0.113414,0.159828,0.137852,0.400000
full_finetune_pretrained,combined_stress,compound_contact_shift,slip_limited_grasp,5,84,0.547619,0.205313,0.525853,0.119489,0.161655,0.142711,0.400000
full_finetune_pretrained,combined_stress,source_matched,peg_in_hole_contact_search,5,84,0.571429,0.176377,0.509997,0.103148,0.160925,0.132566,0.400000
full_finetune_pretrained,combined_stress,low_friction,peg_in_hole_contact_search,5,84,0.547619,0.167995,0.518727,0.103857,0.163037,0.129673,0.400000
full_finetune_pretrained,combined_stress,soft_compliance,peg_in_hole_contact_search,5,84,0.619048,0.165445,0.509592,0.102476,0.161231,0.136177,0.400000
full_finetune_pretrained,combined_stress,texture_aliasing,peg_in_hole_contact_search,5,84,0.595238,0.177256,0.516461,0.103905,0.159588,0.137429,0.400000
full_finetune_pretrained,combined_stress,taxel_bias,peg_in_hole_contact_search,5,84,0.511905,0.183258,0.515486,0.102924,0.161536,0.137925,0.400000
full_finetune_pretrained,combined_stress,transient_shear_spike,peg_in_hole_contact_search,5,84,0.464286,0.182872,0.509362,0.109992,0.161157,0.133156,0.400000
full_finetune_pretrained,combined_stress,compound_contact_shift,peg_in_hole_contact_search,5,84,0.535714,0.205238,0.487583,0.118547,0.165319,0.141312,0.400000
full_finetune_pretrained,combined_stress,source_matched,cloth_edge_pull,5,84,0.523810,0.168087,0.545839,0.104129,0.159170,0.134524,0.400000
full_finetune_pretrained,combined_stress,low_friction,cloth_edge_pull,5,84,0.559524,0.173325,0.538981,0.105788,0.161287,0.133007,0.400000
full_finetune_pretrained,combined_stress,soft_compliance,cloth_edge_pull,5,84,0.500000,0.174357,0.535219,0.102424,0.164226,0.133974,0.400000
full_finetune_pretrained,combined_stress,texture_aliasing,cloth_edge_pull,5,84,0.571429,0.179359,0.531873,0.104254,0.156329,0.130536,0.400000
full_finetune_pretrained,combined_stress,taxel_bias,cloth_edge_pull,5,84,0.523810,0.178196,0.538161,0.104892,0.160862,0.134102,0.400000
full_finetune_pretrained,combined_stress,transient_shear_spike,cloth_edge_pull,5,84,0.416667,0.186942,0.527726,0.112446,0.167642,0.135623,0.400000
full_finetune_pretrained,combined_stress,compound_contact_shift,cloth_edge_pull,5,84,0.416667,0.214505,0.531750,0.118766,0.168550,0.139353,0.400000
full_finetune_pretrained,combined_stress,source_matched,cable_threading,5,84,0.500000,0.167586,0.549939,0.103851,0.158968,0.133156,0.400000
full_finetune_pretrained,combined_stress,low_friction,cable_threading,5,84,0.380952,0.173184,0.543621,0.109655,0.164111,0.131887,0.400000
full_finetune_pretrained,combined_stress,soft_compliance,cable_threading,5,84,0.547619,0.173676,0.539049,0.100221,0.162619,0.132482,0.400000
full_finetune_pretrained,combined_stress,texture_aliasing,cable_threading,5,84,0.535714,0.178498,0.535433,0.103997,0.164106,0.136924,0.400000
full_finetune_pretrained,combined_stress,taxel_bias,cable_threading,5,84,0.428571,0.178415,0.543341,0.106951,0.162426,0.133230,0.400000
full_finetune_pretrained,combined_stress,transient_shear_spike,cable_threading,5,84,0.511905,0.185181,0.529936,0.108225,0.164458,0.133387,0.400000
full_finetune_pretrained,combined_stress,compound_contact_shift,cable_threading,5,84,0.571429,0.212564,0.533690,0.120923,0.164175,0.136993,0.400000
full_finetune_pretrained,combined_stress,source_matched,lid_twist_force_control,5,84,0.630952,0.167230,0.513060,0.100417,0.160591,0.135147,0.400000
full_finetune_pretrained,combined_stress,low_friction,lid_twist_force_control,5,84,0.595238,0.173830,0.508245,0.104906,0.156898,0.134568,0.400000
full_finetune_pretrained,combined_stress,soft_compliance,lid_twist_force_control,5,84,0.607143,0.166816,0.510423,0.101591,0.161192,0.129994,0.400000
full_finetune_pretrained,combined_stress,texture_aliasing,lid_twist_force_control,5,84,0.511905,0.177140,0.497051,0.103664,0.159842,0.138225,0.400000
full_finetune_pretrained,combined_stress,taxel_bias,lid_twist_force_control,5,84,0.595238,0.180063,0.509468,0.104161,0.156738,0.136601,0.400000
full_finetune_pretrained,combined_stress,transient_shear_spike,lid_twist_force_control,5,84,0.511905,0.187321,0.496801,0.109978,0.162098,0.137097,0.400000
full_finetune_pretrained,combined_stress,compound_contact_shift,lid_twist_force_control,5,84,0.523810,0.208199,0.490799,0.118881,0.166340,0.136224,0.400000
full_finetune_pretrained,combined_stress,source_matched,slip_limited_grasp,6,84,0.595238,0.167247,0.534443,0.104748,0.158918,0.135658,0.400000
full_finetune_pretrained,combined_stress,low_friction,slip_limited_grasp,6,84,0.571429,0.168429,0.539510,0.104785,0.159402,0.131348,0.400000
full_finetune_pretrained,combined_stress,soft_compliance,slip_limited_grasp,6,84,0.619048,0.175545,0.526865,0.103406,0.156465,0.136504,0.400000
full_finetune_pretrained,combined_stress,texture_aliasing,slip_limited_grasp,6,84,0.523810,0.170569,0.526561,0.109758,0.160924,0.134199,0.400000
full_finetune_pretrained,combined_stress,taxel_bias,slip_limited_grasp,6,84,0.666667,0.181250,0.532606,0.098706,0.161920,0.137918,0.400000
full_finetune_pretrained,combined_stress,transient_shear_spike,slip_limited_grasp,6,84,0.500000,0.188292,0.519615,0.114445,0.160632,0.138265,0.400000
full_finetune_pretrained,combined_stress,compound_contact_shift,slip_limited_grasp,6,84,0.488095,0.205877,0.526681,0.121417,0.163106,0.143127,0.400000
full_finetune_pretrained,combined_stress,source_matched,peg_in_hole_contact_search,6,84,0.583333,0.176941,0.510825,0.103291,0.161090,0.132982,0.400000
full_finetune_pretrained,combined_stress,low_friction,peg_in_hole_contact_search,6,84,0.630952,0.168547,0.501528,0.102205,0.161909,0.130081,0.400000
full_finetune_pretrained,combined_stress,soft_compliance,peg_in_hole_contact_search,6,84,0.607143,0.166015,0.510429,0.103219,0.161830,0.136598,0.400000
full_finetune_pretrained,combined_stress,texture_aliasing,peg_in_hole_contact_search,6,84,0.595238,0.177832,0.499298,0.104354,0.159976,0.137854,0.400000
full_finetune_pretrained,combined_stress,taxel_bias,peg_in_hole_contact_search,6,84,0.595238,0.183798,0.516278,0.101263,0.160400,0.138325,0.400000
full_finetune_pretrained,combined_stress,transient_shear_spike,peg_in_hole_contact_search,6,84,0.559524,0.183478,0.510253,0.108084,0.159851,0.133602,0.400000
full_finetune_pretrained,combined_stress,compound_contact_shift,peg_in_hole_contact_search,6,84,0.500000,0.205850,0.488483,0.119917,0.166374,0.141762,0.400000
full_finetune_pretrained,combined_stress,source_matched,cloth_edge_pull,6,84,0.523810,0.168585,0.546568,0.104519,0.159506,0.134895,0.400000
full_finetune_pretrained,combined_stress,low_friction,cloth_edge_pull,6,84,0.571429,0.173811,0.539692,0.105871,0.161401,0.133370,0.400000
full_finetune_pretrained,combined_stress,soft_compliance,cloth_edge_pull,6,84,0.571429,0.174861,0.535957,0.101032,0.155277,0.134349,0.400000
full_finetune_pretrained,combined_stress,texture_aliasing,cloth_edge_pull,6,84,0.488095,0.179869,0.532620,0.106737,0.158173,0.130915,0.400000
full_finetune_pretrained,combined_stress,taxel_bias,cloth_edge_pull,6,84,0.583333,0.178670,0.538854,0.103776,0.160110,0.134457,0.400000
full_finetune_pretrained,combined_stress,transient_shear_spike,cloth_edge_pull,6,84,0.511905,0.187482,0.528518,0.110487,0.166292,0.136023,0.400000
full_finetune_pretrained,combined_stress,compound_contact_shift,cloth_edge_pull,6,84,0.476190,0.203045,0.532551,0.116504,0.167847,0.139493,0.400000
full_finetune_pretrained,combined_stress,source_matched,cable_threading,6,84,0.547619,0.168084,0.550668,0.103050,0.158447,0.133527,0.400000
full_finetune_pretrained,combined_stress,low_friction,cable_threading,6,84,0.488095,0.173670,0.544332,0.107357,0.162511,0.132250,0.400000
full_finetune_pretrained,combined_stress,soft_compliance,cable_threading,6,84,0.452381,0.174180,0.539787,0.102997,0.164674,0.132857,0.400000
full_finetune_pretrained,combined_stress,texture_aliasing,cable_threading,6,84,0.523810,0.179008,0.536180,0.104694,0.164664,0.137303,0.400000
full_finetune_pretrained,combined_stress,taxel_bias,cable_threading,6,84,0.488095,0.178889,0.544034,0.105835,0.161675,0.133584,0.400000
full_finetune_pretrained,combined_stress,transient_shear_spike,cable_threading,6,84,0.452381,0.185721,0.530728,0.110135,0.165894,0.133787,0.400000
full_finetune_pretrained,combined_stress,compound_contact_shift,cable_threading,6,84,0.369048,0.213110,0.534491,0.118405,0.168186,0.137397,0.400000
full_finetune_pretrained,combined_stress,source_matched,lid_twist_force_control,6,84,0.583333,0.167776,0.495852,0.102034,0.161816,0.135551,0.400000
full_finetune_pretrained,combined_stress,low_friction,lid_twist_force_control,6,84,0.547619,0.174364,0.509028,0.106514,0.158115,0.134964,0.400000
full_finetune_pretrained,combined_stress,soft_compliance,lid_twist_force_control,6,84,0.571429,0.167368,0.511233,0.102915,0.162207,0.130402,0.400000
full_finetune_pretrained,combined_stress,texture_aliasing,lid_twist_force_control,6,84,0.607143,0.177698,0.497870,0.101719,0.158504,0.130633,0.400000
full_finetune_pretrained,combined_stress,taxel_bias,lid_twist_force_control,6,84,0.630952,0.180585,0.510233,0.103677,0.156447,0.136989,0.400000
full_finetune_pretrained,combined_stress,transient_shear_spike,lid_twist_force_control,6,84,0.642857,0.187909,0.497665,0.107163,0.160137,0.137530,0.400000
full_finetune_pretrained,combined_stress,compound_contact_shift,lid_twist_force_control,6,84,0.500000,0.208793,0.491672,0.119939,0.167168,0.136661,0.400000
ensemble_disagreement_filter,combined_stress,source_matched,slip_limited_grasp,0,84,0.630952,0.112638,0.557477,0.077502,0.255831,0.090320,0.400000
ensemble_disagreement_filter,combined_stress,low_friction,slip_limited_grasp,0,84,0.654762,0.109500,0.556064,0.073037,0.260582,0.091039,0.400000
ensemble_disagreement_filter,combined_stress,soft_compliance,slip_limited_grasp,0,84,0.738095,0.111582,0.553877,0.074910,0.253646,0.092729,0.400000
ensemble_disagreement_filter,combined_stress,texture_aliasing,slip_limited_grasp,0,84,0.619048,0.120440,0.558199,0.077292,0.260589,0.092784,0.400000
ensemble_disagreement_filter,combined_stress,taxel_bias,slip_limited_grasp,0,84,0.630952,0.113960,0.558529,0.073262,0.261403,0.093585,0.400000
ensemble_disagreement_filter,combined_stress,transient_shear_spike,slip_limited_grasp,0,84,0.607143,0.122087,0.551874,0.080350,0.260360,0.088768,0.400000
ensemble_disagreement_filter,combined_stress,compound_contact_shift,slip_limited_grasp,0,84,0.619048,0.135854,0.544621,0.087985,0.264045,0.095187,0.400000
ensemble_disagreement_filter,combined_stress,source_matched,peg_in_hole_contact_search,0,84,0.571429,0.105468,0.526137,0.080121,0.255429,0.091846,0.400000
ensemble_disagreement_filter,combined_stress,low_friction,peg_in_hole_contact_search,0,84,0.607143,0.116766,0.528369,0.078422,0.261586,0.086498,0.400000
ensemble_disagreement_filter,combined_stress,soft_compliance,peg_in_hole_contact_search,0,84,0.500000,0.109200,0.529719,0.077660,0.259650,0.089548,0.400000
ensemble_disagreement_filter,combined_stress,texture_aliasing,peg_in_hole_contact_search,0,84,0.595238,0.110841,0.523214,0.077155,0.257924,0.092636,0.400000
ensemble_disagreement_filter,combined_stress,taxel_bias,peg_in_hole_contact_search,0,84,0.607143,0.111651,0.534479,0.078714,0.255594,0.090454,0.400000
ensemble_disagreement_filter,combined_stress,transient_shear_spike,peg_in_hole_contact_search,0,84,0.619048,0.124422,0.516781,0.080466,0.257003,0.088834,0.400000
ensemble_disagreement_filter,combined_stress,compound_contact_shift,peg_in_hole_contact_search,0,84,0.642857,0.130971,0.516710,0.090274,0.263667,0.098287,0.400000
ensemble_disagreement_filter,combined_stress,source_matched,cloth_edge_pull,0,84,0.642857,0.105767,0.557632,0.077053,0.257603,0.092061,0.400000
ensemble_disagreement_filter,combined_stress,low_friction,cloth_edge_pull,0,84,0.511905,0.106673,0.562285,0.079558,0.259832,0.087561,0.400000
ensemble_disagreement_filter,combined_stress,soft_compliance,cloth_edge_pull,0,84,0.523810,0.114695,0.569008,0.079766,0.258142,0.093341,0.400000
ensemble_disagreement_filter,combined_stress,texture_aliasing,cloth_edge_pull,0,84,0.476190,0.109525,0.552288,0.077612,0.262451,0.091740,0.400000
ensemble_disagreement_filter,combined_stress,taxel_bias,cloth_edge_pull,0,84,0.511905,0.115177,0.552807,0.082288,0.262920,0.092892,0.400000
ensemble_disagreement_filter,combined_stress,transient_shear_spike,cloth_edge_pull,0,84,0.523810,0.125074,0.548807,0.081836,0.262414,0.089294,0.400000
ensemble_disagreement_filter,combined_stress,compound_contact_shift,cloth_edge_pull,0,84,0.345238,0.136819,0.538521,0.092683,0.268180,0.094320,0.400000
ensemble_disagreement_filter,combined_stress,source_matched,cable_threading,0,84,0.488095,0.116385,0.560652,0.080680,0.259279,0.090457,0.400000
ensemble_disagreement_filter,combined_stress,low_friction,cable_threading,0,84,0.464286,0.117651,0.565845,0.080782,0.259819,0.086205,0.400000
ensemble_disagreement_filter,combined_stress,soft_compliance,cable_threading,0,84,0.535714,0.113127,0.571758,0.077888,0.256698,0.091350,0.400000
ensemble_disagreement_filter,combined_stress,texture_aliasing,cable_threading,0,84,0.464286,0.119784,0.554768,0.085395,0.261315,0.089888,0.400000
ensemble_disagreement_filter,combined_stress,taxel_bias,cable_threading,0,84,0.535714,0.114510,0.556907,0.080802,0.261862,0.091520,0.400000
ensemble_disagreement_filter,combined_stress,transient_shear_spike,cable_threading,0,84,0.511905,0.122427,0.567946,0.087729,0.260678,0.094562,0.400000
ensemble_disagreement_filter,combined_stress,compound_contact_shift,cable_threading,0,84,0.500000,0.133992,0.557390,0.094271,0.263324,0.091461,0.400000
ensemble_disagreement_filter,combined_stress,source_matched,lid_twist_force_control,0,84,0.642857,0.114305,0.520407,0.074983,0.258977,0.090915,0.400000
ensemble_disagreement_filter,combined_stress,low_friction,lid_twist_force_control,0,84,0.619048,0.116573,0.527103,0.075853,0.260186,0.087353,0.400000
ensemble_disagreement_filter,combined_stress,soft_compliance,lid_twist_force_control,0,84,0.642857,0.116549,0.521757,0.077599,0.260921,0.087592,0.400000
ensemble_disagreement_filter,combined_stress,texture_aliasing,lid_twist_force_control,0,84,0.654762,0.116701,0.531029,0.078037,0.259703,0.089655,0.400000
ensemble_disagreement_filter,combined_stress,taxel_bias,lid_twist_force_control,0,84,0.630952,0.114433,0.519668,0.078130,0.255963,0.093358,0.400000
ensemble_disagreement_filter,combined_stress,transient_shear_spike,lid_twist_force_control,0,84,0.500000,0.122843,0.513436,0.088112,0.265040,0.088735,0.400000
ensemble_disagreement_filter,combined_stress,compound_contact_shift,lid_twist_force_control,0,84,0.440476,0.139909,0.511133,0.092059,0.264208,0.097426,0.400000
ensemble_disagreement_filter,combined_stress,source_matched,slip_limited_grasp,1,84,0.678571,0.113178,0.558269,0.076733,0.255338,0.090720,0.400000
ensemble_disagreement_filter,combined_stress,low_friction,slip_limited_grasp,1,84,0.595238,0.110028,0.556838,0.074938,0.262010,0.091431,0.400000
ensemble_disagreement_filter,combined_stress,soft_compliance,slip_limited_grasp,1,84,0.619048,0.112128,0.554678,0.078313,0.256157,0.093133,0.400000
ensemble_disagreement_filter,combined_stress,texture_aliasing,slip_limited_grasp,1,84,0.595238,0.108986,0.559009,0.077118,0.261390,0.092928,0.400000
ensemble_disagreement_filter,combined_stress,taxel_bias,slip_limited_grasp,1,84,0.488095,0.114476,0.559285,0.077237,0.264322,0.093969,0.400000
ensemble_disagreement_filter,combined_stress,transient_shear_spike,slip_limited_grasp,1,84,0.726190,0.122669,0.552729,0.077828,0.258609,0.089197,0.400000
ensemble_disagreement_filter,combined_stress,compound_contact_shift,slip_limited_grasp,1,84,0.535714,0.136442,0.545485,0.090527,0.265941,0.095620,0.400000
ensemble_disagreement_filter,combined_stress,source_matched,peg_in_hole_contact_search,1,84,0.607143,0.106056,0.527001,0.079687,0.255182,0.092278,0.400000
ensemble_disagreement_filter,combined_stress,low_friction,peg_in_hole_contact_search,1,84,0.595238,0.105336,0.529215,0.077969,0.262188,0.086659,0.400000
ensemble_disagreement_filter,combined_stress,soft_compliance,peg_in_hole_contact_search,1,84,0.476190,0.109794,0.530592,0.078719,0.260479,0.089985,0.400000
ensemble_disagreement_filter,combined_stress,texture_aliasing,peg_in_hole_contact_search,1,84,0.690476,0.111441,0.524096,0.075242,0.256614,0.093077,0.400000
ensemble_disagreement_filter,combined_stress,taxel_bias,peg_in_hole_contact_search,1,84,0.523810,0.112215,0.535307,0.081238,0.257474,0.090870,0.400000
ensemble_disagreement_filter,combined_stress,transient_shear_spike,peg_in_hole_contact_search,1,84,0.511905,0.125052,0.517708,0.083636,0.259356,0.089296,0.400000
ensemble_disagreement_filter,combined_stress,compound_contact_shift,peg_in_hole_contact_search,1,84,0.642857,0.131607,0.517646,0.090769,0.264095,0.090749,0.400000
ensemble_disagreement_filter,combined_stress,source_matched,cloth_edge_pull,1,84,0.630952,0.106289,0.558397,0.077759,0.258169,0.092448,0.400000
ensemble_disagreement_filter,combined_stress,low_friction,cloth_edge_pull,1,84,0.476190,0.107183,0.563032,0.080850,0.260819,0.087940,0.400000
ensemble_disagreement_filter,combined_stress,soft_compliance,cloth_edge_pull,1,84,0.535714,0.115223,0.551773,0.079881,0.258283,0.085729,0.400000
ensemble_disagreement_filter,combined_stress,texture_aliasing,cloth_edge_pull,1,84,0.571429,0.110059,0.553071,0.075648,0.261097,0.092135,0.400000
ensemble_disagreement_filter,combined_stress,taxel_bias,cloth_edge_pull,1,84,0.642857,0.115675,0.553536,0.079404,0.260899,0.093263,0.400000
ensemble_disagreement_filter,combined_stress,transient_shear_spike,cloth_edge_pull,1,84,0.571429,0.125638,0.549635,0.081086,0.261937,0.089710,0.400000
ensemble_disagreement_filter,combined_stress,compound_contact_shift,cloth_edge_pull,1,84,0.500000,0.137389,0.539358,0.089259,0.265778,0.094741,0.400000
ensemble_disagreement_filter,combined_stress,source_matched,cable_threading,1,84,0.559524,0.116907,0.561417,0.079303,0.258345,0.090845,0.400000
ensemble_disagreement_filter,combined_stress,low_friction,cable_threading,1,84,0.571429,0.106155,0.566592,0.077302,0.258235,0.086320,0.400000
ensemble_disagreement_filter,combined_stress,soft_compliance,cable_threading,1,84,0.642857,0.113655,0.572532,0.075622,0.255125,0.091741,0.400000
ensemble_disagreement_filter,combined_stress,texture_aliasing,cable_threading,1,84,0.595238,0.120318,0.555551,0.082539,0.259318,0.090284,0.400000
ensemble_disagreement_filter,combined_stress,taxel_bias,cable_threading,1,84,0.500000,0.115008,0.557636,0.082085,0.262840,0.091891,0.400000
ensemble_disagreement_filter,combined_stress,transient_shear_spike,cable_threading,1,84,0.452381,0.122991,0.550765,0.089658,0.262130,0.094979,0.400000
ensemble_disagreement_filter,combined_stress,compound_contact_shift,cable_threading,1,84,0.428571,0.134562,0.558227,0.096502,0.264994,0.091881,0.400000
ensemble_disagreement_filter,combined_stress,source_matched,lid_twist_force_control,1,84,0.523810,0.114875,0.521244,0.078404,0.261504,0.091335,0.400000
ensemble_disagreement_filter,combined_stress,low_friction,lid_twist_force_control,1,84,0.630952,0.105125,0.527922,0.074791,0.260347,0.087501,0.400000
ensemble_disagreement_filter,combined_stress,soft_compliance,lid_twist_force_control,1,84,0.666667,0.117125,0.522603,0.077454,0.260880,0.088017,0.400000
ensemble_disagreement_filter,combined_stress,texture_aliasing,lid_twist_force_control,1,84,0.654762,0.117283,0.531884,0.078491,0.260095,0.090084,0.400000
ensemble_disagreement_filter,combined_stress,taxel_bias,lid_twist_force_control,1,84,0.559524,0.114979,0.520469,0.080342,0.257617,0.093762,0.400000
ensemble_disagreement_filter,combined_stress,transient_shear_spike,lid_twist_force_control,1,84,0.583333,0.123455,0.514336,0.086506,0.263952,0.089184,0.400000
ensemble_disagreement_filter,combined_stress,compound_contact_shift,lid_twist_force_control,1,84,0.547619,0.140527,0.512042,0.089862,0.262695,0.097880,0.400000
ensemble_disagreement_filter,combined_stress,source_matched,slip_limited_grasp,2,84,0.559524,0.113718,0.559061,0.080132,0.257845,0.091120,0.400000
ensemble_disagreement_filter,combined_stress,low_friction,slip_limited_grasp,2,84,0.559524,0.110556,0.557612,0.076243,0.263009,0.091822,0.400000
ensemble_disagreement_filter,combined_stress,soft_compliance,slip_limited_grasp,2,84,0.690476,0.112674,0.555479,0.076953,0.255240,0.085533,0.400000
ensemble_disagreement_filter,combined_stress,texture_aliasing,slip_limited_grasp,2,84,0.571429,0.109538,0.559819,0.078144,0.262190,0.093336,0.400000
ensemble_disagreement_filter,combined_stress,taxel_bias,slip_limited_grasp,2,84,0.535714,0.114992,0.560041,0.076450,0.263813,0.094352,0.400000
ensemble_disagreement_filter,combined_stress,transient_shear_spike,slip_limited_grasp,2,84,0.607143,0.123251,0.553584,0.081259,0.261144,0.089626,0.400000
ensemble_disagreement_filter,combined_stress,compound_contact_shift,slip_limited_grasp,2,84,0.642857,0.137030,0.546349,0.088308,0.264409,0.096053,0.400000
ensemble_disagreement_filter,combined_stress,source_matched,peg_in_hole_contact_search,2,84,0.607143,0.106644,0.527865,0.072142,0.255578,0.092711,0.400000
ensemble_disagreement_filter,combined_stress,low_friction,peg_in_hole_contact_search,2,84,0.535714,0.105912,0.530061,0.079906,0.263647,0.087083,0.400000
ensemble_disagreement_filter,combined_stress,soft_compliance,peg_in_hole_contact_search,2,84,0.511905,0.110388,0.531465,0.078289,0.260236,0.090422,0.400000
ensemble_disagreement_filter,combined_stress,texture_aliasing,peg_in_hole_contact_search,2,84,0.702381,0.112041,0.524978,0.075413,0.256803,0.093518,0.400000
ensemble_disagreement_filter,combined_stress,taxel_bias,peg_in_hole_contact_search,2,84,0.535714,0.112779,0.536135,0.081381,0.257639,0.091286,0.400000
ensemble_disagreement_filter,combined_stress,transient_shear_spike,peg_in_hole_contact_search,2,84,0.547619,0.125682,0.518635,0.083234,0.259137,0.089758,0.400000
ensemble_disagreement_filter,combined_stress,compound_contact_shift,peg_in_hole_contact_search,2,84,0.523810,0.132243,0.518582,0.086237,0.266666,0.091215,0.400000
ensemble_disagreement_filter,combined_stress,source_matched,cloth_edge_pull,2,84,0.571429,0.106811,0.559162,0.079655,0.259593,0.092836,0.400000
ensemble_disagreement_filter,combined_stress,low_friction,cloth_edge_pull,2,84,0.571429,0.107693,0.563779,0.078868,0.259449,0.088319,0.400000
ensemble_disagreement_filter,combined_stress,soft_compliance,cloth_edge_pull,2,84,0.488095,0.115751,0.552547,0.081485,0.259497,0.086121,0.400000
ensemble_disagreement_filter,combined_stress,texture_aliasing,cloth_edge_pull,2,84,0.500000,0.110593,0.553854,0.077851,0.262742,0.092531,0.400000
ensemble_disagreement_filter,combined_stress,taxel_bias,cloth_edge_pull,2,84,0.571429,0.116173,0.554265,0.081580,0.262521,0.093634,0.400000
ensemble_disagreement_filter,combined_stress,transient_shear_spike,cloth_edge_pull,2,84,0.464286,0.126202,0.550463,0.084205,0.264245,0.090126,0.400000
ensemble_disagreement_filter,combined_stress,compound_contact_shift,cloth_edge_pull,2,84,0.511905,0.137959,0.540195,0.089406,0.265948,0.095161,0.400000
ensemble_disagreement_filter,combined_stress,source_matched,cable_threading,2,84,0.595238,0.117429,0.562182,0.078818,0.258054,0.091232,0.400000
ensemble_disagreement_filter,combined_stress,low_friction,cable_threading,2,84,0.511905,0.106665,0.567339,0.079189,0.259650,0.086699,0.400000
ensemble_disagreement_filter,combined_stress,soft_compliance,cable_threading,2,84,0.511905,0.114183,0.573306,0.079309,0.257838,0.092133,0.400000
ensemble_disagreement_filter,combined_stress,texture_aliasing,cable_threading,2,84,0.583333,0.120852,0.556334,0.083254,0.259892,0.090680,0.400000
ensemble_disagreement_filter,combined_stress,taxel_bias,cable_threading,2,84,0.523810,0.115506,0.558365,0.081879,0.262748,0.092262,0.400000
ensemble_disagreement_filter,combined_stress,transient_shear_spike,cable_threading,2,84,0.571429,0.123555,0.551593,0.079118,0.260367,0.095395,0.400000
ensemble_disagreement_filter,combined_stress,compound_contact_shift,cable_threading,2,84,0.440476,0.135132,0.559064,0.088645,0.265164,0.092302,0.400000
ensemble_disagreement_filter,combined_stress,source_matched,lid_twist_force_control,2,84,0.511905,0.115445,0.522081,0.079147,0.262102,0.091756,0.400000
ensemble_disagreement_filter,combined_stress,low_friction,lid_twist_force_control,2,84,0.642857,0.105683,0.528741,0.074929,0.260509,0.087913,0.400000
ensemble_disagreement_filter,combined_stress,soft_compliance,lid_twist_force_control,2,84,0.678571,0.105695,0.523449,0.076405,0.261054,0.088177,0.400000
ensemble_disagreement_filter,combined_stress,texture_aliasing,lid_twist_force_control,2,84,0.559524,0.117865,0.532739,0.081326,0.262201,0.090513,0.400000
ensemble_disagreement_filter,combined_stress,taxel_bias,lid_twist_force_control,2,84,0.666667,0.115525,0.521270,0.078090,0.256056,0.094166,0.400000
ensemble_disagreement_filter,combined_stress,transient_shear_spike,lid_twist_force_control,2,84,0.559524,0.124067,0.515236,0.079575,0.264793,0.089633,0.400000
ensemble_disagreement_filter,combined_stress,compound_contact_shift,lid_twist_force_control,2,84,0.571429,0.141145,0.512951,0.089749,0.262683,0.098333,0.400000
ensemble_disagreement_filter,combined_stress,source_matched,slip_limited_grasp,3,84,0.583333,0.114258,0.559853,0.079958,0.257780,0.091520,0.400000
ensemble_disagreement_filter,combined_stress,low_friction,slip_limited_grasp,3,84,0.559524,0.111084,0.558386,0.076656,0.263365,0.092214,0.400000
ensemble_disagreement_filter,combined_stress,soft_compliance,slip_limited_grasp,3,84,0.571429,0.113220,0.556280,0.080356,0.257750,0.085937,0.400000
ensemble_disagreement_filter,combined_stress,texture_aliasing,slip_limited_grasp,3,84,0.595238,0.110090,0.560629,0.077980,0.262134,0.093744,0.400000
ensemble_disagreement_filter,combined_stress,taxel_bias,slip_limited_grasp,3,84,0.654762,0.115508,0.560797,0.073878,0.262018,0.086731,0.400000
ensemble_disagreement_filter,combined_stress,transient_shear_spike,slip_limited_grasp,3,84,0.523810,0.123833,0.554439,0.083796,0.263036,0.090054,0.400000
ensemble_disagreement_filter,combined_stress,compound_contact_shift,slip_limited_grasp,3,84,0.559524,0.137618,0.547213,0.090850,0.266305,0.096486,0.400000
ensemble_disagreement_filter,combined_stress,source_matched,peg_in_hole_contact_search,3,84,0.619048,0.107232,0.528729,0.072303,0.255759,0.093144,0.400000
ensemble_disagreement_filter,combined_stress,low_friction,peg_in_hole_contact_search,3,84,0.595238,0.106488,0.530907,0.078868,0.254960,0.087508,0.400000
ensemble_disagreement_filter,combined_stress,soft_compliance,peg_in_hole_contact_search,3,84,0.559524,0.110982,0.532338,0.077562,0.259779,0.090859,0.400000
ensemble_disagreement_filter,combined_stress,texture_aliasing,peg_in_hole_contact_search,3,84,0.654762,0.112641,0.525860,0.077071,0.258065,0.085955,0.400000
ensemble_disagreement_filter,combined_stress,taxel_bias,peg_in_hole_contact_search,3,84,0.678571,0.113343,0.536963,0.078250,0.255448,0.091703,0.400000
ensemble_disagreement_filter,combined_stress,transient_shear_spike,peg_in_hole_contact_search,3,84,0.547619,0.126312,0.519562,0.083725,0.259561,0.090220,0.400000
ensemble_disagreement_filter,combined_stress,compound_contact_shift,peg_in_hole_contact_search,3,84,0.523810,0.132879,0.519518,0.086733,0.267094,0.091681,0.400000
ensemble_disagreement_filter,combined_stress,source_matched,cloth_edge_pull,3,84,0.678571,0.107333,0.559927,0.077385,0.258016,0.093223,0.400000
ensemble_disagreement_filter,combined_stress,low_friction,cloth_edge_pull,3,84,0.523810,0.108203,0.564526,0.080457,0.260650,0.088698,0.400000
ensemble_disagreement_filter,combined_stress,soft_compliance,cloth_edge_pull,3,84,0.488095,0.116279,0.553321,0.081897,0.259853,0.086512,0.400000
ensemble_disagreement_filter,combined_stress,texture_aliasing,cloth_edge_pull,3,84,0.500000,0.111127,0.554637,0.078269,0.263102,0.092927,0.400000
ensemble_disagreement_filter,combined_stress,taxel_bias,cloth_edge_pull,3,84,0.595238,0.116671,0.554994,0.081374,0.262428,0.094005,0.400000
ensemble_disagreement_filter,combined_stress,transient_shear_spike,cloth_edge_pull,3,84,0.452381,0.126766,0.551291,0.084943,0.264839,0.090543,0.400000
ensemble_disagreement_filter,combined_stress,compound_contact_shift,cloth_edge_pull,3,84,0.464286,0.138529,0.541032,0.091042,0.267189,0.095582,0.400000
ensemble_disagreement_filter,combined_stress,source_matched,cable_threading,3,84,0.523810,0.105945,0.562947,0.079811,0.259692,0.091356,0.400000
ensemble_disagreement_filter,combined_stress,low_friction,cable_threading,3,84,0.607143,0.107175,0.568086,0.077207,0.258280,0.087079,0.400000
ensemble_disagreement_filter,combined_stress,soft_compliance,cable_threading,3,84,0.535714,0.114711,0.574080,0.079126,0.257766,0.092524,0.400000
ensemble_disagreement_filter,combined_stress,texture_aliasing,cable_threading,3,84,0.535714,0.109380,0.557117,0.075657,0.261110,0.090811,0.400000
ensemble_disagreement_filter,combined_stress,taxel_bias,cable_threading,3,84,0.571429,0.116004,0.559094,0.081079,0.262227,0.092633,0.400000
ensemble_disagreement_filter,combined_stress,transient_shear_spike,cable_threading,3,84,0.476190,0.124119,0.552421,0.081939,0.262461,0.095811,0.400000
ensemble_disagreement_filter,combined_stress,compound_contact_shift,cable_threading,3,84,0.523810,0.135702,0.559901,0.087007,0.264048,0.092722,0.400000
ensemble_disagreement_filter,combined_stress,source_matched,lid_twist_force_control,3,84,0.642857,0.116015,0.522918,0.076318,0.260129,0.092176,0.400000
ensemble_disagreement_filter,combined_stress,low_friction,lid_twist_force_control,3,84,0.571429,0.106241,0.529560,0.077150,0.262171,0.088325,0.400000
ensemble_disagreement_filter,combined_stress,soft_compliance,lid_twist_force_control,3,84,0.583333,0.106271,0.524295,0.079236,0.255152,0.088602,0.400000
ensemble_disagreement_filter,combined_stress,texture_aliasing,lid_twist_force_control,3,84,0.440476,0.118447,0.515585,0.084757,0.264736,0.090942,0.400000
ensemble_disagreement_filter,combined_stress,taxel_bias,lid_twist_force_control,3,84,0.619048,0.116071,0.522071,0.079707,0.257282,0.086566,0.400000
ensemble_disagreement_filter,combined_stress,transient_shear_spike,lid_twist_force_control,3,84,0.607143,0.124679,0.516136,0.078861,0.264348,0.090083,0.400000
ensemble_disagreement_filter,combined_stress,compound_contact_shift,lid_twist_force_control,3,84,0.654762,0.129757,0.513860,0.086947,0.261599,0.098523,0.400000
ensemble_disagreement_filter,combined_stress,source_matched,slip_limited_grasp,4,84,0.642857,0.114798,0.560645,0.078892,0.257073,0.091920,0.400000
ensemble_disagreement_filter,combined_stress,low_friction,slip_limited_grasp,4,84,0.547619,0.111612,0.559160,0.077367,0.255931,0.092606,0.400000
ensemble_disagreement_filter,combined_stress,soft_compliance,slip_limited_grasp,4,84,0.523810,0.113766,0.557081,0.081973,0.258976,0.086341,0.400000
ensemble_disagreement_filter,combined_stress,texture_aliasing,slip_limited_grasp,4,84,0.583333,0.110642,0.561439,0.078709,0.262720,0.086148,0.400000
ensemble_disagreement_filter,combined_stress,taxel_bias,slip_limited_grasp,4,84,0.583333,0.116024,0.561553,0.076067,0.263652,0.087115,0.400000
ensemble_disagreement_filter,combined_stress,transient_shear_spike,slip_limited_grasp,4,84,0.559524,0.124415,0.555294,0.083357,0.262785,0.090483,0.400000
ensemble_disagreement_filter,combined_stress,compound_contact_shift,slip_limited_grasp,4,84,0.547619,0.138206,0.548077,0.091606,0.266915,0.096919,0.400000
ensemble_disagreement_filter,combined_stress,source_matched,peg_in_hole_contact_search,4,84,0.654762,0.107820,0.529593,0.071869,0.255513,0.085573,0.400000
ensemble_disagreement_filter,combined_stress,low_friction,peg_in_hole_contact_search,4,84,0.642857,0.107064,0.531753,0.078127,0.254491,0.087933,0.400000
ensemble_disagreement_filter,combined_stress,soft_compliance,peg_in_hole_contact_search,4,84,0.511905,0.111576,0.533211,0.079216,0.261036,0.091296,0.400000
ensemble_disagreement_filter,combined_stress,texture_aliasing,peg_in_hole_contact_search,4,84,0.607143,0.113241,0.526742,0.078729,0.259326,0.086397,0.400000
ensemble_disagreement_filter,combined_stress,taxel_bias,peg_in_hole_contact_search,4,84,0.571429,0.113907,0.519782,0.081369,0.257757,0.092119,0.400000
ensemble_disagreement_filter,combined_stress,transient_shear_spike,peg_in_hole_contact_search,4,84,0.523810,0.126942,0.520489,0.084811,0.260414,0.090682,0.400000
ensemble_disagreement_filter,combined_stress,compound_contact_shift,peg_in_hole_contact_search,4,84,0.595238,0.133515,0.520454,0.085443,0.266236,0.092147,0.400000
ensemble_disagreement_filter,combined_stress,source_matched,cloth_edge_pull,4,84,0.523810,0.107855,0.560692,0.081662,0.261154,0.085607,0.400000
ensemble_disagreement_filter,combined_stress,low_friction,cloth_edge_pull,4,84,0.535714,0.108713,0.565273,0.080558,0.260779,0.089078,0.400000
ensemble_disagreement_filter,combined_stress,soft_compliance,cloth_edge_pull,4,84,0.595238,0.116807,0.554095,0.079632,0.258280,0.086904,0.400000
ensemble_disagreement_filter,combined_stress,texture_aliasing,cloth_edge_pull,4,84,0.535714,0.111661,0.555420,0.077793,0.262819,0.093323,0.400000
ensemble_disagreement_filter,combined_stress,taxel_bias,cloth_edge_pull,4,84,0.523810,0.117169,0.555723,0.083550,0.264050,0.094376,0.400000
ensemble_disagreement_filter,combined_stress,transient_shear_spike,cloth_edge_pull,4,84,0.607143,0.127330,0.552119,0.081514,0.262434,0.090959,0.400000
ensemble_disagreement_filter,combined_stress,compound_contact_shift,cloth_edge_pull,4,84,0.440476,0.139099,0.541869,0.092082,0.268002,0.096002,0.400000
ensemble_disagreement_filter,combined_stress,source_matched,cable_threading,4,84,0.500000,0.106467,0.563712,0.080815,0.260472,0.091743,0.400000
ensemble_disagreement_filter,combined_stress,low_friction,cable_threading,4,84,0.523810,0.107685,0.568833,0.079689,0.260124,0.087458,0.400000
ensemble_disagreement_filter,combined_stress,soft_compliance,cable_threading,4,84,0.666667,0.115239,0.556845,0.076265,0.255764,0.092916,0.400000
ensemble_disagreement_filter,combined_stress,texture_aliasing,cable_threading,4,84,0.523810,0.109914,0.557900,0.076372,0.261684,0.091207,0.400000
ensemble_disagreement_filter,combined_stress,taxel_bias,cable_threading,4,84,0.488095,0.116502,0.559823,0.083552,0.264063,0.093004,0.400000
ensemble_disagreement_filter,combined_stress,transient_shear_spike,cable_threading,4,84,0.547619,0.124683,0.553249,0.080594,0.261555,0.088224,0.400000
ensemble_disagreement_filter,combined_stress,compound_contact_shift,cable_threading,4,84,0.511905,0.136272,0.560738,0.087750,0.264646,0.093143,0.400000
ensemble_disagreement_filter,combined_stress,source_matched,lid_twist_force_control,4,84,0.595238,0.116585,0.523755,0.077954,0.261370,0.092597,0.400000
ensemble_disagreement_filter,combined_stress,low_friction,lid_twist_force_control,4,84,0.595238,0.106799,0.530379,0.076991,0.262118,0.088738,0.400000
ensemble_disagreement_filter,combined_stress,soft_compliance,lid_twist_force_control,4,84,0.595238,0.106847,0.525141,0.079388,0.255326,0.089027,0.400000
ensemble_disagreement_filter,combined_stress,texture_aliasing,lid_twist_force_control,4,84,0.595238,0.119029,0.516440,0.081342,0.262342,0.091371,0.400000
ensemble_disagreement_filter,combined_stress,taxel_bias,lid_twist_force_control,4,84,0.583333,0.116617,0.522872,0.081026,0.258292,0.086970,0.400000
ensemble_disagreement_filter,combined_stress,transient_shear_spike,lid_twist_force_control,4,84,0.619048,0.125291,0.517036,0.079041,0.264546,0.090532,0.400000
ensemble_disagreement_filter,combined_stress,compound_contact_shift,lid_twist_force_control,4,84,0.571429,0.130375,0.514769,0.089512,0.263515,0.090972,0.400000
ensemble_disagreement_filter,combined_stress,source_matched,slip_limited_grasp,5,84,0.547619,0.115338,0.561437,0.081695,0.259151,0.092320,0.400000
ensemble_disagreement_filter,combined_stress,low_friction,slip_limited_grasp,5,84,0.678571,0.112140,0.559934,0.074506,0.253930,0.092997,0.400000
ensemble_disagreement_filter,combined_stress,soft_compliance,slip_limited_grasp,5,84,0.547619,0.114312,0.557882,0.081805,0.258915,0.086745,0.400000
ensemble_disagreement_filter,combined_stress,texture_aliasing,slip_limited_grasp,5,84,0.583333,0.111194,0.562249,0.079140,0.263092,0.086556,0.400000
ensemble_disagreement_filter,combined_stress,taxel_bias,slip_limited_grasp,5,84,0.595238,0.116540,0.544300,0.076173,0.263786,0.087498,0.400000
ensemble_disagreement_filter,combined_stress,transient_shear_spike,slip_limited_grasp,5,84,0.595238,0.124997,0.556149,0.082919,0.262534,0.090912,0.400000
ensemble_disagreement_filter,combined_stress,compound_contact_shift,slip_limited_grasp,5,84,0.464286,0.138794,0.548941,0.094148,0.268811,0.097352,0.400000
ensemble_disagreement_filter,combined_stress,source_matched,peg_in_hole_contact_search,5,84,0.583333,0.108408,0.530457,0.074113,0.257194,0.086006,0.400000
ensemble_disagreement_filter,combined_stress,low_friction,peg_in_hole_contact_search,5,84,0.619048,0.107640,0.532599,0.079172,0.255307,0.088357,0.400000
ensemble_disagreement_filter,combined_stress,soft_compliance,peg_in_hole_contact_search,5,84,0.488095,0.112170,0.534084,0.080275,0.261865,0.091733,0.400000
ensemble_disagreement_filter,combined_stress,texture_aliasing,peg_in_hole_contact_search,5,84,0.583333,0.113841,0.527624,0.079793,0.260158,0.086838,0.400000
ensemble_disagreement_filter,combined_stress,taxel_bias,peg_in_hole_contact_search,5,84,0.619048,0.114471,0.520610,0.080619,0.257279,0.092536,0.400000
ensemble_disagreement_filter,combined_stress,transient_shear_spike,peg_in_hole_contact_search,5,84,0.571429,0.127572,0.521416,0.084111,0.259981,0.091144,0.400000
ensemble_disagreement_filter,combined_stress,compound_contact_shift,peg_in_hole_contact_search,5,84,0.440476,0.134151,0.521390,0.089807,0.269450,0.092613,0.400000
ensemble_disagreement_filter,combined_stress,source_matched,cloth_edge_pull,5,84,0.690476,0.108377,0.561457,0.069900,0.258506,0.085994,0.400000
ensemble_disagreement_filter,combined_stress,low_friction,cloth_edge_pull,5,84,0.547619,0.109223,0.566020,0.080660,0.260909,0.089457,0.400000
ensemble_disagreement_filter,combined_stress,soft_compliance,cloth_edge_pull,5,84,0.607143,0.117335,0.554869,0.079747,0.258422,0.087295,0.400000
ensemble_disagreement_filter,combined_stress,texture_aliasing,cloth_edge_pull,5,84,0.595238,0.112195,0.556203,0.076723,0.262108,0.093718,0.400000
ensemble_disagreement_filter,combined_stress,taxel_bias,cloth_edge_pull,5,84,0.488095,0.117667,0.556452,0.076828,0.265029,0.086743,0.400000
ensemble_disagreement_filter,combined_stress,transient_shear_spike,cloth_edge_pull,5,84,0.583333,0.127894,0.552947,0.082550,0.263242,0.091376,0.400000
ensemble_disagreement_filter,combined_stress,compound_contact_shift,cloth_edge_pull,5,84,0.535714,0.139669,0.542706,0.090146,0.266671,0.096423,0.400000
ensemble_disagreement_filter,combined_stress,source_matched,cable_threading,5,84,0.535714,0.106989,0.564477,0.080330,0.260182,0.092131,0.400000
ensemble_disagreement_filter,combined_stress,low_friction,cable_threading,5,84,0.488095,0.108195,0.569580,0.080981,0.261111,0.087837,0.400000
ensemble_disagreement_filter,combined_stress,soft_compliance,cable_threading,5,84,0.535714,0.115767,0.557619,0.079952,0.258478,0.093308,0.400000
ensemble_disagreement_filter,combined_stress,texture_aliasing,cable_threading,5,84,0.559524,0.110448,0.558683,0.075897,0.261401,0.091603,0.400000
ensemble_disagreement_filter,combined_stress,taxel_bias,cable_threading,5,84,0.607143,0.117000,0.560552,0.080965,0.262256,0.093375,0.400000
ensemble_disagreement_filter,combined_stress,transient_shear_spike,cable_threading,5,84,0.500000,0.125247,0.554077,0.082225,0.262792,0.088640,0.400000
ensemble_disagreement_filter,combined_stress,compound_contact_shift,cable_threading,5,84,0.464286,0.136842,0.543566,0.089385,0.265887,0.093563,0.400000
ensemble_disagreement_filter,combined_stress,source_matched,lid_twist_force_control,5,84,0.619048,0.105149,0.524592,0.076603,0.261326,0.092753,0.400000
ensemble_disagreement_filter,combined_stress,low_friction,lid_twist_force_control,5,84,0.630952,0.107357,0.531198,0.076534,0.261851,0.089150,0.400000
ensemble_disagreement_filter,combined_stress,soft_compliance,lid_twist_force_control,5,84,0.571429,0.107423,0.525987,0.080433,0.256143,0.089451,0.400000
ensemble_disagreement_filter,combined_stress,texture_aliasing,lid_twist_force_control,5,84,0.595238,0.119611,0.517295,0.081796,0.262734,0.091799,0.400000
ensemble_disagreement_filter,combined_stress,taxel_bias,lid_twist_force_control,5,84,0.488095,0.117163,0.523673,0.083834,0.260375,0.087374,0.400000
ensemble_disagreement_filter,combined_stress,transient_shear_spike,lid_twist_force_control,5,84,0.440476,0.125903,0.517936,0.083982,0.260168,0.090982,0.400000
ensemble_disagreement_filter,combined_stress,compound_contact_shift,lid_twist_force_control,5,84,0.452381,0.130993,0.515678,0.092970,0.266074,0.091426,0.400000
ensemble_disagreement_filter,combined_stress,source_matched,slip_limited_grasp,6,84,0.595238,0.115878,0.562229,0.080927,0.258658,0.092719,0.400000
ensemble_disagreement_filter,combined_stress,low_friction,slip_limited_grasp,6,84,0.595238,0.112668,0.560708,0.077002,0.255786,0.093389,0.400000
ensemble_disagreement_filter,combined_stress,soft_compliance,slip_limited_grasp,6,84,0.535714,0.114858,0.558683,0.074525,0.259497,0.087149,0.400000
ensemble_disagreement_filter,combined_stress,texture_aliasing,slip_limited_grasp,6,84,0.571429,0.111746,0.545050,0.079869,0.263678,0.086965,0.400000
ensemble_disagreement_filter,combined_stress,taxel_bias,slip_limited_grasp,6,84,0.583333,0.117056,0.545056,0.076874,0.256344,0.087881,0.400000
ensemble_disagreement_filter,combined_stress,transient_shear_spike,slip_limited_grasp,6,84,0.666667,0.125579,0.557004,0.081587,0.261640,0.091341,0.400000
ensemble_disagreement_filter,combined_stress,compound_contact_shift,slip_limited_grasp,6,84,0.583333,0.139382,0.549805,0.091631,0.267064,0.097785,0.400000
ensemble_disagreement_filter,combined_stress,source_matched,peg_in_hole_contact_search,6,84,0.583333,0.108996,0.531321,0.074572,0.257590,0.086439,0.400000
ensemble_disagreement_filter,combined_stress,low_friction,peg_in_hole_contact_search,6,84,0.595238,0.108216,0.533445,0.080217,0.256124,0.088782,0.400000
ensemble_disagreement_filter,combined_stress,soft_compliance,peg_in_hole_contact_search,6,84,0.583333,0.112764,0.534957,0.078357,0.260550,0.092170,0.400000
ensemble_disagreement_filter,combined_stress,texture_aliasing,peg_in_hole_contact_search,6,84,0.559524,0.114441,0.528506,0.080856,0.260991,0.087279,0.400000
ensemble_disagreement_filter,combined_stress,taxel_bias,peg_in_hole_contact_search,6,84,0.547619,0.115035,0.521438,0.082845,0.258945,0.092952,0.400000
ensemble_disagreement_filter,combined_stress,transient_shear_spike,peg_in_hole_contact_search,6,84,0.511905,0.128202,0.522343,0.086091,0.261476,0.091606,0.400000
ensemble_disagreement_filter,combined_stress,compound_contact_shift,peg_in_hole_contact_search,6,84,0.428571,0.134787,0.522326,0.090600,0.270092,0.093079,0.400000
ensemble_disagreement_filter,combined_stress,source_matched,cloth_edge_pull,6,84,0.559524,0.108899,0.562222,0.073582,0.261215,0.086382,0.400000
ensemble_disagreement_filter,combined_stress,low_friction,cloth_edge_pull,6,84,0.500000,0.109733,0.566767,0.082249,0.262110,0.089836,0.400000
ensemble_disagreement_filter,combined_stress,soft_compliance,cloth_edge_pull,6,84,0.595238,0.105857,0.555643,0.079257,0.258992,0.087423,0.400000
ensemble_disagreement_filter,combined_stress,texture_aliasing,cloth_edge_pull,6,84,0.464286,0.112729,0.556986,0.080414,0.264825,0.086110,0.400000
ensemble_disagreement_filter,combined_stress,taxel_bias,cloth_edge_pull,6,84,0.571429,0.118165,0.557181,0.075135,0.263865,0.087114,0.400000
ensemble_disagreement_filter,combined_stress,transient_shear_spike,cloth_edge_pull,6,84,0.464286,0.128458,0.553775,0.085967,0.265765,0.091792,0.400000
ensemble_disagreement_filter,combined_stress,compound_contact_shift,cloth_edge_pull,6,84,0.464286,0.140239,0.543543,0.092377,0.268341,0.096843,0.400000
ensemble_disagreement_filter,combined_stress,source_matched,cable_threading,6,84,0.452381,0.107511,0.565242,0.082822,0.262034,0.092518,0.400000
ensemble_disagreement_filter,combined_stress,low_friction,cable_threading,6,84,0.500000,0.108705,0.570327,0.081083,0.261240,0.088216,0.400000
ensemble_disagreement_filter,combined_stress,soft_compliance,cable_threading,6,84,0.488095,0.116295,0.558393,0.081555,0.259691,0.085695,0.400000
ensemble_disagreement_filter,combined_stress,texture_aliasing,cable_threading,6,84,0.559524,0.110982,0.559466,0.076314,0.261761,0.091998,0.400000
ensemble_disagreement_filter,combined_stress,taxel_bias,cable_threading,6,84,0.464286,0.117498,0.561281,0.084927,0.265163,0.093746,0.400000
ensemble_disagreement_filter,combined_stress,transient_shear_spike,cable_threading,6,84,0.464286,0.125811,0.554905,0.083558,0.263815,0.089057,0.400000
ensemble_disagreement_filter,combined_stress,compound_contact_shift,cable_threading,6,84,0.440476,0.137412,0.544403,0.090425,0.266700,0.093984,0.400000
ensemble_disagreement_filter,combined_stress,source_matched,lid_twist_force_control,6,84,0.642857,0.105719,0.525429,0.076452,0.261281,0.093174,0.400000
ensemble_disagreement_filter,combined_stress,low_friction,lid_twist_force_control,6,84,0.678571,0.107915,0.532017,0.075779,0.253366,0.089562,0.400000
ensemble_disagreement_filter,combined_stress,soft_compliance,lid_twist_force_control,6,84,0.511905,0.107999,0.526833,0.074366,0.257602,0.089876,0.400000
ensemble_disagreement_filter,combined_stress,texture_aliasing,lid_twist_force_control,6,84,0.595238,0.120193,0.518150,0.082250,0.263126,0.092228,0.400000
ensemble_disagreement_filter,combined_stress,taxel_bias,lid_twist_force_control,6,84,0.642857,0.117709,0.524474,0.080392,0.257957,0.087778,0.400000
ensemble_disagreement_filter,combined_stress,transient_shear_spike,lid_twist_force_control,6,84,0.547619,0.126515,0.518836,0.081781,0.258651,0.091431,0.400000
ensemble_disagreement_filter,combined_stress,compound_contact_shift,lid_twist_force_control,6,84,0.595238,0.131611,0.516587,0.089880,0.263918,0.091879,0.400000
proposed_negative_transfer_guard,combined_stress,source_matched,slip_limited_grasp,0,84,0.809524,0.075062,0.602758,0.052888,0.224385,0.067318,0.400000
proposed_negative_transfer_guard,combined_stress,low_friction,slip_limited_grasp,0,84,0.797619,0.079538,0.612766,0.055153,0.226851,0.073280,0.400000
proposed_negative_transfer_guard,combined_stress,soft_compliance,slip_limited_grasp,0,84,0.630952,0.076694,0.603190,0.059500,0.229135,0.071577,0.400000
proposed_negative_transfer_guard,combined_stress,texture_aliasing,slip_limited_grasp,0,84,0.809524,0.075921,0.612192,0.055558,0.224797,0.073500,0.400000
proposed_negative_transfer_guard,combined_stress,taxel_bias,slip_limited_grasp,0,84,0.714286,0.076623,0.606483,0.060245,0.224855,0.071776,0.400000
proposed_negative_transfer_guard,combined_stress,transient_shear_spike,slip_limited_grasp,0,84,0.678571,0.087508,0.606758,0.062983,0.227106,0.070099,0.400000
proposed_negative_transfer_guard,combined_stress,compound_contact_shift,slip_limited_grasp,0,84,0.607143,0.088041,0.603249,0.073042,0.233956,0.077891,0.400000
proposed_negative_transfer_guard,combined_stress,source_matched,peg_in_hole_contact_search,0,84,0.714286,0.075211,0.582137,0.061896,0.229389,0.073768,0.400000
proposed_negative_transfer_guard,combined_stress,low_friction,peg_in_hole_contact_search,0,84,0.761905,0.070111,0.595790,0.055331,0.224400,0.073136,0.400000
proposed_negative_transfer_guard,combined_stress,soft_compliance,peg_in_hole_contact_search,0,84,0.642857,0.069625,0.589751,0.060295,0.227399,0.073057,0.400000
proposed_negative_transfer_guard,combined_stress,texture_aliasing,peg_in_hole_contact_search,0,84,0.642857,0.073641,0.587926,0.064489,0.229467,0.070273,0.400000
proposed_negative_transfer_guard,combined_stress,taxel_bias,peg_in_hole_contact_search,0,84,0.630952,0.081633,0.593152,0.064677,0.232885,0.073569,0.400000
proposed_negative_transfer_guard,combined_stress,transient_shear_spike,peg_in_hole_contact_search,0,84,0.678571,0.085156,0.582384,0.067691,0.228728,0.074827,0.400000
proposed_negative_transfer_guard,combined_stress,compound_contact_shift,peg_in_hole_contact_search,0,84,0.702381,0.090477,0.568048,0.071036,0.229051,0.077912,0.400000
proposed_negative_transfer_guard,combined_stress,source_matched,cloth_edge_pull,0,84,0.666667,0.071973,0.608790,0.059299,0.231554,0.071753,0.400000
proposed_negative_transfer_guard,combined_stress,low_friction,cloth_edge_pull,0,84,0.642857,0.080493,0.624864,0.064962,0.228927,0.072497,0.400000
proposed_negative_transfer_guard,combined_stress,soft_compliance,cloth_edge_pull,0,84,0.523810,0.071583,0.624198,0.063467,0.234314,0.066617,0.400000
proposed_negative_transfer_guard,combined_stress,texture_aliasing,cloth_edge_pull,0,84,0.678571,0.080794,0.612158,0.059771,0.229056,0.067411,0.400000
proposed_negative_transfer_guard,combined_stress,taxel_bias,cloth_edge_pull,0,84,0.607143,0.081622,0.606638,0.063960,0.228770,0.073778,0.400000
proposed_negative_transfer_guard,combined_stress,transient_shear_spike,cloth_edge_pull,0,84,0.619048,0.082272,0.609568,0.065663,0.231343,0.073056,0.400000
proposed_negative_transfer_guard,combined_stress,compound_contact_shift,cloth_edge_pull,0,84,0.547619,0.092788,0.603026,0.075372,0.236845,0.079719,0.400000
proposed_negative_transfer_guard,combined_stress,source_matched,cable_threading,0,84,0.690476,0.069767,0.628739,0.056699,0.229536,0.069388,0.400000
proposed_negative_transfer_guard,combined_stress,low_friction,cable_threading,0,84,0.547619,0.078647,0.627344,0.065614,0.229291,0.070379,0.400000
proposed_negative_transfer_guard,combined_stress,soft_compliance,cable_threading,0,84,0.595238,0.081203,0.625868,0.060739,0.231318,0.072395,0.400000
proposed_negative_transfer_guard,combined_stress,texture_aliasing,cable_threading,0,84,0.690476,0.078228,0.613558,0.065197,0.227012,0.072802,0.400000
proposed_negative_transfer_guard,combined_stress,taxel_bias,cable_threading,0,84,0.535714,0.080136,0.627667,0.064293,0.228946,0.071908,0.400000
proposed_negative_transfer_guard,combined_stress,transient_shear_spike,cable_threading,0,84,0.535714,0.078806,0.609618,0.064776,0.230414,0.069823,0.400000
proposed_negative_transfer_guard,combined_stress,compound_contact_shift,cable_threading,0,84,0.607143,0.089142,0.602806,0.070776,0.233224,0.076362,0.400000
proposed_negative_transfer_guard,combined_stress,source_matched,lid_twist_force_control,0,84,0.785714,0.077997,0.585488,0.060189,0.228970,0.068736,0.400000
proposed_negative_transfer_guard,combined_stress,low_friction,lid_twist_force_control,0,84,0.654762,0.075873,0.585596,0.060370,0.229179,0.070153,0.400000
proposed_negative_transfer_guard,combined_stress,soft_compliance,lid_twist_force_control,0,84,0.750000,0.070923,0.572861,0.056554,0.225344,0.067000,0.400000
proposed_negative_transfer_guard,combined_stress,texture_aliasing,lid_twist_force_control,0,84,0.678571,0.073451,0.586813,0.061393,0.227706,0.071196,0.400000
proposed_negative_transfer_guard,combined_stress,taxel_bias,lid_twist_force_control,0,84,0.642857,0.078365,0.587422,0.059817,0.229501,0.072372,0.400000
proposed_negative_transfer_guard,combined_stress,transient_shear_spike,lid_twist_force_control,0,84,0.702381,0.089532,0.570111,0.068394,0.230226,0.070890,0.400000
proposed_negative_transfer_guard,combined_stress,compound_contact_shift,lid_twist_force_control,0,84,0.619048,0.093365,0.571552,0.073276,0.231486,0.072950,0.400000
proposed_negative_transfer_guard,combined_stress,source_matched,slip_limited_grasp,1,84,0.619048,0.075626,0.603586,0.058090,0.228193,0.067734,0.400000
proposed_negative_transfer_guard,combined_stress,low_friction,slip_limited_grasp,1,84,0.809524,0.080090,0.613576,0.055287,0.227009,0.073688,0.400000
proposed_negative_transfer_guard,combined_stress,soft_compliance,slip_limited_grasp,1,84,0.642857,0.077264,0.604027,0.059647,0.229305,0.071998,0.400000
proposed_negative_transfer_guard,combined_stress,texture_aliasing,slip_limited_grasp,1,84,0.726190,0.076497,0.613038,0.058091,0.226685,0.073925,0.400000
proposed_negative_transfer_guard,combined_stress,taxel_bias,slip_limited_grasp,1,84,0.690476,0.077163,0.607275,0.061262,0.225648,0.072176,0.400000
proposed_negative_transfer_guard,combined_stress,transient_shear_spike,slip_limited_grasp,1,84,0.833333,0.088114,0.607649,0.059586,0.224728,0.070545,0.400000
proposed_negative_transfer_guard,combined_stress,compound_contact_shift,slip_limited_grasp,1,84,0.702381,0.088653,0.604149,0.071138,0.232653,0.078341,0.400000
proposed_negative_transfer_guard,combined_stress,source_matched,peg_in_hole_contact_search,1,84,0.738095,0.075823,0.583037,0.061778,0.229373,0.074217,0.400000
proposed_negative_transfer_guard,combined_stress,low_friction,peg_in_hole_contact_search,1,84,0.702381,0.070711,0.578663,0.057288,0.225875,0.073577,0.400000
proposed_negative_transfer_guard,combined_stress,soft_compliance,peg_in_hole_contact_search,1,84,0.666667,0.070243,0.590660,0.060182,0.227386,0.073511,0.400000
proposed_negative_transfer_guard,combined_stress,texture_aliasing,peg_in_hole_contact_search,1,84,0.607143,0.074265,0.588844,0.065868,0.230530,0.070731,0.400000
proposed_negative_transfer_guard,combined_stress,taxel_bias,peg_in_hole_contact_search,1,84,0.654762,0.082221,0.576007,0.064541,0.232853,0.074002,0.400000
proposed_negative_transfer_guard,combined_stress,transient_shear_spike,peg_in_hole_contact_search,1,84,0.571429,0.085810,0.583347,0.070879,0.231097,0.075305,0.400000
proposed_negative_transfer_guard,combined_stress,compound_contact_shift,peg_in_hole_contact_search,1,84,0.642857,0.091137,0.569020,0.073038,0.230567,0.078394,0.400000
proposed_negative_transfer_guard,combined_stress,source_matched,cloth_edge_pull,1,84,0.750000,0.072519,0.609591,0.057642,0.230422,0.072157,0.400000
proposed_negative_transfer_guard,combined_stress,low_friction,cloth_edge_pull,1,84,0.678571,0.081027,0.607638,0.056482,0.228644,0.072893,0.400000
proposed_negative_transfer_guard,combined_stress,soft_compliance,cloth_edge_pull,1,84,0.595238,0.072135,0.625008,0.062113,0.233400,0.067025,0.400000
proposed_negative_transfer_guard,combined_stress,texture_aliasing,cloth_edge_pull,1,84,0.583333,0.081352,0.612977,0.062588,0.231146,0.067824,0.400000
proposed_negative_transfer_guard,combined_stress,taxel_bias,cloth_edge_pull,1,84,0.642857,0.082144,0.607403,0.063475,0.228479,0.074165,0.400000
proposed_negative_transfer_guard,combined_stress,transient_shear_spike,cloth_edge_pull,1,84,0.595238,0.082860,0.610432,0.066717,0.232168,0.073489,0.400000
proposed_negative_transfer_guard,combined_stress,compound_contact_shift,cloth_edge_pull,1,84,0.547619,0.093382,0.603899,0.075836,0.237245,0.072152,0.400000
proposed_negative_transfer_guard,combined_stress,source_matched,cable_threading,1,84,0.619048,0.070313,0.629540,0.058911,0.231190,0.069792,0.400000
proposed_negative_transfer_guard,combined_stress,low_friction,cable_threading,1,84,0.642857,0.079181,0.628127,0.063651,0.227937,0.070775,0.400000
proposed_negative_transfer_guard,combined_stress,soft_compliance,cable_threading,1,84,0.559524,0.069749,0.626678,0.060863,0.232333,0.072539,0.400000
proposed_negative_transfer_guard,combined_stress,texture_aliasing,cable_threading,1,84,0.714286,0.078786,0.614377,0.065037,0.226959,0.073214,0.400000
proposed_negative_transfer_guard,combined_stress,taxel_bias,cable_threading,1,84,0.666667,0.080658,0.610423,0.061427,0.226940,0.072295,0.400000
proposed_negative_transfer_guard,combined_stress,transient_shear_spike,cable_threading,1,84,0.523810,0.079394,0.610482,0.065532,0.231024,0.070255,0.400000
proposed_negative_transfer_guard,combined_stress,compound_contact_shift,cable_threading,1,84,0.547619,0.089736,0.603679,0.072727,0.234695,0.076799,0.400000
proposed_negative_transfer_guard,combined_stress,source_matched,lid_twist_force_control,1,84,0.809524,0.078591,0.586361,0.060057,0.228941,0.069173,0.400000
proposed_negative_transfer_guard,combined_stress,low_friction,lid_twist_force_control,1,84,0.690476,0.076455,0.586451,0.059932,0.228928,0.070582,0.400000
proposed_negative_transfer_guard,combined_stress,soft_compliance,lid_twist_force_control,1,84,0.738095,0.071523,0.573743,0.057320,0.225963,0.067442,0.400000
proposed_negative_transfer_guard,combined_stress,texture_aliasing,lid_twist_force_control,1,84,0.690476,0.074057,0.587704,0.061568,0.227900,0.071641,0.400000
proposed_negative_transfer_guard,combined_stress,taxel_bias,lid_twist_force_control,1,84,0.666667,0.078935,0.588259,0.059667,0.229456,0.072793,0.400000
proposed_negative_transfer_guard,combined_stress,transient_shear_spike,lid_twist_force_control,1,84,0.690476,0.078162,0.571047,0.067986,0.230868,0.071092,0.400000
proposed_negative_transfer_guard,combined_stress,compound_contact_shift,lid_twist_force_control,1,84,0.642857,0.094007,0.572497,0.073181,0.231489,0.073420,0.400000
proposed_negative_transfer_guard,combined_stress,source_matched,slip_limited_grasp,2,84,0.750000,0.076190,0.604414,0.055257,0.226216,0.068150,0.400000
proposed_negative_transfer_guard,combined_stress,low_friction,slip_limited_grasp,2,84,0.726190,0.080642,0.614386,0.057801,0.228881,0.074096,0.400000
proposed_negative_transfer_guard,combined_stress,soft_compliance,slip_limited_grasp,2,84,0.642857,0.077834,0.604864,0.060092,0.229689,0.072418,0.400000
proposed_negative_transfer_guard,combined_stress,texture_aliasing,slip_limited_grasp,2,84,0.750000,0.077073,0.613884,0.057945,0.226644,0.074350,0.400000
proposed_negative_transfer_guard,combined_stress,taxel_bias,slip_limited_grasp,2,84,0.690476,0.077703,0.608067,0.061684,0.226012,0.072576,0.400000
proposed_negative_transfer_guard,combined_stress,transient_shear_spike,slip_limited_grasp,2,84,0.630952,0.088720,0.608540,0.065118,0.228779,0.070990,0.400000
proposed_negative_transfer_guard,combined_stress,compound_contact_shift,slip_limited_grasp,2,84,0.714286,0.089265,0.605049,0.071317,0.232851,0.078790,0.400000
proposed_negative_transfer_guard,combined_stress,source_matched,peg_in_hole_contact_search,2,84,0.678571,0.076435,0.583937,0.063743,0.230856,0.066663,0.400000
proposed_negative_transfer_guard,combined_stress,low_friction,peg_in_hole_contact_search,2,84,0.607143,0.071311,0.579545,0.060137,0.227994,0.074018,0.400000
proposed_negative_transfer_guard,combined_stress,soft_compliance,peg_in_hole_contact_search,2,84,0.702381,0.070861,0.591569,0.059771,0.227159,0.073964,0.400000
proposed_negative_transfer_guard,combined_stress,texture_aliasing,peg_in_hole_contact_search,2,84,0.571429,0.074889,0.589762,0.067247,0.231593,0.071189,0.400000
proposed_negative_transfer_guard,combined_stress,taxel_bias,peg_in_hole_contact_search,2,84,0.642857,0.082809,0.576871,0.065297,0.233463,0.074435,0.400000
proposed_negative_transfer_guard,combined_stress,transient_shear_spike,peg_in_hole_contact_search,2,84,0.702381,0.086464,0.584310,0.068115,0.229179,0.075783,0.400000
proposed_negative_transfer_guard,combined_stress,compound_contact_shift,peg_in_hole_contact_search,2,84,0.654762,0.091797,0.569992,0.073255,0.230797,0.078877,0.400000
proposed_negative_transfer_guard,combined_stress,source_matched,cloth_edge_pull,2,84,0.630952,0.073065,0.610392,0.061045,0.232933,0.072561,0.400000
proposed_negative_transfer_guard,combined_stress,low_friction,cloth_edge_pull,2,84,0.690476,0.069555,0.608421,0.055402,0.228790,0.073024,0.400000
proposed_negative_transfer_guard,combined_stress,soft_compliance,cloth_edge_pull,2,84,0.714286,0.072687,0.607809,0.059568,0.231629,0.067433,0.400000
proposed_negative_transfer_guard,combined_stress,texture_aliasing,cloth_edge_pull,2,84,0.666667,0.081910,0.613796,0.060940,0.230022,0.068236,0.400000
proposed_negative_transfer_guard,combined_stress,taxel_bias,cloth_edge_pull,2,84,0.607143,0.082666,0.608168,0.064776,0.229474,0.074553,0.400000
proposed_negative_transfer_guard,combined_stress,transient_shear_spike,cloth_edge_pull,2,84,0.666667,0.083448,0.611296,0.065390,0.231278,0.073922,0.400000
proposed_negative_transfer_guard,combined_stress,compound_contact_shift,cloth_edge_pull,2,84,0.619048,0.093976,0.604772,0.074513,0.236359,0.072589,0.400000
proposed_negative_transfer_guard,combined_stress,source_matched,cable_threading,2,84,0.619048,0.070859,0.612332,0.059338,0.231558,0.070196,0.400000
proposed_negative_transfer_guard,combined_stress,low_friction,cable_threading,2,84,0.547619,0.079715,0.628910,0.066449,0.230011,0.071171,0.400000
proposed_negative_transfer_guard,combined_stress,soft_compliance,cable_threading,2,84,0.571429,0.070301,0.627488,0.060996,0.232491,0.072947,0.400000
proposed_negative_transfer_guard,combined_stress,texture_aliasing,cable_threading,2,84,0.619048,0.079344,0.615196,0.059850,0.229050,0.073626,0.400000
proposed_negative_transfer_guard,combined_stress,taxel_bias,cable_threading,2,84,0.571429,0.081180,0.611188,0.064216,0.229007,0.072683,0.400000
proposed_negative_transfer_guard,combined_stress,transient_shear_spike,cable_threading,2,84,0.583333,0.079982,0.611346,0.064503,0.230348,0.070688,0.400000
proposed_negative_transfer_guard,combined_stress,compound_contact_shift,cable_threading,2,84,0.595238,0.090330,0.604552,0.072000,0.234238,0.077236,0.400000
proposed_negative_transfer_guard,combined_stress,source_matched,lid_twist_force_control,2,84,0.678571,0.079185,0.587234,0.063794,0.231698,0.069610,0.400000
proposed_negative_transfer_guard,combined_stress,low_friction,lid_twist_force_control,2,84,0.761905,0.077037,0.587306,0.058600,0.228034,0.071011,0.400000
proposed_negative_transfer_guard,combined_stress,soft_compliance,lid_twist_force_control,2,84,0.714286,0.072123,0.574625,0.058383,0.226795,0.067883,0.400000
proposed_negative_transfer_guard,combined_stress,texture_aliasing,lid_twist_force_control,2,84,0.642857,0.074663,0.588595,0.063231,0.229165,0.072087,0.400000
proposed_negative_transfer_guard,combined_stress,taxel_bias,lid_twist_force_control,2,84,0.702381,0.079505,0.571087,0.059219,0.229198,0.073213,0.400000
proposed_negative_transfer_guard,combined_stress,transient_shear_spike,lid_twist_force_control,2,84,0.761905,0.078798,0.571983,0.066696,0.230010,0.071558,0.400000
proposed_negative_transfer_guard,combined_stress,compound_contact_shift,lid_twist_force_control,2,84,0.678571,0.094649,0.573442,0.072789,0.231278,0.073890,0.400000
proposed_negative_transfer_guard,combined_stress,source_matched,slip_limited_grasp,3,84,0.738095,0.076754,0.605242,0.055995,0.226810,0.068567,0.400000
proposed_negative_transfer_guard,combined_stress,low_friction,slip_limited_grasp,3,84,0.654762,0.081194,0.615196,0.060018,0.230538,0.074504,0.400000
proposed_negative_transfer_guard,combined_stress,soft_compliance,slip_limited_grasp,3,84,0.726190,0.078404,0.605701,0.058454,0.228573,0.072839,0.400000
proposed_negative_transfer_guard,combined_stress,texture_aliasing,slip_limited_grasp,3,84,0.726190,0.077649,0.614730,0.058990,0.227461,0.074774,0.400000
proposed_negative_transfer_guard,combined_stress,taxel_bias,slip_limited_grasp,3,84,0.619048,0.078243,0.608859,0.063892,0.227661,0.072975,0.400000
proposed_negative_transfer_guard,combined_stress,transient_shear_spike,slip_limited_grasp,3,84,0.547619,0.089326,0.609431,0.067674,0.230687,0.071435,0.400000
proposed_negative_transfer_guard,combined_stress,compound_contact_shift,slip_limited_grasp,3,84,0.666667,0.089877,0.605949,0.072985,0.234120,0.079239,0.400000
proposed_negative_transfer_guard,combined_stress,source_matched,peg_in_hole_contact_search,3,84,0.654762,0.077047,0.584837,0.056812,0.231697,0.067112,0.400000
proposed_negative_transfer_guard,combined_stress,low_friction,peg_in_hole_contact_search,3,84,0.690476,0.071911,0.580427,0.058521,0.226898,0.066455,0.400000
proposed_negative_transfer_guard,combined_stress,soft_compliance,peg_in_hole_contact_search,3,84,0.630952,0.071479,0.592478,0.062038,0.228861,0.066414,0.400000
proposed_negative_transfer_guard,combined_stress,texture_aliasing,peg_in_hole_contact_search,3,84,0.690476,0.075513,0.590680,0.064757,0.229870,0.071646,0.400000
proposed_negative_transfer_guard,combined_stress,taxel_bias,peg_in_hole_contact_search,3,84,0.642857,0.083397,0.577735,0.065756,0.233859,0.074868,0.400000
proposed_negative_transfer_guard,combined_stress,transient_shear_spike,peg_in_hole_contact_search,3,84,0.690476,0.087118,0.585273,0.068922,0.229834,0.076262,0.400000
proposed_negative_transfer_guard,combined_stress,compound_contact_shift,peg_in_hole_contact_search,3,84,0.642857,0.092457,0.570964,0.074066,0.231455,0.079359,0.400000
proposed_negative_transfer_guard,combined_stress,source_matched,cloth_edge_pull,3,84,0.738095,0.073611,0.611193,0.058793,0.223369,0.072965,0.400000
proposed_negative_transfer_guard,combined_stress,low_friction,cloth_edge_pull,3,84,0.726190,0.070089,0.609204,0.054926,0.228507,0.073420,0.400000
proposed_negative_transfer_guard,combined_stress,soft_compliance,cloth_edge_pull,3,84,0.678571,0.073239,0.608619,0.060892,0.224640,0.067841,0.400000
proposed_negative_transfer_guard,combined_stress,texture_aliasing,cloth_edge_pull,3,84,0.595238,0.082468,0.614615,0.063162,0.231684,0.068648,0.400000
proposed_negative_transfer_guard,combined_stress,taxel_bias,cloth_edge_pull,3,84,0.654762,0.083188,0.608933,0.063994,0.228969,0.074940,0.400000
proposed_negative_transfer_guard,combined_stress,transient_shear_spike,cloth_edge_pull,3,84,0.630952,0.084036,0.612160,0.066742,0.232317,0.074355,0.400000
proposed_negative_transfer_guard,combined_stress,compound_contact_shift,cloth_edge_pull,3,84,0.619048,0.094570,0.605645,0.074977,0.236759,0.073027,0.400000
proposed_negative_transfer_guard,combined_stress,source_matched,cable_threading,3,84,0.666667,0.071405,0.613133,0.058574,0.231068,0.070600,0.400000
proposed_negative_transfer_guard,combined_stress,low_friction,cable_threading,3,84,0.750000,0.080249,0.629693,0.061807,0.226728,0.071566,0.400000
proposed_negative_transfer_guard,combined_stress,soft_compliance,cable_threading,3,84,0.571429,0.070853,0.628298,0.061428,0.232863,0.073356,0.400000
proposed_negative_transfer_guard,combined_stress,texture_aliasing,cable_threading,3,84,0.583333,0.079902,0.616015,0.061179,0.230068,0.074039,0.400000
proposed_negative_transfer_guard,combined_stress,taxel_bias,cable_threading,3,84,0.607143,0.081702,0.611953,0.063732,0.228716,0.073070,0.400000
proposed_negative_transfer_guard,combined_stress,transient_shear_spike,cable_threading,3,84,0.714286,0.080570,0.612210,0.061688,0.228387,0.071121,0.400000
proposed_negative_transfer_guard,combined_stress,compound_contact_shift,cable_threading,3,84,0.607143,0.090924,0.605425,0.072166,0.234424,0.077673,0.400000
proposed_negative_transfer_guard,combined_stress,source_matched,lid_twist_force_control,3,84,0.702381,0.079779,0.588107,0.063662,0.231670,0.070047,0.400000
proposed_negative_transfer_guard,combined_stress,low_friction,lid_twist_force_control,3,84,0.773810,0.077619,0.588161,0.058757,0.228212,0.071440,0.400000
proposed_negative_transfer_guard,combined_stress,soft_compliance,lid_twist_force_control,3,84,0.714286,0.072723,0.575507,0.058851,0.227199,0.068324,0.400000
proposed_negative_transfer_guard,combined_stress,texture_aliasing,lid_twist_force_control,3,84,0.750000,0.075269,0.571477,0.061025,0.227644,0.072532,0.400000
proposed_negative_transfer_guard,combined_stress,taxel_bias,lid_twist_force_control,3,84,0.773810,0.080075,0.571924,0.057878,0.228296,0.073634,0.400000
proposed_negative_transfer_guard,combined_stress,transient_shear_spike,lid_twist_force_control,3,84,0.607143,0.079434,0.572919,0.063057,0.233224,0.072024,0.400000
proposed_negative_transfer_guard,combined_stress,compound_contact_shift,lid_twist_force_control,3,84,0.666667,0.095291,0.574387,0.073586,0.231924,0.074360,0.400000
proposed_negative_transfer_guard,combined_stress,source_matched,slip_limited_grasp,4,84,0.761905,0.077318,0.606070,0.055840,0.226762,0.068983,0.400000
proposed_negative_transfer_guard,combined_stress,low_friction,slip_limited_grasp,4,84,0.678571,0.069740,0.616006,0.058654,0.230482,0.066644,0.400000
proposed_negative_transfer_guard,combined_stress,soft_compliance,slip_limited_grasp,4,84,0.702381,0.078974,0.606538,0.059494,0.229385,0.073260,0.400000
proposed_negative_transfer_guard,combined_stress,texture_aliasing,slip_limited_grasp,4,84,0.666667,0.078225,0.615576,0.060928,0.228920,0.067195,0.400000
proposed_negative_transfer_guard,combined_stress,taxel_bias,slip_limited_grasp,4,84,0.761905,0.078783,0.609651,0.060743,0.225454,0.073375,0.400000
proposed_negative_transfer_guard,combined_stress,transient_shear_spike,slip_limited_grasp,4,84,0.607143,0.077926,0.610322,0.065458,0.230024,0.071617,0.400000
proposed_negative_transfer_guard,combined_stress,compound_contact_shift,slip_limited_grasp,4,84,0.642857,0.090489,0.606849,0.074057,0.234961,0.079689,0.400000
proposed_negative_transfer_guard,combined_stress,source_matched,peg_in_hole_contact_search,4,84,0.666667,0.077659,0.585737,0.056991,0.231894,0.067562,0.400000
proposed_negative_transfer_guard,combined_stress,low_friction,peg_in_hole_contact_search,4,84,0.761905,0.072511,0.581309,0.057203,0.226016,0.066896,0.400000
proposed_negative_transfer_guard,combined_stress,soft_compliance,peg_in_hole_contact_search,4,84,0.654762,0.072097,0.593387,0.061925,0.228849,0.066867,0.400000
proposed_negative_transfer_guard,combined_stress,texture_aliasing,peg_in_hole_contact_search,4,84,0.690476,0.076137,0.591598,0.065244,0.230290,0.072104,0.400000
proposed_negative_transfer_guard,combined_stress,taxel_bias,peg_in_hole_contact_search,4,84,0.666667,0.071979,0.578599,0.064419,0.225822,0.075037,0.400000
proposed_negative_transfer_guard,combined_stress,transient_shear_spike,peg_in_hole_contact_search,4,84,0.761905,0.087772,0.586236,0.067646,0.228988,0.076740,0.400000
proposed_negative_transfer_guard,combined_stress,compound_contact_shift,peg_in_hole_contact_search,4,84,0.571429,0.093117,0.571936,0.076366,0.233185,0.071838,0.400000
proposed_negative_transfer_guard,combined_stress,source_matched,cloth_edge_pull,4,84,0.654762,0.074157,0.611994,0.061303,0.225237,0.073369,0.400000
proposed_negative_transfer_guard,combined_stress,low_friction,cloth_edge_pull,4,84,0.678571,0.070623,0.609987,0.056534,0.229724,0.073816,0.400000
proposed_negative_transfer_guard,combined_stress,soft_compliance,cloth_edge_pull,4,84,0.619048,0.073791,0.609429,0.062811,0.226083,0.068249,0.400000
proposed_negative_transfer_guard,combined_stress,texture_aliasing,cloth_edge_pull,4,84,0.642857,0.083026,0.615434,0.062407,0.231203,0.069061,0.400000
proposed_negative_transfer_guard,combined_stress,taxel_bias,cloth_edge_pull,4,84,0.761905,0.083710,0.609698,0.061723,0.227392,0.075328,0.400000
proposed_negative_transfer_guard,combined_stress,transient_shear_spike,cloth_edge_pull,4,84,0.726190,0.084624,0.613024,0.064820,0.230999,0.074788,0.400000
proposed_negative_transfer_guard,combined_stress,compound_contact_shift,cloth_edge_pull,4,84,0.666667,0.095164,0.606518,0.074250,0.236302,0.073464,0.400000
proposed_negative_transfer_guard,combined_stress,source_matched,cable_threading,4,84,0.619048,0.071951,0.613934,0.060191,0.232294,0.071004,0.400000
proposed_negative_transfer_guard,combined_stress,low_friction,cable_threading,4,84,0.619048,0.080783,0.612467,0.065498,0.229446,0.071962,0.400000
proposed_negative_transfer_guard,combined_stress,soft_compliance,cable_threading,4,84,0.607143,0.071405,0.629108,0.060966,0.232592,0.073764,0.400000
proposed_negative_transfer_guard,combined_stress,texture_aliasing,cable_threading,4,84,0.595238,0.080460,0.616834,0.061317,0.230230,0.074451,0.400000
proposed_negative_transfer_guard,combined_stress,taxel_bias,cable_threading,4,84,0.773810,0.082224,0.612718,0.059973,0.226068,0.073458,0.400000
proposed_negative_transfer_guard,combined_stress,transient_shear_spike,cable_threading,4,84,0.607143,0.081158,0.613074,0.064825,0.230712,0.071554,0.400000
proposed_negative_transfer_guard,combined_stress,compound_contact_shift,cable_threading,4,84,0.619048,0.091518,0.606298,0.072332,0.234610,0.078110,0.400000
proposed_negative_transfer_guard,combined_stress,source_matched,lid_twist_force_control,4,84,0.595238,0.080373,0.588980,0.058800,0.225994,0.070484,0.400000
proposed_negative_transfer_guard,combined_stress,low_friction,lid_twist_force_control,4,84,0.654762,0.078201,0.589016,0.062187,0.230747,0.071868,0.400000
proposed_negative_transfer_guard,combined_stress,soft_compliance,lid_twist_force_control,4,84,0.726190,0.073323,0.576389,0.059022,0.227389,0.068765,0.400000
proposed_negative_transfer_guard,combined_stress,texture_aliasing,lid_twist_force_control,4,84,0.738095,0.075875,0.572368,0.061795,0.228267,0.072977,0.400000
proposed_negative_transfer_guard,combined_stress,taxel_bias,lid_twist_force_control,4,84,0.678571,0.080645,0.572761,0.060704,0.230394,0.074054,0.400000
proposed_negative_transfer_guard,combined_stress,transient_shear_spike,lid_twist_force_control,4,84,0.714286,0.080070,0.573855,0.060874,0.231723,0.072490,0.400000
proposed_negative_transfer_guard,combined_stress,compound_contact_shift,lid_twist_force_control,4,84,0.726190,0.095933,0.575332,0.072598,0.231285,0.074831,0.400000
proposed_negative_transfer_guard,combined_stress,source_matched,slip_limited_grasp,5,84,0.785714,0.077882,0.606898,0.055685,0.226713,0.069400,0.400000
proposed_negative_transfer_guard,combined_stress,low_friction,slip_limited_grasp,5,84,0.690476,0.070292,0.616816,0.058787,0.230640,0.067053,0.400000
proposed_negative_transfer_guard,combined_stress,soft_compliance,slip_limited_grasp,5,84,0.654762,0.079544,0.607375,0.061129,0.230626,0.073680,0.400000
proposed_negative_transfer_guard,combined_stress,texture_aliasing,slip_limited_grasp,5,84,0.785714,0.078801,0.616422,0.058401,0.227165,0.067620,0.400000
proposed_negative_transfer_guard,combined_stress,taxel_bias,slip_limited_grasp,5,84,0.690476,0.079323,0.610443,0.062950,0.227104,0.073775,0.400000
proposed_negative_transfer_guard,combined_stress,transient_shear_spike,slip_limited_grasp,5,84,0.678571,0.078532,0.611213,0.064145,0.229146,0.072062,0.400000
proposed_negative_transfer_guard,combined_stress,compound_contact_shift,slip_limited_grasp,5,84,0.630952,0.091101,0.589740,0.074832,0.235587,0.072134,0.400000
proposed_negative_transfer_guard,combined_stress,source_matched,peg_in_hole_contact_search,5,84,0.630952,0.078271,0.586637,0.058361,0.232949,0.068011,0.400000
proposed_negative_transfer_guard,combined_stress,low_friction,peg_in_hole_contact_search,5,84,0.678571,0.073111,0.582191,0.059755,0.227920,0.067338,0.400000
proposed_negative_transfer_guard,combined_stress,soft_compliance,peg_in_hole_contact_search,5,84,0.702381,0.072715,0.594296,0.061216,0.228407,0.067321,0.400000
proposed_negative_transfer_guard,combined_stress,texture_aliasing,peg_in_hole_contact_search,5,84,0.761905,0.076761,0.592516,0.055940,0.229424,0.072562,0.400000
proposed_negative_transfer_guard,combined_stress,taxel_bias,peg_in_hole_contact_search,5,84,0.785714,0.072567,0.579463,0.053898,0.224075,0.067466,0.400000
proposed_negative_transfer_guard,combined_stress,transient_shear_spike,peg_in_hole_contact_search,5,84,0.630952,0.088426,0.587199,0.063425,0.231785,0.069215,0.400000
proposed_negative_transfer_guard,combined_stress,compound_contact_shift,peg_in_hole_contact_search,5,84,0.619048,0.093777,0.572908,0.075689,0.232771,0.072320,0.400000
proposed_negative_transfer_guard,combined_stress,source_matched,cloth_edge_pull,5,84,0.619048,0.074703,0.612795,0.062622,0.226247,0.073773,0.400000
proposed_negative_transfer_guard,combined_stress,low_friction,cloth_edge_pull,5,84,0.607143,0.071157,0.610770,0.058737,0.231370,0.074211,0.400000
proposed_negative_transfer_guard,combined_stress,soft_compliance,cloth_edge_pull,5,84,0.607143,0.074343,0.610239,0.063540,0.226670,0.068658,0.400000
proposed_negative_transfer_guard,combined_stress,texture_aliasing,cloth_edge_pull,5,84,0.678571,0.083584,0.616253,0.061950,0.230936,0.069473,0.400000
proposed_negative_transfer_guard,combined_stress,taxel_bias,cloth_edge_pull,5,84,0.547619,0.072226,0.610463,0.066288,0.231601,0.075451,0.400000
proposed_negative_transfer_guard,combined_stress,transient_shear_spike,cloth_edge_pull,5,84,0.654762,0.085212,0.613888,0.067064,0.232681,0.075221,0.400000
proposed_negative_transfer_guard,combined_stress,compound_contact_shift,cloth_edge_pull,5,84,0.630952,0.095758,0.607391,0.075606,0.237345,0.073901,0.400000
proposed_negative_transfer_guard,combined_stress,source_matched,cable_threading,5,84,0.654762,0.072497,0.614735,0.059725,0.232019,0.071408,0.400000
proposed_negative_transfer_guard,combined_stress,low_friction,cable_threading,5,84,0.642857,0.081317,0.613250,0.065320,0.229377,0.072358,0.400000
proposed_negative_transfer_guard,combined_stress,soft_compliance,cable_threading,5,84,0.595238,0.071957,0.629918,0.061695,0.233178,0.074172,0.400000
proposed_negative_transfer_guard,combined_stress,texture_aliasing,cable_threading,5,84,0.630952,0.081018,0.617653,0.060860,0.229963,0.074863,0.400000
proposed_negative_transfer_guard,combined_stress,taxel_bias,cable_threading,5,84,0.595238,0.082746,0.613483,0.064846,0.229634,0.073845,0.400000
proposed_negative_transfer_guard,combined_stress,transient_shear_spike,cable_threading,5,84,0.654762,0.081746,0.613938,0.064094,0.230251,0.071987,0.400000
proposed_negative_transfer_guard,combined_stress,compound_contact_shift,cable_threading,5,84,0.547619,0.092112,0.607171,0.074581,0.236295,0.078547,0.400000
proposed_negative_transfer_guard,combined_stress,source_matched,lid_twist_force_control,5,84,0.654762,0.080967,0.589853,0.057776,0.225323,0.070921,0.400000
proposed_negative_transfer_guard,combined_stress,low_friction,lid_twist_force_control,5,84,0.714286,0.078783,0.589871,0.061153,0.230067,0.072297,0.400000
proposed_negative_transfer_guard,combined_stress,soft_compliance,lid_twist_force_control,5,84,0.595238,0.073923,0.577271,0.062763,0.230150,0.069206,0.400000
proposed_negative_transfer_guard,combined_stress,texture_aliasing,lid_twist_force_control,5,84,0.654762,0.076481,0.573259,0.064351,0.230175,0.073423,0.400000
proposed_negative_transfer_guard,combined_stress,taxel_bias,lid_twist_force_control,5,84,0.654762,0.081215,0.573598,0.061744,0.231207,0.074475,0.400000
proposed_negative_transfer_guard,combined_stress,transient_shear_spike,lid_twist_force_control,5,84,0.630952,0.080706,0.574791,0.063453,0.233651,0.072956,0.400000
proposed_negative_transfer_guard,combined_stress,compound_contact_shift,lid_twist_force_control,5,84,0.607143,0.096575,0.576277,0.076075,0.233860,0.075301,0.400000
proposed_negative_transfer_guard,combined_stress,source_matched,slip_limited_grasp,6,84,0.750000,0.078446,0.607726,0.057019,0.227736,0.069816,0.400000
proposed_negative_transfer_guard,combined_stress,low_friction,slip_limited_grasp,6,84,0.666667,0.070844,0.617626,0.059814,0.231440,0.067461,0.400000
proposed_negative_transfer_guard,combined_stress,soft_compliance,slip_limited_grasp,6,84,0.583333,0.080114,0.608212,0.063360,0.232296,0.074101,0.400000
proposed_negative_transfer_guard,combined_stress,texture_aliasing,slip_limited_grasp,6,84,0.726190,0.079377,0.617268,0.060339,0.228625,0.068044,0.400000
proposed_negative_transfer_guard,combined_stress,taxel_bias,slip_limited_grasp,6,84,0.750000,0.079863,0.611235,0.061884,0.226396,0.074175,0.400000
proposed_negative_transfer_guard,combined_stress,transient_shear_spike,slip_limited_grasp,6,84,0.690476,0.079138,0.612104,0.064320,0.229340,0.072507,0.400000
proposed_negative_transfer_guard,combined_stress,compound_contact_shift,slip_limited_grasp,6,84,0.583333,0.091713,0.590640,0.076500,0.236856,0.072584,0.400000
proposed_negative_transfer_guard,combined_stress,source_matched,peg_in_hole_contact_search,6,84,0.678571,0.078883,0.587537,0.057648,0.224500,0.068461,0.400000
proposed_negative_transfer_guard,combined_stress,low_friction,peg_in_hole_contact_search,6,84,0.666667,0.073711,0.583073,0.060520,0.228538,0.067779,0.400000
proposed_negative_transfer_guard,combined_stress,soft_compliance,peg_in_hole_contact_search,6,84,0.702381,0.073333,0.595205,0.061698,0.228823,0.067775,0.400000
proposed_negative_transfer_guard,combined_stress,texture_aliasing,peg_in_hole_contact_search,6,84,0.773810,0.077385,0.593434,0.056129,0.229630,0.073020,0.400000
proposed_negative_transfer_guard,combined_stress,taxel_bias,peg_in_hole_contact_search,6,84,0.642857,0.073155,0.580327,0.057928,0.227043,0.067899,0.400000
proposed_negative_transfer_guard,combined_stress,transient_shear_spike,peg_in_hole_contact_search,6,84,0.702381,0.089080,0.588162,0.062148,0.230939,0.069693,0.400000
proposed_negative_transfer_guard,combined_stress,compound_contact_shift,peg_in_hole_contact_search,6,84,0.678571,0.094437,0.573880,0.074715,0.232144,0.072803,0.400000
proposed_negative_transfer_guard,combined_stress,source_matched,cloth_edge_pull,6,84,0.630952,0.075249,0.613596,0.062751,0.226401,0.074177,0.400000
proposed_negative_transfer_guard,combined_stress,low_friction,cloth_edge_pull,6,84,0.678571,0.071691,0.611553,0.057369,0.230444,0.066603,0.400000
proposed_negative_transfer_guard,combined_stress,soft_compliance,cloth_edge_pull,6,84,0.630952,0.074895,0.611049,0.063376,0.226613,0.069066,0.400000
proposed_negative_transfer_guard,combined_stress,texture_aliasing,cloth_edge_pull,6,84,0.630952,0.072136,0.617072,0.062376,0.232169,0.069621,0.400000
proposed_negative_transfer_guard,combined_stress,taxel_bias,cloth_edge_pull,6,84,0.595238,0.072748,0.611228,0.065506,0.231096,0.067834,0.400000
proposed_negative_transfer_guard,combined_stress,transient_shear_spike,cloth_edge_pull,6,84,0.619048,0.085800,0.614752,0.068416,0.233719,0.075654,0.400000
proposed_negative_transfer_guard,combined_stress,compound_contact_shift,cloth_edge_pull,6,84,0.619048,0.096352,0.608264,0.076367,0.237959,0.074338,0.400000
proposed_negative_transfer_guard,combined_stress,source_matched,cable_threading,6,84,0.583333,0.073043,0.615536,0.061937,0.233672,0.071812,0.400000
proposed_negative_transfer_guard,combined_stress,low_friction,cable_threading,6,84,0.619048,0.069845,0.614033,0.057128,0.230166,0.072489,0.400000
proposed_negative_transfer_guard,combined_stress,soft_compliance,cable_threading,6,84,0.666667,0.072509,0.612719,0.060340,0.232264,0.074580,0.400000
proposed_negative_transfer_guard,combined_stress,texture_aliasing,cable_threading,6,84,0.630952,0.081576,0.618472,0.061296,0.230339,0.075276,0.400000
proposed_negative_transfer_guard,combined_stress,taxel_bias,cable_threading,6,84,0.654762,0.083268,0.614248,0.063766,0.228915,0.074233,0.400000
proposed_negative_transfer_guard,combined_stress,transient_shear_spike,cable_threading,6,84,0.678571,0.082334,0.614802,0.063957,0.230218,0.072420,0.400000
proposed_negative_transfer_guard,combined_stress,compound_contact_shift,cable_threading,6,84,0.666667,0.092706,0.608044,0.072068,0.234552,0.078984,0.400000
proposed_negative_transfer_guard,combined_stress,source_matched,lid_twist_force_control,6,84,0.726190,0.069555,0.572717,0.055253,0.224437,0.071094,0.400000
proposed_negative_transfer_guard,combined_stress,low_friction,lid_twist_force_control,6,84,0.702381,0.079365,0.572717,0.061905,0.230674,0.072726,0.400000
proposed_negative_transfer_guard,combined_stress,soft_compliance,lid_twist_force_control,6,84,0.702381,0.074523,0.578153,0.060553,0.228626,0.069648,0.400000
proposed_negative_transfer_guard,combined_stress,texture_aliasing,lid_twist_force_control,6,84,0.750000,0.077087,0.574150,0.062443,0.228868,0.073868,0.400000
proposed_negative_transfer_guard,combined_stress,taxel_bias,lid_twist_force_control,6,84,0.654762,0.081785,0.574435,0.062189,0.231591,0.074895,0.400000
proposed_negative_transfer_guard,combined_stress,transient_shear_spike,lid_twist_force_control,6,84,0.690476,0.081342,0.575727,0.062460,0.233008,0.073422,0.400000
proposed_negative_transfer_guard,combined_stress,compound_contact_shift,lid_twist_force_control,6,84,0.630952,0.097217,0.577222,0.075980,0.233863,0.075771,0.400000
oracle_feature_selector,combined_stress,source_matched,slip_limited_grasp,0,84,0.797619,0.054872,0.668911,0.038579,0.183927,0.052717,0.400000
oracle_feature_selector,combined_stress,low_friction,slip_limited_grasp,0,84,0.738095,0.057224,0.675733,0.040406,0.185834,0.049213,0.400000
oracle_feature_selector,combined_stress,soft_compliance,slip_limited_grasp,0,84,0.750000,0.050456,0.678280,0.045284,0.182288,0.052812,0.400000
oracle_feature_selector,combined_stress,texture_aliasing,slip_limited_grasp,0,84,0.738095,0.054244,0.676752,0.041880,0.184702,0.050156,0.400000
oracle_feature_selector,combined_stress,taxel_bias,slip_limited_grasp,0,84,0.809524,0.054544,0.671124,0.042396,0.181797,0.048458,0.400000
oracle_feature_selector,combined_stress,transient_shear_spike,slip_limited_grasp,0,84,0.750000,0.059973,0.664811,0.050259,0.181548,0.051738,0.400000
oracle_feature_selector,combined_stress,compound_contact_shift,slip_limited_grasp,0,84,0.809524,0.064768,0.670887,0.053727,0.182297,0.055879,0.400000
oracle_feature_selector,combined_stress,source_matched,peg_in_hole_contact_search,0,84,0.678571,0.060052,0.655688,0.043969,0.184644,0.054562,0.400000
oracle_feature_selector,combined_stress,low_friction,peg_in_hole_contact_search,0,84,0.761905,0.052828,0.648146,0.042887,0.185600,0.052467,0.400000
oracle_feature_selector,combined_stress,soft_compliance,peg_in_hole_contact_search,0,84,0.726190,0.060424,0.654230,0.043960,0.184483,0.049951,0.400000
oracle_feature_selector,combined_stress,texture_aliasing,peg_in_hole_contact_search,0,84,0.750000,0.056994,0.659884,0.042133,0.181442,0.050327,0.400000
oracle_feature_selector,combined_stress,taxel_bias,peg_in_hole_contact_search,0,84,0.738095,0.052578,0.647182,0.041117,0.184897,0.053386,0.400000
oracle_feature_selector,combined_stress,transient_shear_spike,peg_in_hole_contact_search,0,84,0.726190,0.062651,0.647835,0.051350,0.186887,0.051860,0.400000
oracle_feature_selector,combined_stress,compound_contact_shift,peg_in_hole_contact_search,0,84,0.738095,0.072234,0.643084,0.051675,0.183681,0.059298,0.400000
oracle_feature_selector,combined_stress,source_matched,cloth_edge_pull,0,84,0.738095,0.057898,0.684231,0.047645,0.185721,0.053412,0.400000
oracle_feature_selector,combined_stress,low_friction,cloth_edge_pull,0,84,0.619048,0.052288,0.679110,0.044857,0.183391,0.052428,0.400000
oracle_feature_selector,combined_stress,soft_compliance,cloth_edge_pull,0,84,0.714286,0.051460,0.690567,0.044201,0.182305,0.052114,0.400000
oracle_feature_selector,combined_stress,texture_aliasing,cloth_edge_pull,0,84,0.750000,0.053225,0.686006,0.046061,0.182514,0.048065,0.400000
oracle_feature_selector,combined_stress,taxel_bias,cloth_edge_pull,0,84,0.678571,0.053651,0.680567,0.042241,0.182264,0.054458,0.400000
oracle_feature_selector,combined_stress,transient_shear_spike,cloth_edge_pull,0,84,0.678571,0.060851,0.676909,0.049973,0.182124,0.050953,0.400000
oracle_feature_selector,combined_stress,compound_contact_shift,cloth_edge_pull,0,84,0.750000,0.063623,0.661943,0.051592,0.189314,0.053702,0.400000
oracle_feature_selector,combined_stress,source_matched,cable_threading,0,84,0.714286,0.057255,0.688601,0.047472,0.185639,0.052160,0.400000
oracle_feature_selector,combined_stress,low_friction,cable_threading,0,84,0.750000,0.052005,0.684020,0.041091,0.180764,0.051425,0.400000
oracle_feature_selector,combined_stress,soft_compliance,cable_threading,0,84,0.750000,0.050637,0.694667,0.042402,0.181032,0.050739,0.400000
oracle_feature_selector,combined_stress,texture_aliasing,cable_threading,0,84,0.678571,0.052223,0.689836,0.046802,0.183050,0.054570,0.400000
oracle_feature_selector,combined_stress,taxel_bias,cable_threading,0,84,0.750000,0.053729,0.686017,0.040239,0.180948,0.053703,0.400000
oracle_feature_selector,combined_stress,transient_shear_spike,cable_threading,0,84,0.750000,0.058948,0.679389,0.046453,0.187492,0.056838,0.400000
oracle_feature_selector,combined_stress,compound_contact_shift,cable_threading,0,84,0.690476,0.073547,0.682162,0.052409,0.188916,0.059727,0.400000
oracle_feature_selector,combined_stress,source_matched,lid_twist_force_control,0,84,0.738095,0.052162,0.643109,0.042416,0.185363,0.050220,0.400000
oracle_feature_selector,combined_stress,low_friction,lid_twist_force_control,0,84,0.785714,0.059920,0.640031,0.045709,0.180942,0.050438,0.400000
oracle_feature_selector,combined_stress,soft_compliance,lid_twist_force_control,0,84,0.678571,0.051046,0.639419,0.043944,0.186138,0.052587,0.400000
oracle_feature_selector,combined_stress,texture_aliasing,lid_twist_force_control,0,84,0.785714,0.058134,0.642841,0.048098,0.180606,0.052203,0.400000
oracle_feature_selector,combined_stress,taxel_bias,lid_twist_force_control,0,84,0.857143,0.050640,0.643531,0.042639,0.180508,0.053142,0.400000
oracle_feature_selector,combined_stress,transient_shear_spike,lid_twist_force_control,0,84,0.821429,0.056351,0.637641,0.050123,0.180019,0.056616,0.400000
oracle_feature_selector,combined_stress,compound_contact_shift,lid_twist_force_control,0,84,0.738095,0.064446,0.630658,0.051688,0.185539,0.055026,0.400000
oracle_feature_selector,combined_stress,source_matched,slip_limited_grasp,1,84,0.702381,0.055382,0.669658,0.041359,0.185985,0.053097,0.400000
oracle_feature_selector,combined_stress,low_friction,slip_limited_grasp,1,84,0.750000,0.057722,0.676462,0.040498,0.185956,0.049584,0.400000
oracle_feature_selector,combined_stress,soft_compliance,slip_limited_grasp,1,84,0.738095,0.050972,0.679036,0.045985,0.182850,0.053196,0.400000
oracle_feature_selector,combined_stress,texture_aliasing,slip_limited_grasp,1,84,0.833333,0.054766,0.677517,0.039907,0.183340,0.050543,0.400000
oracle_feature_selector,combined_stress,taxel_bias,slip_limited_grasp,1,84,0.761905,0.055030,0.671835,0.043967,0.182982,0.048821,0.400000
oracle_feature_selector,combined_stress,transient_shear_spike,slip_limited_grasp,1,84,0.750000,0.060525,0.665621,0.050690,0.181920,0.052146,0.400000
oracle_feature_selector,combined_stress,compound_contact_shift,slip_limited_grasp,1,84,0.845238,0.065326,0.671706,0.053270,0.182030,0.056291,0.400000
oracle_feature_selector,combined_stress,source_matched,peg_in_hole_contact_search,1,84,0.809524,0.060610,0.656507,0.041131,0.182663,0.054975,0.400000
oracle_feature_selector,combined_stress,low_friction,peg_in_hole_contact_search,1,84,0.821429,0.053374,0.648947,0.041826,0.176893,0.052871,0.400000
oracle_feature_selector,combined_stress,soft_compliance,peg_in_hole_contact_search,1,84,0.750000,0.048982,0.655058,0.042604,0.184434,0.050103,0.400000
oracle_feature_selector,combined_stress,texture_aliasing,peg_in_hole_contact_search,1,84,0.678571,0.057564,0.642712,0.044364,0.183112,0.050748,0.400000
oracle_feature_selector,combined_stress,taxel_bias,peg_in_hole_contact_search,1,84,0.761905,0.053112,0.647965,0.040940,0.184828,0.053782,0.400000
oracle_feature_selector,combined_stress,transient_shear_spike,peg_in_hole_contact_search,1,84,0.761905,0.063251,0.648717,0.050925,0.186648,0.052301,0.400000
oracle_feature_selector,combined_stress,compound_contact_shift,peg_in_hole_contact_search,1,84,0.678571,0.072840,0.643975,0.053636,0.185160,0.059744,0.400000
oracle_feature_selector,combined_stress,source_matched,cloth_edge_pull,1,84,0.761905,0.058390,0.684951,0.039431,0.185624,0.053779,0.400000
oracle_feature_selector,combined_stress,low_friction,cloth_edge_pull,1,84,0.714286,0.052768,0.679812,0.042852,0.182001,0.052787,0.400000
oracle_feature_selector,combined_stress,soft_compliance,cloth_edge_pull,1,84,0.773810,0.051958,0.691296,0.043103,0.181570,0.052485,0.400000
oracle_feature_selector,combined_stress,texture_aliasing,cloth_edge_pull,1,84,0.738095,0.053729,0.686744,0.046753,0.183069,0.048440,0.400000
oracle_feature_selector,combined_stress,taxel_bias,cloth_edge_pull,1,84,0.726190,0.054119,0.681251,0.041417,0.181723,0.054809,0.400000
oracle_feature_selector,combined_stress,transient_shear_spike,cloth_edge_pull,1,84,0.690476,0.061385,0.677692,0.050093,0.182270,0.051348,0.400000
oracle_feature_selector,combined_stress,compound_contact_shift,cloth_edge_pull,1,84,0.702381,0.064163,0.662735,0.053205,0.190535,0.054102,0.400000
oracle_feature_selector,combined_stress,source_matched,cable_threading,1,84,0.773810,0.057747,0.689321,0.046369,0.184900,0.052527,0.400000
oracle_feature_selector,combined_stress,low_friction,cable_threading,1,84,0.690476,0.052485,0.684722,0.042955,0.182160,0.051784,0.400000
oracle_feature_selector,combined_stress,soft_compliance,cable_threading,1,84,0.619048,0.051135,0.695396,0.046065,0.183726,0.051110,0.400000
oracle_feature_selector,combined_stress,texture_aliasing,cable_threading,1,84,0.773810,0.052727,0.690574,0.044815,0.181676,0.054945,0.400000
oracle_feature_selector,combined_stress,taxel_bias,cable_threading,1,84,0.666667,0.054197,0.686701,0.042689,0.182764,0.054053,0.400000
oracle_feature_selector,combined_stress,transient_shear_spike,cable_threading,1,84,0.666667,0.059482,0.680172,0.048954,0.189352,0.057233,0.400000
oracle_feature_selector,combined_stress,compound_contact_shift,cable_threading,1,84,0.702381,0.074087,0.682954,0.052533,0.189066,0.060127,0.400000
oracle_feature_selector,combined_stress,source_matched,lid_twist_force_control,1,84,0.833333,0.052702,0.643901,0.040457,0.184012,0.050619,0.400000
oracle_feature_selector,combined_stress,low_friction,lid_twist_force_control,1,84,0.702381,0.060448,0.640805,0.048205,0.182798,0.050830,0.400000
oracle_feature_selector,combined_stress,soft_compliance,lid_twist_force_control,1,84,0.773810,0.051592,0.640220,0.041990,0.184792,0.052991,0.400000
oracle_feature_selector,combined_stress,texture_aliasing,lid_twist_force_control,1,84,0.726190,0.058686,0.643651,0.042014,0.182049,0.052611,0.400000
oracle_feature_selector,combined_stress,taxel_bias,lid_twist_force_control,1,84,0.797619,0.051156,0.644287,0.044531,0.181927,0.053525,0.400000
oracle_feature_selector,combined_stress,transient_shear_spike,lid_twist_force_control,1,84,0.809524,0.056933,0.638496,0.042871,0.180625,0.057045,0.400000
oracle_feature_selector,combined_stress,compound_contact_shift,lid_twist_force_control,1,84,0.821429,0.065034,0.631522,0.050064,0.184435,0.055459,0.400000
oracle_feature_selector,combined_stress,source_matched,slip_limited_grasp,2,84,0.821429,0.055892,0.670405,0.038781,0.184186,0.053476,0.400000
oracle_feature_selector,combined_stress,low_friction,slip_limited_grasp,2,84,0.797619,0.058220,0.677191,0.039698,0.177431,0.049955,0.400000
oracle_feature_selector,combined_stress,soft_compliance,slip_limited_grasp,2,84,0.809524,0.051488,0.679792,0.044603,0.181913,0.053579,0.400000
oracle_feature_selector,combined_stress,texture_aliasing,slip_limited_grasp,2,84,0.738095,0.055288,0.678282,0.042696,0.185406,0.050930,0.400000
oracle_feature_selector,combined_stress,taxel_bias,slip_limited_grasp,2,84,0.773810,0.055516,0.672546,0.044050,0.183096,0.049183,0.400000
oracle_feature_selector,combined_stress,transient_shear_spike,slip_limited_grasp,2,84,0.809524,0.061077,0.666431,0.049634,0.181221,0.052554,0.400000
oracle_feature_selector,combined_stress,compound_contact_shift,slip_limited_grasp,2,84,0.761905,0.065884,0.672525,0.055789,0.183906,0.056704,0.400000
oracle_feature_selector,combined_stress,source_matched,peg_in_hole_contact_search,2,84,0.702381,0.049162,0.657326,0.043045,0.184967,0.047119,0.400000
oracle_feature_selector,combined_stress,low_friction,peg_in_hole_contact_search,2,84,0.750000,0.053920,0.649748,0.044038,0.178546,0.053275,0.400000
oracle_feature_selector,combined_stress,soft_compliance,peg_in_hole_contact_search,2,84,0.857143,0.049546,0.655886,0.040366,0.182886,0.050519,0.400000
oracle_feature_selector,combined_stress,texture_aliasing,peg_in_hole_contact_search,2,84,0.809524,0.058134,0.643549,0.041535,0.181139,0.051168,0.400000
oracle_feature_selector,combined_stress,taxel_bias,peg_in_hole_contact_search,2,84,0.761905,0.053646,0.648748,0.041357,0.185188,0.054177,0.400000
oracle_feature_selector,combined_stress,transient_shear_spike,peg_in_hole_contact_search,2,84,0.773810,0.063851,0.649599,0.051096,0.186838,0.052742,0.400000
oracle_feature_selector,combined_stress,compound_contact_shift,peg_in_hole_contact_search,2,84,0.738095,0.073446,0.644866,0.052620,0.184497,0.060189,0.400000
oracle_feature_selector,combined_stress,source_matched,cloth_edge_pull,2,84,0.714286,0.058882,0.685671,0.041007,0.178809,0.054145,0.400000
oracle_feature_selector,combined_stress,low_friction,cloth_edge_pull,2,84,0.738095,0.053248,0.680514,0.042632,0.181897,0.053145,0.400000
oracle_feature_selector,combined_stress,soft_compliance,cloth_edge_pull,2,84,0.690476,0.052456,0.674016,0.045576,0.183406,0.052856,0.400000
oracle_feature_selector,combined_stress,texture_aliasing,cloth_edge_pull,2,84,0.738095,0.054233,0.687482,0.047147,0.183409,0.048815,0.400000
oracle_feature_selector,combined_stress,taxel_bias,cloth_edge_pull,2,84,0.666667,0.054587,0.681935,0.043272,0.183110,0.055159,0.400000
oracle_feature_selector,combined_stress,transient_shear_spike,cloth_edge_pull,2,84,0.773810,0.061919,0.678475,0.048427,0.181130,0.051744,0.400000
oracle_feature_selector,combined_stress,compound_contact_shift,cloth_edge_pull,2,84,0.654762,0.064703,0.663527,0.054817,0.191757,0.054501,0.400000
oracle_feature_selector,combined_stress,source_matched,cable_threading,2,84,0.714286,0.058239,0.690041,0.048243,0.186303,0.052894,0.400000
oracle_feature_selector,combined_stress,low_friction,cable_threading,2,84,0.666667,0.052965,0.685424,0.043926,0.182912,0.052142,0.400000
oracle_feature_selector,combined_stress,soft_compliance,cable_threading,2,84,0.714286,0.051633,0.696125,0.044074,0.182347,0.051481,0.400000
oracle_feature_selector,combined_stress,texture_aliasing,cable_threading,2,84,0.797619,0.053231,0.691312,0.044615,0.181587,0.055320,0.400000
oracle_feature_selector,combined_stress,taxel_bias,cable_threading,2,84,0.738095,0.054665,0.687385,0.041270,0.181795,0.054403,0.400000
oracle_feature_selector,combined_stress,transient_shear_spike,cable_threading,2,84,0.690476,0.060016,0.680955,0.048776,0.189284,0.057629,0.400000
oracle_feature_selector,combined_stress,compound_contact_shift,cable_threading,2,84,0.678571,0.062621,0.665737,0.052350,0.189858,0.060262,0.400000
oracle_feature_selector,combined_stress,source_matched,lid_twist_force_control,2,84,0.738095,0.053242,0.644693,0.043260,0.186091,0.051019,0.400000
oracle_feature_selector,combined_stress,low_friction,lid_twist_force_control,2,84,0.857143,0.048970,0.641579,0.043548,0.180368,0.050957,0.400000
oracle_feature_selector,combined_stress,soft_compliance,lid_twist_force_control,2,84,0.797619,0.052138,0.641021,0.041821,0.184731,0.053395,0.400000
oracle_feature_selector,combined_stress,texture_aliasing,lid_twist_force_control,2,84,0.761905,0.059238,0.644461,0.041552,0.181778,0.053019,0.400000
oracle_feature_selector,combined_stress,taxel_bias,lid_twist_force_control,2,84,0.785714,0.051672,0.645043,0.045232,0.182490,0.053909,0.400000
oracle_feature_selector,combined_stress,transient_shear_spike,lid_twist_force_control,2,84,0.785714,0.057515,0.639351,0.043921,0.181446,0.049469,0.400000
oracle_feature_selector,combined_stress,compound_contact_shift,lid_twist_force_control,2,84,0.714286,0.065622,0.632386,0.053201,0.186759,0.055892,0.400000
oracle_feature_selector,combined_stress,source_matched,slip_limited_grasp,3,84,0.773810,0.056402,0.671152,0.040371,0.185388,0.053855,0.400000
oracle_feature_selector,combined_stress,low_friction,slip_limited_grasp,3,84,0.869048,0.058718,0.677920,0.038302,0.176481,0.050326,0.400000
oracle_feature_selector,combined_stress,soft_compliance,slip_limited_grasp,3,84,0.785714,0.052004,0.680548,0.045602,0.182689,0.053962,0.400000
oracle_feature_selector,combined_stress,texture_aliasing,slip_limited_grasp,3,84,0.750000,0.055810,0.679047,0.042807,0.185544,0.051318,0.400000
oracle_feature_selector,combined_stress,taxel_bias,slip_limited_grasp,3,84,0.833333,0.056002,0.673257,0.042943,0.182352,0.049546,0.400000
oracle_feature_selector,combined_stress,transient_shear_spike,slip_limited_grasp,3,84,0.785714,0.061629,0.667241,0.050660,0.182021,0.052962,0.400000
oracle_feature_selector,combined_stress,compound_contact_shift,slip_limited_grasp,3,84,0.785714,0.066442,0.655335,0.055629,0.183853,0.057116,0.400000
oracle_feature_selector,combined_stress,source_matched,peg_in_hole_contact_search,3,84,0.702381,0.049720,0.658145,0.043480,0.185343,0.047531,0.400000
oracle_feature_selector,combined_stress,low_friction,peg_in_hole_contact_search,3,84,0.750000,0.054466,0.650549,0.044465,0.178914,0.053679,0.400000
oracle_feature_selector,combined_stress,soft_compliance,peg_in_hole_contact_search,3,84,0.857143,0.050110,0.656714,0.040806,0.183266,0.050936,0.400000
oracle_feature_selector,combined_stress,texture_aliasing,peg_in_hole_contact_search,3,84,0.785714,0.058704,0.644386,0.042576,0.181951,0.051589,0.400000
oracle_feature_selector,combined_stress,taxel_bias,peg_in_hole_contact_search,3,84,0.809524,0.054180,0.649531,0.040584,0.184691,0.054573,0.400000
oracle_feature_selector,combined_stress,transient_shear_spike,peg_in_hole_contact_search,3,84,0.857143,0.064451,0.650481,0.049481,0.185742,0.053183,0.400000
oracle_feature_selector,combined_stress,compound_contact_shift,peg_in_hole_contact_search,3,84,0.738095,0.062046,0.645757,0.051892,0.184905,0.052366,0.400000
oracle_feature_selector,combined_stress,source_matched,cloth_edge_pull,3,84,0.773810,0.059374,0.686391,0.039904,0.178070,0.054512,0.400000
oracle_feature_selector,combined_stress,low_friction,cloth_edge_pull,3,84,0.761905,0.053728,0.681216,0.042413,0.181792,0.053504,0.400000
oracle_feature_selector,combined_stress,soft_compliance,cloth_edge_pull,3,84,0.785714,0.052954,0.674745,0.043585,0.182027,0.053227,0.400000
oracle_feature_selector,combined_stress,texture_aliasing,cloth_edge_pull,3,84,0.654762,0.054737,0.688220,0.049625,0.185249,0.049190,0.400000
oracle_feature_selector,combined_stress,taxel_bias,cloth_edge_pull,3,84,0.714286,0.055055,0.682619,0.042448,0.182569,0.055509,0.400000
oracle_feature_selector,combined_stress,transient_shear_spike,cloth_edge_pull,3,84,0.714286,0.062453,0.679258,0.050332,0.182561,0.052140,0.400000
oracle_feature_selector,combined_stress,compound_contact_shift,cloth_edge_pull,3,84,0.738095,0.065243,0.664319,0.053156,0.190621,0.054901,0.400000
oracle_feature_selector,combined_stress,source_matched,cable_threading,3,84,0.726190,0.058731,0.690761,0.040326,0.186421,0.053261,0.400000
oracle_feature_selector,combined_stress,low_friction,cable_threading,3,84,0.666667,0.053445,0.686126,0.044302,0.183236,0.052501,0.400000
oracle_feature_selector,combined_stress,soft_compliance,cable_threading,3,84,0.642857,0.052131,0.678845,0.046250,0.183969,0.051852,0.400000
oracle_feature_selector,combined_stress,texture_aliasing,cable_threading,3,84,0.726190,0.053735,0.692050,0.046795,0.183213,0.055695,0.400000
oracle_feature_selector,combined_stress,taxel_bias,cable_threading,3,84,0.726190,0.055133,0.688069,0.041935,0.182325,0.054754,0.400000
oracle_feature_selector,combined_stress,transient_shear_spike,cable_threading,3,84,0.666667,0.060550,0.681738,0.049788,0.190072,0.050021,0.400000
oracle_feature_selector,combined_stress,compound_contact_shift,cable_threading,3,84,0.773810,0.063161,0.666529,0.050391,0.188508,0.052658,0.400000
oracle_feature_selector,combined_stress,source_matched,lid_twist_force_control,3,84,0.797619,0.053782,0.645485,0.042194,0.177379,0.051419,0.400000
oracle_feature_selector,combined_stress,low_friction,lid_twist_force_control,3,84,0.726190,0.049498,0.642353,0.039231,0.183081,0.051349,0.400000
oracle_feature_selector,combined_stress,soft_compliance,lid_twist_force_control,3,84,0.845238,0.052684,0.641822,0.041057,0.176238,0.053799,0.400000
oracle_feature_selector,combined_stress,texture_aliasing,lid_twist_force_control,3,84,0.904762,0.059790,0.645271,0.038412,0.179579,0.053427,0.400000
oracle_feature_selector,combined_stress,taxel_bias,lid_twist_force_control,3,84,0.690476,0.052188,0.645799,0.048017,0.184552,0.054292,0.400000
oracle_feature_selector,combined_stress,transient_shear_spike,lid_twist_force_control,3,84,0.690476,0.058097,0.640206,0.046756,0.183552,0.049898,0.400000
oracle_feature_selector,combined_stress,compound_contact_shift,lid_twist_force_control,3,84,0.738095,0.066210,0.633250,0.053065,0.186727,0.056325,0.400000
oracle_feature_selector,combined_stress,source_matched,slip_limited_grasp,4,84,0.785714,0.056912,0.671899,0.040472,0.177513,0.054234,0.400000
oracle_feature_selector,combined_stress,low_friction,slip_limited_grasp,4,84,0.880952,0.059216,0.678649,0.038394,0.176603,0.050697,0.400000
oracle_feature_selector,combined_stress,soft_compliance,slip_limited_grasp,4,84,0.809524,0.052520,0.681304,0.037406,0.182609,0.054346,0.400000
oracle_feature_selector,combined_stress,texture_aliasing,slip_limited_grasp,4,84,0.821429,0.056332,0.679812,0.041429,0.184610,0.051705,0.400000
oracle_feature_selector,combined_stress,taxel_bias,slip_limited_grasp,4,84,0.809524,0.056488,0.673968,0.043919,0.183109,0.049909,0.400000
oracle_feature_selector,combined_stress,transient_shear_spike,slip_limited_grasp,4,84,0.797619,0.062181,0.668051,0.050794,0.182179,0.053370,0.400000
oracle_feature_selector,combined_stress,compound_contact_shift,slip_limited_grasp,4,84,0.773810,0.067000,0.656154,0.056363,0.184444,0.057528,0.400000
oracle_feature_selector,combined_stress,source_matched,peg_in_hole_contact_search,4,84,0.773810,0.050278,0.658964,0.042131,0.184434,0.047943,0.400000
oracle_feature_selector,combined_stress,low_friction,peg_in_hole_contact_search,4,84,0.726190,0.055012,0.651350,0.045486,0.179711,0.054083,0.400000
oracle_feature_selector,combined_stress,soft_compliance,peg_in_hole_contact_search,4,84,0.773810,0.050674,0.657542,0.043330,0.185146,0.051352,0.400000
oracle_feature_selector,combined_stress,texture_aliasing,peg_in_hole_contact_search,4,84,0.785714,0.059274,0.645223,0.043021,0.182335,0.052009,0.400000
oracle_feature_selector,combined_stress,taxel_bias,peg_in_hole_contact_search,4,84,0.857143,0.054714,0.650314,0.039811,0.184194,0.054969,0.400000
oracle_feature_selector,combined_stress,transient_shear_spike,peg_in_hole_contact_search,4,84,0.833333,0.065051,0.651363,0.050544,0.186574,0.053624,0.400000
oracle_feature_selector,combined_stress,compound_contact_shift,peg_in_hole_contact_search,4,84,0.750000,0.062652,0.646648,0.052067,0.185098,0.052812,0.400000
oracle_feature_selector,combined_stress,source_matched,cloth_edge_pull,4,84,0.785714,0.059866,0.687111,0.039992,0.178187,0.054879,0.400000
oracle_feature_selector,combined_stress,low_friction,cloth_edge_pull,4,84,0.714286,0.054208,0.681918,0.043980,0.182973,0.053863,0.400000
oracle_feature_selector,combined_stress,soft_compliance,cloth_edge_pull,4,84,0.750000,0.053452,0.675474,0.044867,0.183006,0.053598,0.400000
oracle_feature_selector,combined_stress,texture_aliasing,cloth_edge_pull,4,84,0.666667,0.055241,0.688958,0.049721,0.185374,0.049565,0.400000
oracle_feature_selector,combined_stress,taxel_bias,cloth_edge_pull,4,84,0.690476,0.055523,0.683303,0.043410,0.183314,0.055860,0.400000
oracle_feature_selector,combined_stress,transient_shear_spike,cloth_edge_pull,4,84,0.702381,0.062987,0.680041,0.051047,0.183135,0.052536,0.400000
oracle_feature_selector,combined_stress,compound_contact_shift,cloth_edge_pull,4,84,0.726190,0.065783,0.665111,0.053876,0.191199,0.055301,0.400000
oracle_feature_selector,combined_stress,source_matched,cable_threading,4,84,0.571429,0.059223,0.691481,0.044581,0.181535,0.053628,0.400000
oracle_feature_selector,combined_stress,low_friction,cable_threading,4,84,0.714286,0.053925,0.686828,0.043487,0.182703,0.052859,0.400000
oracle_feature_selector,combined_stress,soft_compliance,cable_threading,4,84,0.797619,0.052629,0.679574,0.042770,0.181519,0.052223,0.400000
oracle_feature_selector,combined_stress,texture_aliasing,cable_threading,4,84,0.678571,0.054239,0.692788,0.048380,0.184410,0.048066,0.400000
oracle_feature_selector,combined_stress,taxel_bias,cable_threading,4,84,0.654762,0.055601,0.688753,0.044087,0.183927,0.055104,0.400000
oracle_feature_selector,combined_stress,transient_shear_spike,cable_threading,4,84,0.714286,0.061084,0.682521,0.049015,0.181571,0.050417,0.400000
oracle_feature_selector,combined_stress,compound_contact_shift,cable_threading,4,84,0.785714,0.063701,0.667321,0.050515,0.188658,0.053058,0.400000
oracle_feature_selector,combined_stress,source_matched,lid_twist_force_control,4,84,0.809524,0.054322,0.646277,0.042318,0.177529,0.051819,0.400000
oracle_feature_selector,combined_stress,low_friction,lid_twist_force_control,4,84,0.821429,0.050026,0.643127,0.037263,0.181723,0.051741,0.400000
oracle_feature_selector,combined_stress,soft_compliance,lid_twist_force_control,4,84,0.773810,0.053230,0.642623,0.043270,0.177892,0.054203,0.400000
oracle_feature_selector,combined_stress,texture_aliasing,lid_twist_force_control,4,84,0.845238,0.060342,0.646081,0.040331,0.181022,0.053836,0.400000
oracle_feature_selector,combined_stress,taxel_bias,lid_twist_force_control,4,84,0.750000,0.052704,0.646555,0.046932,0.183828,0.054676,0.400000
oracle_feature_selector,combined_stress,transient_shear_spike,lid_twist_force_control,4,84,0.726190,0.058679,0.641061,0.046317,0.183301,0.050327,0.400000
oracle_feature_selector,combined_stress,compound_contact_shift,lid_twist_force_control,4,84,0.738095,0.066798,0.634114,0.053523,0.187123,0.056758,0.400000
oracle_feature_selector,combined_stress,source_matched,slip_limited_grasp,5,84,0.904762,0.057422,0.672646,0.037895,0.175714,0.054613,0.400000
oracle_feature_selector,combined_stress,low_friction,slip_limited_grasp,5,84,0.750000,0.059714,0.679378,0.042057,0.179296,0.051068,0.400000
oracle_feature_selector,combined_stress,soft_compliance,slip_limited_grasp,5,84,0.809524,0.053036,0.682060,0.037809,0.182957,0.054729,0.400000
oracle_feature_selector,combined_stress,texture_aliasing,slip_limited_grasp,5,84,0.785714,0.056854,0.680577,0.042731,0.185605,0.052093,0.400000
oracle_feature_selector,combined_stress,taxel_bias,slip_limited_grasp,5,84,0.797619,0.056974,0.674679,0.044597,0.183651,0.050272,0.400000
oracle_feature_selector,combined_stress,transient_shear_spike,slip_limited_grasp,5,84,0.785714,0.062733,0.668861,0.051522,0.182765,0.053778,0.400000
oracle_feature_selector,combined_stress,compound_contact_shift,slip_limited_grasp,5,84,0.738095,0.067558,0.656973,0.057691,0.185462,0.057940,0.400000
oracle_feature_selector,combined_stress,source_matched,peg_in_hole_contact_search,5,84,0.821429,0.050836,0.659783,0.041376,0.183953,0.048356,0.400000
oracle_feature_selector,combined_stress,low_friction,peg_in_hole_contact_search,5,84,0.809524,0.055558,0.652151,0.043830,0.178579,0.054487,0.400000
oracle_feature_selector,combined_stress,soft_compliance,peg_in_hole_contact_search,5,84,0.714286,0.051238,0.658370,0.045259,0.178593,0.051768,0.400000
oracle_feature_selector,combined_stress,texture_aliasing,peg_in_hole_contact_search,5,84,0.845238,0.059844,0.646060,0.041977,0.181648,0.052430,0.400000
oracle_feature_selector,combined_stress,taxel_bias,peg_in_hole_contact_search,5,84,0.773810,0.055248,0.651097,0.042312,0.186054,0.055365,0.400000
oracle_feature_selector,combined_stress,transient_shear_spike,peg_in_hole_contact_search,5,84,0.666667,0.065651,0.652245,0.047174,0.181974,0.054066,0.400000
oracle_feature_selector,combined_stress,compound_contact_shift,peg_in_hole_contact_search,5,84,0.726190,0.063258,0.647539,0.053135,0.185935,0.053257,0.400000
oracle_feature_selector,combined_stress,source_matched,cloth_edge_pull,5,84,0.702381,0.060358,0.687831,0.042460,0.180019,0.055246,0.400000
oracle_feature_selector,combined_stress,low_friction,cloth_edge_pull,5,84,0.714286,0.054688,0.682620,0.044356,0.183297,0.054221,0.400000
oracle_feature_selector,combined_stress,soft_compliance,cloth_edge_pull,5,84,0.761905,0.053950,0.676203,0.044959,0.183128,0.053969,0.400000
oracle_feature_selector,combined_stress,texture_aliasing,cloth_edge_pull,5,84,0.666667,0.055745,0.689696,0.050116,0.185714,0.049940,0.400000
oracle_feature_selector,combined_stress,taxel_bias,cloth_edge_pull,5,84,0.750000,0.055991,0.683987,0.042289,0.182558,0.056210,0.400000
oracle_feature_selector,combined_stress,transient_shear_spike,cloth_edge_pull,5,84,0.821429,0.063521,0.680824,0.048488,0.181353,0.052931,0.400000
oracle_feature_selector,combined_stress,compound_contact_shift,cloth_edge_pull,5,84,0.702381,0.066323,0.665903,0.054893,0.191991,0.055701,0.400000
oracle_feature_selector,combined_stress,source_matched,cable_threading,5,84,0.666667,0.059715,0.692201,0.042585,0.180152,0.053995,0.400000
oracle_feature_selector,combined_stress,low_friction,cable_threading,5,84,0.702381,0.054405,0.687530,0.044161,0.183242,0.053218,0.400000
oracle_feature_selector,combined_stress,soft_compliance,cable_threading,5,84,0.761905,0.053127,0.680303,0.044053,0.182498,0.052594,0.400000
oracle_feature_selector,combined_stress,texture_aliasing,cable_threading,5,84,0.714286,0.054743,0.693526,0.047881,0.184107,0.048441,0.400000
oracle_feature_selector,combined_stress,taxel_bias,cable_threading,5,84,0.702381,0.056069,0.689437,0.043263,0.183386,0.055454,0.400000
oracle_feature_selector,combined_stress,transient_shear_spike,cable_threading,5,84,0.738095,0.061618,0.683304,0.048837,0.181503,0.050812,0.400000
oracle_feature_selector,combined_stress,compound_contact_shift,cable_threading,5,84,0.726190,0.064241,0.668113,0.052425,0.190093,0.053458,0.400000
oracle_feature_selector,combined_stress,source_matched,lid_twist_force_control,5,84,0.785714,0.054862,0.647069,0.043335,0.178322,0.052219,0.400000
oracle_feature_selector,combined_stress,low_friction,lid_twist_force_control,5,84,0.821429,0.050554,0.643901,0.037676,0.182079,0.052132,0.400000
oracle_feature_selector,combined_stress,soft_compliance,lid_twist_force_control,5,84,0.750000,0.053776,0.643424,0.044292,0.178688,0.054607,0.400000
oracle_feature_selector,combined_stress,texture_aliasing,lid_twist_force_control,5,84,0.738095,0.060894,0.646891,0.043441,0.183323,0.054244,0.400000
oracle_feature_selector,combined_stress,taxel_bias,lid_twist_force_control,5,84,0.809524,0.053220,0.647311,0.045848,0.183105,0.055059,0.400000
oracle_feature_selector,combined_stress,transient_shear_spike,lid_twist_force_control,5,84,0.773810,0.059261,0.641916,0.045581,0.182836,0.050756,0.400000
oracle_feature_selector,combined_stress,compound_contact_shift,lid_twist_force_control,5,84,0.726190,0.067386,0.634978,0.054280,0.187733,0.057191,0.400000
oracle_feature_selector,combined_stress,source_matched,slip_limited_grasp,6,84,0.833333,0.057932,0.673393,0.040080,0.177344,0.054993,0.400000
oracle_feature_selector,combined_stress,low_friction,slip_limited_grasp,6,84,0.761905,0.060212,0.680107,0.042150,0.179418,0.051439,0.400000
oracle_feature_selector,combined_stress,soft_compliance,slip_limited_grasp,6,84,0.750000,0.053552,0.682816,0.039701,0.184376,0.047108,0.400000
oracle_feature_selector,combined_stress,texture_aliasing,slip_limited_grasp,6,84,0.892857,0.057376,0.681342,0.040460,0.176025,0.052480,0.400000
oracle_feature_selector,combined_stress,taxel_bias,slip_limited_grasp,6,84,0.797619,0.057460,0.675390,0.044977,0.183979,0.050634,0.400000
oracle_feature_selector,combined_stress,transient_shear_spike,slip_limited_grasp,6,84,0.738095,0.063285,0.669671,0.045140,0.183994,0.054186,0.400000
oracle_feature_selector,combined_stress,compound_contact_shift,slip_limited_grasp,6,84,0.797619,0.068116,0.657792,0.056639,0.184767,0.058353,0.400000
oracle_feature_selector,combined_stress,source_matched,peg_in_hole_contact_search,6,84,0.797619,0.051394,0.660602,0.042407,0.184757,0.048768,0.400000
oracle_feature_selector,combined_stress,low_friction,peg_in_hole_contact_search,6,84,0.773810,0.056104,0.652952,0.045149,0.179590,0.054892,0.400000
oracle_feature_selector,combined_stress,soft_compliance,peg_in_hole_contact_search,6,84,0.750000,0.051802,0.659198,0.044806,0.178330,0.052185,0.400000
oracle_feature_selector,combined_stress,texture_aliasing,peg_in_hole_contact_search,6,84,0.857143,0.060414,0.646897,0.042125,0.181818,0.052850,0.400000
oracle_feature_selector,combined_stress,taxel_bias,peg_in_hole_contact_search,6,84,0.750000,0.055782,0.651880,0.043324,0.186842,0.055760,0.400000
oracle_feature_selector,combined_stress,transient_shear_spike,peg_in_hole_contact_search,6,84,0.773810,0.066251,0.653127,0.044964,0.180450,0.054507,0.400000
oracle_feature_selector,combined_stress,compound_contact_shift,peg_in_hole_contact_search,6,84,0.750000,0.063864,0.648430,0.053012,0.185914,0.053702,0.400000
oracle_feature_selector,combined_stress,source_matched,cloth_edge_pull,6,84,0.761905,0.048844,0.688551,0.040157,0.179280,0.047345,0.400000
oracle_feature_selector,combined_stress,low_friction,cloth_edge_pull,6,84,0.678571,0.055168,0.683322,0.045624,0.184264,0.054580,0.400000
oracle_feature_selector,combined_stress,soft_compliance,cloth_edge_pull,6,84,0.738095,0.054448,0.676932,0.045944,0.183893,0.054340,0.400000
oracle_feature_selector,combined_stress,texture_aliasing,cloth_edge_pull,6,84,0.678571,0.056249,0.672425,0.050213,0.185840,0.050316,0.400000
oracle_feature_selector,combined_stress,taxel_bias,cloth_edge_pull,6,84,0.785714,0.056459,0.684671,0.041763,0.182231,0.048556,0.400000
oracle_feature_selector,combined_stress,transient_shear_spike,cloth_edge_pull,6,84,0.571429,0.064055,0.681607,0.055156,0.186213,0.053327,0.400000
oracle_feature_selector,combined_stress,compound_contact_shift,cloth_edge_pull,6,84,0.773810,0.066863,0.666695,0.053529,0.183066,0.056101,0.400000
oracle_feature_selector,combined_stress,source_matched,cable_threading,6,84,0.738095,0.060207,0.692921,0.041184,0.179199,0.054361,0.400000
oracle_feature_selector,combined_stress,low_friction,cable_threading,6,84,0.738095,0.054885,0.688232,0.043644,0.182923,0.053576,0.400000
oracle_feature_selector,combined_stress,soft_compliance,cable_threading,6,84,0.761905,0.053625,0.681032,0.044443,0.182834,0.052965,0.400000
oracle_feature_selector,combined_stress,texture_aliasing,cable_threading,6,84,0.702381,0.055247,0.694264,0.048573,0.184662,0.048816,0.400000
oracle_feature_selector,combined_stress,taxel_bias,cable_threading,6,84,0.738095,0.056537,0.690121,0.042737,0.183059,0.055805,0.400000
oracle_feature_selector,combined_stress,transient_shear_spike,cable_threading,6,84,0.738095,0.062152,0.684087,0.049255,0.181863,0.051208,0.400000
oracle_feature_selector,combined_stress,compound_contact_shift,cable_threading,6,84,0.702381,0.064781,0.668905,0.053443,0.190886,0.053858,0.400000
oracle_feature_selector,combined_stress,source_matched,lid_twist_force_control,6,84,0.785714,0.055402,0.647861,0.043757,0.178686,0.052619,0.400000
oracle_feature_selector,combined_stress,low_friction,lid_twist_force_control,6,84,0.809524,0.051082,0.644675,0.038386,0.182649,0.052524,0.400000
oracle_feature_selector,combined_stress,soft_compliance,lid_twist_force_control,6,84,0.785714,0.054322,0.644225,0.043825,0.178414,0.055011,0.400000
oracle_feature_selector,combined_stress,texture_aliasing,lid_twist_force_control,6,84,0.702381,0.061446,0.647701,0.044765,0.184338,0.054652,0.400000
oracle_feature_selector,combined_stress,taxel_bias,lid_twist_force_control,6,84,0.797619,0.053736,0.648067,0.046549,0.183667,0.055442,0.400000
oracle_feature_selector,combined_stress,transient_shear_spike,lid_twist_force_control,6,84,0.726190,0.059843,0.642771,0.047226,0.184085,0.051185,0.400000
oracle_feature_selector,combined_stress,compound_contact_shift,lid_twist_force_control,6,84,0.785714,0.067974,0.635842,0.053250,0.187058,0.057623,0.400000
full_finetune_pretrained,combined_stress,source_matched,slip_limited_grasp,0,84,0.535714,0.212724,0.517610,0.116032,0.164034,0.139945,0.600000
full_finetune_pretrained,combined_stress,low_friction,slip_limited_grasp,0,84,0.511905,0.213978,0.522785,0.116124,0.164566,0.143689,0.600000
full_finetune_pretrained,combined_stress,soft_compliance,slip_limited_grasp,0,84,0.511905,0.208980,0.527987,0.114652,0.162414,0.140503,0.600000
full_finetune_pretrained,combined_stress,texture_aliasing,slip_limited_grasp,0,84,0.595238,0.211440,0.529337,0.115495,0.163074,0.137833,0.600000
full_finetune_pretrained,combined_stress,taxel_bias,slip_limited_grasp,0,84,0.583333,0.208110,0.518357,0.115900,0.166401,0.140848,0.600000
full_finetune_pretrained,combined_stress,transient_shear_spike,slip_limited_grasp,0,84,0.476190,0.205600,0.526229,0.117483,0.170621,0.139677,0.600000
full_finetune_pretrained,combined_stress,compound_contact_shift,slip_limited_grasp,0,84,0.416667,0.223638,0.515232,0.125667,0.173929,0.144525,0.600000
full_finetune_pretrained,combined_stress,source_matched,peg_in_hole_contact_search,0,84,0.440476,0.209851,0.493651,0.115209,0.167460,0.136753,0.600000
full_finetune_pretrained,combined_stress,low_friction,peg_in_hole_contact_search,0,84,0.547619,0.213535,0.502471,0.113891,0.167256,0.142170,0.600000
full_finetune_pretrained,combined_stress,soft_compliance,peg_in_hole_contact_search,0,84,0.523810,0.210895,0.493201,0.114822,0.167104,0.140608,0.600000
full_finetune_pretrained,combined_stress,texture_aliasing,peg_in_hole_contact_search,0,84,0.476190,0.206137,0.501733,0.113405,0.165310,0.140971,0.600000
full_finetune_pretrained,combined_stress,taxel_bias,peg_in_hole_contact_search,0,84,0.571429,0.210097,0.501688,0.116720,0.163563,0.141002,0.600000
full_finetune_pretrained,combined_stress,transient_shear_spike,peg_in_hole_contact_search,0,84,0.500000,0.212231,0.498517,0.112967,0.170237,0.143029,0.600000
full_finetune_pretrained,combined_stress,compound_contact_shift,peg_in_hole_contact_search,0,84,0.380952,0.223051,0.494702,0.125109,0.169804,0.142907,0.600000
full_finetune_pretrained,combined_stress,source_matched,cloth_edge_pull,0,84,0.535714,0.214383,0.529825,0.114121,0.163450,0.139300,0.600000
full_finetune_pretrained,combined_stress,low_friction,cloth_edge_pull,0,84,0.571429,0.207675,0.523057,0.114626,0.165607,0.137560,0.600000
full_finetune_pretrained,combined_stress,soft_compliance,cloth_edge_pull,0,84,0.607143,0.208617,0.519160,0.116815,0.166772,0.138465,0.600000
full_finetune_pretrained,combined_stress,texture_aliasing,cloth_edge_pull,0,84,0.476190,0.209055,0.535486,0.113461,0.169942,0.142406,0.600000
full_finetune_pretrained,combined_stress,taxel_bias,cloth_edge_pull,0,84,0.559524,0.205851,0.524695,0.111581,0.163634,0.137504,0.600000
full_finetune_pretrained,combined_stress,transient_shear_spike,cloth_edge_pull,0,84,0.488095,0.205111,0.535222,0.113629,0.168391,0.137552,0.600000
full_finetune_pretrained,combined_stress,compound_contact_shift,cloth_edge_pull,0,84,0.428571,0.233133,0.521192,0.129467,0.170351,0.141272,0.600000
full_finetune_pretrained,combined_stress,source_matched,cable_threading,0,84,0.440476,0.214038,0.533873,0.115644,0.164565,0.137963,0.600000
full_finetune_pretrained,combined_stress,low_friction,cable_threading,0,84,0.535714,0.207690,0.527645,0.114936,0.165891,0.136471,0.600000
full_finetune_pretrained,combined_stress,soft_compliance,cable_threading,0,84,0.535714,0.208092,0.522938,0.117604,0.167339,0.137004,0.600000
full_finetune_pretrained,combined_stress,texture_aliasing,cable_threading,0,84,0.404762,0.208350,0.538994,0.122116,0.170388,0.140821,0.600000
full_finetune_pretrained,combined_stress,taxel_bias,cable_threading,0,84,0.500000,0.206226,0.529823,0.112763,0.164586,0.136663,0.600000
full_finetune_pretrained,combined_stress,transient_shear_spike,cable_threading,0,84,0.392857,0.215512,0.537380,0.123390,0.168666,0.143615,0.600000
full_finetune_pretrained,combined_stress,compound_contact_shift,cable_threading,0,84,0.380952,0.231348,0.523080,0.128695,0.169649,0.146947,0.600000
full_finetune_pretrained,combined_stress,source_matched,lid_twist_force_control,0,84,0.380952,0.212956,0.496797,0.116740,0.169361,0.139692,0.600000
full_finetune_pretrained,combined_stress,low_friction,lid_twist_force_control,0,84,0.452381,0.207610,0.492072,0.117395,0.163779,0.138890,0.600000
full_finetune_pretrained,combined_stress,soft_compliance,lid_twist_force_control,0,84,0.559524,0.212512,0.494115,0.112831,0.166298,0.142522,0.600000
full_finetune_pretrained,combined_stress,texture_aliasing,lid_twist_force_control,0,84,0.488095,0.206266,0.500415,0.118872,0.163940,0.141860,0.600000
full_finetune_pretrained,combined_stress,taxel_bias,lid_twist_force_control,0,84,0.476190,0.207148,0.495753,0.114502,0.170074,0.139772,0.600000
full_finetune_pretrained,combined_stress,transient_shear_spike,lid_twist_force_control,0,84,0.607143,0.204920,0.486039,0.110349,0.162193,0.138795,0.600000
full_finetune_pretrained,combined_stress,compound_contact_shift,lid_twist_force_control,0,84,0.535714,0.226258,0.479992,0.121361,0.167915,0.145916,0.600000
full_finetune_pretrained,combined_stress,source_matched,slip_limited_grasp,1,84,0.607143,0.213240,0.518366,0.114649,0.163096,0.140329,0.600000
full_finetune_pretrained,combined_stress,low_friction,slip_limited_grasp,1,84,0.535714,0.202476,0.523523,0.114723,0.164478,0.143800,0.600000
full_finetune_pretrained,combined_stress,soft_compliance,slip_limited_grasp,1,84,0.464286,0.209502,0.528752,0.116251,0.163623,0.140890,0.600000
full_finetune_pretrained,combined_stress,texture_aliasing,slip_limited_grasp,1,84,0.595238,0.211968,0.530111,0.115908,0.163430,0.138225,0.600000
full_finetune_pretrained,combined_stress,taxel_bias,slip_limited_grasp,1,84,0.476190,0.208602,0.519077,0.118963,0.168661,0.141215,0.600000
full_finetune_pretrained,combined_stress,transient_shear_spike,slip_limited_grasp,1,84,0.511905,0.206158,0.527048,0.117026,0.170354,0.140089,0.600000
full_finetune_pretrained,combined_stress,compound_contact_shift,slip_limited_grasp,1,84,0.547619,0.224202,0.516060,0.122834,0.171951,0.144942,0.600000
full_finetune_pretrained,combined_stress,source_matched,peg_in_hole_contact_search,1,84,0.547619,0.210415,0.494479,0.112971,0.165912,0.137169,0.600000
full_finetune_pretrained,combined_stress,low_friction,peg_in_hole_contact_search,1,84,0.452381,0.202081,0.503281,0.115503,0.169342,0.142314,0.600000
full_finetune_pretrained,combined_stress,soft_compliance,peg_in_hole_contact_search,1,84,0.535714,0.211465,0.494038,0.114970,0.167274,0.141028,0.600000
full_finetune_pretrained,combined_stress,texture_aliasing,peg_in_hole_contact_search,1,84,0.559524,0.206713,0.502579,0.111771,0.164198,0.141396,0.600000
full_finetune_pretrained,combined_stress,taxel_bias,peg_in_hole_contact_search,1,84,0.488095,0.210637,0.502480,0.119225,0.165427,0.141402,0.600000
full_finetune_pretrained,combined_stress,transient_shear_spike,peg_in_hole_contact_search,1,84,0.488095,0.212837,0.499408,0.113737,0.170859,0.143474,0.600000
full_finetune_pretrained,combined_stress,compound_contact_shift,peg_in_hole_contact_search,1,84,0.476190,0.223663,0.495602,0.123206,0.168502,0.143357,0.600000
full_finetune_pretrained,combined_stress,source_matched,cloth_edge_pull,1,84,0.440476,0.214881,0.530554,0.116892,0.165500,0.139671,0.600000
full_finetune_pretrained,combined_stress,low_friction,cloth_edge_pull,1,84,0.523810,0.208161,0.523768,0.116197,0.166792,0.137923,0.600000
full_finetune_pretrained,combined_stress,soft_compliance,cloth_edge_pull,1,84,0.380952,0.209121,0.519898,0.122864,0.171184,0.138840,0.600000
full_finetune_pretrained,combined_stress,texture_aliasing,cloth_edge_pull,1,84,0.523810,0.209565,0.518224,0.112669,0.169428,0.142786,0.600000
full_finetune_pretrained,combined_stress,taxel_bias,cloth_edge_pull,1,84,0.452381,0.206325,0.525388,0.114631,0.165882,0.137858,0.600000
full_finetune_pretrained,combined_stress,transient_shear_spike,cloth_edge_pull,1,84,0.571429,0.205651,0.518005,0.111967,0.167255,0.137952,0.600000
full_finetune_pretrained,combined_stress,compound_contact_shift,cloth_edge_pull,1,84,0.511905,0.233679,0.521993,0.119806,0.169219,0.141676,0.600000
full_finetune_pretrained,combined_stress,source_matched,cable_threading,1,84,0.523810,0.214536,0.534602,0.113950,0.163401,0.138334,0.600000
full_finetune_pretrained,combined_stress,low_friction,cable_threading,1,84,0.380952,0.208176,0.528356,0.119186,0.169005,0.136834,0.600000
full_finetune_pretrained,combined_stress,soft_compliance,cable_threading,1,84,0.464286,0.208596,0.523676,0.119784,0.168965,0.137379,0.600000
full_finetune_pretrained,combined_stress,texture_aliasing,cable_threading,1,84,0.440476,0.208860,0.539741,0.113618,0.170089,0.141201,0.600000
full_finetune_pretrained,combined_stress,taxel_bias,cable_threading,1,84,0.511905,0.206700,0.530516,0.112836,0.164692,0.137017,0.600000
full_finetune_pretrained,combined_stress,transient_shear_spike,cable_threading,1,84,0.404762,0.216052,0.538172,0.115510,0.168816,0.144015,0.600000
full_finetune_pretrained,combined_stress,compound_contact_shift,cable_threading,1,84,0.404762,0.231894,0.523881,0.128526,0.169588,0.147351,0.600000
full_finetune_pretrained,combined_stress,source_matched,lid_twist_force_control,1,84,0.547619,0.213502,0.497598,0.113000,0.166729,0.140096,0.600000
full_finetune_pretrained,combined_stress,low_friction,lid_twist_force_control,1,84,0.535714,0.208144,0.492855,0.115730,0.162639,0.139286,0.600000
full_finetune_pretrained,combined_stress,soft_compliance,lid_twist_force_control,1,84,0.511905,0.213064,0.494925,0.114453,0.167528,0.142930,0.600000
full_finetune_pretrained,combined_stress,texture_aliasing,lid_twist_force_control,1,84,0.559524,0.206824,0.501234,0.117522,0.163030,0.142273,0.600000
full_finetune_pretrained,combined_stress,taxel_bias,lid_twist_force_control,1,84,0.523810,0.207670,0.496518,0.113720,0.169569,0.140159,0.600000
full_finetune_pretrained,combined_stress,transient_shear_spike,lid_twist_force_control,1,84,0.464286,0.205508,0.486903,0.114380,0.165161,0.139228,0.600000
full_finetune_pretrained,combined_stress,compound_contact_shift,lid_twist_force_control,1,84,0.511905,0.226852,0.480865,0.122420,0.168744,0.146353,0.600000
full_finetune_pretrained,combined_stress,source_matched,slip_limited_grasp,2,84,0.535714,0.213756,0.519122,0.116839,0.164730,0.140712,0.600000
full_finetune_pretrained,combined_stress,low_friction,slip_limited_grasp,2,84,0.523810,0.202980,0.524261,0.115415,0.165032,0.136171,0.600000
full_finetune_pretrained,combined_stress,soft_compliance,slip_limited_grasp,2,84,0.488095,0.210024,0.529517,0.116064,0.163547,0.141278,0.600000
full_finetune_pretrained,combined_stress,texture_aliasing,slip_limited_grasp,2,84,0.464286,0.212496,0.530885,0.119594,0.166143,0.138616,0.600000
full_finetune_pretrained,combined_stress,taxel_bias,slip_limited_grasp,2,84,0.559524,0.209094,0.519797,0.117265,0.167493,0.141581,0.600000
full_finetune_pretrained,combined_stress,transient_shear_spike,slip_limited_grasp,2,84,0.547619,0.206716,0.527867,0.116569,0.162083,0.140501,0.600000
full_finetune_pretrained,combined_stress,compound_contact_shift,slip_limited_grasp,2,84,0.523810,0.224766,0.516888,0.123869,0.172760,0.145358,0.600000
full_finetune_pretrained,combined_stress,source_matched,peg_in_hole_contact_search,2,84,0.500000,0.210979,0.495307,0.114602,0.167149,0.137586,0.600000
full_finetune_pretrained,combined_stress,low_friction,peg_in_hole_contact_search,2,84,0.547619,0.202633,0.504091,0.113553,0.168000,0.142722,0.600000
full_finetune_pretrained,combined_stress,soft_compliance,peg_in_hole_contact_search,2,84,0.500000,0.212035,0.494875,0.116308,0.168301,0.141449,0.600000
full_finetune_pretrained,combined_stress,texture_aliasing,peg_in_hole_contact_search,2,84,0.535714,0.207289,0.503425,0.112816,0.165014,0.141820,0.600000
full_finetune_pretrained,combined_stress,taxel_bias,peg_in_hole_contact_search,2,84,0.547619,0.211177,0.503272,0.118159,0.164720,0.141802,0.600000
full_finetune_pretrained,combined_stress,transient_shear_spike,peg_in_hole_contact_search,2,84,0.583333,0.213443,0.500299,0.111829,0.161549,0.143920,0.600000
full_finetune_pretrained,combined_stress,compound_contact_shift,peg_in_hole_contact_search,2,84,0.476190,0.224275,0.496502,0.123683,0.168914,0.143806,0.600000
full_finetune_pretrained,combined_stress,source_matched,cloth_edge_pull,2,84,0.488095,0.203373,0.531283,0.114891,0.164979,0.139777,0.600000
full_finetune_pretrained,combined_stress,low_friction,cloth_edge_pull,2,84,0.500000,0.208647,0.524479,0.117173,0.167549,0.138285,0.600000
full_finetune_pretrained,combined_stress,soft_compliance,cloth_edge_pull,2,84,0.500000,0.209625,0.520636,0.112279,0.169381,0.139215,0.600000
full_finetune_pretrained,combined_stress,texture_aliasing,cloth_edge_pull,2,84,0.476190,0.210075,0.518971,0.114259,0.170630,0.143165,0.600000
full_finetune_pretrained,combined_stress,taxel_bias,cloth_edge_pull,2,84,0.416667,0.206799,0.526081,0.115895,0.166845,0.138213,0.600000
full_finetune_pretrained,combined_stress,transient_shear_spike,cloth_edge_pull,2,84,0.547619,0.206191,0.518797,0.112985,0.168048,0.138351,0.600000
full_finetune_pretrained,combined_stress,compound_contact_shift,cloth_edge_pull,2,84,0.440476,0.234225,0.522794,0.122019,0.170872,0.142080,0.600000
full_finetune_pretrained,combined_stress,source_matched,cable_threading,2,84,0.380952,0.215034,0.535331,0.117912,0.166309,0.138704,0.600000
full_finetune_pretrained,combined_stress,low_friction,cable_threading,2,84,0.464286,0.208662,0.529067,0.117483,0.167833,0.137196,0.600000
full_finetune_pretrained,combined_stress,soft_compliance,cable_threading,2,84,0.392857,0.209100,0.524414,0.121965,0.170590,0.137754,0.600000
full_finetune_pretrained,combined_stress,texture_aliasing,cable_threading,2,84,0.416667,0.209370,0.540488,0.114612,0.170862,0.141580,0.600000
full_finetune_pretrained,combined_stress,taxel_bias,cable_threading,2,84,0.476190,0.207174,0.531209,0.114101,0.165654,0.137372,0.600000
full_finetune_pretrained,combined_stress,transient_shear_spike,cable_threading,2,84,0.523810,0.216592,0.538964,0.112956,0.167037,0.144415,0.600000
full_finetune_pretrained,combined_stress,compound_contact_shift,cable_threading,2,84,0.357143,0.232440,0.524682,0.130143,0.170813,0.139751,0.600000
full_finetune_pretrained,combined_stress,source_matched,lid_twist_force_control,2,84,0.535714,0.214048,0.498399,0.113724,0.167311,0.140500,0.600000
full_finetune_pretrained,combined_stress,low_friction,lid_twist_force_control,2,84,0.464286,0.208678,0.493638,0.117933,0.164285,0.139681,0.600000
full_finetune_pretrained,combined_stress,soft_compliance,lid_twist_force_control,2,84,0.547619,0.213616,0.495735,0.113991,0.167257,0.143338,0.600000
full_finetune_pretrained,combined_stress,texture_aliasing,lid_twist_force_control,2,84,0.452381,0.207382,0.484044,0.120637,0.165335,0.142685,0.600000
full_finetune_pretrained,combined_stress,taxel_bias,lid_twist_force_control,2,84,0.488095,0.208192,0.497283,0.115021,0.170564,0.140547,0.600000
full_finetune_pretrained,combined_stress,transient_shear_spike,lid_twist_force_control,2,84,0.500000,0.206096,0.487767,0.113946,0.164914,0.139661,0.600000
full_finetune_pretrained,combined_stress,compound_contact_shift,lid_twist_force_control,2,84,0.476190,0.227446,0.481738,0.123776,0.169786,0.146790,0.600000
full_finetune_pretrained,combined_stress,source_matched,slip_limited_grasp,3,84,0.607143,0.214272,0.519878,0.115457,0.163792,0.141095,0.600000
full_finetune_pretrained,combined_stress,low_friction,slip_limited_grasp,3,84,0.488095,0.203484,0.524999,0.116702,0.166015,0.136546,0.600000
full_finetune_pretrained,combined_stress,soft_compliance,slip_limited_grasp,3,84,0.535714,0.210546,0.530282,0.115282,0.163042,0.141665,0.600000
full_finetune_pretrained,combined_stress,texture_aliasing,slip_limited_grasp,3,84,0.547619,0.213024,0.513650,0.117924,0.164999,0.139008,0.600000
full_finetune_pretrained,combined_stress,taxel_bias,slip_limited_grasp,3,84,0.523810,0.209586,0.520517,0.118543,0.168468,0.141948,0.600000
full_finetune_pretrained,combined_stress,transient_shear_spike,slip_limited_grasp,3,84,0.511905,0.207274,0.528686,0.117898,0.163102,0.140913,0.600000
full_finetune_pretrained,combined_stress,compound_contact_shift,slip_limited_grasp,3,84,0.535714,0.225330,0.517716,0.124012,0.172926,0.145775,0.600000
full_finetune_pretrained,combined_stress,source_matched,peg_in_hole_contact_search,3,84,0.511905,0.211543,0.496135,0.114745,0.167315,0.138002,0.600000
full_finetune_pretrained,combined_stress,low_friction,peg_in_hole_contact_search,3,84,0.488095,0.203185,0.504901,0.115472,0.169443,0.143130,0.600000
full_finetune_pretrained,combined_stress,soft_compliance,peg_in_hole_contact_search,3,84,0.416667,0.212605,0.495712,0.118836,0.170185,0.141869,0.600000
full_finetune_pretrained,combined_stress,texture_aliasing,peg_in_hole_contact_search,3,84,0.500000,0.207865,0.504271,0.114159,0.166045,0.142245,0.600000
full_finetune_pretrained,combined_stress,taxel_bias,peg_in_hole_contact_search,3,84,0.559524,0.211717,0.504064,0.118284,0.164870,0.142202,0.600000
full_finetune_pretrained,combined_stress,transient_shear_spike,peg_in_hole_contact_search,3,84,0.404762,0.214049,0.501190,0.116766,0.165171,0.136361,0.600000
full_finetune_pretrained,combined_stress,compound_contact_shift,peg_in_hole_contact_search,3,84,0.380952,0.224887,0.497402,0.126541,0.171040,0.144256,0.600000
full_finetune_pretrained,combined_stress,source_matched,cloth_edge_pull,3,84,0.369048,0.203871,0.532012,0.118257,0.167458,0.140148,0.600000
full_finetune_pretrained,combined_stress,low_friction,cloth_edge_pull,3,84,0.440476,0.209133,0.525190,0.119041,0.168948,0.138648,0.600000
full_finetune_pretrained,combined_stress,soft_compliance,cloth_edge_pull,3,84,0.464286,0.210129,0.521374,0.113566,0.170364,0.139590,0.600000
full_finetune_pretrained,combined_stress,texture_aliasing,cloth_edge_pull,3,84,0.476190,0.210585,0.519718,0.114658,0.170974,0.143544,0.600000
full_finetune_pretrained,combined_stress,taxel_bias,cloth_edge_pull,3,84,0.392857,0.207273,0.526774,0.116862,0.167594,0.138567,0.600000
full_finetune_pretrained,combined_stress,transient_shear_spike,cloth_edge_pull,3,84,0.440476,0.206731,0.519589,0.116085,0.170340,0.138751,0.600000
full_finetune_pretrained,combined_stress,compound_contact_shift,cloth_edge_pull,3,84,0.452381,0.234771,0.523595,0.122148,0.171026,0.142484,0.600000
full_finetune_pretrained,combined_stress,source_matched,cable_threading,3,84,0.440476,0.215532,0.536060,0.116813,0.165573,0.139075,0.600000
full_finetune_pretrained,combined_stress,low_friction,cable_threading,3,84,0.488095,0.209148,0.529778,0.117268,0.167732,0.137559,0.600000
full_finetune_pretrained,combined_stress,soft_compliance,cable_threading,3,84,0.559524,0.209604,0.525152,0.118192,0.167930,0.138129,0.600000
full_finetune_pretrained,combined_stress,texture_aliasing,cable_threading,3,84,0.404762,0.209880,0.523226,0.115309,0.171420,0.141959,0.600000
full_finetune_pretrained,combined_stress,taxel_bias,cable_threading,3,84,0.380952,0.207648,0.531902,0.116853,0.167689,0.137726,0.600000
full_finetune_pretrained,combined_stress,transient_shear_spike,cable_threading,3,84,0.559524,0.217132,0.539756,0.112485,0.166758,0.136811,0.600000
full_finetune_pretrained,combined_stress,compound_contact_shift,cable_threading,3,84,0.416667,0.232986,0.525483,0.129082,0.170110,0.140155,0.600000
full_finetune_pretrained,combined_stress,source_matched,lid_twist_force_control,3,84,0.500000,0.202588,0.499200,0.113843,0.168322,0.140639,0.600000
full_finetune_pretrained,combined_stress,low_friction,lid_twist_force_control,3,84,0.523810,0.209212,0.494421,0.116862,0.163573,0.140077,0.600000
full_finetune_pretrained,combined_stress,soft_compliance,lid_twist_force_control,3,84,0.511905,0.202162,0.496545,0.114115,0.168272,0.143482,0.600000
full_finetune_pretrained,combined_stress,texture_aliasing,lid_twist_force_control,3,84,0.523810,0.207940,0.484863,0.119287,0.164425,0.143097,0.600000
full_finetune_pretrained,combined_stress,taxel_bias,lid_twist_force_control,3,84,0.583333,0.208714,0.498048,0.113048,0.161198,0.140934,0.600000
full_finetune_pretrained,combined_stress,transient_shear_spike,lid_twist_force_control,3,84,0.416667,0.206684,0.488631,0.116488,0.166810,0.140094,0.600000
full_finetune_pretrained,combined_stress,compound_contact_shift,lid_twist_force_control,3,84,0.464286,0.228040,0.482611,0.124537,0.170401,0.139223,0.600000
full_finetune_pretrained,combined_stress,source_matched,slip_limited_grasp,4,84,0.523810,0.202782,0.520634,0.116743,0.165640,0.141215,0.600000
full_finetune_pretrained,combined_stress,low_friction,slip_limited_grasp,4,84,0.583333,0.203988,0.525737,0.114715,0.164641,0.136921,0.600000
full_finetune_pretrained,combined_stress,soft_compliance,slip_limited_grasp,4,84,0.428571,0.211068,0.531047,0.118368,0.165322,0.142053,0.600000
full_finetune_pretrained,combined_stress,texture_aliasing,slip_limited_grasp,4,84,0.500000,0.213552,0.514424,0.119527,0.166213,0.139400,0.600000
full_finetune_pretrained,combined_stress,taxel_bias,slip_limited_grasp,4,84,0.500000,0.210078,0.521237,0.119524,0.169229,0.142315,0.600000
full_finetune_pretrained,combined_stress,transient_shear_spike,slip_limited_grasp,4,84,0.654762,0.207832,0.529505,0.114762,0.160907,0.141326,0.600000
full_finetune_pretrained,combined_stress,compound_contact_shift,slip_limited_grasp,4,84,0.404762,0.225894,0.518544,0.127726,0.167659,0.146191,0.600000
full_finetune_pretrained,combined_stress,source_matched,peg_in_hole_contact_search,4,84,0.452381,0.212107,0.496963,0.116673,0.168766,0.138418,0.600000
full_finetune_pretrained,combined_stress,low_friction,peg_in_hole_contact_search,4,84,0.535714,0.203737,0.505711,0.114713,0.168958,0.143538,0.600000
full_finetune_pretrained,combined_stress,soft_compliance,peg_in_hole_contact_search,4,84,0.535714,0.213175,0.496549,0.116305,0.168426,0.142290,0.600000
full_finetune_pretrained,combined_stress,texture_aliasing,peg_in_hole_contact_search,4,84,0.559524,0.208441,0.505117,0.113120,0.165362,0.142670,0.600000
full_finetune_pretrained,combined_stress,taxel_bias,peg_in_hole_contact_search,4,84,0.535714,0.212257,0.504856,0.119301,0.165662,0.142602,0.600000
full_finetune_pretrained,combined_stress,transient_shear_spike,peg_in_hole_contact_search,4,84,0.488095,0.214655,0.502081,0.115155,0.164079,0.136806,0.600000
full_finetune_pretrained,combined_stress,compound_contact_shift,peg_in_hole_contact_search,4,84,0.476190,0.225499,0.498302,0.124637,0.169738,0.144705,0.600000
full_finetune_pretrained,combined_stress,source_matched,cloth_edge_pull,4,84,0.452381,0.204369,0.532741,0.116563,0.166294,0.140519,0.600000
full_finetune_pretrained,combined_stress,low_friction,cloth_edge_pull,4,84,0.428571,0.209619,0.525901,0.119720,0.169491,0.139011,0.600000
full_finetune_pretrained,combined_stress,soft_compliance,cloth_edge_pull,4,84,0.452381,0.210633,0.522112,0.114258,0.170918,0.139965,0.600000
full_finetune_pretrained,combined_stress,texture_aliasing,cloth_edge_pull,4,84,0.476190,0.211095,0.520465,0.115057,0.163314,0.143923,0.600000
full_finetune_pretrained,combined_stress,taxel_bias,cloth_edge_pull,4,84,0.547619,0.207747,0.527467,0.113364,0.165128,0.138922,0.600000
full_finetune_pretrained,combined_stress,transient_shear_spike,cloth_edge_pull,4,84,0.547619,0.207271,0.520381,0.113829,0.168776,0.139151,0.600000
full_finetune_pretrained,combined_stress,compound_contact_shift,cloth_edge_pull,4,84,0.392857,0.235317,0.524396,0.124062,0.172466,0.142888,0.600000
full_finetune_pretrained,combined_stress,source_matched,cable_threading,4,84,0.500000,0.204024,0.536789,0.114514,0.164838,0.139182,0.600000
full_finetune_pretrained,combined_stress,low_friction,cable_threading,4,84,0.404762,0.209634,0.530489,0.119732,0.169560,0.137922,0.600000
full_finetune_pretrained,combined_stress,soft_compliance,cable_threading,4,84,0.380952,0.210108,0.525890,0.123051,0.171485,0.138504,0.600000
full_finetune_pretrained,combined_stress,texture_aliasing,cable_threading,4,84,0.452381,0.210390,0.523973,0.114517,0.170907,0.142338,0.600000
full_finetune_pretrained,combined_stress,taxel_bias,cable_threading,4,84,0.404762,0.208122,0.532595,0.116629,0.167580,0.138080,0.600000
full_finetune_pretrained,combined_stress,transient_shear_spike,cable_threading,4,84,0.547619,0.205666,0.522539,0.112004,0.167337,0.136946,0.600000
full_finetune_pretrained,combined_stress,compound_contact_shift,cable_threading,4,84,0.440476,0.233532,0.526284,0.128913,0.170049,0.140559,0.600000
full_finetune_pretrained,combined_stress,source_matched,lid_twist_force_control,4,84,0.488095,0.203134,0.500001,0.114567,0.168904,0.141043,0.600000
full_finetune_pretrained,combined_stress,low_friction,lid_twist_force_control,4,84,0.440476,0.209746,0.495204,0.119363,0.165433,0.140473,0.600000
full_finetune_pretrained,combined_stress,soft_compliance,lid_twist_force_control,4,84,0.547619,0.202714,0.497355,0.113653,0.168001,0.135886,0.600000
full_finetune_pretrained,combined_stress,texture_aliasing,lid_twist_force_control,4,84,0.571429,0.208498,0.485682,0.110528,0.163944,0.143509,0.600000
full_finetune_pretrained,combined_stress,taxel_bias,lid_twist_force_control,4,84,0.488095,0.209236,0.498813,0.115837,0.163264,0.141322,0.600000
full_finetune_pretrained,combined_stress,transient_shear_spike,lid_twist_force_control,4,84,0.464286,0.207272,0.489495,0.115756,0.166349,0.140527,0.600000
full_finetune_pretrained,combined_stress,compound_contact_shift,lid_twist_force_control,4,84,0.500000,0.228634,0.483484,0.124107,0.170158,0.139660,0.600000
full_finetune_pretrained,combined_stress,source_matched,slip_limited_grasp,5,84,0.523810,0.203298,0.521390,0.117147,0.165988,0.141598,0.600000
full_finetune_pretrained,combined_stress,low_friction,slip_limited_grasp,5,84,0.476190,0.204492,0.526475,0.117788,0.166909,0.137296,0.600000
full_finetune_pretrained,combined_stress,soft_compliance,slip_limited_grasp,5,84,0.488095,0.211590,0.513803,0.117289,0.164603,0.142440,0.600000
full_finetune_pretrained,combined_stress,texture_aliasing,slip_limited_grasp,5,84,0.511905,0.214080,0.515198,0.119642,0.166354,0.139791,0.600000
full_finetune_pretrained,combined_stress,taxel_bias,slip_limited_grasp,5,84,0.559524,0.210570,0.521957,0.118421,0.168489,0.142682,0.600000
full_finetune_pretrained,combined_stress,transient_shear_spike,slip_limited_grasp,5,84,0.488095,0.208390,0.530324,0.119365,0.164283,0.141738,0.600000
full_finetune_pretrained,combined_stress,compound_contact_shift,slip_limited_grasp,5,84,0.464286,0.226458,0.519372,0.126679,0.166967,0.146607,0.600000
full_finetune_pretrained,combined_stress,source_matched,peg_in_hole_contact_search,5,84,0.511905,0.212671,0.497791,0.115626,0.168075,0.138835,0.600000
full_finetune_pretrained,combined_stress,low_friction,peg_in_hole_contact_search,5,84,0.476190,0.204289,0.506521,0.116632,0.170402,0.135942,0.600000
full_finetune_pretrained,combined_stress,soft_compliance,peg_in_hole_contact_search,5,84,0.547619,0.201739,0.497386,0.115251,0.168596,0.142446,0.600000
full_finetune_pretrained,combined_stress,texture_aliasing,peg_in_hole_contact_search,5,84,0.535714,0.209017,0.505963,0.114165,0.166178,0.143094,0.600000
full_finetune_pretrained,combined_stress,taxel_bias,peg_in_hole_contact_search,5,84,0.464286,0.212797,0.505648,0.113505,0.167312,0.143002,0.600000
full_finetune_pretrained,combined_stress,transient_shear_spike,peg_in_hole_contact_search,5,84,0.583333,0.203255,0.502972,0.112046,0.162773,0.136988,0.600000
full_finetune_pretrained,combined_stress,compound_contact_shift,peg_in_hole_contact_search,5,84,0.428571,0.226111,0.481193,0.126305,0.171007,0.145155,0.600000
full_finetune_pretrained,combined_stress,source_matched,cloth_edge_pull,5,84,0.476190,0.204867,0.533470,0.116358,0.166202,0.140890,0.600000
full_finetune_pretrained,combined_stress,low_friction,cloth_edge_pull,5,84,0.440476,0.210105,0.526612,0.119803,0.169604,0.139374,0.600000
full_finetune_pretrained,combined_stress,soft_compliance,cloth_edge_pull,5,84,0.511905,0.211137,0.522850,0.113164,0.170187,0.140340,0.600000
full_finetune_pretrained,combined_stress,texture_aliasing,cloth_edge_pull,5,84,0.464286,0.211605,0.521212,0.115753,0.163872,0.136299,0.600000
full_finetune_pretrained,combined_stress,taxel_bias,cloth_edge_pull,5,84,0.488095,0.208221,0.528160,0.115224,0.166519,0.139276,0.600000
full_finetune_pretrained,combined_stress,transient_shear_spike,cloth_edge_pull,5,84,0.511905,0.207811,0.521173,0.115143,0.169783,0.139551,0.600000
full_finetune_pretrained,combined_stress,compound_contact_shift,cloth_edge_pull,5,84,0.380952,0.235863,0.525197,0.124787,0.173048,0.143292,0.600000
full_finetune_pretrained,combined_stress,source_matched,cable_threading,5,84,0.476190,0.204522,0.537518,0.115499,0.165602,0.139553,0.600000
full_finetune_pretrained,combined_stress,low_friction,cable_threading,5,84,0.595238,0.210120,0.531200,0.115351,0.166460,0.138284,0.600000
full_finetune_pretrained,combined_stress,soft_compliance,cable_threading,5,84,0.428571,0.210612,0.526628,0.114251,0.170968,0.138879,0.600000
full_finetune_pretrained,combined_stress,texture_aliasing,cable_threading,5,84,0.452381,0.210900,0.524720,0.114916,0.171251,0.142718,0.600000
full_finetune_pretrained,combined_stress,taxel_bias,cable_threading,5,84,0.559524,0.208596,0.533288,0.113131,0.165114,0.138435,0.600000
full_finetune_pretrained,combined_stress,transient_shear_spike,cable_threading,5,84,0.476190,0.206206,0.523331,0.114212,0.168986,0.137346,0.600000
full_finetune_pretrained,combined_stress,compound_contact_shift,cable_threading,5,84,0.535714,0.234078,0.527085,0.126959,0.168703,0.140963,0.600000
full_finetune_pretrained,combined_stress,source_matched,lid_twist_force_control,5,84,0.559524,0.203680,0.500802,0.113208,0.167986,0.141447,0.600000
full_finetune_pretrained,combined_stress,low_friction,lid_twist_force_control,5,84,0.523810,0.210280,0.495987,0.117697,0.164293,0.140869,0.600000
full_finetune_pretrained,combined_stress,soft_compliance,lid_twist_force_control,5,84,0.547619,0.203266,0.498165,0.114084,0.168373,0.136294,0.600000
full_finetune_pretrained,combined_stress,texture_aliasing,lid_twist_force_control,5,84,0.452381,0.209056,0.486501,0.113940,0.166463,0.143922,0.600000
full_finetune_pretrained,combined_stress,taxel_bias,lid_twist_force_control,5,84,0.535714,0.209758,0.499578,0.115055,0.162759,0.141709,0.600000
full_finetune_pretrained,combined_stress,transient_shear_spike,lid_twist_force_control,5,84,0.511905,0.207860,0.490359,0.115024,0.165888,0.140959,0.600000
full_finetune_pretrained,combined_stress,compound_contact_shift,lid_twist_force_control,5,84,0.464286,0.229228,0.484357,0.125464,0.171201,0.140098,0.600000
full_finetune_pretrained,combined_stress,source_matched,slip_limited_grasp,6,84,0.523810,0.203814,0.522146,0.117550,0.166336,0.141981,0.600000
full_finetune_pretrained,combined_stress,low_friction,slip_limited_grasp,6,84,0.595238,0.204996,0.527213,0.115207,0.165106,0.137671,0.600000
full_finetune_pretrained,combined_stress,soft_compliance,slip_limited_grasp,6,84,0.547619,0.212112,0.514568,0.116209,0.163883,0.142828,0.600000
full_finetune_pretrained,combined_stress,texture_aliasing,slip_limited_grasp,6,84,0.595238,0.202602,0.515972,0.116771,0.165210,0.139919,0.600000
full_finetune_pretrained,combined_stress,taxel_bias,slip_limited_grasp,6,84,0.619048,0.211062,0.522677,0.109314,0.167750,0.143049,0.600000
full_finetune_pretrained,combined_stress,transient_shear_spike,slip_limited_grasp,6,84,0.464286,0.208948,0.513134,0.120396,0.165087,0.142150,0.600000
full_finetune_pretrained,combined_stress,compound_contact_shift,slip_limited_grasp,6,84,0.523810,0.227022,0.520200,0.125631,0.166276,0.147024,0.600000
full_finetune_pretrained,combined_stress,source_matched,peg_in_hole_contact_search,6,84,0.523810,0.213235,0.498619,0.115768,0.168240,0.139251,0.600000
full_finetune_pretrained,combined_stress,low_friction,peg_in_hole_contact_search,6,84,0.559524,0.204841,0.489322,0.114980,0.169274,0.136351,0.600000
full_finetune_pretrained,combined_stress,soft_compliance,peg_in_hole_contact_search,6,84,0.535714,0.202309,0.498223,0.115994,0.169194,0.142867,0.600000
full_finetune_pretrained,combined_stress,texture_aliasing,peg_in_hole_contact_search,6,84,0.440476,0.209593,0.488800,0.116995,0.168280,0.143519,0.600000
full_finetune_pretrained,combined_stress,taxel_bias,peg_in_hole_contact_search,6,84,0.535714,0.213337,0.506440,0.112141,0.166390,0.143401,0.600000
full_finetune_pretrained,combined_stress,transient_shear_spike,peg_in_hole_contact_search,6,84,0.523810,0.203861,0.503863,0.114007,0.164252,0.137433,0.600000
full_finetune_pretrained,combined_stress,compound_contact_shift,peg_in_hole_contact_search,6,84,0.464286,0.226723,0.482093,0.125889,0.170776,0.145604,0.600000
full_finetune_pretrained,combined_stress,source_matched,cloth_edge_pull,6,84,0.476190,0.205365,0.534199,0.116748,0.166538,0.141261,0.600000
full_finetune_pretrained,combined_stress,low_friction,cloth_edge_pull,6,84,0.547619,0.210591,0.527323,0.117505,0.168004,0.139736,0.600000
full_finetune_pretrained,combined_stress,soft_compliance,cloth_edge_pull,6,84,0.452381,0.211641,0.523588,0.115047,0.163594,0.140715,0.600000
full_finetune_pretrained,combined_stress,texture_aliasing,cloth_edge_pull,6,84,0.547619,0.212115,0.521959,0.114069,0.162716,0.136678,0.600000
full_finetune_pretrained,combined_stress,taxel_bias,cloth_edge_pull,6,84,0.428571,0.208695,0.528853,0.117083,0.167911,0.139631,0.600000
full_finetune_pretrained,combined_stress,transient_shear_spike,cloth_edge_pull,6,84,0.476190,0.208351,0.521965,0.116458,0.170790,0.139951,0.600000
full_finetune_pretrained,combined_stress,compound_contact_shift,cloth_edge_pull,6,84,0.440476,0.224403,0.525998,0.122524,0.172344,0.143432,0.600000
full_finetune_pretrained,combined_stress,source_matched,cable_threading,6,84,0.428571,0.205020,0.538247,0.117080,0.166796,0.139924,0.600000
full_finetune_pretrained,combined_stress,low_friction,cable_threading,6,84,0.488095,0.210606,0.531911,0.118410,0.168716,0.138647,0.600000
full_finetune_pretrained,combined_stress,soft_compliance,cable_threading,6,84,0.523810,0.211116,0.527366,0.112264,0.169593,0.139254,0.600000
full_finetune_pretrained,combined_stress,texture_aliasing,cable_threading,6,84,0.464286,0.211410,0.525467,0.115018,0.171381,0.143097,0.600000
full_finetune_pretrained,combined_stress,taxel_bias,cable_threading,6,84,0.500000,0.209070,0.533981,0.114991,0.166506,0.138789,0.600000
full_finetune_pretrained,combined_stress,transient_shear_spike,cable_threading,6,84,0.416667,0.206746,0.524123,0.116122,0.170422,0.137746,0.600000
full_finetune_pretrained,combined_stress,compound_contact_shift,cable_threading,6,84,0.333333,0.234624,0.527886,0.124441,0.172714,0.141367,0.600000
full_finetune_pretrained,combined_stress,source_matched,lid_twist_force_control,6,84,0.511905,0.204226,0.483594,0.114825,0.169212,0.141851,0.600000
full_finetune_pretrained,combined_stress,low_friction,lid_twist_force_control,6,84,0.476190,0.210814,0.496770,0.119305,0.165510,0.141264,0.600000
full_finetune_pretrained,combined_stress,soft_compliance,lid_twist_force_control,6,84,0.511905,0.203818,0.498975,0.115408,0.169388,0.136703,0.600000
full_finetune_pretrained,combined_stress,texture_aliasing,lid_twist_force_control,6,84,0.547619,0.209614,0.487320,0.111995,0.165125,0.136330,0.600000
full_finetune_pretrained,combined_stress,taxel_bias,lid_twist_force_control,6,84,0.571429,0.210280,0.500343,0.114570,0.162468,0.142097,0.600000
full_finetune_pretrained,combined_stress,transient_shear_spike,lid_twist_force_control,6,84,0.607143,0.208448,0.491223,0.113102,0.164569,0.141392,0.600000
full_finetune_pretrained,combined_stress,compound_contact_shift,lid_twist_force_control,6,84,0.488095,0.229822,0.485230,0.125332,0.171172,0.140535,0.600000
ensemble_disagreement_filter,combined_stress,source_matched,slip_limited_grasp,0,84,0.583333,0.135455,0.545180,0.088334,0.262821,0.096341,0.600000
ensemble_disagreement_filter,combined_stress,low_friction,slip_limited_grasp,0,84,0.619048,0.132317,0.543767,0.083572,0.267358,0.097060,0.600000
ensemble_disagreement_filter,combined_stress,soft_compliance,slip_limited_grasp,0,84,0.500000,0.134399,0.541580,0.090504,0.264065,0.098750,0.600000
ensemble_disagreement_filter,combined_stress,texture_aliasing,slip_limited_grasp,0,84,0.583333,0.139979,0.547610,0.085735,0.266805,0.098229,0.600000
ensemble_disagreement_filter,combined_stress,taxel_bias,slip_limited_grasp,0,84,0.595238,0.132623,0.548600,0.082457,0.267018,0.098471,0.600000
ensemble_disagreement_filter,combined_stress,transient_shear_spike,slip_limited_grasp,0,84,0.583333,0.134195,0.545393,0.085148,0.264601,0.092466,0.600000
ensemble_disagreement_filter,combined_stress,compound_contact_shift,slip_limited_grasp,0,84,0.595238,0.148451,0.538140,0.092832,0.268286,0.098895,0.600000
ensemble_disagreement_filter,combined_stress,source_matched,peg_in_hole_contact_search,0,84,0.535714,0.128134,0.513931,0.090641,0.262150,0.097815,0.600000
ensemble_disagreement_filter,combined_stress,low_friction,peg_in_hole_contact_search,0,84,0.571429,0.139432,0.516163,0.088942,0.268307,0.092468,0.600000
ensemble_disagreement_filter,combined_stress,soft_compliance,peg_in_hole_contact_search,0,84,0.464286,0.131866,0.517513,0.088180,0.266372,0.095517,0.600000
ensemble_disagreement_filter,combined_stress,texture_aliasing,peg_in_hole_contact_search,0,84,0.559524,0.130228,0.512716,0.085583,0.264086,0.098029,0.600000
ensemble_disagreement_filter,combined_stress,taxel_bias,peg_in_hole_contact_search,0,84,0.571429,0.130162,0.524641,0.087895,0.261155,0.095288,0.600000
ensemble_disagreement_filter,combined_stress,transient_shear_spike,peg_in_hole_contact_search,0,84,0.607143,0.136378,0.510391,0.084951,0.260976,0.092480,0.600000
ensemble_disagreement_filter,combined_stress,compound_contact_shift,peg_in_hole_contact_search,0,84,0.619048,0.143417,0.510320,0.095105,0.267854,0.101943,0.600000
ensemble_disagreement_filter,combined_stress,source_matched,cloth_edge_pull,0,84,0.464286,0.128703,0.545263,0.091171,0.266992,0.098123,0.600000
ensemble_disagreement_filter,combined_stress,low_friction,cloth_edge_pull,0,84,0.476190,0.129609,0.549916,0.090104,0.266650,0.093623,0.600000
ensemble_disagreement_filter,combined_stress,soft_compliance,cloth_edge_pull,0,84,0.488095,0.137631,0.556639,0.090313,0.264959,0.099403,0.600000
ensemble_disagreement_filter,combined_stress,texture_aliasing,cloth_edge_pull,0,84,0.452381,0.129183,0.541627,0.085769,0.268494,0.097225,0.600000
ensemble_disagreement_filter,combined_stress,taxel_bias,cloth_edge_pull,0,84,0.476190,0.133959,0.542806,0.091495,0.268578,0.097818,0.600000
ensemble_disagreement_filter,combined_stress,transient_shear_spike,cloth_edge_pull,0,84,0.500000,0.137301,0.542254,0.086646,0.266697,0.093032,0.600000
ensemble_disagreement_filter,combined_stress,compound_contact_shift,cloth_edge_pull,0,84,0.642857,0.149535,0.531968,0.089506,0.266678,0.098069,0.600000
ensemble_disagreement_filter,combined_stress,source_matched,cable_threading,0,84,0.440476,0.139408,0.548231,0.091533,0.266341,0.096549,0.600000
ensemble_disagreement_filter,combined_stress,low_friction,cable_threading,0,84,0.559524,0.140674,0.553424,0.088063,0.264310,0.092297,0.600000
ensemble_disagreement_filter,combined_stress,soft_compliance,cable_threading,0,84,0.488095,0.136150,0.559337,0.088741,0.263760,0.097441,0.600000
ensemble_disagreement_filter,combined_stress,texture_aliasing,cable_threading,0,84,0.523810,0.139528,0.544055,0.091478,0.265889,0.095403,0.600000
ensemble_disagreement_filter,combined_stress,taxel_bias,cable_threading,0,84,0.392857,0.133378,0.546854,0.092696,0.269478,0.096476,0.600000
ensemble_disagreement_filter,combined_stress,transient_shear_spike,cable_threading,0,84,0.488095,0.134740,0.561341,0.092548,0.264992,0.098330,0.600000
ensemble_disagreement_filter,combined_stress,compound_contact_shift,cable_threading,0,84,0.476190,0.146794,0.550785,0.099139,0.267638,0.095239,0.600000
ensemble_disagreement_filter,combined_stress,source_matched,lid_twist_force_control,0,84,0.607143,0.137058,0.508149,0.085511,0.265729,0.096914,0.600000
ensemble_disagreement_filter,combined_stress,low_friction,lid_twist_force_control,0,84,0.583333,0.139326,0.514845,0.086381,0.266938,0.093352,0.600000
ensemble_disagreement_filter,combined_stress,soft_compliance,lid_twist_force_control,0,84,0.595238,0.139302,0.509499,0.088425,0.267888,0.093591,0.600000
ensemble_disagreement_filter,combined_stress,texture_aliasing,lid_twist_force_control,0,84,0.619048,0.136176,0.520479,0.086473,0.265895,0.095078,0.600000
ensemble_disagreement_filter,combined_stress,taxel_bias,lid_twist_force_control,0,84,0.595238,0.133032,0.509778,0.087318,0.261556,0.098221,0.600000
ensemble_disagreement_filter,combined_stress,transient_shear_spike,lid_twist_force_control,0,84,0.476190,0.134886,0.506994,0.092904,0.269258,0.092410,0.600000
ensemble_disagreement_filter,combined_stress,compound_contact_shift,lid_twist_force_control,0,84,0.416667,0.152442,0.504691,0.096900,0.268426,0.101112,0.600000
ensemble_disagreement_filter,combined_stress,source_matched,slip_limited_grasp,1,84,0.642857,0.135995,0.545972,0.087268,0.262113,0.096741,0.600000
ensemble_disagreement_filter,combined_stress,low_friction,slip_limited_grasp,1,84,0.559524,0.132845,0.544541,0.085472,0.268785,0.097452,0.600000
ensemble_disagreement_filter,combined_stress,soft_compliance,slip_limited_grasp,1,84,0.583333,0.134945,0.542381,0.088847,0.262933,0.099154,0.600000
ensemble_disagreement_filter,combined_stress,texture_aliasing,slip_limited_grasp,1,84,0.559524,0.128525,0.548420,0.085560,0.267605,0.098373,0.600000
ensemble_disagreement_filter,combined_stress,taxel_bias,slip_limited_grasp,1,84,0.452381,0.133139,0.549356,0.086432,0.269938,0.098854,0.600000
ensemble_disagreement_filter,combined_stress,transient_shear_spike,slip_limited_grasp,1,84,0.702381,0.134777,0.546248,0.082626,0.262850,0.092894,0.600000
ensemble_disagreement_filter,combined_stress,compound_contact_shift,slip_limited_grasp,1,84,0.511905,0.149039,0.539004,0.095374,0.270182,0.099328,0.600000
ensemble_disagreement_filter,combined_stress,source_matched,peg_in_hole_contact_search,1,84,0.583333,0.128722,0.514795,0.089909,0.261689,0.098248,0.600000
ensemble_disagreement_filter,combined_stress,low_friction,peg_in_hole_contact_search,1,84,0.559524,0.128002,0.517009,0.088488,0.268910,0.092628,0.600000
ensemble_disagreement_filter,combined_stress,soft_compliance,peg_in_hole_contact_search,1,84,0.440476,0.132460,0.518386,0.089238,0.267200,0.095954,0.600000
ensemble_disagreement_filter,combined_stress,texture_aliasing,peg_in_hole_contact_search,1,84,0.654762,0.130828,0.513598,0.083670,0.262775,0.098470,0.600000
ensemble_disagreement_filter,combined_stress,taxel_bias,peg_in_hole_contact_search,1,84,0.488095,0.130726,0.525469,0.090418,0.263035,0.095704,0.600000
ensemble_disagreement_filter,combined_stress,transient_shear_spike,peg_in_hole_contact_search,1,84,0.630952,0.137008,0.511318,0.084847,0.260972,0.092942,0.600000
ensemble_disagreement_filter,combined_stress,compound_contact_shift,peg_in_hole_contact_search,1,84,0.619048,0.144053,0.511256,0.095601,0.268282,0.094405,0.600000
ensemble_disagreement_filter,combined_stress,source_matched,cloth_edge_pull,1,84,0.583333,0.129225,0.546028,0.088603,0.265201,0.098510,0.600000
ensemble_disagreement_filter,combined_stress,low_friction,cloth_edge_pull,1,84,0.452381,0.130119,0.550663,0.091098,0.267422,0.094002,0.600000
ensemble_disagreement_filter,combined_stress,soft_compliance,cloth_edge_pull,1,84,0.583333,0.138159,0.539404,0.088345,0.263601,0.091791,0.600000
ensemble_disagreement_filter,combined_stress,texture_aliasing,cloth_edge_pull,1,84,0.535714,0.129717,0.542410,0.084103,0.267354,0.097621,0.600000
ensemble_disagreement_filter,combined_stress,taxel_bias,cloth_edge_pull,1,84,0.607143,0.134457,0.543535,0.088611,0.266556,0.098189,0.600000
ensemble_disagreement_filter,combined_stress,transient_shear_spike,cloth_edge_pull,1,84,0.547619,0.137865,0.543082,0.085896,0.266220,0.093448,0.600000
ensemble_disagreement_filter,combined_stress,compound_contact_shift,cloth_edge_pull,1,84,0.500000,0.150105,0.532805,0.093523,0.269633,0.098490,0.600000
ensemble_disagreement_filter,combined_stress,source_matched,cable_threading,1,84,0.511905,0.139930,0.548996,0.090155,0.265408,0.096936,0.600000
ensemble_disagreement_filter,combined_stress,low_friction,cable_threading,1,84,0.452381,0.129178,0.554171,0.089940,0.266583,0.092412,0.600000
ensemble_disagreement_filter,combined_stress,soft_compliance,cable_threading,1,84,0.380952,0.136678,0.560111,0.091832,0.266045,0.097833,0.600000
ensemble_disagreement_filter,combined_stress,texture_aliasing,cable_threading,1,84,0.416667,0.140062,0.544838,0.094574,0.268178,0.095799,0.600000
ensemble_disagreement_filter,combined_stress,taxel_bias,cable_threading,1,84,0.535714,0.133876,0.547583,0.089515,0.267243,0.096847,0.600000
ensemble_disagreement_filter,combined_stress,transient_shear_spike,cable_threading,1,84,0.535714,0.135304,0.544160,0.091798,0.264515,0.098746,0.600000
ensemble_disagreement_filter,combined_stress,compound_contact_shift,cable_threading,1,84,0.404762,0.147364,0.551622,0.101369,0.269308,0.095660,0.600000
ensemble_disagreement_filter,combined_stress,source_matched,lid_twist_force_control,1,84,0.488095,0.137628,0.508986,0.088932,0.268256,0.097334,0.600000
ensemble_disagreement_filter,combined_stress,low_friction,lid_twist_force_control,1,84,0.583333,0.127878,0.515664,0.085616,0.267314,0.093500,0.600000
ensemble_disagreement_filter,combined_stress,soft_compliance,lid_twist_force_control,1,84,0.678571,0.139878,0.510345,0.086791,0.266776,0.094016,0.600000
ensemble_disagreement_filter,combined_stress,texture_aliasing,lid_twist_force_control,1,84,0.630952,0.136758,0.521334,0.086630,0.266073,0.095507,0.600000
ensemble_disagreement_filter,combined_stress,taxel_bias,lid_twist_force_control,1,84,0.535714,0.133578,0.510579,0.089233,0.262995,0.098625,0.600000
ensemble_disagreement_filter,combined_stress,transient_shear_spike,lid_twist_force_control,1,84,0.571429,0.135498,0.507894,0.091000,0.267956,0.092859,0.600000
ensemble_disagreement_filter,combined_stress,compound_contact_shift,lid_twist_force_control,1,84,0.523810,0.153060,0.505600,0.094703,0.266913,0.101566,0.600000
ensemble_disagreement_filter,combined_stress,source_matched,slip_limited_grasp,2,84,0.511905,0.136535,0.546764,0.090964,0.264834,0.097141,0.600000
ensemble_disagreement_filter,combined_stress,low_friction,slip_limited_grasp,2,84,0.523810,0.133373,0.545315,0.086778,0.269784,0.097844,0.600000
ensemble_disagreement_filter,combined_stress,soft_compliance,slip_limited_grasp,2,84,0.654762,0.135491,0.543182,0.087488,0.262015,0.091554,0.600000
ensemble_disagreement_filter,combined_stress,texture_aliasing,slip_limited_grasp,2,84,0.535714,0.129077,0.549230,0.086587,0.268406,0.098781,0.600000
ensemble_disagreement_filter,combined_stress,taxel_bias,slip_limited_grasp,2,84,0.511905,0.133655,0.550112,0.085348,0.269214,0.099238,0.600000
ensemble_disagreement_filter,combined_stress,transient_shear_spike,slip_limited_grasp,2,84,0.583333,0.135359,0.547103,0.086057,0.265385,0.093323,0.600000
ensemble_disagreement_filter,combined_stress,compound_contact_shift,slip_limited_grasp,2,84,0.500000,0.149627,0.539868,0.096131,0.270793,0.099761,0.600000
ensemble_disagreement_filter,combined_stress,source_matched,peg_in_hole_contact_search,2,84,0.559524,0.129310,0.515659,0.082959,0.262514,0.098681,0.600000
ensemble_disagreement_filter,combined_stress,low_friction,peg_in_hole_contact_search,2,84,0.654762,0.128578,0.517855,0.086557,0.267583,0.093053,0.600000
ensemble_disagreement_filter,combined_stress,soft_compliance,peg_in_hole_contact_search,2,84,0.476190,0.133054,0.519259,0.088809,0.266958,0.096391,0.600000
ensemble_disagreement_filter,combined_stress,texture_aliasing,peg_in_hole_contact_search,2,84,0.678571,0.131428,0.514480,0.083543,0.262751,0.098911,0.600000
ensemble_disagreement_filter,combined_stress,taxel_bias,peg_in_hole_contact_search,2,84,0.500000,0.131290,0.526297,0.090561,0.263201,0.096120,0.600000
ensemble_disagreement_filter,combined_stress,transient_shear_spike,peg_in_hole_contact_search,2,84,0.523810,0.137638,0.512245,0.088017,0.263324,0.093404,0.600000
ensemble_disagreement_filter,combined_stress,compound_contact_shift,peg_in_hole_contact_search,2,84,0.500000,0.144689,0.512192,0.091069,0.270853,0.094871,0.600000
ensemble_disagreement_filter,combined_stress,source_matched,cloth_edge_pull,2,84,0.523810,0.129747,0.546793,0.090499,0.266624,0.098898,0.600000
ensemble_disagreement_filter,combined_stress,low_friction,cloth_edge_pull,2,84,0.535714,0.130629,0.551410,0.089414,0.266266,0.094381,0.600000
ensemble_disagreement_filter,combined_stress,soft_compliance,cloth_edge_pull,2,84,0.511905,0.138687,0.540178,0.090543,0.265243,0.092182,0.600000
ensemble_disagreement_filter,combined_stress,texture_aliasing,cloth_edge_pull,2,84,0.464286,0.130251,0.543193,0.086306,0.269000,0.098017,0.600000
ensemble_disagreement_filter,combined_stress,taxel_bias,cloth_edge_pull,2,84,0.535714,0.134955,0.544264,0.090787,0.268178,0.098560,0.600000
ensemble_disagreement_filter,combined_stress,transient_shear_spike,cloth_edge_pull,2,84,0.440476,0.138429,0.543910,0.089015,0.268528,0.093865,0.600000
ensemble_disagreement_filter,combined_stress,compound_contact_shift,cloth_edge_pull,2,84,0.488095,0.150675,0.533642,0.094265,0.270231,0.098910,0.600000
ensemble_disagreement_filter,combined_stress,source_matched,cable_threading,2,84,0.547619,0.140452,0.549761,0.089671,0.265117,0.097324,0.600000
ensemble_disagreement_filter,combined_stress,low_friction,cable_threading,2,84,0.523810,0.129688,0.554918,0.088554,0.265641,0.092791,0.600000
ensemble_disagreement_filter,combined_stress,soft_compliance,cable_threading,2,84,0.511905,0.137206,0.560885,0.088971,0.264044,0.098224,0.600000
ensemble_disagreement_filter,combined_stress,texture_aliasing,cable_threading,2,84,0.428571,0.140596,0.545621,0.094693,0.268324,0.096195,0.600000
ensemble_disagreement_filter,combined_stress,taxel_bias,cable_threading,2,84,0.511905,0.134374,0.548312,0.090500,0.268008,0.097218,0.600000
ensemble_disagreement_filter,combined_stress,transient_shear_spike,cable_threading,2,84,0.416667,0.135868,0.544988,0.087210,0.267038,0.099163,0.600000
ensemble_disagreement_filter,combined_stress,compound_contact_shift,cable_threading,2,84,0.416667,0.147934,0.552459,0.093513,0.269478,0.096080,0.600000
ensemble_disagreement_filter,combined_stress,source_matched,lid_twist_force_control,2,84,0.476190,0.138198,0.509823,0.089675,0.268854,0.097755,0.600000
ensemble_disagreement_filter,combined_stress,low_friction,lid_twist_force_control,2,84,0.595238,0.128436,0.516483,0.085755,0.267476,0.093912,0.600000
ensemble_disagreement_filter,combined_stress,soft_compliance,lid_twist_force_control,2,84,0.642857,0.128448,0.511191,0.086933,0.267806,0.094176,0.600000
ensemble_disagreement_filter,combined_stress,texture_aliasing,lid_twist_force_control,2,84,0.523810,0.137340,0.522189,0.089763,0.268393,0.095936,0.600000
ensemble_disagreement_filter,combined_stress,taxel_bias,lid_twist_force_control,2,84,0.630952,0.134124,0.511380,0.087279,0.261649,0.099029,0.600000
ensemble_disagreement_filter,combined_stress,transient_shear_spike,lid_twist_force_control,2,84,0.547619,0.136110,0.508794,0.084068,0.268797,0.093309,0.600000
ensemble_disagreement_filter,combined_stress,compound_contact_shift,lid_twist_force_control,2,84,0.547619,0.153678,0.506509,0.094589,0.266901,0.102019,0.600000
ensemble_disagreement_filter,combined_stress,source_matched,slip_limited_grasp,3,84,0.547619,0.137075,0.547556,0.090493,0.264555,0.097541,0.600000
ensemble_disagreement_filter,combined_stress,low_friction,slip_limited_grasp,3,84,0.476190,0.133901,0.546089,0.088381,0.270997,0.098235,0.600000
ensemble_disagreement_filter,combined_stress,soft_compliance,slip_limited_grasp,3,84,0.547619,0.136037,0.543983,0.090593,0.264311,0.091958,0.600000
ensemble_disagreement_filter,combined_stress,texture_aliasing,slip_limited_grasp,3,84,0.559524,0.129629,0.550040,0.086423,0.268349,0.099189,0.600000
ensemble_disagreement_filter,combined_stress,taxel_bias,slip_limited_grasp,3,84,0.619048,0.134171,0.550868,0.083073,0.267634,0.091617,0.600000
ensemble_disagreement_filter,combined_stress,transient_shear_spike,slip_limited_grasp,3,84,0.523810,0.135941,0.547958,0.087999,0.266848,0.093752,0.600000
ensemble_disagreement_filter,combined_stress,compound_contact_shift,slip_limited_grasp,3,84,0.535714,0.150215,0.540732,0.095697,0.270546,0.100194,0.600000
ensemble_disagreement_filter,combined_stress,source_matched,peg_in_hole_contact_search,3,84,0.571429,0.129898,0.516523,0.083120,0.262695,0.099114,0.600000
ensemble_disagreement_filter,combined_stress,low_friction,peg_in_hole_contact_search,3,84,0.571429,0.129154,0.518701,0.089090,0.261467,0.093477,0.600000
ensemble_disagreement_filter,combined_stress,soft_compliance,peg_in_hole_contact_search,3,84,0.511905,0.133648,0.520132,0.088379,0.266715,0.096828,0.600000
ensemble_disagreement_filter,combined_stress,texture_aliasing,peg_in_hole_contact_search,3,84,0.488095,0.132028,0.515362,0.088772,0.266583,0.091349,0.600000
ensemble_disagreement_filter,combined_stress,taxel_bias,peg_in_hole_contact_search,3,84,0.642857,0.131854,0.527125,0.087430,0.261010,0.096537,0.600000
ensemble_disagreement_filter,combined_stress,transient_shear_spike,peg_in_hole_contact_search,3,84,0.523810,0.138268,0.513172,0.088508,0.263748,0.093866,0.600000
ensemble_disagreement_filter,combined_stress,compound_contact_shift,peg_in_hole_contact_search,3,84,0.500000,0.145325,0.513128,0.091564,0.271281,0.095337,0.600000
ensemble_disagreement_filter,combined_stress,source_matched,cloth_edge_pull,3,84,0.642857,0.130269,0.547558,0.087931,0.264834,0.099285,0.600000
ensemble_disagreement_filter,combined_stress,low_friction,cloth_edge_pull,3,84,0.488095,0.131139,0.552157,0.091004,0.267467,0.094760,0.600000
ensemble_disagreement_filter,combined_stress,soft_compliance,cloth_edge_pull,3,84,0.452381,0.139215,0.540952,0.092444,0.266670,0.092574,0.600000
ensemble_disagreement_filter,combined_stress,texture_aliasing,cloth_edge_pull,3,84,0.464286,0.130785,0.543976,0.086723,0.269360,0.098413,0.600000
ensemble_disagreement_filter,combined_stress,taxel_bias,cloth_edge_pull,3,84,0.559524,0.135453,0.544993,0.090581,0.268086,0.098931,0.600000
ensemble_disagreement_filter,combined_stress,transient_shear_spike,cloth_edge_pull,3,84,0.535714,0.138993,0.544738,0.087074,0.267194,0.094281,0.600000
ensemble_disagreement_filter,combined_stress,compound_contact_shift,cloth_edge_pull,3,84,0.535714,0.151245,0.534479,0.093520,0.269758,0.099331,0.600000
ensemble_disagreement_filter,combined_stress,source_matched,cable_threading,3,84,0.476190,0.128968,0.550526,0.090664,0.266754,0.097447,0.600000
ensemble_disagreement_filter,combined_stress,low_friction,cable_threading,3,84,0.428571,0.130198,0.555665,0.091334,0.267700,0.093170,0.600000
ensemble_disagreement_filter,combined_stress,soft_compliance,cable_threading,3,84,0.488095,0.137734,0.561659,0.089979,0.264828,0.098616,0.600000
ensemble_disagreement_filter,combined_stress,texture_aliasing,cable_threading,3,84,0.535714,0.129124,0.546404,0.083228,0.266755,0.096326,0.600000
ensemble_disagreement_filter,combined_stress,taxel_bias,cable_threading,3,84,0.464286,0.134872,0.549041,0.092080,0.269201,0.097589,0.600000
ensemble_disagreement_filter,combined_stress,transient_shear_spike,cable_threading,3,84,0.523810,0.136432,0.545816,0.084972,0.265489,0.099579,0.600000
ensemble_disagreement_filter,combined_stress,compound_contact_shift,cable_threading,3,84,0.500000,0.148504,0.553296,0.091874,0.268362,0.096501,0.600000
ensemble_disagreement_filter,combined_stress,source_matched,lid_twist_force_control,3,84,0.595238,0.138768,0.510660,0.087144,0.267096,0.098175,0.600000
ensemble_disagreement_filter,combined_stress,low_friction,lid_twist_force_control,3,84,0.523810,0.128994,0.517302,0.087976,0.269137,0.094324,0.600000
ensemble_disagreement_filter,combined_stress,soft_compliance,lid_twist_force_control,3,84,0.547619,0.129024,0.512037,0.089764,0.261905,0.094601,0.600000
ensemble_disagreement_filter,combined_stress,texture_aliasing,lid_twist_force_control,3,84,0.404762,0.137922,0.505035,0.093193,0.270928,0.096365,0.600000
ensemble_disagreement_filter,combined_stress,taxel_bias,lid_twist_force_control,3,84,0.583333,0.134670,0.512181,0.088896,0.262874,0.091429,0.600000
ensemble_disagreement_filter,combined_stress,transient_shear_spike,lid_twist_force_control,3,84,0.595238,0.136722,0.509694,0.083355,0.268352,0.093758,0.600000
ensemble_disagreement_filter,combined_stress,compound_contact_shift,lid_twist_force_control,3,84,0.630952,0.142290,0.507418,0.091787,0.265817,0.102209,0.600000
ensemble_disagreement_filter,combined_stress,source_matched,slip_limited_grasp,4,84,0.607143,0.137615,0.548348,0.089427,0.263848,0.097941,0.600000
ensemble_disagreement_filter,combined_stress,low_friction,slip_limited_grasp,4,84,0.511905,0.134429,0.546863,0.087901,0.262706,0.098627,0.600000
ensemble_disagreement_filter,combined_stress,soft_compliance,slip_limited_grasp,4,84,0.488095,0.136583,0.544784,0.092508,0.265751,0.092362,0.600000
ensemble_disagreement_filter,combined_stress,texture_aliasing,slip_limited_grasp,4,84,0.547619,0.130181,0.550850,0.087152,0.268935,0.091593,0.600000
ensemble_disagreement_filter,combined_stress,taxel_bias,slip_limited_grasp,4,84,0.547619,0.134687,0.551624,0.085262,0.269267,0.092000,0.600000
ensemble_disagreement_filter,combined_stress,transient_shear_spike,slip_limited_grasp,4,84,0.535714,0.136523,0.548813,0.088155,0.267026,0.094181,0.600000
ensemble_disagreement_filter,combined_stress,compound_contact_shift,slip_limited_grasp,4,84,0.523810,0.150803,0.541596,0.096453,0.271156,0.100627,0.600000
ensemble_disagreement_filter,combined_stress,source_matched,peg_in_hole_contact_search,4,84,0.607143,0.130486,0.517387,0.082686,0.262448,0.091543,0.600000
ensemble_disagreement_filter,combined_stress,low_friction,peg_in_hole_contact_search,4,84,0.619048,0.129730,0.519547,0.088349,0.260998,0.093902,0.600000
ensemble_disagreement_filter,combined_stress,soft_compliance,peg_in_hole_contact_search,4,84,0.464286,0.134242,0.521005,0.090033,0.267972,0.097265,0.600000
ensemble_disagreement_filter,combined_stress,texture_aliasing,peg_in_hole_contact_search,4,84,0.583333,0.132628,0.516244,0.086860,0.265273,0.091790,0.600000
ensemble_disagreement_filter,combined_stress,taxel_bias,peg_in_hole_contact_search,4,84,0.535714,0.132418,0.509944,0.090549,0.263318,0.096953,0.600000
ensemble_disagreement_filter,combined_stress,transient_shear_spike,peg_in_hole_contact_search,4,84,0.511905,0.138898,0.514099,0.089296,0.264387,0.094328,0.600000
ensemble_disagreement_filter,combined_stress,compound_contact_shift,peg_in_hole_contact_search,4,84,0.571429,0.145961,0.514064,0.090274,0.270423,0.095803,0.600000
ensemble_disagreement_filter,combined_stress,source_matched,cloth_edge_pull,4,84,0.488095,0.130791,0.548323,0.092209,0.267971,0.091669,0.600000
ensemble_disagreement_filter,combined_stress,low_friction,cloth_edge_pull,4,84,0.500000,0.131649,0.552904,0.091105,0.267597,0.095140,0.600000
ensemble_disagreement_filter,combined_stress,soft_compliance,cloth_edge_pull,4,84,0.559524,0.139743,0.541726,0.090178,0.265098,0.092966,0.600000
ensemble_disagreement_filter,combined_stress,texture_aliasing,cloth_edge_pull,4,84,0.500000,0.131319,0.544759,0.086248,0.269077,0.098808,0.600000
ensemble_disagreement_filter,combined_stress,taxel_bias,cloth_edge_pull,4,84,0.488095,0.135951,0.545722,0.092757,0.269707,0.099302,0.600000
ensemble_disagreement_filter,combined_stress,transient_shear_spike,cloth_edge_pull,4,84,0.583333,0.139557,0.545566,0.086324,0.266717,0.094698,0.600000
ensemble_disagreement_filter,combined_stress,compound_contact_shift,cloth_edge_pull,4,84,0.559524,0.151815,0.535316,0.093369,0.269714,0.099751,0.600000
ensemble_disagreement_filter,combined_stress,source_matched,cable_threading,4,84,0.464286,0.129490,0.551291,0.091370,0.267321,0.097835,0.600000
ensemble_disagreement_filter,combined_stress,low_friction,cable_threading,4,84,0.511905,0.130708,0.556412,0.089649,0.266544,0.093549,0.600000
ensemble_disagreement_filter,combined_stress,soft_compliance,cable_threading,4,84,0.357143,0.138262,0.544424,0.093666,0.267541,0.099007,0.600000
ensemble_disagreement_filter,combined_stress,texture_aliasing,cable_threading,4,84,0.488095,0.129658,0.547187,0.084835,0.267972,0.096722,0.600000
ensemble_disagreement_filter,combined_stress,taxel_bias,cable_threading,4,84,0.547619,0.135370,0.549770,0.090387,0.268037,0.097960,0.600000
ensemble_disagreement_filter,combined_stress,transient_shear_spike,cable_threading,4,84,0.452381,0.136996,0.546644,0.087198,0.267155,0.091992,0.600000
ensemble_disagreement_filter,combined_stress,compound_contact_shift,cable_threading,4,84,0.488095,0.149074,0.554133,0.092617,0.268960,0.096921,0.600000
ensemble_disagreement_filter,combined_stress,source_matched,lid_twist_force_control,4,84,0.547619,0.139338,0.511497,0.088779,0.268337,0.098596,0.600000
ensemble_disagreement_filter,combined_stress,low_friction,lid_twist_force_control,4,84,0.547619,0.129552,0.518121,0.087817,0.269085,0.094737,0.600000
ensemble_disagreement_filter,combined_stress,soft_compliance,lid_twist_force_control,4,84,0.559524,0.129600,0.512883,0.089916,0.262078,0.095026,0.600000
ensemble_disagreement_filter,combined_stress,texture_aliasing,lid_twist_force_control,4,84,0.571429,0.138504,0.505890,0.089481,0.268320,0.096794,0.600000
ensemble_disagreement_filter,combined_stress,taxel_bias,lid_twist_force_control,4,84,0.547619,0.135216,0.512982,0.090215,0.263885,0.091833,0.600000
ensemble_disagreement_filter,combined_stress,transient_shear_spike,lid_twist_force_control,4,84,0.607143,0.137334,0.510594,0.083535,0.268549,0.094208,0.600000
ensemble_disagreement_filter,combined_stress,compound_contact_shift,lid_twist_force_control,4,84,0.547619,0.142908,0.508327,0.094352,0.267733,0.094659,0.600000
ensemble_disagreement_filter,combined_stress,source_matched,slip_limited_grasp,5,84,0.511905,0.138155,0.549140,0.092230,0.265926,0.098341,0.600000
ensemble_disagreement_filter,combined_stress,low_friction,slip_limited_grasp,5,84,0.642857,0.134957,0.547637,0.085040,0.260705,0.099018,0.600000
ensemble_disagreement_filter,combined_stress,soft_compliance,slip_limited_grasp,5,84,0.523810,0.137129,0.545585,0.092042,0.265476,0.092766,0.600000
ensemble_disagreement_filter,combined_stress,texture_aliasing,slip_limited_grasp,5,84,0.559524,0.130733,0.551660,0.087285,0.269093,0.092002,0.600000
ensemble_disagreement_filter,combined_stress,taxel_bias,slip_limited_grasp,5,84,0.559524,0.135203,0.534371,0.085368,0.269401,0.092384,0.600000
ensemble_disagreement_filter,combined_stress,transient_shear_spike,slip_limited_grasp,5,84,0.583333,0.137105,0.549668,0.087419,0.266561,0.094610,0.600000
ensemble_disagreement_filter,combined_stress,compound_contact_shift,slip_limited_grasp,5,84,0.654762,0.151391,0.542460,0.093638,0.269195,0.101060,0.600000
ensemble_disagreement_filter,combined_stress,source_matched,peg_in_hole_contact_search,5,84,0.535714,0.131074,0.518251,0.084931,0.264130,0.091976,0.600000
ensemble_disagreement_filter,combined_stress,low_friction,peg_in_hole_contact_search,5,84,0.571429,0.130306,0.520393,0.089989,0.262243,0.094327,0.600000
ensemble_disagreement_filter,combined_stress,soft_compliance,peg_in_hole_contact_search,5,84,0.535714,0.134836,0.521878,0.088711,0.267086,0.097702,0.600000
ensemble_disagreement_filter,combined_stress,texture_aliasing,peg_in_hole_contact_search,5,84,0.547619,0.133228,0.517126,0.088220,0.266320,0.092231,0.600000
ensemble_disagreement_filter,combined_stress,taxel_bias,peg_in_hole_contact_search,5,84,0.583333,0.132982,0.510772,0.089799,0.262841,0.097370,0.600000
ensemble_disagreement_filter,combined_stress,transient_shear_spike,peg_in_hole_contact_search,5,84,0.535714,0.139528,0.515026,0.089192,0.264382,0.094790,0.600000
ensemble_disagreement_filter,combined_stress,compound_contact_shift,peg_in_hole_contact_search,5,84,0.416667,0.146597,0.515000,0.094639,0.273637,0.096269,0.600000
ensemble_disagreement_filter,combined_stress,source_matched,cloth_edge_pull,5,84,0.345238,0.131313,0.549088,0.088184,0.270895,0.092056,0.600000
ensemble_disagreement_filter,combined_stress,low_friction,cloth_edge_pull,5,84,0.500000,0.132159,0.553651,0.091504,0.267941,0.095519,0.600000
ensemble_disagreement_filter,combined_stress,soft_compliance,cloth_edge_pull,5,84,0.571429,0.140271,0.542500,0.090293,0.265239,0.093357,0.600000
ensemble_disagreement_filter,combined_stress,texture_aliasing,cloth_edge_pull,5,84,0.571429,0.131853,0.545542,0.084880,0.268151,0.099204,0.600000
ensemble_disagreement_filter,combined_stress,taxel_bias,cloth_edge_pull,5,84,0.452381,0.136449,0.546451,0.086035,0.270686,0.091669,0.600000
ensemble_disagreement_filter,combined_stress,transient_shear_spike,cloth_edge_pull,5,84,0.559524,0.140121,0.546394,0.087360,0.267526,0.095114,0.600000
ensemble_disagreement_filter,combined_stress,compound_contact_shift,cloth_edge_pull,5,84,0.464286,0.152385,0.536153,0.096195,0.271812,0.100172,0.600000
ensemble_disagreement_filter,combined_stress,source_matched,cable_threading,5,84,0.500000,0.130012,0.552056,0.090885,0.267030,0.098222,0.600000
ensemble_disagreement_filter,combined_stress,low_friction,cable_threading,5,84,0.535714,0.131218,0.557159,0.089453,0.266459,0.093929,0.600000
ensemble_disagreement_filter,combined_stress,soft_compliance,cable_threading,5,84,0.488095,0.138790,0.545198,0.090805,0.265540,0.099399,0.600000
ensemble_disagreement_filter,combined_stress,texture_aliasing,cable_threading,5,84,0.452381,0.130192,0.547970,0.086146,0.268975,0.097118,0.600000
ensemble_disagreement_filter,combined_stress,taxel_bias,cable_threading,5,84,0.416667,0.135868,0.550499,0.094050,0.270730,0.098331,0.600000
ensemble_disagreement_filter,combined_stress,transient_shear_spike,cable_threading,5,84,0.500000,0.137560,0.547472,0.086448,0.266678,0.092408,0.600000
ensemble_disagreement_filter,combined_stress,compound_contact_shift,cable_threading,5,84,0.511905,0.149644,0.536961,0.092467,0.268916,0.097342,0.600000
ensemble_disagreement_filter,combined_stress,source_matched,lid_twist_force_control,5,84,0.571429,0.127902,0.512334,0.087428,0.268292,0.098752,0.600000
ensemble_disagreement_filter,combined_stress,low_friction,lid_twist_force_control,5,84,0.595238,0.130110,0.518940,0.087062,0.268604,0.095149,0.600000
ensemble_disagreement_filter,combined_stress,soft_compliance,lid_twist_force_control,5,84,0.535714,0.130176,0.513729,0.090961,0.262895,0.095450,0.600000
ensemble_disagreement_filter,combined_stress,texture_aliasing,lid_twist_force_control,5,84,0.559524,0.139086,0.506745,0.090232,0.268926,0.097222,0.600000
ensemble_disagreement_filter,combined_stress,taxel_bias,lid_twist_force_control,5,84,0.452381,0.135762,0.513783,0.093023,0.265967,0.092237,0.600000
ensemble_disagreement_filter,combined_stress,transient_shear_spike,lid_twist_force_control,5,84,0.416667,0.137946,0.511494,0.088774,0.264386,0.094657,0.600000
ensemble_disagreement_filter,combined_stress,compound_contact_shift,lid_twist_force_control,5,84,0.428571,0.143526,0.509236,0.097810,0.270292,0.095112,0.600000
ensemble_disagreement_filter,combined_stress,source_matched,slip_limited_grasp,6,84,0.571429,0.138695,0.549932,0.091164,0.265219,0.098741,0.600000
ensemble_disagreement_filter,combined_stress,low_friction,slip_limited_grasp,6,84,0.547619,0.135485,0.548411,0.087834,0.262775,0.099410,0.600000
ensemble_disagreement_filter,combined_stress,soft_compliance,slip_limited_grasp,6,84,0.488095,0.137675,0.546386,0.085357,0.266487,0.093170,0.600000
ensemble_disagreement_filter,combined_stress,texture_aliasing,slip_limited_grasp,6,84,0.535714,0.131285,0.534461,0.088312,0.269894,0.092410,0.600000
ensemble_disagreement_filter,combined_stress,taxel_bias,slip_limited_grasp,6,84,0.547619,0.135719,0.535127,0.086069,0.261959,0.092767,0.600000
ensemble_disagreement_filter,combined_stress,transient_shear_spike,slip_limited_grasp,6,84,0.642857,0.137687,0.550523,0.086385,0.265881,0.095038,0.600000
ensemble_disagreement_filter,combined_stress,compound_contact_shift,slip_limited_grasp,6,84,0.559524,0.151979,0.543324,0.096478,0.271305,0.101493,0.600000
ensemble_disagreement_filter,combined_stress,source_matched,peg_in_hole_contact_search,6,84,0.535714,0.131662,0.519115,0.085389,0.264526,0.092409,0.600000
ensemble_disagreement_filter,combined_stress,low_friction,peg_in_hole_contact_search,6,84,0.547619,0.130882,0.521239,0.091034,0.263060,0.094751,0.600000
ensemble_disagreement_filter,combined_stress,soft_compliance,peg_in_hole_contact_search,6,84,0.535714,0.135430,0.522751,0.089174,0.267486,0.098140,0.600000
ensemble_disagreement_filter,combined_stress,texture_aliasing,peg_in_hole_contact_search,6,84,0.547619,0.133828,0.518008,0.088688,0.266724,0.092672,0.600000
ensemble_disagreement_filter,combined_stress,taxel_bias,peg_in_hole_contact_search,6,84,0.511905,0.133546,0.511600,0.092025,0.264507,0.097786,0.600000
ensemble_disagreement_filter,combined_stress,transient_shear_spike,peg_in_hole_contact_search,6,84,0.488095,0.140158,0.515953,0.090873,0.265663,0.095252,0.600000
ensemble_disagreement_filter,combined_stress,compound_contact_shift,peg_in_hole_contact_search,6,84,0.404762,0.147233,0.515936,0.095432,0.274279,0.096735,0.600000
ensemble_disagreement_filter,combined_stress,source_matched,cloth_edge_pull,6,84,0.511905,0.131835,0.549853,0.084426,0.268247,0.092444,0.600000
ensemble_disagreement_filter,combined_stress,low_friction,cloth_edge_pull,6,84,0.452381,0.132669,0.554398,0.093093,0.269142,0.095898,0.600000
ensemble_disagreement_filter,combined_stress,soft_compliance,cloth_edge_pull,6,84,0.559524,0.128793,0.543274,0.089803,0.265810,0.093485,0.600000
ensemble_disagreement_filter,combined_stress,texture_aliasing,cloth_edge_pull,6,84,0.452381,0.132387,0.546325,0.088273,0.270654,0.091596,0.600000
ensemble_disagreement_filter,combined_stress,taxel_bias,cloth_edge_pull,6,84,0.535714,0.136947,0.547180,0.084342,0.269522,0.092040,0.600000
ensemble_disagreement_filter,combined_stress,transient_shear_spike,cloth_edge_pull,6,84,0.440476,0.140685,0.547222,0.090777,0.270048,0.095530,0.600000
ensemble_disagreement_filter,combined_stress,compound_contact_shift,cloth_edge_pull,6,84,0.452381,0.152955,0.536990,0.096938,0.272410,0.100592,0.600000
ensemble_disagreement_filter,combined_stress,source_matched,cable_threading,6,84,0.547619,0.130534,0.552821,0.090103,0.266525,0.098609,0.600000
ensemble_disagreement_filter,combined_stress,low_friction,cable_threading,6,84,0.535714,0.131728,0.557906,0.089852,0.266803,0.094308,0.600000
ensemble_disagreement_filter,combined_stress,soft_compliance,cable_threading,6,84,0.535714,0.139318,0.545972,0.090027,0.265039,0.091787,0.600000
ensemble_disagreement_filter,combined_stress,texture_aliasing,cable_threading,6,84,0.452381,0.130726,0.548753,0.086563,0.269335,0.097514,0.600000
ensemble_disagreement_filter,combined_stress,taxel_bias,cable_threading,6,84,0.428571,0.136366,0.551228,0.094142,0.270852,0.098702,0.600000
ensemble_disagreement_filter,combined_stress,transient_shear_spike,cable_threading,6,84,0.535714,0.138124,0.548300,0.085996,0.266415,0.092824,0.600000
ensemble_disagreement_filter,combined_stress,compound_contact_shift,cable_threading,6,84,0.416667,0.150214,0.537798,0.095293,0.271014,0.097762,0.600000
ensemble_disagreement_filter,combined_stress,source_matched,lid_twist_force_control,6,84,0.595238,0.128472,0.513171,0.087278,0.268248,0.099173,0.600000
ensemble_disagreement_filter,combined_stress,low_friction,lid_twist_force_control,6,84,0.642857,0.130668,0.519759,0.086307,0.260118,0.095561,0.600000
ensemble_disagreement_filter,combined_stress,soft_compliance,lid_twist_force_control,6,84,0.464286,0.130752,0.514575,0.085192,0.264569,0.095875,0.600000
ensemble_disagreement_filter,combined_stress,texture_aliasing,lid_twist_force_control,6,84,0.559524,0.139668,0.507600,0.090687,0.269318,0.097651,0.600000
ensemble_disagreement_filter,combined_stress,taxel_bias,lid_twist_force_control,6,84,0.607143,0.136308,0.514584,0.089580,0.263549,0.092641,0.600000
ensemble_disagreement_filter,combined_stress,transient_shear_spike,lid_twist_force_control,6,84,0.523810,0.138558,0.512394,0.086573,0.262869,0.095107,0.600000
ensemble_disagreement_filter,combined_stress,compound_contact_shift,lid_twist_force_control,6,84,0.583333,0.144144,0.510145,0.094423,0.267922,0.095566,0.600000
proposed_negative_transfer_guard,combined_stress,source_matched,slip_limited_grasp,0,84,0.785714,0.089723,0.590461,0.062309,0.230946,0.073159,0.600000
proposed_negative_transfer_guard,combined_stress,low_friction,slip_limited_grasp,0,84,0.773810,0.094199,0.600469,0.064575,0.233412,0.079122,0.600000
proposed_negative_transfer_guard,combined_stress,soft_compliance,slip_limited_grasp,0,84,0.607143,0.091355,0.590893,0.068921,0.235696,0.077419,0.600000
proposed_negative_transfer_guard,combined_stress,texture_aliasing,slip_limited_grasp,0,84,0.785714,0.088049,0.601603,0.062962,0.230798,0.078782,0.600000
proposed_negative_transfer_guard,combined_stress,taxel_bias,slip_limited_grasp,0,84,0.690476,0.088673,0.596554,0.068481,0.230256,0.076516,0.600000
proposed_negative_transfer_guard,combined_stress,transient_shear_spike,slip_limited_grasp,0,84,0.666667,0.094546,0.600277,0.066976,0.231133,0.073685,0.600000
proposed_negative_transfer_guard,combined_stress,compound_contact_shift,slip_limited_grasp,0,84,0.595238,0.095568,0.596768,0.077084,0.237982,0.081488,0.600000
proposed_negative_transfer_guard,combined_stress,source_matched,peg_in_hole_contact_search,0,84,0.690476,0.089793,0.569931,0.071309,0.235896,0.079560,0.600000
proposed_negative_transfer_guard,combined_stress,low_friction,peg_in_hole_contact_search,0,84,0.738095,0.084693,0.583584,0.064745,0.230907,0.078927,0.600000
proposed_negative_transfer_guard,combined_stress,soft_compliance,peg_in_hole_contact_search,0,84,0.619048,0.084207,0.577545,0.069708,0.233906,0.078849,0.600000
proposed_negative_transfer_guard,combined_stress,texture_aliasing,peg_in_hole_contact_search,0,84,0.619048,0.085689,0.577428,0.071885,0.235414,0.075505,0.600000
proposed_negative_transfer_guard,combined_stress,taxel_bias,peg_in_hole_contact_search,0,84,0.607143,0.093603,0.583314,0.072906,0.238232,0.078259,0.600000
proposed_negative_transfer_guard,combined_stress,transient_shear_spike,peg_in_hole_contact_search,0,84,0.666667,0.092113,0.575994,0.071677,0.232701,0.078363,0.600000
proposed_negative_transfer_guard,combined_stress,compound_contact_shift,peg_in_hole_contact_search,0,84,0.690476,0.097924,0.561658,0.075070,0.233024,0.081458,0.600000
proposed_negative_transfer_guard,combined_stress,source_matched,cloth_edge_pull,0,84,0.595238,0.086697,0.596421,0.069917,0.239015,0.077635,0.600000
proposed_negative_transfer_guard,combined_stress,low_friction,cloth_edge_pull,0,84,0.714286,0.095217,0.612495,0.072009,0.233816,0.078378,0.600000
proposed_negative_transfer_guard,combined_stress,soft_compliance,cloth_edge_pull,0,84,0.500000,0.086307,0.611829,0.072895,0.240917,0.072498,0.600000
proposed_negative_transfer_guard,combined_stress,texture_aliasing,cloth_edge_pull,0,84,0.654762,0.092985,0.601497,0.067181,0.235099,0.072733,0.600000
proposed_negative_transfer_guard,combined_stress,taxel_bias,cloth_edge_pull,0,84,0.583333,0.093735,0.596637,0.072202,0.234213,0.078557,0.600000
proposed_negative_transfer_guard,combined_stress,transient_shear_spike,cloth_edge_pull,0,84,0.607143,0.089371,0.603015,0.069663,0.235412,0.076681,0.600000
proposed_negative_transfer_guard,combined_stress,compound_contact_shift,cloth_edge_pull,0,84,0.380952,0.100378,0.596473,0.083290,0.243700,0.083356,0.600000
proposed_negative_transfer_guard,combined_stress,source_matched,cable_threading,0,84,0.678571,0.084536,0.616318,0.065833,0.235956,0.075298,0.600000
proposed_negative_transfer_guard,combined_stress,low_friction,cable_threading,0,84,0.642857,0.093416,0.614923,0.072070,0.233782,0.076289,0.600000
proposed_negative_transfer_guard,combined_stress,soft_compliance,cable_threading,0,84,0.571429,0.095972,0.613447,0.070172,0.237952,0.078305,0.600000
proposed_negative_transfer_guard,combined_stress,texture_aliasing,cable_threading,0,84,0.571429,0.090464,0.602845,0.074993,0.234800,0.078152,0.600000
proposed_negative_transfer_guard,combined_stress,taxel_bias,cable_threading,0,84,0.511905,0.092294,0.617614,0.072540,0.234420,0.076716,0.600000
proposed_negative_transfer_guard,combined_stress,transient_shear_spike,cable_threading,0,84,0.523810,0.085951,0.603013,0.068780,0.234513,0.073477,0.600000
proposed_negative_transfer_guard,combined_stress,compound_contact_shift,cable_threading,0,84,0.595238,0.096777,0.596201,0.074829,0.237324,0.080027,0.600000
proposed_negative_transfer_guard,combined_stress,source_matched,lid_twist_force_control,0,84,0.761905,0.092624,0.573230,0.069607,0.235508,0.074556,0.600000
proposed_negative_transfer_guard,combined_stress,low_friction,lid_twist_force_control,0,84,0.630952,0.090500,0.573338,0.069788,0.235717,0.075974,0.600000
proposed_negative_transfer_guard,combined_stress,soft_compliance,lid_twist_force_control,0,84,0.726190,0.085550,0.560603,0.065972,0.231882,0.072821,0.600000
proposed_negative_transfer_guard,combined_stress,texture_aliasing,lid_twist_force_control,0,84,0.666667,0.085544,0.576263,0.068496,0.233470,0.076456,0.600000
proposed_negative_transfer_guard,combined_stress,taxel_bias,lid_twist_force_control,0,84,0.630952,0.090380,0.577532,0.067752,0.234665,0.077091,0.600000
proposed_negative_transfer_guard,combined_stress,transient_shear_spike,lid_twist_force_control,0,84,0.690476,0.096535,0.563669,0.072384,0.234229,0.074454,0.600000
proposed_negative_transfer_guard,combined_stress,compound_contact_shift,lid_twist_force_control,0,84,0.607143,0.100857,0.565110,0.077315,0.235489,0.076525,0.600000
proposed_negative_transfer_guard,combined_stress,source_matched,slip_limited_grasp,1,84,0.595238,0.090287,0.591289,0.067512,0.234754,0.073576,0.600000
proposed_negative_transfer_guard,combined_stress,low_friction,slip_limited_grasp,1,84,0.785714,0.094751,0.601279,0.064708,0.233570,0.079530,0.600000
proposed_negative_transfer_guard,combined_stress,soft_compliance,slip_limited_grasp,1,84,0.619048,0.091925,0.591730,0.069068,0.235866,0.077840,0.600000
proposed_negative_transfer_guard,combined_stress,texture_aliasing,slip_limited_grasp,1,84,0.702381,0.088625,0.602449,0.065495,0.232686,0.079207,0.600000
proposed_negative_transfer_guard,combined_stress,taxel_bias,slip_limited_grasp,1,84,0.678571,0.089213,0.597346,0.069201,0.230834,0.076916,0.600000
proposed_negative_transfer_guard,combined_stress,transient_shear_spike,slip_limited_grasp,1,84,0.821429,0.095152,0.601168,0.063579,0.228755,0.074131,0.600000
proposed_negative_transfer_guard,combined_stress,compound_contact_shift,slip_limited_grasp,1,84,0.690476,0.096180,0.597668,0.075180,0.236680,0.081937,0.600000
proposed_negative_transfer_guard,combined_stress,source_matched,peg_in_hole_contact_search,1,84,0.714286,0.090405,0.570831,0.071191,0.235880,0.080009,0.600000
proposed_negative_transfer_guard,combined_stress,low_friction,peg_in_hole_contact_search,1,84,0.666667,0.085293,0.566457,0.066999,0.232597,0.079369,0.600000
proposed_negative_transfer_guard,combined_stress,soft_compliance,peg_in_hole_contact_search,1,84,0.642857,0.084825,0.578454,0.069595,0.233894,0.079302,0.600000
proposed_negative_transfer_guard,combined_stress,texture_aliasing,peg_in_hole_contact_search,1,84,0.583333,0.086313,0.578346,0.073264,0.236477,0.075963,0.600000
proposed_negative_transfer_guard,combined_stress,taxel_bias,peg_in_hole_contact_search,1,84,0.630952,0.094191,0.566169,0.072769,0.238200,0.078692,0.600000
proposed_negative_transfer_guard,combined_stress,transient_shear_spike,peg_in_hole_contact_search,1,84,0.559524,0.092767,0.576957,0.074865,0.235070,0.078841,0.600000
proposed_negative_transfer_guard,combined_stress,compound_contact_shift,peg_in_hole_contact_search,1,84,0.630952,0.098584,0.562630,0.077073,0.234540,0.081941,0.600000
proposed_negative_transfer_guard,combined_stress,source_matched,cloth_edge_pull,1,84,0.630952,0.087243,0.597222,0.069450,0.238740,0.078039,0.600000
proposed_negative_transfer_guard,combined_stress,low_friction,cloth_edge_pull,1,84,0.607143,0.095751,0.595269,0.067100,0.236104,0.078774,0.600000
proposed_negative_transfer_guard,combined_stress,soft_compliance,cloth_edge_pull,1,84,0.571429,0.086859,0.612639,0.071540,0.240003,0.072906,0.600000
proposed_negative_transfer_guard,combined_stress,texture_aliasing,cloth_edge_pull,1,84,0.559524,0.093543,0.602316,0.069998,0.237190,0.073145,0.600000
proposed_negative_transfer_guard,combined_stress,taxel_bias,cloth_edge_pull,1,84,0.619048,0.094257,0.597402,0.071717,0.233922,0.078945,0.600000
proposed_negative_transfer_guard,combined_stress,transient_shear_spike,cloth_edge_pull,1,84,0.583333,0.089959,0.603879,0.070717,0.236237,0.077114,0.600000
proposed_negative_transfer_guard,combined_stress,compound_contact_shift,cloth_edge_pull,1,84,0.571429,0.100972,0.597346,0.078991,0.240671,0.075789,0.600000
proposed_negative_transfer_guard,combined_stress,source_matched,cable_threading,1,84,0.595238,0.085082,0.617119,0.068343,0.237824,0.075702,0.600000
proposed_negative_transfer_guard,combined_stress,low_friction,cable_threading,1,84,0.630952,0.093950,0.615706,0.072785,0.234357,0.076685,0.600000
proposed_negative_transfer_guard,combined_stress,soft_compliance,cable_threading,1,84,0.619048,0.084518,0.614257,0.068212,0.237467,0.078449,0.600000
proposed_negative_transfer_guard,combined_stress,texture_aliasing,cable_threading,1,84,0.702381,0.091022,0.603664,0.072155,0.232819,0.078564,0.600000
proposed_negative_transfer_guard,combined_stress,taxel_bias,cable_threading,1,84,0.654762,0.092816,0.600370,0.069377,0.232200,0.077104,0.600000
proposed_negative_transfer_guard,combined_stress,transient_shear_spike,cable_threading,1,84,0.500000,0.086539,0.603877,0.069834,0.235338,0.073910,0.600000
proposed_negative_transfer_guard,combined_stress,compound_contact_shift,cable_threading,1,84,0.535714,0.097371,0.597074,0.076780,0.238795,0.080464,0.600000
proposed_negative_transfer_guard,combined_stress,source_matched,lid_twist_force_control,1,84,0.797619,0.093218,0.574103,0.069177,0.235265,0.074993,0.600000
proposed_negative_transfer_guard,combined_stress,low_friction,lid_twist_force_control,1,84,0.666667,0.091082,0.574193,0.069350,0.235466,0.076402,0.600000
proposed_negative_transfer_guard,combined_stress,soft_compliance,lid_twist_force_control,1,84,0.714286,0.086150,0.561485,0.066738,0.232501,0.073262,0.600000
proposed_negative_transfer_guard,combined_stress,texture_aliasing,lid_twist_force_control,1,84,0.666667,0.086150,0.577154,0.068968,0.233878,0.076902,0.600000
proposed_negative_transfer_guard,combined_stress,taxel_bias,lid_twist_force_control,1,84,0.642857,0.090950,0.578369,0.067900,0.234834,0.077511,0.600000
proposed_negative_transfer_guard,combined_stress,transient_shear_spike,lid_twist_force_control,1,84,0.678571,0.085165,0.564605,0.071976,0.234872,0.074656,0.600000
proposed_negative_transfer_guard,combined_stress,compound_contact_shift,lid_twist_force_control,1,84,0.630952,0.101499,0.566055,0.077220,0.235493,0.076996,0.600000
proposed_negative_transfer_guard,combined_stress,source_matched,slip_limited_grasp,2,84,0.726190,0.090851,0.592117,0.064678,0.232777,0.073992,0.600000
proposed_negative_transfer_guard,combined_stress,low_friction,slip_limited_grasp,2,84,0.702381,0.095303,0.602089,0.067223,0.235442,0.079938,0.600000
proposed_negative_transfer_guard,combined_stress,soft_compliance,slip_limited_grasp,2,84,0.619048,0.092495,0.592567,0.069513,0.236250,0.078260,0.600000
proposed_negative_transfer_guard,combined_stress,texture_aliasing,slip_limited_grasp,2,84,0.738095,0.089201,0.603295,0.065052,0.232431,0.079632,0.600000
proposed_negative_transfer_guard,combined_stress,taxel_bias,slip_limited_grasp,2,84,0.666667,0.089753,0.598138,0.069921,0.231413,0.077316,0.600000
proposed_negative_transfer_guard,combined_stress,transient_shear_spike,slip_limited_grasp,2,84,0.619048,0.095758,0.602059,0.069112,0.232806,0.074576,0.600000
proposed_negative_transfer_guard,combined_stress,compound_contact_shift,slip_limited_grasp,2,84,0.702381,0.096792,0.598568,0.075360,0.236878,0.082387,0.600000
proposed_negative_transfer_guard,combined_stress,source_matched,peg_in_hole_contact_search,2,84,0.654762,0.091017,0.571731,0.073157,0.237363,0.072454,0.600000
proposed_negative_transfer_guard,combined_stress,low_friction,peg_in_hole_contact_search,2,84,0.583333,0.085893,0.567339,0.069550,0.234501,0.079810,0.600000
proposed_negative_transfer_guard,combined_stress,soft_compliance,peg_in_hole_contact_search,2,84,0.678571,0.085443,0.579363,0.069184,0.233667,0.079756,0.600000
proposed_negative_transfer_guard,combined_stress,texture_aliasing,peg_in_hole_contact_search,2,84,0.547619,0.086937,0.579264,0.074643,0.237540,0.076421,0.600000
proposed_negative_transfer_guard,combined_stress,taxel_bias,peg_in_hole_contact_search,2,84,0.630952,0.094779,0.567033,0.073228,0.238596,0.079125,0.600000
proposed_negative_transfer_guard,combined_stress,transient_shear_spike,peg_in_hole_contact_search,2,84,0.690476,0.093421,0.577920,0.072100,0.233152,0.079319,0.600000
proposed_negative_transfer_guard,combined_stress,compound_contact_shift,peg_in_hole_contact_search,2,84,0.642857,0.099244,0.563602,0.077289,0.234770,0.082423,0.600000
proposed_negative_transfer_guard,combined_stress,source_matched,cloth_edge_pull,2,84,0.630952,0.087789,0.598023,0.069877,0.239108,0.078443,0.600000
proposed_negative_transfer_guard,combined_stress,low_friction,cloth_edge_pull,2,84,0.595238,0.084279,0.596052,0.066615,0.236679,0.078905,0.600000
proposed_negative_transfer_guard,combined_stress,soft_compliance,cloth_edge_pull,2,84,0.690476,0.087411,0.595440,0.068995,0.238232,0.073314,0.600000
proposed_negative_transfer_guard,combined_stress,texture_aliasing,cloth_edge_pull,2,84,0.642857,0.094101,0.603135,0.068351,0.236066,0.073557,0.600000
proposed_negative_transfer_guard,combined_stress,taxel_bias,cloth_edge_pull,2,84,0.583333,0.094779,0.598167,0.073019,0.234917,0.079332,0.600000
proposed_negative_transfer_guard,combined_stress,transient_shear_spike,cloth_edge_pull,2,84,0.511905,0.090547,0.604743,0.072961,0.237919,0.077547,0.600000
proposed_negative_transfer_guard,combined_stress,compound_contact_shift,cloth_edge_pull,2,84,0.607143,0.101566,0.598219,0.078562,0.240428,0.076226,0.600000
proposed_negative_transfer_guard,combined_stress,source_matched,cable_threading,2,84,0.607143,0.085628,0.599911,0.068472,0.237977,0.076106,0.600000
proposed_negative_transfer_guard,combined_stress,low_friction,cable_threading,2,84,0.511905,0.094484,0.616489,0.076179,0.236860,0.077080,0.600000
proposed_negative_transfer_guard,combined_stress,soft_compliance,cable_threading,2,84,0.547619,0.085070,0.615067,0.070429,0.239125,0.078857,0.600000
proposed_negative_transfer_guard,combined_stress,texture_aliasing,cable_threading,2,84,0.607143,0.091580,0.604483,0.066967,0.234909,0.078976,0.600000
proposed_negative_transfer_guard,combined_stress,taxel_bias,cable_threading,2,84,0.535714,0.093338,0.601135,0.072761,0.234695,0.077491,0.600000
proposed_negative_transfer_guard,combined_stress,transient_shear_spike,cable_threading,2,84,0.559524,0.087127,0.604741,0.068805,0.234662,0.074343,0.600000
proposed_negative_transfer_guard,combined_stress,compound_contact_shift,cable_threading,2,84,0.583333,0.097965,0.597947,0.076053,0.238338,0.080901,0.600000
proposed_negative_transfer_guard,combined_stress,source_matched,lid_twist_force_control,2,84,0.654762,0.093812,0.574976,0.073212,0.238236,0.075430,0.600000
proposed_negative_transfer_guard,combined_stress,low_friction,lid_twist_force_control,2,84,0.738095,0.091664,0.575048,0.068018,0.234572,0.076831,0.600000
proposed_negative_transfer_guard,combined_stress,soft_compliance,lid_twist_force_control,2,84,0.678571,0.086750,0.562367,0.068099,0.233548,0.073703,0.600000
proposed_negative_transfer_guard,combined_stress,texture_aliasing,lid_twist_force_control,2,84,0.630952,0.086756,0.578045,0.070334,0.234929,0.077347,0.600000
proposed_negative_transfer_guard,combined_stress,taxel_bias,lid_twist_force_control,2,84,0.678571,0.091520,0.561197,0.067452,0.234576,0.077932,0.600000
proposed_negative_transfer_guard,combined_stress,transient_shear_spike,lid_twist_force_control,2,84,0.750000,0.085801,0.565541,0.070686,0.234014,0.075122,0.600000
proposed_negative_transfer_guard,combined_stress,compound_contact_shift,lid_twist_force_control,2,84,0.666667,0.102141,0.567000,0.076827,0.235282,0.077466,0.600000
proposed_negative_transfer_guard,combined_stress,source_matched,slip_limited_grasp,3,84,0.714286,0.091415,0.592945,0.065416,0.233371,0.074409,0.600000
proposed_negative_transfer_guard,combined_stress,low_friction,slip_limited_grasp,3,84,0.630952,0.095855,0.602899,0.069440,0.237099,0.080346,0.600000
proposed_negative_transfer_guard,combined_stress,soft_compliance,slip_limited_grasp,3,84,0.702381,0.093065,0.593404,0.067875,0.235134,0.078681,0.600000
proposed_negative_transfer_guard,combined_stress,texture_aliasing,slip_limited_grasp,3,84,0.702381,0.089777,0.604141,0.066394,0.233462,0.080056,0.600000
proposed_negative_transfer_guard,combined_stress,taxel_bias,slip_limited_grasp,3,84,0.595238,0.090293,0.598930,0.072128,0.233062,0.077716,0.600000
proposed_negative_transfer_guard,combined_stress,transient_shear_spike,slip_limited_grasp,3,84,0.535714,0.096364,0.602950,0.071668,0.234714,0.075021,0.600000
proposed_negative_transfer_guard,combined_stress,compound_contact_shift,slip_limited_grasp,3,84,0.654762,0.097404,0.599468,0.077027,0.238147,0.082836,0.600000
proposed_negative_transfer_guard,combined_stress,source_matched,peg_in_hole_contact_search,3,84,0.630952,0.091629,0.572631,0.066225,0.238204,0.072904,0.600000
proposed_negative_transfer_guard,combined_stress,low_friction,peg_in_hole_contact_search,3,84,0.654762,0.086493,0.568221,0.068232,0.233619,0.072247,0.600000
proposed_negative_transfer_guard,combined_stress,soft_compliance,peg_in_hole_contact_search,3,84,0.607143,0.086061,0.580272,0.071451,0.235368,0.072205,0.600000
proposed_negative_transfer_guard,combined_stress,texture_aliasing,peg_in_hole_contact_search,3,84,0.666667,0.087561,0.580182,0.072153,0.235817,0.076878,0.600000
proposed_negative_transfer_guard,combined_stress,taxel_bias,peg_in_hole_contact_search,3,84,0.619048,0.095367,0.567897,0.073984,0.239206,0.079558,0.600000
proposed_negative_transfer_guard,combined_stress,transient_shear_spike,peg_in_hole_contact_search,3,84,0.678571,0.094075,0.578883,0.072907,0.233807,0.079798,0.600000
proposed_negative_transfer_guard,combined_stress,compound_contact_shift,peg_in_hole_contact_search,3,84,0.619048,0.099904,0.564574,0.078398,0.235642,0.082906,0.600000
proposed_negative_transfer_guard,combined_stress,source_matched,cloth_edge_pull,3,84,0.630952,0.088335,0.598824,0.070304,0.231472,0.078847,0.600000
proposed_negative_transfer_guard,combined_stress,low_friction,cloth_edge_pull,3,84,0.630952,0.084813,0.596835,0.066139,0.236396,0.079301,0.600000
proposed_negative_transfer_guard,combined_stress,soft_compliance,cloth_edge_pull,3,84,0.654762,0.087963,0.596250,0.070319,0.231243,0.073722,0.600000
proposed_negative_transfer_guard,combined_stress,texture_aliasing,cloth_edge_pull,3,84,0.571429,0.094659,0.603954,0.070572,0.237727,0.073970,0.600000
proposed_negative_transfer_guard,combined_stress,taxel_bias,cloth_edge_pull,3,84,0.630952,0.095301,0.598932,0.072236,0.234412,0.079720,0.600000
proposed_negative_transfer_guard,combined_stress,transient_shear_spike,cloth_edge_pull,3,84,0.619048,0.091135,0.605607,0.070741,0.236386,0.077980,0.600000
proposed_negative_transfer_guard,combined_stress,compound_contact_shift,cloth_edge_pull,3,84,0.607143,0.102160,0.599092,0.079025,0.240828,0.076663,0.600000
proposed_negative_transfer_guard,combined_stress,source_matched,cable_threading,3,84,0.654762,0.086174,0.600712,0.067708,0.237488,0.076510,0.600000
proposed_negative_transfer_guard,combined_stress,low_friction,cable_threading,3,84,0.714286,0.095018,0.617272,0.071537,0.233577,0.077476,0.600000
proposed_negative_transfer_guard,combined_stress,soft_compliance,cable_threading,3,84,0.559524,0.085622,0.615877,0.070562,0.239282,0.079265,0.600000
proposed_negative_transfer_guard,combined_stress,texture_aliasing,cable_threading,3,84,0.571429,0.092138,0.605302,0.068296,0.235928,0.079389,0.600000
proposed_negative_transfer_guard,combined_stress,taxel_bias,cable_threading,3,84,0.583333,0.093860,0.601900,0.071979,0.234190,0.077879,0.600000
proposed_negative_transfer_guard,combined_stress,transient_shear_spike,cable_threading,3,84,0.630952,0.087715,0.605605,0.067478,0.233773,0.074775,0.600000
proposed_negative_transfer_guard,combined_stress,compound_contact_shift,cable_threading,3,84,0.595238,0.098559,0.598820,0.076219,0.238524,0.081338,0.600000
proposed_negative_transfer_guard,combined_stress,source_matched,lid_twist_force_control,3,84,0.678571,0.094406,0.575849,0.073080,0.238208,0.075867,0.600000
proposed_negative_transfer_guard,combined_stress,low_friction,lid_twist_force_control,3,84,0.750000,0.092246,0.575903,0.068175,0.234750,0.077260,0.600000
proposed_negative_transfer_guard,combined_stress,soft_compliance,lid_twist_force_control,3,84,0.690476,0.087350,0.563249,0.068269,0.233737,0.074144,0.600000
proposed_negative_transfer_guard,combined_stress,texture_aliasing,lid_twist_force_control,3,84,0.726190,0.087362,0.560927,0.068425,0.233622,0.077792,0.600000
proposed_negative_transfer_guard,combined_stress,taxel_bias,lid_twist_force_control,3,84,0.761905,0.092090,0.562034,0.065813,0.233460,0.078353,0.600000
proposed_negative_transfer_guard,combined_stress,transient_shear_spike,lid_twist_force_control,3,84,0.583333,0.086437,0.566477,0.067344,0.237442,0.075588,0.600000
proposed_negative_transfer_guard,combined_stress,compound_contact_shift,lid_twist_force_control,3,84,0.654762,0.102783,0.567945,0.077625,0.235928,0.077936,0.600000
proposed_negative_transfer_guard,combined_stress,source_matched,slip_limited_grasp,4,84,0.738095,0.091979,0.593773,0.065261,0.233323,0.074825,0.600000
proposed_negative_transfer_guard,combined_stress,low_friction,slip_limited_grasp,4,84,0.654762,0.084401,0.603709,0.068075,0.237043,0.072486,0.600000
proposed_negative_transfer_guard,combined_stress,soft_compliance,slip_limited_grasp,4,84,0.678571,0.093635,0.594241,0.068915,0.235946,0.079101,0.600000
proposed_negative_transfer_guard,combined_stress,texture_aliasing,slip_limited_grasp,4,84,0.642857,0.090353,0.604987,0.068332,0.234921,0.072477,0.600000
proposed_negative_transfer_guard,combined_stress,taxel_bias,slip_limited_grasp,4,84,0.738095,0.090833,0.599722,0.068979,0.230855,0.078116,0.600000
proposed_negative_transfer_guard,combined_stress,transient_shear_spike,slip_limited_grasp,4,84,0.595238,0.084964,0.603841,0.069451,0.234050,0.075203,0.600000
proposed_negative_transfer_guard,combined_stress,compound_contact_shift,slip_limited_grasp,4,84,0.630952,0.098016,0.600368,0.078100,0.238987,0.083286,0.600000
proposed_negative_transfer_guard,combined_stress,source_matched,peg_in_hole_contact_search,4,84,0.642857,0.092241,0.573531,0.066405,0.238402,0.073353,0.600000
proposed_negative_transfer_guard,combined_stress,low_friction,peg_in_hole_contact_search,4,84,0.738095,0.087093,0.569103,0.066617,0.232523,0.072688,0.600000
proposed_negative_transfer_guard,combined_stress,soft_compliance,peg_in_hole_contact_search,4,84,0.630952,0.086679,0.581181,0.071338,0.235356,0.072659,0.600000
proposed_negative_transfer_guard,combined_stress,texture_aliasing,peg_in_hole_contact_search,4,84,0.678571,0.088185,0.581100,0.072342,0.236023,0.077336,0.600000
proposed_negative_transfer_guard,combined_stress,taxel_bias,peg_in_hole_contact_search,4,84,0.642857,0.083949,0.568761,0.072647,0.231170,0.079727,0.600000
proposed_negative_transfer_guard,combined_stress,transient_shear_spike,peg_in_hole_contact_search,4,84,0.750000,0.094729,0.579846,0.071631,0.232961,0.080276,0.600000
proposed_negative_transfer_guard,combined_stress,compound_contact_shift,peg_in_hole_contact_search,4,84,0.559524,0.100564,0.565546,0.080400,0.237158,0.075384,0.600000
proposed_negative_transfer_guard,combined_stress,source_matched,cloth_edge_pull,4,84,0.726190,0.088881,0.599625,0.068349,0.230126,0.079251,0.600000
proposed_negative_transfer_guard,combined_stress,low_friction,cloth_edge_pull,4,84,0.666667,0.085347,0.597618,0.065664,0.236113,0.079697,0.600000
proposed_negative_transfer_guard,combined_stress,soft_compliance,cloth_edge_pull,4,84,0.595238,0.088515,0.597060,0.072239,0.232687,0.074131,0.600000
proposed_negative_transfer_guard,combined_stress,texture_aliasing,cloth_edge_pull,4,84,0.619048,0.095217,0.604773,0.069817,0.237246,0.074382,0.600000
proposed_negative_transfer_guard,combined_stress,taxel_bias,cloth_edge_pull,4,84,0.523810,0.095823,0.599697,0.075323,0.236692,0.080107,0.600000
proposed_negative_transfer_guard,combined_stress,transient_shear_spike,cloth_edge_pull,4,84,0.714286,0.091723,0.606471,0.068819,0.235068,0.078413,0.600000
proposed_negative_transfer_guard,combined_stress,compound_contact_shift,cloth_edge_pull,4,84,0.690476,0.102754,0.599965,0.077405,0.239728,0.077100,0.600000
proposed_negative_transfer_guard,combined_stress,source_matched,cable_threading,4,84,0.595238,0.086720,0.601513,0.069623,0.238928,0.076914,0.600000
proposed_negative_transfer_guard,combined_stress,low_friction,cable_threading,4,84,0.595238,0.095552,0.600046,0.074930,0.236080,0.077872,0.600000
proposed_negative_transfer_guard,combined_stress,soft_compliance,cable_threading,4,84,0.571429,0.086174,0.616687,0.070696,0.239440,0.079674,0.600000
proposed_negative_transfer_guard,combined_stress,texture_aliasing,cable_threading,4,84,0.583333,0.092696,0.606121,0.068434,0.236090,0.079801,0.600000
proposed_negative_transfer_guard,combined_stress,taxel_bias,cable_threading,4,84,0.535714,0.094382,0.602665,0.073577,0.235399,0.078266,0.600000
proposed_negative_transfer_guard,combined_stress,transient_shear_spike,cable_threading,4,84,0.607143,0.088303,0.606469,0.068532,0.234597,0.075208,0.600000
proposed_negative_transfer_guard,combined_stress,compound_contact_shift,cable_threading,4,84,0.607143,0.099153,0.599693,0.076385,0.238709,0.081775,0.600000
proposed_negative_transfer_guard,combined_stress,source_matched,lid_twist_force_control,4,84,0.571429,0.095000,0.576722,0.068218,0.232532,0.076305,0.600000
proposed_negative_transfer_guard,combined_stress,low_friction,lid_twist_force_control,4,84,0.630952,0.092828,0.576758,0.071605,0.237285,0.077689,0.600000
proposed_negative_transfer_guard,combined_stress,soft_compliance,lid_twist_force_control,4,84,0.702381,0.087950,0.564131,0.068439,0.233927,0.074585,0.600000
proposed_negative_transfer_guard,combined_stress,texture_aliasing,lid_twist_force_control,4,84,0.726190,0.087968,0.561818,0.068898,0.234030,0.078238,0.600000
proposed_negative_transfer_guard,combined_stress,taxel_bias,lid_twist_force_control,4,84,0.666667,0.092660,0.562871,0.068639,0.235558,0.078773,0.600000
proposed_negative_transfer_guard,combined_stress,transient_shear_spike,lid_twist_force_control,4,84,0.702381,0.087073,0.567413,0.064864,0.235727,0.076054,0.600000
proposed_negative_transfer_guard,combined_stress,compound_contact_shift,lid_twist_force_control,4,84,0.714286,0.103425,0.568890,0.076637,0.235289,0.078406,0.600000
proposed_negative_transfer_guard,combined_stress,source_matched,slip_limited_grasp,5,84,0.761905,0.092543,0.594601,0.065107,0.233274,0.075241,0.600000
proposed_negative_transfer_guard,combined_stress,low_friction,slip_limited_grasp,5,84,0.666667,0.084953,0.604519,0.068209,0.237201,0.072894,0.600000
proposed_negative_transfer_guard,combined_stress,soft_compliance,slip_limited_grasp,5,84,0.630952,0.094205,0.595078,0.070551,0.237187,0.079522,0.600000
proposed_negative_transfer_guard,combined_stress,texture_aliasing,slip_limited_grasp,5,84,0.761905,0.090929,0.605833,0.065805,0.233166,0.072902,0.600000
proposed_negative_transfer_guard,combined_stress,taxel_bias,slip_limited_grasp,5,84,0.666667,0.091373,0.600514,0.071187,0.232505,0.078516,0.600000
proposed_negative_transfer_guard,combined_stress,transient_shear_spike,slip_limited_grasp,5,84,0.666667,0.085570,0.604732,0.068138,0.233173,0.075648,0.600000
proposed_negative_transfer_guard,combined_stress,compound_contact_shift,slip_limited_grasp,5,84,0.619048,0.098628,0.583259,0.078875,0.239614,0.075731,0.600000
proposed_negative_transfer_guard,combined_stress,source_matched,peg_in_hole_contact_search,5,84,0.607143,0.092853,0.574431,0.067775,0.239456,0.073803,0.600000
proposed_negative_transfer_guard,combined_stress,low_friction,peg_in_hole_contact_search,5,84,0.642857,0.087693,0.569985,0.069466,0.234642,0.073129,0.600000
proposed_negative_transfer_guard,combined_stress,soft_compliance,peg_in_hole_contact_search,5,84,0.678571,0.087297,0.582090,0.070629,0.234915,0.073113,0.600000
proposed_negative_transfer_guard,combined_stress,texture_aliasing,peg_in_hole_contact_search,5,84,0.738095,0.088809,0.582018,0.063336,0.235371,0.077794,0.600000
proposed_negative_transfer_guard,combined_stress,taxel_bias,peg_in_hole_contact_search,5,84,0.773810,0.084537,0.569625,0.061828,0.229208,0.072156,0.600000
proposed_negative_transfer_guard,combined_stress,transient_shear_spike,peg_in_hole_contact_search,5,84,0.619048,0.095383,0.580809,0.067410,0.235758,0.072750,0.600000
proposed_negative_transfer_guard,combined_stress,compound_contact_shift,peg_in_hole_contact_search,5,84,0.607143,0.101224,0.566518,0.079724,0.236744,0.075867,0.600000
proposed_negative_transfer_guard,combined_stress,source_matched,cloth_edge_pull,5,84,0.678571,0.089427,0.600426,0.069966,0.231351,0.079655,0.600000
proposed_negative_transfer_guard,combined_stress,low_friction,cloth_edge_pull,5,84,0.738095,0.085881,0.598401,0.064296,0.235187,0.080093,0.600000
proposed_negative_transfer_guard,combined_stress,soft_compliance,cloth_edge_pull,5,84,0.583333,0.089067,0.597870,0.072967,0.233273,0.074539,0.600000
proposed_negative_transfer_guard,combined_stress,texture_aliasing,cloth_edge_pull,5,84,0.654762,0.095775,0.605592,0.069360,0.236979,0.074794,0.600000
proposed_negative_transfer_guard,combined_stress,taxel_bias,cloth_edge_pull,5,84,0.523810,0.084339,0.600462,0.074531,0.237044,0.080231,0.600000
proposed_negative_transfer_guard,combined_stress,transient_shear_spike,cloth_edge_pull,5,84,0.642857,0.092311,0.607335,0.071064,0.236750,0.078846,0.600000
proposed_negative_transfer_guard,combined_stress,compound_contact_shift,cloth_edge_pull,5,84,0.619048,0.103348,0.600838,0.079655,0.241414,0.077537,0.600000
proposed_negative_transfer_guard,combined_stress,source_matched,cable_threading,5,84,0.642857,0.087266,0.602314,0.068859,0.238438,0.077318,0.600000
proposed_negative_transfer_guard,combined_stress,low_friction,cable_threading,5,84,0.619048,0.096086,0.600829,0.074752,0.236011,0.078268,0.600000
proposed_negative_transfer_guard,combined_stress,soft_compliance,cable_threading,5,84,0.559524,0.086726,0.617497,0.071425,0.240026,0.080082,0.600000
proposed_negative_transfer_guard,combined_stress,texture_aliasing,cable_threading,5,84,0.607143,0.093254,0.606940,0.068275,0.236037,0.080213,0.600000
proposed_negative_transfer_guard,combined_stress,taxel_bias,cable_threading,5,84,0.583333,0.094904,0.603430,0.072795,0.234894,0.078654,0.600000
proposed_negative_transfer_guard,combined_stress,transient_shear_spike,cable_threading,5,84,0.583333,0.088891,0.607333,0.069586,0.235422,0.075641,0.600000
proposed_negative_transfer_guard,combined_stress,compound_contact_shift,cable_threading,5,84,0.535714,0.099747,0.600566,0.078634,0.240395,0.082212,0.600000
proposed_negative_transfer_guard,combined_stress,source_matched,lid_twist_force_control,5,84,0.630952,0.095594,0.577595,0.067194,0.231861,0.076742,0.600000
proposed_negative_transfer_guard,combined_stress,low_friction,lid_twist_force_control,5,84,0.690476,0.093410,0.577613,0.070571,0.236605,0.078118,0.600000
proposed_negative_transfer_guard,combined_stress,soft_compliance,lid_twist_force_control,5,84,0.571429,0.088550,0.565013,0.072181,0.236688,0.075027,0.600000
proposed_negative_transfer_guard,combined_stress,texture_aliasing,lid_twist_force_control,5,84,0.630952,0.088574,0.562709,0.071752,0.236153,0.078683,0.600000
proposed_negative_transfer_guard,combined_stress,taxel_bias,lid_twist_force_control,5,84,0.630952,0.093230,0.563708,0.069977,0.236585,0.079194,0.600000
proposed_negative_transfer_guard,combined_stress,transient_shear_spike,lid_twist_force_control,5,84,0.619048,0.087709,0.568349,0.067443,0.237655,0.076520,0.600000
proposed_negative_transfer_guard,combined_stress,compound_contact_shift,lid_twist_force_control,5,84,0.595238,0.104067,0.569835,0.080114,0.237864,0.078876,0.600000
proposed_negative_transfer_guard,combined_stress,source_matched,slip_limited_grasp,6,84,0.726190,0.093107,0.595429,0.066440,0.234297,0.075658,0.600000
proposed_negative_transfer_guard,combined_stress,low_friction,slip_limited_grasp,6,84,0.630952,0.085505,0.605329,0.069533,0.238215,0.073302,0.600000
proposed_negative_transfer_guard,combined_stress,soft_compliance,slip_limited_grasp,6,84,0.559524,0.094775,0.595915,0.072781,0.238857,0.079942,0.600000
proposed_negative_transfer_guard,combined_stress,texture_aliasing,slip_limited_grasp,6,84,0.714286,0.091505,0.606679,0.067445,0.234411,0.073326,0.600000
proposed_negative_transfer_guard,combined_stress,taxel_bias,slip_limited_grasp,6,84,0.726190,0.091913,0.601306,0.070121,0.231797,0.078915,0.600000
proposed_negative_transfer_guard,combined_stress,transient_shear_spike,slip_limited_grasp,6,84,0.678571,0.086176,0.605623,0.068313,0.233366,0.076093,0.600000
proposed_negative_transfer_guard,combined_stress,compound_contact_shift,slip_limited_grasp,6,84,0.571429,0.099240,0.584159,0.080542,0.240883,0.076181,0.600000
proposed_negative_transfer_guard,combined_stress,source_matched,peg_in_hole_contact_search,6,84,0.654762,0.093465,0.575331,0.067061,0.231007,0.074252,0.600000
proposed_negative_transfer_guard,combined_stress,low_friction,peg_in_hole_contact_search,6,84,0.642857,0.088293,0.570867,0.069934,0.235046,0.073571,0.600000
proposed_negative_transfer_guard,combined_stress,soft_compliance,peg_in_hole_contact_search,6,84,0.678571,0.087915,0.582999,0.071111,0.235331,0.073566,0.600000
proposed_negative_transfer_guard,combined_stress,texture_aliasing,peg_in_hole_contact_search,6,84,0.750000,0.089433,0.582936,0.063525,0.235577,0.078252,0.600000
proposed_negative_transfer_guard,combined_stress,taxel_bias,peg_in_hole_contact_search,6,84,0.630952,0.085125,0.570489,0.065859,0.232176,0.072589,0.600000
proposed_negative_transfer_guard,combined_stress,transient_shear_spike,peg_in_hole_contact_search,6,84,0.690476,0.096037,0.581772,0.066134,0.234912,0.073229,0.600000
proposed_negative_transfer_guard,combined_stress,compound_contact_shift,peg_in_hole_contact_search,6,84,0.619048,0.101884,0.567490,0.079940,0.236974,0.076350,0.600000
proposed_negative_transfer_guard,combined_stress,source_matched,cloth_edge_pull,6,84,0.595238,0.089973,0.601227,0.072476,0.233219,0.080059,0.600000
proposed_negative_transfer_guard,combined_stress,low_friction,cloth_edge_pull,6,84,0.642857,0.086415,0.599184,0.067094,0.237262,0.072484,0.600000
proposed_negative_transfer_guard,combined_stress,soft_compliance,cloth_edge_pull,6,84,0.571429,0.089619,0.598680,0.073696,0.233859,0.074947,0.600000
proposed_negative_transfer_guard,combined_stress,texture_aliasing,cloth_edge_pull,6,84,0.607143,0.084327,0.606411,0.069786,0.238212,0.074942,0.600000
proposed_negative_transfer_guard,combined_stress,taxel_bias,cloth_edge_pull,6,84,0.547619,0.084861,0.601227,0.074344,0.236968,0.072614,0.600000
proposed_negative_transfer_guard,combined_stress,transient_shear_spike,cloth_edge_pull,6,84,0.607143,0.092899,0.608199,0.072415,0.237788,0.079279,0.600000
proposed_negative_transfer_guard,combined_stress,compound_contact_shift,cloth_edge_pull,6,84,0.738095,0.103942,0.601711,0.077142,0.239671,0.077974,0.600000
proposed_negative_transfer_guard,combined_stress,source_matched,cable_threading,6,84,0.559524,0.087812,0.603115,0.071369,0.240306,0.077722,0.600000
proposed_negative_transfer_guard,combined_stress,low_friction,cable_threading,6,84,0.595238,0.084614,0.601612,0.066560,0.236800,0.078399,0.600000
proposed_negative_transfer_guard,combined_stress,soft_compliance,cable_threading,6,84,0.654762,0.087278,0.600298,0.069475,0.238684,0.080490,0.600000
proposed_negative_transfer_guard,combined_stress,texture_aliasing,cable_threading,6,84,0.619048,0.093812,0.607759,0.068413,0.236199,0.080626,0.600000
proposed_negative_transfer_guard,combined_stress,taxel_bias,cable_threading,6,84,0.642857,0.095426,0.604195,0.071715,0.234174,0.079041,0.600000
proposed_negative_transfer_guard,combined_stress,transient_shear_spike,cable_threading,6,84,0.678571,0.089479,0.608197,0.067664,0.234104,0.076074,0.600000
proposed_negative_transfer_guard,combined_stress,compound_contact_shift,cable_threading,6,84,0.654762,0.100341,0.601439,0.076121,0.238652,0.082649,0.600000
proposed_negative_transfer_guard,combined_stress,source_matched,lid_twist_force_control,6,84,0.702381,0.084182,0.560459,0.064671,0.230975,0.076915,0.600000
proposed_negative_transfer_guard,combined_stress,low_friction,lid_twist_force_control,6,84,0.678571,0.093992,0.560459,0.071323,0.237212,0.078546,0.600000
proposed_negative_transfer_guard,combined_stress,soft_compliance,lid_twist_force_control,6,84,0.666667,0.089150,0.565895,0.070268,0.235378,0.075468,0.600000
proposed_negative_transfer_guard,combined_stress,texture_aliasing,lid_twist_force_control,6,84,0.726190,0.089180,0.563600,0.069843,0.234846,0.079128,0.600000
proposed_negative_transfer_guard,combined_stress,taxel_bias,lid_twist_force_control,6,84,0.630952,0.093800,0.564545,0.070422,0.236969,0.079614,0.600000
proposed_negative_transfer_guard,combined_stress,transient_shear_spike,lid_twist_force_control,6,84,0.678571,0.088345,0.569285,0.066450,0.237012,0.076986,0.600000
proposed_negative_transfer_guard,combined_stress,compound_contact_shift,lid_twist_force_control,6,84,0.607143,0.104709,0.570780,0.080316,0.238081,0.079346,0.600000
oracle_feature_selector,combined_stress,source_matched,slip_limited_grasp,0,84,0.785714,0.064872,0.656614,0.047236,0.190274,0.058457,0.600000
oracle_feature_selector,combined_stress,low_friction,slip_limited_grasp,0,84,0.726190,0.067224,0.663436,0.049064,0.192181,0.054952,0.600000
oracle_feature_selector,combined_stress,soft_compliance,slip_limited_grasp,0,84,0.738095,0.060456,0.665983,0.053941,0.188635,0.058551,0.600000
oracle_feature_selector,combined_stress,texture_aliasing,slip_limited_grasp,0,84,0.726190,0.062136,0.666163,0.048563,0.190489,0.055344,0.600000
oracle_feature_selector,combined_stress,taxel_bias,slip_limited_grasp,0,84,0.797619,0.062814,0.661195,0.049957,0.186983,0.053115,0.600000
oracle_feature_selector,combined_stress,transient_shear_spike,slip_limited_grasp,0,84,0.738095,0.064113,0.658330,0.053963,0.185575,0.055260,0.600000
oracle_feature_selector,combined_stress,compound_contact_shift,slip_limited_grasp,0,84,0.797619,0.069397,0.664406,0.057479,0.186323,0.059412,0.600000
oracle_feature_selector,combined_stress,source_matched,peg_in_hole_contact_search,0,84,0.654762,0.070014,0.643482,0.052920,0.191151,0.060252,0.600000
oracle_feature_selector,combined_stress,low_friction,peg_in_hole_contact_search,0,84,0.750000,0.062790,0.635940,0.051541,0.191893,0.058157,0.600000
oracle_feature_selector,combined_stress,soft_compliance,peg_in_hole_contact_search,0,84,0.714286,0.070386,0.642024,0.052613,0.190776,0.055641,0.600000
oracle_feature_selector,combined_stress,texture_aliasing,peg_in_hole_contact_search,0,84,0.738095,0.064848,0.649386,0.048812,0.187175,0.055467,0.600000
oracle_feature_selector,combined_stress,taxel_bias,peg_in_hole_contact_search,0,84,0.726190,0.060810,0.637344,0.048674,0.190030,0.057994,0.600000
oracle_feature_selector,combined_stress,transient_shear_spike,peg_in_hole_contact_search,0,84,0.714286,0.066752,0.641445,0.055050,0.190860,0.055333,0.600000
oracle_feature_selector,combined_stress,compound_contact_shift,peg_in_hole_contact_search,0,84,0.726190,0.076825,0.636694,0.055424,0.187654,0.062782,0.600000
oracle_feature_selector,combined_stress,source_matched,cloth_edge_pull,0,84,0.726190,0.067929,0.671862,0.056306,0.192110,0.059190,0.600000
oracle_feature_selector,combined_stress,low_friction,cloth_edge_pull,0,84,0.607143,0.062319,0.666741,0.053517,0.189780,0.058206,0.600000
oracle_feature_selector,combined_stress,soft_compliance,cloth_edge_pull,0,84,0.702381,0.061491,0.678198,0.052862,0.188694,0.057892,0.600000
oracle_feature_selector,combined_stress,texture_aliasing,cloth_edge_pull,0,84,0.738095,0.061149,0.675345,0.052746,0.188343,0.053293,0.600000
oracle_feature_selector,combined_stress,taxel_bias,cloth_edge_pull,0,84,0.666667,0.061953,0.670566,0.049805,0.187493,0.059154,0.600000
oracle_feature_selector,combined_stress,transient_shear_spike,cloth_edge_pull,0,84,0.666667,0.065021,0.670356,0.053679,0.186193,0.054514,0.600000
oracle_feature_selector,combined_stress,compound_contact_shift,cloth_edge_pull,0,84,0.750000,0.068283,0.655390,0.055050,0.193169,0.057273,0.600000
oracle_feature_selector,combined_stress,source_matched,cable_threading,0,84,0.702381,0.067308,0.676180,0.056135,0.192059,0.057967,0.600000
oracle_feature_selector,combined_stress,low_friction,cable_threading,0,84,0.738095,0.062058,0.671599,0.049753,0.187184,0.057231,0.600000
oracle_feature_selector,combined_stress,soft_compliance,cable_threading,0,84,0.738095,0.060690,0.682246,0.051065,0.187452,0.056545,0.600000
oracle_feature_selector,combined_stress,texture_aliasing,cable_threading,0,84,0.654762,0.060168,0.679123,0.053788,0.189124,0.059825,0.600000
oracle_feature_selector,combined_stress,taxel_bias,cable_threading,0,84,0.738095,0.062052,0.675964,0.047805,0.186208,0.058427,0.600000
oracle_feature_selector,combined_stress,transient_shear_spike,cable_threading,0,84,0.750000,0.063141,0.672784,0.049864,0.191378,0.060427,0.600000
oracle_feature_selector,combined_stress,compound_contact_shift,cable_threading,0,84,0.678571,0.078229,0.675557,0.056167,0.193016,0.063327,0.600000
oracle_feature_selector,combined_stress,source_matched,lid_twist_force_control,0,84,0.714286,0.062146,0.630851,0.051369,0.191901,0.055938,0.600000
oracle_feature_selector,combined_stress,low_friction,lid_twist_force_control,0,84,0.773810,0.069904,0.627773,0.054365,0.187265,0.056156,0.600000
oracle_feature_selector,combined_stress,soft_compliance,lid_twist_force_control,0,84,0.654762,0.061030,0.627161,0.052898,0.192676,0.058305,0.600000
oracle_feature_selector,combined_stress,texture_aliasing,lid_twist_force_control,0,84,0.773810,0.066010,0.632291,0.054780,0.186369,0.057371,0.600000
oracle_feature_selector,combined_stress,taxel_bias,lid_twist_force_control,0,84,0.845238,0.058894,0.633641,0.050198,0.185672,0.057778,0.600000
oracle_feature_selector,combined_stress,transient_shear_spike,lid_twist_force_control,0,84,0.809524,0.060474,0.631199,0.053825,0.184022,0.060117,0.600000
oracle_feature_selector,combined_stress,compound_contact_shift,lid_twist_force_control,0,84,0.726190,0.069058,0.624216,0.055439,0.189542,0.058538,0.600000
oracle_feature_selector,combined_stress,source_matched,slip_limited_grasp,1,84,0.690476,0.065382,0.657361,0.050016,0.192332,0.058836,0.600000
oracle_feature_selector,combined_stress,low_friction,slip_limited_grasp,1,84,0.738095,0.067722,0.664165,0.049156,0.192303,0.055323,0.600000
oracle_feature_selector,combined_stress,soft_compliance,slip_limited_grasp,1,84,0.726190,0.060972,0.666739,0.054642,0.189197,0.058935,0.600000
oracle_feature_selector,combined_stress,texture_aliasing,slip_limited_grasp,1,84,0.821429,0.062658,0.666928,0.046590,0.189127,0.055732,0.600000
oracle_feature_selector,combined_stress,taxel_bias,slip_limited_grasp,1,84,0.750000,0.063300,0.661906,0.051528,0.188169,0.053478,0.600000
oracle_feature_selector,combined_stress,transient_shear_spike,slip_limited_grasp,1,84,0.750000,0.064665,0.659140,0.054096,0.185733,0.055668,0.600000
oracle_feature_selector,combined_stress,compound_contact_shift,slip_limited_grasp,1,84,0.833333,0.069955,0.665225,0.057022,0.186057,0.059824,0.600000
oracle_feature_selector,combined_stress,source_matched,peg_in_hole_contact_search,1,84,0.797619,0.070572,0.644301,0.049785,0.188956,0.060665,0.600000
oracle_feature_selector,combined_stress,low_friction,peg_in_hole_contact_search,1,84,0.809524,0.063336,0.636741,0.050479,0.183186,0.058561,0.600000
oracle_feature_selector,combined_stress,soft_compliance,peg_in_hole_contact_search,1,84,0.738095,0.058944,0.642852,0.051258,0.190727,0.055793,0.600000
oracle_feature_selector,combined_stress,texture_aliasing,peg_in_hole_contact_search,1,84,0.666667,0.065418,0.632214,0.051043,0.188845,0.055887,0.600000
oracle_feature_selector,combined_stress,taxel_bias,peg_in_hole_contact_search,1,84,0.750000,0.061344,0.638127,0.048496,0.189961,0.058390,0.600000
oracle_feature_selector,combined_stress,transient_shear_spike,peg_in_hole_contact_search,1,84,0.750000,0.067352,0.642327,0.054625,0.190621,0.055774,0.600000
oracle_feature_selector,combined_stress,compound_contact_shift,peg_in_hole_contact_search,1,84,0.666667,0.077431,0.637585,0.057384,0.189133,0.063228,0.600000
oracle_feature_selector,combined_stress,source_matched,cloth_edge_pull,1,84,0.750000,0.068421,0.672582,0.048092,0.192013,0.059557,0.600000
oracle_feature_selector,combined_stress,low_friction,cloth_edge_pull,1,84,0.690476,0.062799,0.667443,0.051810,0.188604,0.058565,0.600000
oracle_feature_selector,combined_stress,soft_compliance,cloth_edge_pull,1,84,0.761905,0.061989,0.678927,0.051763,0.187959,0.058263,0.600000
oracle_feature_selector,combined_stress,texture_aliasing,cloth_edge_pull,1,84,0.726190,0.061653,0.676083,0.053438,0.188898,0.053668,0.600000
oracle_feature_selector,combined_stress,taxel_bias,cloth_edge_pull,1,84,0.714286,0.062421,0.671250,0.048981,0.186952,0.059505,0.600000
oracle_feature_selector,combined_stress,transient_shear_spike,cloth_edge_pull,1,84,0.678571,0.065555,0.671139,0.053799,0.186339,0.054909,0.600000
oracle_feature_selector,combined_stress,compound_contact_shift,cloth_edge_pull,1,84,0.690476,0.068823,0.656182,0.056960,0.194604,0.057673,0.600000
oracle_feature_selector,combined_stress,source_matched,cable_threading,1,84,0.750000,0.067800,0.676900,0.055330,0.191534,0.058333,0.600000
oracle_feature_selector,combined_stress,low_friction,cable_threading,1,84,0.678571,0.062538,0.672301,0.051618,0.188580,0.057590,0.600000
oracle_feature_selector,combined_stress,soft_compliance,cable_threading,1,84,0.607143,0.061188,0.682975,0.054728,0.190145,0.056916,0.600000
oracle_feature_selector,combined_stress,texture_aliasing,cable_threading,1,84,0.761905,0.060672,0.679861,0.051504,0.187536,0.060201,0.600000
oracle_feature_selector,combined_stress,taxel_bias,cable_threading,1,84,0.654762,0.062520,0.676648,0.050255,0.188024,0.058777,0.600000
oracle_feature_selector,combined_stress,transient_shear_spike,cable_threading,1,84,0.654762,0.063675,0.673567,0.052662,0.193452,0.060823,0.600000
oracle_feature_selector,combined_stress,compound_contact_shift,cable_threading,1,84,0.690476,0.078769,0.676349,0.056291,0.193165,0.063727,0.600000
oracle_feature_selector,combined_stress,source_matched,lid_twist_force_control,1,84,0.821429,0.062686,0.631643,0.049113,0.190336,0.056338,0.600000
oracle_feature_selector,combined_stress,low_friction,lid_twist_force_control,1,84,0.690476,0.070432,0.628547,0.056861,0.189121,0.056548,0.600000
oracle_feature_selector,combined_stress,soft_compliance,lid_twist_force_control,1,84,0.750000,0.061576,0.627962,0.050944,0.191330,0.058709,0.600000
oracle_feature_selector,combined_stress,texture_aliasing,lid_twist_force_control,1,84,0.714286,0.066562,0.633101,0.048695,0.187813,0.057779,0.600000
oracle_feature_selector,combined_stress,taxel_bias,lid_twist_force_control,1,84,0.785714,0.059410,0.634397,0.052090,0.187091,0.058162,0.600000
oracle_feature_selector,combined_stress,transient_shear_spike,lid_twist_force_control,1,84,0.797619,0.061056,0.632054,0.046573,0.184629,0.060546,0.600000
oracle_feature_selector,combined_stress,compound_contact_shift,lid_twist_force_control,1,84,0.821429,0.069646,0.625080,0.053517,0.188224,0.058971,0.600000
oracle_feature_selector,combined_stress,source_matched,slip_limited_grasp,2,84,0.809524,0.065892,0.658108,0.047439,0.190533,0.059215,0.600000
oracle_feature_selector,combined_stress,low_friction,slip_limited_grasp,2,84,0.773810,0.068220,0.664894,0.048653,0.183992,0.055694,0.600000
oracle_feature_selector,combined_stress,soft_compliance,slip_limited_grasp,2,84,0.797619,0.061488,0.667495,0.053260,0.188259,0.059318,0.600000
oracle_feature_selector,combined_stress,texture_aliasing,slip_limited_grasp,2,84,0.726190,0.063180,0.667693,0.049379,0.191193,0.056119,0.600000
oracle_feature_selector,combined_stress,taxel_bias,slip_limited_grasp,2,84,0.761905,0.063786,0.662617,0.051611,0.188282,0.053841,0.600000
oracle_feature_selector,combined_stress,transient_shear_spike,slip_limited_grasp,2,84,0.809524,0.065217,0.659950,0.053040,0.185033,0.056076,0.600000
oracle_feature_selector,combined_stress,compound_contact_shift,slip_limited_grasp,2,84,0.761905,0.070513,0.666044,0.059244,0.187718,0.060237,0.600000
oracle_feature_selector,combined_stress,source_matched,peg_in_hole_contact_search,2,84,0.690476,0.059124,0.645120,0.051698,0.191260,0.052809,0.600000
oracle_feature_selector,combined_stress,low_friction,peg_in_hole_contact_search,2,84,0.726190,0.063882,0.637542,0.052989,0.185054,0.058965,0.600000
oracle_feature_selector,combined_stress,soft_compliance,peg_in_hole_contact_search,2,84,0.845238,0.059508,0.643680,0.049020,0.189179,0.056209,0.600000
oracle_feature_selector,combined_stress,texture_aliasing,peg_in_hole_contact_search,2,84,0.797619,0.065988,0.633051,0.048214,0.186872,0.056308,0.600000
oracle_feature_selector,combined_stress,taxel_bias,peg_in_hole_contact_search,2,84,0.750000,0.061878,0.638910,0.048914,0.190321,0.058785,0.600000
oracle_feature_selector,combined_stress,transient_shear_spike,peg_in_hole_contact_search,2,84,0.761905,0.067952,0.643209,0.054796,0.190811,0.056215,0.600000
oracle_feature_selector,combined_stress,compound_contact_shift,peg_in_hole_contact_search,2,84,0.726190,0.078037,0.638476,0.056369,0.188470,0.063673,0.600000
oracle_feature_selector,combined_stress,source_matched,cloth_edge_pull,2,84,0.702381,0.068913,0.673302,0.049668,0.185198,0.059923,0.600000
oracle_feature_selector,combined_stress,low_friction,cloth_edge_pull,2,84,0.726190,0.063279,0.668145,0.051293,0.188286,0.058923,0.600000
oracle_feature_selector,combined_stress,soft_compliance,cloth_edge_pull,2,84,0.678571,0.062487,0.661647,0.054236,0.189795,0.058634,0.600000
oracle_feature_selector,combined_stress,texture_aliasing,cloth_edge_pull,2,84,0.726190,0.062157,0.676821,0.053833,0.189238,0.054043,0.600000
oracle_feature_selector,combined_stress,taxel_bias,cloth_edge_pull,2,84,0.654762,0.062889,0.671934,0.050836,0.188339,0.059855,0.600000
oracle_feature_selector,combined_stress,transient_shear_spike,cloth_edge_pull,2,84,0.761905,0.066089,0.671922,0.052133,0.185199,0.055305,0.600000
oracle_feature_selector,combined_stress,compound_contact_shift,cloth_edge_pull,2,84,0.654762,0.069363,0.656974,0.058275,0.195611,0.058073,0.600000
oracle_feature_selector,combined_stress,source_matched,cable_threading,2,84,0.702381,0.068292,0.677620,0.056906,0.192723,0.058700,0.600000
oracle_feature_selector,combined_stress,low_friction,cable_threading,2,84,0.654762,0.063018,0.673003,0.052589,0.189332,0.057948,0.600000
oracle_feature_selector,combined_stress,soft_compliance,cable_threading,2,84,0.702381,0.061686,0.683704,0.052737,0.188767,0.057287,0.600000
oracle_feature_selector,combined_stress,texture_aliasing,cable_threading,2,84,0.785714,0.061176,0.680599,0.051303,0.187447,0.060576,0.600000
oracle_feature_selector,combined_stress,taxel_bias,cable_threading,2,84,0.726190,0.062988,0.677332,0.048836,0.187054,0.059127,0.600000
oracle_feature_selector,combined_stress,transient_shear_spike,cable_threading,2,84,0.678571,0.064209,0.674350,0.052485,0.193384,0.061218,0.600000
oracle_feature_selector,combined_stress,compound_contact_shift,cable_threading,2,84,0.666667,0.067303,0.659132,0.056108,0.193958,0.063862,0.600000
oracle_feature_selector,combined_stress,source_matched,lid_twist_force_control,2,84,0.726190,0.063226,0.632435,0.051916,0.192414,0.056737,0.600000
oracle_feature_selector,combined_stress,low_friction,lid_twist_force_control,2,84,0.845238,0.058954,0.629321,0.052204,0.186692,0.056676,0.600000
oracle_feature_selector,combined_stress,soft_compliance,lid_twist_force_control,2,84,0.785714,0.062122,0.628763,0.050477,0.191055,0.059113,0.600000
oracle_feature_selector,combined_stress,texture_aliasing,lid_twist_force_control,2,84,0.750000,0.067114,0.633911,0.048233,0.187542,0.058187,0.600000
oracle_feature_selector,combined_stress,taxel_bias,lid_twist_force_control,2,84,0.773810,0.059926,0.635153,0.052791,0.187653,0.058545,0.600000
oracle_feature_selector,combined_stress,transient_shear_spike,lid_twist_force_control,2,84,0.773810,0.061638,0.632909,0.047623,0.185449,0.052971,0.600000
oracle_feature_selector,combined_stress,compound_contact_shift,lid_twist_force_control,2,84,0.702381,0.070234,0.625944,0.056952,0.190763,0.059404,0.600000
oracle_feature_selector,combined_stress,source_matched,slip_limited_grasp,3,84,0.761905,0.066402,0.658855,0.049029,0.191734,0.059594,0.600000
oracle_feature_selector,combined_stress,low_friction,slip_limited_grasp,3,84,0.857143,0.068718,0.665623,0.046959,0.182828,0.056065,0.600000
oracle_feature_selector,combined_stress,soft_compliance,slip_limited_grasp,3,84,0.773810,0.062004,0.668251,0.054259,0.189036,0.059701,0.600000
oracle_feature_selector,combined_stress,texture_aliasing,slip_limited_grasp,3,84,0.738095,0.063702,0.668458,0.049490,0.191331,0.056507,0.600000
oracle_feature_selector,combined_stress,taxel_bias,slip_limited_grasp,3,84,0.833333,0.064272,0.663328,0.050206,0.187325,0.054203,0.600000
oracle_feature_selector,combined_stress,transient_shear_spike,slip_limited_grasp,3,84,0.773810,0.065769,0.660760,0.054364,0.186048,0.056484,0.600000
oracle_feature_selector,combined_stress,compound_contact_shift,slip_limited_grasp,3,84,0.773810,0.071071,0.648854,0.059382,0.187880,0.060649,0.600000
oracle_feature_selector,combined_stress,source_matched,peg_in_hole_contact_search,3,84,0.690476,0.059682,0.645939,0.052134,0.191636,0.053221,0.600000
oracle_feature_selector,combined_stress,low_friction,peg_in_hole_contact_search,3,84,0.738095,0.064428,0.638343,0.053118,0.185207,0.059369,0.600000
oracle_feature_selector,combined_stress,soft_compliance,peg_in_hole_contact_search,3,84,0.845238,0.060072,0.644508,0.049460,0.189559,0.056626,0.600000
oracle_feature_selector,combined_stress,texture_aliasing,peg_in_hole_contact_search,3,84,0.773810,0.066558,0.633888,0.049255,0.187684,0.056728,0.600000
oracle_feature_selector,combined_stress,taxel_bias,peg_in_hole_contact_search,3,84,0.809524,0.062412,0.639693,0.047843,0.189610,0.059181,0.600000
oracle_feature_selector,combined_stress,transient_shear_spike,peg_in_hole_contact_search,3,84,0.857143,0.068552,0.644091,0.052883,0.189500,0.056656,0.600000
oracle_feature_selector,combined_stress,compound_contact_shift,peg_in_hole_contact_search,3,84,0.726190,0.066637,0.639367,0.055641,0.188878,0.055850,0.600000
oracle_feature_selector,combined_stress,source_matched,cloth_edge_pull,3,84,0.761905,0.069405,0.674022,0.048565,0.184459,0.060290,0.600000
oracle_feature_selector,combined_stress,low_friction,cloth_edge_pull,3,84,0.750000,0.063759,0.668847,0.051074,0.188181,0.059282,0.600000
oracle_feature_selector,combined_stress,soft_compliance,cloth_edge_pull,3,84,0.773810,0.062985,0.662376,0.052245,0.188416,0.059005,0.600000
oracle_feature_selector,combined_stress,texture_aliasing,cloth_edge_pull,3,84,0.642857,0.062661,0.677559,0.056311,0.191078,0.054418,0.600000
oracle_feature_selector,combined_stress,taxel_bias,cloth_edge_pull,3,84,0.702381,0.063357,0.672618,0.050012,0.187798,0.060205,0.600000
oracle_feature_selector,combined_stress,transient_shear_spike,cloth_edge_pull,3,84,0.714286,0.066623,0.672705,0.053741,0.186416,0.055701,0.600000
oracle_feature_selector,combined_stress,compound_contact_shift,cloth_edge_pull,3,84,0.726190,0.069903,0.657766,0.056912,0.194690,0.058473,0.600000
oracle_feature_selector,combined_stress,source_matched,cable_threading,3,84,0.714286,0.068784,0.678340,0.048989,0.192841,0.059067,0.600000
oracle_feature_selector,combined_stress,low_friction,cable_threading,3,84,0.642857,0.063498,0.673705,0.053262,0.189870,0.058307,0.600000
oracle_feature_selector,combined_stress,soft_compliance,cable_threading,3,84,0.630952,0.062184,0.666424,0.054913,0.190389,0.057658,0.600000
oracle_feature_selector,combined_stress,texture_aliasing,cable_threading,3,84,0.714286,0.061680,0.681337,0.053483,0.189073,0.060951,0.600000
oracle_feature_selector,combined_stress,taxel_bias,cable_threading,3,84,0.714286,0.063456,0.678016,0.049500,0.187585,0.059478,0.600000
oracle_feature_selector,combined_stress,transient_shear_spike,cable_threading,3,84,0.654762,0.064743,0.675133,0.053497,0.194172,0.053610,0.600000
oracle_feature_selector,combined_stress,compound_contact_shift,cable_threading,3,84,0.773810,0.067843,0.659924,0.053851,0.192393,0.056258,0.600000
oracle_feature_selector,combined_stress,source_matched,lid_twist_force_control,3,84,0.785714,0.063766,0.633227,0.050850,0.183703,0.057137,0.600000
oracle_feature_selector,combined_stress,low_friction,lid_twist_force_control,3,84,0.714286,0.059482,0.630095,0.047887,0.189405,0.057067,0.600000
oracle_feature_selector,combined_stress,soft_compliance,lid_twist_force_control,3,84,0.833333,0.062668,0.629564,0.049713,0.182562,0.059517,0.600000
oracle_feature_selector,combined_stress,texture_aliasing,lid_twist_force_control,3,84,0.904762,0.067666,0.634721,0.044796,0.185128,0.058595,0.600000
oracle_feature_selector,combined_stress,taxel_bias,lid_twist_force_control,3,84,0.678571,0.060442,0.635909,0.055576,0.189716,0.058928,0.600000
oracle_feature_selector,combined_stress,transient_shear_spike,lid_twist_force_control,3,84,0.678571,0.062220,0.633764,0.050458,0.187556,0.053399,0.600000
oracle_feature_selector,combined_stress,compound_contact_shift,lid_twist_force_control,3,84,0.738095,0.070822,0.626808,0.056518,0.190516,0.059837,0.600000
oracle_feature_selector,combined_stress,source_matched,slip_limited_grasp,4,84,0.773810,0.066912,0.659602,0.049130,0.183860,0.059973,0.600000
oracle_feature_selector,combined_stress,low_friction,slip_limited_grasp,4,84,0.869048,0.069216,0.666352,0.047051,0.182950,0.056436,0.600000
oracle_feature_selector,combined_stress,soft_compliance,slip_limited_grasp,4,84,0.797619,0.062520,0.669007,0.046064,0.188955,0.060085,0.600000
oracle_feature_selector,combined_stress,texture_aliasing,slip_limited_grasp,4,84,0.809524,0.064224,0.669223,0.048112,0.190397,0.056894,0.600000
oracle_feature_selector,combined_stress,taxel_bias,slip_limited_grasp,4,84,0.797619,0.064758,0.664039,0.051479,0.188295,0.054566,0.600000
oracle_feature_selector,combined_stress,transient_shear_spike,slip_limited_grasp,4,84,0.785714,0.066321,0.661570,0.054497,0.186206,0.056892,0.600000
oracle_feature_selector,combined_stress,compound_contact_shift,slip_limited_grasp,4,84,0.761905,0.071629,0.649673,0.060115,0.188470,0.061061,0.600000
oracle_feature_selector,combined_stress,source_matched,peg_in_hole_contact_search,4,84,0.761905,0.060240,0.646758,0.050784,0.190727,0.053633,0.600000
oracle_feature_selector,combined_stress,low_friction,peg_in_hole_contact_search,4,84,0.702381,0.064974,0.639144,0.054438,0.186218,0.059773,0.600000
oracle_feature_selector,combined_stress,soft_compliance,peg_in_hole_contact_search,4,84,0.761905,0.060636,0.645336,0.051984,0.191439,0.057042,0.600000
oracle_feature_selector,combined_stress,texture_aliasing,peg_in_hole_contact_search,4,84,0.761905,0.067128,0.634725,0.049997,0.188283,0.057149,0.600000
oracle_feature_selector,combined_stress,taxel_bias,peg_in_hole_contact_search,4,84,0.845238,0.062946,0.640476,0.047368,0.189327,0.059577,0.600000
oracle_feature_selector,combined_stress,transient_shear_spike,peg_in_hole_contact_search,4,84,0.821429,0.069152,0.644973,0.054244,0.190547,0.057097,0.600000
oracle_feature_selector,combined_stress,compound_contact_shift,peg_in_hole_contact_search,4,84,0.738095,0.067243,0.640258,0.055816,0.189071,0.056295,0.600000
oracle_feature_selector,combined_stress,source_matched,cloth_edge_pull,4,84,0.773810,0.069897,0.674742,0.048652,0.184576,0.060657,0.600000
oracle_feature_selector,combined_stress,low_friction,cloth_edge_pull,4,84,0.702381,0.064239,0.669549,0.052640,0.189362,0.059641,0.600000
oracle_feature_selector,combined_stress,soft_compliance,cloth_edge_pull,4,84,0.738095,0.063483,0.663105,0.053528,0.189395,0.059376,0.600000
oracle_feature_selector,combined_stress,texture_aliasing,cloth_edge_pull,4,84,0.654762,0.063165,0.678297,0.056407,0.191203,0.054793,0.600000
oracle_feature_selector,combined_stress,taxel_bias,cloth_edge_pull,4,84,0.678571,0.063825,0.673302,0.050974,0.188543,0.060555,0.600000
oracle_feature_selector,combined_stress,transient_shear_spike,cloth_edge_pull,4,84,0.702381,0.067157,0.673488,0.054456,0.186990,0.056097,0.600000
oracle_feature_selector,combined_stress,compound_contact_shift,cloth_edge_pull,4,84,0.726190,0.070443,0.658558,0.057334,0.195054,0.058873,0.600000
oracle_feature_selector,combined_stress,source_matched,cable_threading,4,84,0.559524,0.069276,0.679060,0.053244,0.187954,0.059434,0.600000
oracle_feature_selector,combined_stress,low_friction,cable_threading,4,84,0.702381,0.063978,0.674407,0.052150,0.189123,0.058665,0.600000
oracle_feature_selector,combined_stress,soft_compliance,cable_threading,4,84,0.785714,0.062682,0.667153,0.051433,0.187939,0.058029,0.600000
oracle_feature_selector,combined_stress,texture_aliasing,cable_threading,4,84,0.666667,0.062184,0.682075,0.055068,0.190270,0.053322,0.600000
oracle_feature_selector,combined_stress,taxel_bias,cable_threading,4,84,0.642857,0.063924,0.678700,0.051653,0.189186,0.059828,0.600000
oracle_feature_selector,combined_stress,transient_shear_spike,cable_threading,4,84,0.714286,0.065277,0.675916,0.052427,0.185457,0.054006,0.600000
oracle_feature_selector,combined_stress,compound_contact_shift,cable_threading,4,84,0.773810,0.068383,0.660716,0.054273,0.192757,0.056658,0.600000
oracle_feature_selector,combined_stress,source_matched,lid_twist_force_control,4,84,0.797619,0.064306,0.634019,0.050974,0.183853,0.057537,0.600000
oracle_feature_selector,combined_stress,low_friction,lid_twist_force_control,4,84,0.809524,0.060010,0.630869,0.045919,0.188046,0.057459,0.600000
oracle_feature_selector,combined_stress,soft_compliance,lid_twist_force_control,4,84,0.761905,0.063214,0.630365,0.051926,0.184216,0.059921,0.600000
oracle_feature_selector,combined_stress,texture_aliasing,lid_twist_force_control,4,84,0.833333,0.068218,0.635531,0.047012,0.186786,0.059003,0.600000
oracle_feature_selector,combined_stress,taxel_bias,lid_twist_force_control,4,84,0.738095,0.060958,0.636665,0.054491,0.188992,0.059312,0.600000
oracle_feature_selector,combined_stress,transient_shear_spike,lid_twist_force_control,4,84,0.714286,0.062802,0.634619,0.050019,0.187305,0.053828,0.600000
oracle_feature_selector,combined_stress,compound_contact_shift,lid_twist_force_control,4,84,0.726190,0.071410,0.627672,0.057274,0.191126,0.060270,0.600000
oracle_feature_selector,combined_stress,source_matched,slip_limited_grasp,5,84,0.892857,0.067422,0.660349,0.046553,0.182061,0.060353,0.600000
oracle_feature_selector,combined_stress,low_friction,slip_limited_grasp,5,84,0.738095,0.069714,0.667081,0.050715,0.185643,0.056807,0.600000
oracle_feature_selector,combined_stress,soft_compliance,slip_limited_grasp,5,84,0.797619,0.063036,0.669763,0.046467,0.189303,0.060468,0.600000
oracle_feature_selector,combined_stress,texture_aliasing,slip_limited_grasp,5,84,0.773810,0.064746,0.669988,0.049413,0.191392,0.057282,0.600000
oracle_feature_selector,combined_stress,taxel_bias,slip_limited_grasp,5,84,0.785714,0.065244,0.664750,0.052158,0.188838,0.054929,0.600000
oracle_feature_selector,combined_stress,transient_shear_spike,slip_limited_grasp,5,84,0.773810,0.066873,0.662380,0.055226,0.186792,0.057301,0.600000
oracle_feature_selector,combined_stress,compound_contact_shift,slip_limited_grasp,5,84,0.726190,0.072187,0.650492,0.061444,0.189489,0.061473,0.600000
oracle_feature_selector,combined_stress,source_matched,peg_in_hole_contact_search,5,84,0.797619,0.060798,0.647577,0.050327,0.190460,0.054046,0.600000
oracle_feature_selector,combined_stress,low_friction,peg_in_hole_contact_search,5,84,0.785714,0.065520,0.639945,0.052781,0.185086,0.060177,0.600000
oracle_feature_selector,combined_stress,soft_compliance,peg_in_hole_contact_search,5,84,0.690476,0.061200,0.646164,0.054210,0.185100,0.057458,0.600000
oracle_feature_selector,combined_stress,texture_aliasing,peg_in_hole_contact_search,5,84,0.833333,0.067698,0.635562,0.048656,0.187381,0.057569,0.600000
oracle_feature_selector,combined_stress,taxel_bias,peg_in_hole_contact_search,5,84,0.761905,0.063480,0.641259,0.049868,0.191187,0.059973,0.600000
oracle_feature_selector,combined_stress,transient_shear_spike,peg_in_hole_contact_search,5,84,0.666667,0.069752,0.645855,0.050577,0.185733,0.057539,0.600000
oracle_feature_selector,combined_stress,compound_contact_shift,peg_in_hole_contact_search,5,84,0.726190,0.067849,0.641149,0.056586,0.189694,0.056741,0.600000
oracle_feature_selector,combined_stress,source_matched,cloth_edge_pull,5,84,0.690476,0.070389,0.675462,0.051121,0.186408,0.061024,0.600000
oracle_feature_selector,combined_stress,low_friction,cloth_edge_pull,5,84,0.702381,0.064719,0.670251,0.053016,0.189686,0.059999,0.600000
oracle_feature_selector,combined_stress,soft_compliance,cloth_edge_pull,5,84,0.750000,0.063981,0.663834,0.053620,0.189517,0.059747,0.600000
oracle_feature_selector,combined_stress,texture_aliasing,cloth_edge_pull,5,84,0.654762,0.063669,0.679035,0.056802,0.191543,0.055168,0.600000
oracle_feature_selector,combined_stress,taxel_bias,cloth_edge_pull,5,84,0.738095,0.064293,0.673986,0.049853,0.187787,0.060906,0.600000
oracle_feature_selector,combined_stress,transient_shear_spike,cloth_edge_pull,5,84,0.809524,0.067691,0.674271,0.052195,0.185422,0.056492,0.600000
oracle_feature_selector,combined_stress,compound_contact_shift,cloth_edge_pull,5,84,0.690476,0.070983,0.659350,0.058648,0.196060,0.059273,0.600000
oracle_feature_selector,combined_stress,source_matched,cable_threading,5,84,0.654762,0.069768,0.679780,0.051248,0.186572,0.059801,0.600000
oracle_feature_selector,combined_stress,low_friction,cable_threading,5,84,0.678571,0.064458,0.675109,0.053122,0.189876,0.059024,0.600000
oracle_feature_selector,combined_stress,soft_compliance,cable_threading,5,84,0.750000,0.063180,0.667882,0.052716,0.188918,0.058400,0.600000
oracle_feature_selector,combined_stress,texture_aliasing,cable_threading,5,84,0.702381,0.062688,0.682813,0.054569,0.189967,0.053697,0.600000
oracle_feature_selector,combined_stress,taxel_bias,cable_threading,5,84,0.690476,0.064392,0.679384,0.050829,0.188645,0.060178,0.600000
oracle_feature_selector,combined_stress,transient_shear_spike,cable_threading,5,84,0.738095,0.065811,0.676699,0.052249,0.185388,0.054402,0.600000
oracle_feature_selector,combined_stress,compound_contact_shift,cable_threading,5,84,0.726190,0.068923,0.661508,0.055886,0.193978,0.057058,0.600000
oracle_feature_selector,combined_stress,source_matched,lid_twist_force_control,5,84,0.773810,0.064846,0.634811,0.051991,0.184645,0.057937,0.600000
oracle_feature_selector,combined_stress,low_friction,lid_twist_force_control,5,84,0.809524,0.060538,0.631643,0.046332,0.188402,0.057850,0.600000
oracle_feature_selector,combined_stress,soft_compliance,lid_twist_force_control,5,84,0.738095,0.063760,0.631166,0.052948,0.185012,0.060325,0.600000
oracle_feature_selector,combined_stress,texture_aliasing,lid_twist_force_control,5,84,0.726190,0.068770,0.636341,0.050122,0.189086,0.059411,0.600000
oracle_feature_selector,combined_stress,taxel_bias,lid_twist_force_control,5,84,0.797619,0.061474,0.637421,0.053407,0.188269,0.059695,0.600000
oracle_feature_selector,combined_stress,transient_shear_spike,lid_twist_force_control,5,84,0.761905,0.063384,0.635474,0.049283,0.186840,0.054257,0.600000
oracle_feature_selector,combined_stress,compound_contact_shift,lid_twist_force_control,5,84,0.726190,0.071998,0.628536,0.057733,0.191522,0.060702,0.600000
oracle_feature_selector,combined_stress,source_matched,slip_limited_grasp,6,84,0.809524,0.067932,0.661096,0.049035,0.183905,0.060732,0.600000
oracle_feature_selector,combined_stress,low_friction,slip_limited_grasp,6,84,0.738095,0.070212,0.667810,0.051105,0.185979,0.057178,0.600000
oracle_feature_selector,combined_stress,soft_compliance,slip_limited_grasp,6,84,0.738095,0.063552,0.670519,0.048359,0.190723,0.052848,0.600000
oracle_feature_selector,combined_stress,texture_aliasing,slip_limited_grasp,6,84,0.880952,0.065268,0.670753,0.047143,0.181811,0.057669,0.600000
oracle_feature_selector,combined_stress,taxel_bias,slip_limited_grasp,6,84,0.785714,0.065730,0.665461,0.052538,0.189166,0.055291,0.600000
oracle_feature_selector,combined_stress,transient_shear_spike,slip_limited_grasp,6,84,0.738095,0.067425,0.663190,0.048546,0.187807,0.057709,0.600000
oracle_feature_selector,combined_stress,compound_contact_shift,slip_limited_grasp,6,84,0.785714,0.072745,0.651311,0.060392,0.188794,0.061886,0.600000
oracle_feature_selector,combined_stress,source_matched,peg_in_hole_contact_search,6,84,0.773810,0.061356,0.648396,0.051358,0.191264,0.054458,0.600000
oracle_feature_selector,combined_stress,low_friction,peg_in_hole_contact_search,6,84,0.761905,0.066066,0.640746,0.053803,0.185883,0.060582,0.600000
oracle_feature_selector,combined_stress,soft_compliance,peg_in_hole_contact_search,6,84,0.726190,0.061764,0.646992,0.053758,0.184838,0.057875,0.600000
oracle_feature_selector,combined_stress,texture_aliasing,peg_in_hole_contact_search,6,84,0.845238,0.068268,0.636399,0.048804,0.187551,0.057990,0.600000
oracle_feature_selector,combined_stress,taxel_bias,peg_in_hole_contact_search,6,84,0.738095,0.064014,0.642042,0.050881,0.191975,0.060368,0.600000
oracle_feature_selector,combined_stress,transient_shear_spike,peg_in_hole_contact_search,6,84,0.761905,0.070352,0.646737,0.048664,0.184423,0.057980,0.600000
oracle_feature_selector,combined_stress,compound_contact_shift,peg_in_hole_contact_search,6,84,0.738095,0.068455,0.642040,0.056761,0.189887,0.057186,0.600000
oracle_feature_selector,combined_stress,source_matched,cloth_edge_pull,6,84,0.750000,0.058875,0.676182,0.048817,0.185669,0.053123,0.600000
oracle_feature_selector,combined_stress,low_friction,cloth_edge_pull,6,84,0.666667,0.065199,0.670953,0.054285,0.190653,0.060358,0.600000
oracle_feature_selector,combined_stress,soft_compliance,cloth_edge_pull,6,84,0.714286,0.064479,0.664563,0.054903,0.190496,0.060118,0.600000
oracle_feature_selector,combined_stress,texture_aliasing,cloth_edge_pull,6,84,0.666667,0.064173,0.661764,0.056899,0.191669,0.055543,0.600000
oracle_feature_selector,combined_stress,taxel_bias,cloth_edge_pull,6,84,0.773810,0.064761,0.674670,0.049327,0.187460,0.053252,0.600000
oracle_feature_selector,combined_stress,transient_shear_spike,cloth_edge_pull,6,84,0.559524,0.068225,0.675054,0.058862,0.190282,0.056888,0.600000
oracle_feature_selector,combined_stress,compound_contact_shift,cloth_edge_pull,6,84,0.773810,0.071523,0.660142,0.056987,0.186920,0.059673,0.600000
oracle_feature_selector,combined_stress,source_matched,cable_threading,6,84,0.726190,0.070260,0.680500,0.049847,0.185618,0.060167,0.600000
oracle_feature_selector,combined_stress,low_friction,cable_threading,6,84,0.714286,0.064938,0.675811,0.052605,0.189557,0.059382,0.600000
oracle_feature_selector,combined_stress,soft_compliance,cable_threading,6,84,0.750000,0.063678,0.668611,0.053106,0.189254,0.058771,0.600000
oracle_feature_selector,combined_stress,texture_aliasing,cable_threading,6,84,0.690476,0.063192,0.683551,0.055261,0.190521,0.054072,0.600000
oracle_feature_selector,combined_stress,taxel_bias,cable_threading,6,84,0.726190,0.064860,0.680068,0.050303,0.188318,0.060529,0.600000
oracle_feature_selector,combined_stress,transient_shear_spike,cable_threading,6,84,0.726190,0.066345,0.677482,0.052964,0.185962,0.054797,0.600000
oracle_feature_selector,combined_stress,compound_contact_shift,cable_threading,6,84,0.702381,0.069463,0.662300,0.056903,0.194771,0.057458,0.600000
oracle_feature_selector,combined_stress,source_matched,lid_twist_force_control,6,84,0.761905,0.065386,0.635603,0.052711,0.185224,0.058337,0.600000
oracle_feature_selector,combined_stress,low_friction,lid_twist_force_control,6,84,0.785714,0.061066,0.632417,0.047340,0.189187,0.058242,0.600000
oracle_feature_selector,combined_stress,soft_compliance,lid_twist_force_control,6,84,0.773810,0.064306,0.631967,0.052481,0.184737,0.060729,0.600000
oracle_feature_selector,combined_stress,texture_aliasing,lid_twist_force_control,6,84,0.690476,0.069322,0.637151,0.051446,0.190101,0.059820,0.600000
oracle_feature_selector,combined_stress,taxel_bias,lid_twist_force_control,6,84,0.785714,0.061990,0.638177,0.054108,0.188831,0.060078,0.600000
oracle_feature_selector,combined_stress,transient_shear_spike,lid_twist_force_control,6,84,0.714286,0.063966,0.636329,0.050927,0.188089,0.054686,0.600000
oracle_feature_selector,combined_stress,compound_contact_shift,lid_twist_force_control,6,84,0.773810,0.072586,0.629400,0.057001,0.191061,0.061135,0.600000
full_finetune_pretrained,combined_stress,source_matched,slip_limited_grasp,0,84,0.464286,0.250139,0.505312,0.128919,0.171452,0.146288,0.800000
full_finetune_pretrained,combined_stress,low_friction,slip_limited_grasp,0,84,0.476190,0.251393,0.510487,0.128119,0.171342,0.150031,0.800000
full_finetune_pretrained,combined_stress,soft_compliance,slip_limited_grasp,0,84,0.464286,0.246395,0.515689,0.126944,0.169404,0.146845,0.800000
full_finetune_pretrained,combined_stress,texture_aliasing,slip_limited_grasp,0,84,0.416667,0.248855,0.517039,0.131061,0.172421,0.144175,0.800000
full_finetune_pretrained,combined_stress,taxel_bias,slip_limited_grasp,0,84,0.416667,0.245525,0.506059,0.131168,0.175533,0.147190,0.800000
full_finetune_pretrained,combined_stress,transient_shear_spike,slip_limited_grasp,0,84,0.523810,0.241445,0.514483,0.126901,0.175657,0.145768,0.800000
full_finetune_pretrained,combined_stress,compound_contact_shift,slip_limited_grasp,0,84,0.380952,0.244783,0.508750,0.131666,0.178384,0.148422,0.800000
full_finetune_pretrained,combined_stress,source_matched,peg_in_hole_contact_search,0,84,0.511905,0.246995,0.481445,0.124498,0.172253,0.143041,0.800000
full_finetune_pretrained,combined_stress,low_friction,peg_in_hole_contact_search,0,84,0.392857,0.250679,0.490265,0.128834,0.176120,0.148458,0.800000
full_finetune_pretrained,combined_stress,soft_compliance,peg_in_hole_contact_search,0,84,0.416667,0.248039,0.480995,0.128575,0.175112,0.146896,0.800000
full_finetune_pretrained,combined_stress,texture_aliasing,peg_in_hole_contact_search,0,84,0.476190,0.243281,0.489527,0.124479,0.171388,0.147259,0.800000
full_finetune_pretrained,combined_stress,taxel_bias,peg_in_hole_contact_search,0,84,0.523810,0.247241,0.489482,0.128985,0.170499,0.147290,0.800000
full_finetune_pretrained,combined_stress,transient_shear_spike,peg_in_hole_contact_search,0,84,0.428571,0.247805,0.486863,0.125334,0.177361,0.149067,0.800000
full_finetune_pretrained,combined_stress,compound_contact_shift,peg_in_hole_contact_search,0,84,0.345238,0.243925,0.488312,0.131082,0.174205,0.146749,0.800000
full_finetune_pretrained,combined_stress,source_matched,cloth_edge_pull,0,84,0.452381,0.252012,0.517456,0.127328,0.171125,0.145685,0.800000
full_finetune_pretrained,combined_stress,low_friction,cloth_edge_pull,0,84,0.488095,0.245304,0.510688,0.127832,0.173282,0.143945,0.800000
full_finetune_pretrained,combined_stress,soft_compliance,cloth_edge_pull,0,84,0.535714,0.246246,0.506791,0.129724,0.174233,0.144850,0.800000
full_finetune_pretrained,combined_stress,texture_aliasing,cloth_edge_pull,0,84,0.404762,0.246684,0.523117,0.126369,0.177402,0.148792,0.800000
full_finetune_pretrained,combined_stress,taxel_bias,cloth_edge_pull,0,84,0.476190,0.243480,0.512326,0.124787,0.171308,0.143889,0.800000
full_finetune_pretrained,combined_stress,transient_shear_spike,cloth_edge_pull,0,84,0.416667,0.241170,0.523405,0.126044,0.175612,0.143686,0.800000
full_finetune_pretrained,combined_stress,compound_contact_shift,cloth_edge_pull,0,84,0.404762,0.254492,0.514639,0.135190,0.174634,0.145211,0.800000
full_finetune_pretrained,combined_stress,source_matched,cable_threading,0,84,0.369048,0.251821,0.521451,0.128568,0.172057,0.144379,0.800000
full_finetune_pretrained,combined_stress,low_friction,cable_threading,0,84,0.416667,0.245473,0.515223,0.129051,0.174239,0.142887,0.800000
full_finetune_pretrained,combined_stress,soft_compliance,cable_threading,0,84,0.238095,0.245875,0.510516,0.136183,0.178902,0.143420,0.800000
full_finetune_pretrained,combined_stress,texture_aliasing,cable_threading,0,84,0.357143,0.246133,0.526572,0.134445,0.177451,0.147238,0.800000
full_finetune_pretrained,combined_stress,taxel_bias,cable_threading,0,84,0.428571,0.244009,0.517401,0.125687,0.172077,0.143079,0.800000
full_finetune_pretrained,combined_stress,transient_shear_spike,cable_threading,0,84,0.321429,0.251725,0.525510,0.135821,0.175918,0.149781,0.800000
full_finetune_pretrained,combined_stress,compound_contact_shift,cable_threading,0,84,0.345238,0.252861,0.516474,0.134731,0.174177,0.150918,0.800000
full_finetune_pretrained,combined_stress,source_matched,lid_twist_force_control,0,84,0.416667,0.250254,0.484539,0.126937,0.174827,0.146011,0.800000
full_finetune_pretrained,combined_stress,low_friction,lid_twist_force_control,0,84,0.535714,0.244908,0.479814,0.126402,0.168389,0.145209,0.800000
full_finetune_pretrained,combined_stress,soft_compliance,lid_twist_force_control,0,84,0.428571,0.249810,0.481857,0.127195,0.174765,0.148841,0.800000
full_finetune_pretrained,combined_stress,texture_aliasing,lid_twist_force_control,0,84,0.511905,0.243564,0.488157,0.129367,0.169621,0.148179,0.800000
full_finetune_pretrained,combined_stress,taxel_bias,lid_twist_force_control,0,84,0.488095,0.244446,0.483495,0.125294,0.175970,0.146091,0.800000
full_finetune_pretrained,combined_stress,transient_shear_spike,lid_twist_force_control,0,84,0.297619,0.240648,0.474333,0.128684,0.173634,0.144863,0.800000
full_finetune_pretrained,combined_stress,compound_contact_shift,lid_twist_force_control,0,84,0.500000,0.247287,0.473550,0.127349,0.172347,0.149789,0.800000
full_finetune_pretrained,combined_stress,source_matched,slip_limited_grasp,1,84,0.452381,0.250655,0.506068,0.129620,0.172014,0.146671,0.800000
full_finetune_pretrained,combined_stress,low_friction,slip_limited_grasp,1,84,0.452381,0.239891,0.511225,0.127908,0.172110,0.150142,0.800000
full_finetune_pretrained,combined_stress,soft_compliance,slip_limited_grasp,1,84,0.523810,0.246917,0.516454,0.125864,0.168685,0.147233,0.800000
full_finetune_pretrained,combined_stress,texture_aliasing,slip_limited_grasp,1,84,0.380952,0.249383,0.517813,0.132366,0.173420,0.144567,0.800000
full_finetune_pretrained,combined_stress,taxel_bias,slip_limited_grasp,1,84,0.523810,0.246017,0.506779,0.128874,0.173937,0.147557,0.800000
full_finetune_pretrained,combined_stress,transient_shear_spike,slip_limited_grasp,1,84,0.488095,0.242003,0.515302,0.128230,0.176675,0.146181,0.800000
full_finetune_pretrained,combined_stress,compound_contact_shift,slip_limited_grasp,1,84,0.500000,0.245347,0.509578,0.129131,0.176621,0.148838,0.800000
full_finetune_pretrained,combined_stress,source_matched,peg_in_hole_contact_search,1,84,0.404762,0.247559,0.482273,0.127617,0.174562,0.143457,0.800000
full_finetune_pretrained,combined_stress,low_friction,peg_in_hole_contact_search,1,84,0.500000,0.239225,0.491075,0.125386,0.174564,0.148602,0.800000
full_finetune_pretrained,combined_stress,soft_compliance,peg_in_hole_contact_search,1,84,0.416667,0.248609,0.481832,0.129020,0.175496,0.147316,0.800000
full_finetune_pretrained,combined_stress,texture_aliasing,peg_in_hole_contact_search,1,84,0.392857,0.243857,0.490373,0.127012,0.173276,0.147684,0.800000
full_finetune_pretrained,combined_stress,taxel_bias,peg_in_hole_contact_search,1,84,0.476190,0.247781,0.490274,0.130597,0.171720,0.147690,0.800000
full_finetune_pretrained,combined_stress,transient_shear_spike,peg_in_hole_contact_search,1,84,0.464286,0.248411,0.487754,0.124914,0.177127,0.149512,0.800000
full_finetune_pretrained,combined_stress,compound_contact_shift,peg_in_hole_contact_search,1,84,0.428571,0.244537,0.489212,0.129475,0.173117,0.147199,0.800000
full_finetune_pretrained,combined_stress,source_matched,cloth_edge_pull,1,84,0.357143,0.252510,0.518185,0.130098,0.173175,0.146056,0.800000
full_finetune_pretrained,combined_stress,low_friction,cloth_edge_pull,1,84,0.440476,0.245790,0.511399,0.129403,0.174467,0.144308,0.800000
full_finetune_pretrained,combined_stress,soft_compliance,cloth_edge_pull,1,84,0.321429,0.246750,0.507529,0.135475,0.178430,0.145225,0.800000
full_finetune_pretrained,combined_stress,texture_aliasing,cloth_edge_pull,1,84,0.452381,0.247194,0.505855,0.125578,0.176889,0.149171,0.800000
full_finetune_pretrained,combined_stress,taxel_bias,cloth_edge_pull,1,84,0.380952,0.243954,0.513019,0.127540,0.173343,0.144243,0.800000
full_finetune_pretrained,combined_stress,transient_shear_spike,cloth_edge_pull,1,84,0.357143,0.241710,0.506188,0.127954,0.177047,0.144086,0.800000
full_finetune_pretrained,combined_stress,compound_contact_shift,cloth_edge_pull,1,84,0.464286,0.255038,0.515440,0.126125,0.173931,0.145615,0.800000
full_finetune_pretrained,combined_stress,source_matched,cable_threading,1,84,0.452381,0.252319,0.522180,0.126874,0.170893,0.144750,0.800000
full_finetune_pretrained,combined_stress,low_friction,cable_threading,1,84,0.321429,0.245959,0.515934,0.131812,0.176282,0.143250,0.800000
full_finetune_pretrained,combined_stress,soft_compliance,cable_threading,1,84,0.404762,0.246379,0.511254,0.132411,0.176242,0.143795,0.800000
full_finetune_pretrained,combined_stress,texture_aliasing,cable_threading,1,84,0.380952,0.246643,0.527319,0.126245,0.177366,0.147617,0.800000
full_finetune_pretrained,combined_stress,taxel_bias,cable_threading,1,84,0.428571,0.244483,0.518094,0.126058,0.172397,0.143433,0.800000
full_finetune_pretrained,combined_stress,transient_shear_spike,cable_threading,1,84,0.345238,0.252265,0.526302,0.127644,0.175853,0.150180,0.800000
full_finetune_pretrained,combined_stress,compound_contact_shift,cable_threading,1,84,0.357143,0.253407,0.517275,0.134860,0.174331,0.151322,0.800000
full_finetune_pretrained,combined_stress,source_matched,lid_twist_force_control,1,84,0.428571,0.250800,0.485340,0.127066,0.174981,0.146415,0.800000
full_finetune_pretrained,combined_stress,low_friction,lid_twist_force_control,1,84,0.440476,0.245442,0.480597,0.129200,0.170463,0.145605,0.800000
full_finetune_pretrained,combined_stress,soft_compliance,lid_twist_force_control,1,84,0.488095,0.250362,0.482667,0.126138,0.174066,0.149249,0.800000
full_finetune_pretrained,combined_stress,texture_aliasing,lid_twist_force_control,1,84,0.440476,0.244122,0.488976,0.131588,0.171283,0.148592,0.800000
full_finetune_pretrained,combined_stress,taxel_bias,lid_twist_force_control,1,84,0.440476,0.244968,0.484260,0.126893,0.177179,0.146478,0.800000
full_finetune_pretrained,combined_stress,transient_shear_spike,lid_twist_force_control,1,84,0.488095,0.241236,0.475197,0.124381,0.170602,0.145296,0.800000
full_finetune_pretrained,combined_stress,compound_contact_shift,lid_twist_force_control,1,84,0.488095,0.247881,0.474423,0.128110,0.172962,0.150226,0.800000
full_finetune_pretrained,combined_stress,source_matched,slip_limited_grasp,2,84,0.380952,0.251171,0.506824,0.131809,0.173648,0.147054,0.800000
full_finetune_pretrained,combined_stress,low_friction,slip_limited_grasp,2,84,0.464286,0.240395,0.511963,0.128004,0.172236,0.142513,0.800000
full_finetune_pretrained,combined_stress,soft_compliance,slip_limited_grasp,2,84,0.488095,0.247439,0.517219,0.127165,0.169679,0.147620,0.800000
full_finetune_pretrained,combined_stress,texture_aliasing,slip_limited_grasp,2,84,0.511905,0.249911,0.518587,0.129505,0.171419,0.144959,0.800000
full_finetune_pretrained,combined_stress,taxel_bias,slip_limited_grasp,2,84,0.440476,0.246509,0.507499,0.131343,0.175769,0.147924,0.800000
full_finetune_pretrained,combined_stress,transient_shear_spike,slip_limited_grasp,2,84,0.452381,0.242561,0.516121,0.129559,0.169690,0.146593,0.800000
full_finetune_pretrained,combined_stress,compound_contact_shift,slip_limited_grasp,2,84,0.488095,0.245911,0.510406,0.129869,0.177215,0.149255,0.800000
full_finetune_pretrained,combined_stress,source_matched,peg_in_hole_contact_search,2,84,0.452381,0.248123,0.483101,0.126867,0.174085,0.143874,0.800000
full_finetune_pretrained,combined_stress,low_friction,peg_in_hole_contact_search,2,84,0.404762,0.239777,0.491885,0.128199,0.176650,0.149010,0.800000
full_finetune_pretrained,combined_stress,soft_compliance,peg_in_hole_contact_search,2,84,0.440476,0.249179,0.482669,0.128870,0.175451,0.147737,0.800000
full_finetune_pretrained,combined_stress,texture_aliasing,peg_in_hole_contact_search,2,84,0.428571,0.244433,0.491219,0.126569,0.173021,0.148108,0.800000
full_finetune_pretrained,combined_stress,taxel_bias,peg_in_hole_contact_search,2,84,0.416667,0.248321,0.491066,0.132507,0.173156,0.148090,0.800000
full_finetune_pretrained,combined_stress,transient_shear_spike,peg_in_hole_contact_search,2,84,0.357143,0.249017,0.488645,0.128065,0.171459,0.149957,0.800000
full_finetune_pretrained,combined_stress,compound_contact_shift,peg_in_hole_contact_search,2,84,0.428571,0.245149,0.490112,0.129953,0.173529,0.147648,0.800000
full_finetune_pretrained,combined_stress,source_matched,cloth_edge_pull,2,84,0.404762,0.241002,0.518914,0.128097,0.172654,0.146163,0.800000
full_finetune_pretrained,combined_stress,low_friction,cloth_edge_pull,2,84,0.428571,0.246276,0.512110,0.130081,0.175009,0.144671,0.800000
full_finetune_pretrained,combined_stress,soft_compliance,cloth_edge_pull,2,84,0.452381,0.247254,0.508267,0.124592,0.176413,0.145600,0.800000
full_finetune_pretrained,combined_stress,texture_aliasing,cloth_edge_pull,2,84,0.404762,0.247704,0.506602,0.127167,0.178090,0.149550,0.800000
full_finetune_pretrained,combined_stress,taxel_bias,cloth_edge_pull,2,84,0.345238,0.244428,0.513712,0.128804,0.174305,0.144598,0.800000
full_finetune_pretrained,combined_stress,transient_shear_spike,cloth_edge_pull,2,84,0.476190,0.242250,0.506980,0.125400,0.175268,0.144486,0.800000
full_finetune_pretrained,combined_stress,compound_contact_shift,cloth_edge_pull,2,84,0.404762,0.255584,0.516241,0.128039,0.175370,0.146019,0.800000
full_finetune_pretrained,combined_stress,source_matched,cable_threading,2,84,0.452381,0.252817,0.522909,0.127264,0.171229,0.145121,0.800000
full_finetune_pretrained,combined_stress,low_friction,cable_threading,2,84,0.416667,0.246445,0.516645,0.129812,0.174895,0.143612,0.800000
full_finetune_pretrained,combined_stress,soft_compliance,cable_threading,2,84,0.345238,0.246883,0.511992,0.134293,0.177653,0.144170,0.800000
full_finetune_pretrained,combined_stress,texture_aliasing,cable_threading,2,84,0.357143,0.247153,0.528066,0.127239,0.178139,0.147996,0.800000
full_finetune_pretrained,combined_stress,taxel_bias,cable_threading,2,84,0.392857,0.244957,0.518787,0.127322,0.173360,0.143788,0.800000
full_finetune_pretrained,combined_stress,transient_shear_spike,cable_threading,2,84,0.464286,0.252805,0.527094,0.125089,0.174074,0.150580,0.800000
full_finetune_pretrained,combined_stress,compound_contact_shift,cable_threading,2,84,0.333333,0.253953,0.518076,0.135882,0.175127,0.143722,0.800000
full_finetune_pretrained,combined_stress,source_matched,lid_twist_force_control,2,84,0.440476,0.251346,0.486141,0.127195,0.175135,0.146819,0.800000
full_finetune_pretrained,combined_stress,low_friction,lid_twist_force_control,2,84,0.511905,0.245976,0.481380,0.127832,0.169537,0.146001,0.800000
full_finetune_pretrained,combined_stress,soft_compliance,lid_twist_force_control,2,84,0.452381,0.250914,0.483477,0.127462,0.175081,0.149657,0.800000
full_finetune_pretrained,combined_stress,texture_aliasing,lid_twist_force_control,2,84,0.511905,0.244680,0.471786,0.130238,0.170373,0.149004,0.800000
full_finetune_pretrained,combined_stress,taxel_bias,lid_twist_force_control,2,84,0.476190,0.245490,0.485025,0.126408,0.176888,0.146866,0.800000
full_finetune_pretrained,combined_stress,transient_shear_spike,lid_twist_force_control,2,84,0.464286,0.241824,0.476061,0.125435,0.171426,0.145729,0.800000
full_finetune_pretrained,combined_stress,compound_contact_shift,lid_twist_force_control,2,84,0.452381,0.248475,0.475296,0.129466,0.174005,0.150663,0.800000
full_finetune_pretrained,combined_stress,source_matched,slip_limited_grasp,3,84,0.404762,0.251687,0.507580,0.131618,0.173567,0.147438,0.800000
full_finetune_pretrained,combined_stress,low_friction,slip_limited_grasp,3,84,0.511905,0.240899,0.512701,0.127208,0.171719,0.142888,0.800000
full_finetune_pretrained,combined_stress,soft_compliance,slip_limited_grasp,3,84,0.440476,0.247961,0.517984,0.128764,0.170889,0.148008,0.800000
full_finetune_pretrained,combined_stress,texture_aliasing,slip_limited_grasp,3,84,0.428571,0.250439,0.501352,0.132002,0.173275,0.145350,0.800000
full_finetune_pretrained,combined_stress,taxel_bias,slip_limited_grasp,3,84,0.476190,0.247001,0.508219,0.130835,0.175458,0.148291,0.800000
full_finetune_pretrained,combined_stress,transient_shear_spike,slip_limited_grasp,3,84,0.488095,0.243119,0.516940,0.129101,0.169423,0.147005,0.800000
full_finetune_pretrained,combined_stress,compound_contact_shift,slip_limited_grasp,3,84,0.500000,0.246475,0.511234,0.130011,0.177381,0.149671,0.800000
full_finetune_pretrained,combined_stress,source_matched,peg_in_hole_contact_search,3,84,0.440476,0.248687,0.483929,0.127605,0.174679,0.144290,0.800000
full_finetune_pretrained,combined_stress,low_friction,peg_in_hole_contact_search,3,84,0.464286,0.240329,0.492695,0.127142,0.175951,0.149418,0.800000
full_finetune_pretrained,combined_stress,soft_compliance,peg_in_hole_contact_search,3,84,0.523810,0.249749,0.483506,0.127232,0.174335,0.148157,0.800000
full_finetune_pretrained,combined_stress,texture_aliasing,peg_in_hole_contact_search,3,84,0.452381,0.245009,0.492065,0.126423,0.172981,0.148533,0.800000
full_finetune_pretrained,combined_stress,taxel_bias,peg_in_hole_contact_search,3,84,0.404762,0.248861,0.491858,0.133227,0.173734,0.148490,0.800000
full_finetune_pretrained,combined_stress,transient_shear_spike,peg_in_hole_contact_search,3,84,0.547619,0.249623,0.489536,0.123776,0.168439,0.142399,0.800000
full_finetune_pretrained,combined_stress,compound_contact_shift,peg_in_hole_contact_search,3,84,0.345238,0.245761,0.491012,0.132513,0.175441,0.148098,0.800000
full_finetune_pretrained,combined_stress,source_matched,cloth_edge_pull,3,84,0.297619,0.241500,0.519643,0.131165,0.174919,0.146534,0.800000
full_finetune_pretrained,combined_stress,low_friction,cloth_edge_pull,3,84,0.369048,0.246762,0.512821,0.131950,0.176409,0.145033,0.800000
full_finetune_pretrained,combined_stress,soft_compliance,cloth_edge_pull,3,84,0.404762,0.247758,0.509005,0.126177,0.177610,0.145975,0.800000
full_finetune_pretrained,combined_stress,texture_aliasing,cloth_edge_pull,3,84,0.392857,0.248214,0.507349,0.127864,0.178648,0.149929,0.800000
full_finetune_pretrained,combined_stress,taxel_bias,cloth_edge_pull,3,84,0.321429,0.244902,0.514405,0.129770,0.175054,0.144952,0.800000
full_finetune_pretrained,combined_stress,transient_shear_spike,cloth_edge_pull,3,84,0.369048,0.242790,0.507772,0.128501,0.177561,0.144886,0.800000
full_finetune_pretrained,combined_stress,compound_contact_shift,cloth_edge_pull,3,84,0.416667,0.256130,0.517042,0.128168,0.175524,0.146423,0.800000
full_finetune_pretrained,combined_stress,source_matched,cable_threading,3,84,0.440476,0.253315,0.523638,0.127952,0.171779,0.145492,0.800000
full_finetune_pretrained,combined_stress,low_friction,cable_threading,3,84,0.404762,0.246931,0.517356,0.130490,0.175438,0.143975,0.800000
full_finetune_pretrained,combined_stress,soft_compliance,cable_threading,3,84,0.416667,0.247387,0.512730,0.132902,0.176707,0.144545,0.800000
full_finetune_pretrained,combined_stress,texture_aliasing,cable_threading,3,84,0.333333,0.247663,0.510804,0.128233,0.178911,0.148375,0.800000
full_finetune_pretrained,combined_stress,taxel_bias,cable_threading,3,84,0.309524,0.245431,0.519480,0.129777,0.175180,0.144142,0.800000
full_finetune_pretrained,combined_stress,transient_shear_spike,cable_threading,3,84,0.488095,0.253345,0.527886,0.124916,0.174010,0.142976,0.800000
full_finetune_pretrained,combined_stress,compound_contact_shift,cable_threading,3,84,0.380952,0.254499,0.518877,0.135118,0.174638,0.144126,0.800000
full_finetune_pretrained,combined_stress,source_matched,lid_twist_force_control,3,84,0.476190,0.239886,0.486942,0.125528,0.174860,0.146959,0.800000
full_finetune_pretrained,combined_stress,low_friction,lid_twist_force_control,3,84,0.452381,0.246510,0.482163,0.129738,0.170969,0.146396,0.800000
full_finetune_pretrained,combined_stress,soft_compliance,lid_twist_force_control,3,84,0.488095,0.239460,0.484287,0.125800,0.174810,0.149801,0.800000
full_finetune_pretrained,combined_stress,texture_aliasing,lid_twist_force_control,3,84,0.440476,0.245238,0.472605,0.132460,0.172035,0.149416,0.800000
full_finetune_pretrained,combined_stress,taxel_bias,lid_twist_force_control,3,84,0.380952,0.246012,0.485790,0.129197,0.170950,0.147253,0.800000
full_finetune_pretrained,combined_stress,transient_shear_spike,lid_twist_force_control,3,84,0.547619,0.242412,0.476925,0.123811,0.170322,0.146162,0.800000
full_finetune_pretrained,combined_stress,compound_contact_shift,lid_twist_force_control,3,84,0.416667,0.249069,0.476169,0.130822,0.175047,0.143097,0.800000
full_finetune_pretrained,combined_stress,source_matched,slip_limited_grasp,4,84,0.488095,0.240197,0.508336,0.128737,0.172415,0.147557,0.800000
full_finetune_pretrained,combined_stress,low_friction,slip_limited_grasp,4,84,0.416667,0.241403,0.513439,0.129984,0.173773,0.143263,0.800000
full_finetune_pretrained,combined_stress,soft_compliance,slip_limited_grasp,4,84,0.559524,0.248483,0.518749,0.126196,0.169098,0.148395,0.800000
full_finetune_pretrained,combined_stress,texture_aliasing,slip_limited_grasp,4,84,0.476190,0.250967,0.502126,0.131224,0.172774,0.145742,0.800000
full_finetune_pretrained,combined_stress,taxel_bias,slip_limited_grasp,4,84,0.500000,0.247493,0.508939,0.130625,0.175361,0.148657,0.800000
full_finetune_pretrained,combined_stress,transient_shear_spike,slip_limited_grasp,4,84,0.345238,0.243677,0.517759,0.133109,0.172371,0.147417,0.800000
full_finetune_pretrained,combined_stress,compound_contact_shift,slip_limited_grasp,4,84,0.369048,0.247039,0.512062,0.133726,0.172114,0.150087,0.800000
full_finetune_pretrained,combined_stress,source_matched,peg_in_hole_contact_search,4,84,0.500000,0.249251,0.484757,0.126557,0.173988,0.144706,0.800000
full_finetune_pretrained,combined_stress,low_friction,peg_in_hole_contact_search,4,84,0.416667,0.240881,0.493505,0.128763,0.177180,0.149826,0.800000
full_finetune_pretrained,combined_stress,soft_compliance,peg_in_hole_contact_search,4,84,0.416667,0.250319,0.484343,0.130355,0.176648,0.148578,0.800000
full_finetune_pretrained,combined_stress,texture_aliasing,peg_in_hole_contact_search,4,84,0.392857,0.245585,0.492911,0.128361,0.174440,0.148958,0.800000
full_finetune_pretrained,combined_stress,taxel_bias,peg_in_hole_contact_search,4,84,0.428571,0.249401,0.492650,0.133054,0.173669,0.148890,0.800000
full_finetune_pretrained,combined_stress,transient_shear_spike,peg_in_hole_contact_search,4,84,0.464286,0.250229,0.490427,0.126332,0.170347,0.142844,0.800000
full_finetune_pretrained,combined_stress,compound_contact_shift,peg_in_hole_contact_search,4,84,0.440476,0.246373,0.491912,0.130609,0.174139,0.148547,0.800000
full_finetune_pretrained,combined_stress,source_matched,cloth_edge_pull,4,84,0.380952,0.241998,0.520372,0.129472,0.173755,0.146904,0.800000
full_finetune_pretrained,combined_stress,low_friction,cloth_edge_pull,4,84,0.357143,0.247248,0.513532,0.132628,0.176951,0.145396,0.800000
full_finetune_pretrained,combined_stress,soft_compliance,cloth_edge_pull,4,84,0.380952,0.248262,0.509743,0.127166,0.178379,0.146350,0.800000
full_finetune_pretrained,combined_stress,texture_aliasing,cloth_edge_pull,4,84,0.440476,0.248724,0.508096,0.127072,0.170131,0.150308,0.800000
full_finetune_pretrained,combined_stress,taxel_bias,cloth_edge_pull,4,84,0.476190,0.245376,0.515098,0.126273,0.172588,0.145307,0.800000
full_finetune_pretrained,combined_stress,transient_shear_spike,cloth_edge_pull,4,84,0.488095,0.243330,0.508564,0.125947,0.175782,0.145286,0.800000
full_finetune_pretrained,combined_stress,compound_contact_shift,cloth_edge_pull,4,84,0.369048,0.256676,0.517843,0.129785,0.176749,0.146827,0.800000
full_finetune_pretrained,combined_stress,source_matched,cable_threading,4,84,0.416667,0.241807,0.524367,0.127736,0.172543,0.145598,0.800000
full_finetune_pretrained,combined_stress,low_friction,cable_threading,4,84,0.357143,0.247417,0.518067,0.132061,0.176623,0.144338,0.800000
full_finetune_pretrained,combined_stress,soft_compliance,cable_threading,4,84,0.297619,0.247891,0.513468,0.136273,0.179190,0.144920,0.800000
full_finetune_pretrained,combined_stress,texture_aliasing,cable_threading,4,84,0.380952,0.248173,0.511551,0.127442,0.178398,0.148754,0.800000
full_finetune_pretrained,combined_stress,taxel_bias,cable_threading,4,84,0.357143,0.245905,0.520173,0.128958,0.174643,0.144497,0.800000
full_finetune_pretrained,combined_stress,transient_shear_spike,cable_threading,4,84,0.404762,0.241879,0.510669,0.126221,0.175874,0.143112,0.800000
full_finetune_pretrained,combined_stress,compound_contact_shift,cable_threading,4,84,0.404762,0.255045,0.519678,0.134949,0.174578,0.144530,0.800000
full_finetune_pretrained,combined_stress,source_matched,lid_twist_force_control,4,84,0.488095,0.240432,0.487743,0.125657,0.175014,0.147363,0.800000
full_finetune_pretrained,combined_stress,low_friction,lid_twist_force_control,4,84,0.535714,0.247044,0.482946,0.128072,0.169829,0.146792,0.800000
full_finetune_pretrained,combined_stress,soft_compliance,lid_twist_force_control,4,84,0.416667,0.240012,0.485097,0.128017,0.176467,0.142205,0.800000
full_finetune_pretrained,combined_stress,texture_aliasing,lid_twist_force_control,4,84,0.392857,0.245796,0.473424,0.126082,0.173268,0.149829,0.800000
full_finetune_pretrained,combined_stress,taxel_bias,lid_twist_force_control,4,84,0.476190,0.246534,0.486555,0.127225,0.169588,0.147641,0.800000
full_finetune_pretrained,combined_stress,transient_shear_spike,lid_twist_force_control,4,84,0.511905,0.243000,0.477789,0.125162,0.171361,0.146595,0.800000
full_finetune_pretrained,combined_stress,compound_contact_shift,lid_twist_force_control,4,84,0.452381,0.249663,0.477042,0.130393,0.174805,0.143534,0.800000
full_finetune_pretrained,combined_stress,source_matched,slip_limited_grasp,5,84,0.452381,0.240713,0.509092,0.130034,0.173406,0.147940,0.800000
full_finetune_pretrained,combined_stress,low_friction,slip_limited_grasp,5,84,0.523810,0.241907,0.514177,0.127699,0.172185,0.143639,0.800000
full_finetune_pretrained,combined_stress,soft_compliance,slip_limited_grasp,5,84,0.500000,0.249005,0.501505,0.128092,0.170521,0.148783,0.800000
full_finetune_pretrained,combined_stress,texture_aliasing,slip_limited_grasp,5,84,0.464286,0.251495,0.502900,0.131934,0.173344,0.146133,0.800000
full_finetune_pretrained,combined_stress,taxel_bias,slip_limited_grasp,5,84,0.452381,0.247985,0.509659,0.132201,0.176550,0.149024,0.800000
full_finetune_pretrained,combined_stress,transient_shear_spike,slip_limited_grasp,5,84,0.488095,0.244235,0.518578,0.129973,0.170175,0.147830,0.800000
full_finetune_pretrained,combined_stress,compound_contact_shift,slip_limited_grasp,5,84,0.428571,0.247603,0.512890,0.132678,0.171423,0.150504,0.800000
full_finetune_pretrained,combined_stress,source_matched,peg_in_hole_contact_search,5,84,0.452381,0.249815,0.485585,0.128188,0.175225,0.145123,0.800000
full_finetune_pretrained,combined_stress,low_friction,peg_in_hole_contact_search,5,84,0.476190,0.241433,0.494315,0.127707,0.176480,0.142230,0.800000
full_finetune_pretrained,combined_stress,soft_compliance,peg_in_hole_contact_search,5,84,0.404762,0.238883,0.485180,0.129897,0.177246,0.148734,0.800000
full_finetune_pretrained,combined_stress,texture_aliasing,peg_in_hole_contact_search,5,84,0.416667,0.246161,0.493757,0.128215,0.174400,0.149382,0.800000
full_finetune_pretrained,combined_stress,taxel_bias,peg_in_hole_contact_search,5,84,0.523810,0.249941,0.493442,0.123091,0.172319,0.149290,0.800000
full_finetune_pretrained,combined_stress,transient_shear_spike,peg_in_hole_contact_search,5,84,0.380952,0.238829,0.491318,0.127687,0.172255,0.143025,0.800000
full_finetune_pretrained,combined_stress,compound_contact_shift,peg_in_hole_contact_search,5,84,0.392857,0.246985,0.474803,0.132277,0.175408,0.148997,0.800000
full_finetune_pretrained,combined_stress,source_matched,cloth_edge_pull,5,84,0.404762,0.242496,0.521101,0.129267,0.173662,0.147275,0.800000
full_finetune_pretrained,combined_stress,low_friction,cloth_edge_pull,5,84,0.369048,0.247734,0.514243,0.132711,0.177065,0.145759,0.800000
full_finetune_pretrained,combined_stress,soft_compliance,cloth_edge_pull,5,84,0.440476,0.248766,0.510481,0.126073,0.177647,0.146725,0.800000
full_finetune_pretrained,combined_stress,texture_aliasing,cloth_edge_pull,5,84,0.380952,0.249234,0.508843,0.128960,0.171547,0.142684,0.800000
full_finetune_pretrained,combined_stress,taxel_bias,cloth_edge_pull,5,84,0.428571,0.245850,0.515791,0.127835,0.173765,0.145661,0.800000
full_finetune_pretrained,combined_stress,transient_shear_spike,cloth_edge_pull,5,84,0.440476,0.243870,0.509356,0.127559,0.177003,0.145686,0.800000
full_finetune_pretrained,combined_stress,compound_contact_shift,cloth_edge_pull,5,84,0.345238,0.257222,0.518644,0.130807,0.177545,0.147231,0.800000
full_finetune_pretrained,combined_stress,source_matched,cable_threading,5,84,0.404762,0.242305,0.525096,0.128423,0.173094,0.145969,0.800000
full_finetune_pretrained,combined_stress,low_friction,cable_threading,5,84,0.511905,0.247903,0.518778,0.128573,0.174165,0.144700,0.800000
full_finetune_pretrained,combined_stress,soft_compliance,cable_threading,5,84,0.357143,0.248395,0.514206,0.127175,0.178459,0.145295,0.800000
full_finetune_pretrained,combined_stress,texture_aliasing,cable_threading,5,84,0.380952,0.248683,0.512298,0.127841,0.178742,0.149134,0.800000
full_finetune_pretrained,combined_stress,taxel_bias,cable_threading,5,84,0.309524,0.246379,0.520866,0.130520,0.175820,0.144851,0.800000
full_finetune_pretrained,combined_stress,transient_shear_spike,cable_threading,5,84,0.404762,0.242419,0.511461,0.126643,0.176238,0.143512,0.800000
full_finetune_pretrained,combined_stress,compound_contact_shift,cable_threading,5,84,0.416667,0.255591,0.520479,0.135078,0.174731,0.144934,0.800000
full_finetune_pretrained,combined_stress,source_matched,lid_twist_force_control,5,84,0.416667,0.240978,0.488544,0.127869,0.176667,0.147767,0.800000
full_finetune_pretrained,combined_stress,low_friction,lid_twist_force_control,5,84,0.452381,0.247578,0.483729,0.130572,0.171689,0.147188,0.800000
full_finetune_pretrained,combined_stress,soft_compliance,lid_twist_force_control,5,84,0.416667,0.240564,0.485907,0.128448,0.176839,0.142613,0.800000
full_finetune_pretrained,combined_stress,texture_aliasing,lid_twist_force_control,5,84,0.511905,0.246354,0.474243,0.123542,0.171501,0.150241,0.800000
full_finetune_pretrained,combined_stress,taxel_bias,lid_twist_force_control,5,84,0.428571,0.247056,0.487320,0.128823,0.170797,0.148028,0.800000
full_finetune_pretrained,combined_stress,transient_shear_spike,lid_twist_force_control,5,84,0.464286,0.243588,0.478653,0.126812,0.172614,0.147028,0.800000
full_finetune_pretrained,combined_stress,compound_contact_shift,lid_twist_force_control,5,84,0.416667,0.250257,0.477915,0.131749,0.175847,0.143971,0.800000
full_finetune_pretrained,combined_stress,source_matched,slip_limited_grasp,6,84,0.452381,0.241229,0.509848,0.130437,0.173754,0.148324,0.800000
full_finetune_pretrained,combined_stress,low_friction,slip_limited_grasp,6,84,0.404762,0.242411,0.514915,0.131070,0.174667,0.144014,0.800000
full_finetune_pretrained,combined_stress,soft_compliance,slip_limited_grasp,6,84,0.440476,0.249527,0.502270,0.129989,0.171945,0.149170,0.800000
full_finetune_pretrained,combined_stress,texture_aliasing,slip_limited_grasp,6,84,0.511905,0.240017,0.503674,0.129956,0.172843,0.146261,0.800000
full_finetune_pretrained,combined_stress,taxel_bias,slip_limited_grasp,6,84,0.392857,0.248477,0.510379,0.126070,0.177954,0.149391,0.800000
full_finetune_pretrained,combined_stress,transient_shear_spike,slip_limited_grasp,6,84,0.511905,0.244793,0.501388,0.129814,0.170123,0.148242,0.800000
full_finetune_pretrained,combined_stress,compound_contact_shift,slip_limited_grasp,6,84,0.488095,0.248167,0.513718,0.131630,0.170731,0.150920,0.800000
full_finetune_pretrained,combined_stress,source_matched,peg_in_hole_contact_search,6,84,0.440476,0.250379,0.486413,0.128926,0.175819,0.145539,0.800000
full_finetune_pretrained,combined_stress,low_friction,peg_in_hole_contact_search,6,84,0.392857,0.241985,0.477116,0.130221,0.178352,0.142639,0.800000
full_finetune_pretrained,combined_stress,soft_compliance,peg_in_hole_contact_search,6,84,0.416667,0.239453,0.486017,0.130045,0.177416,0.149155,0.800000
full_finetune_pretrained,combined_stress,texture_aliasing,peg_in_hole_contact_search,6,84,0.523810,0.246737,0.476594,0.125986,0.172859,0.149807,0.800000
full_finetune_pretrained,combined_stress,taxel_bias,peg_in_hole_contact_search,6,84,0.440476,0.250481,0.494234,0.125596,0.174183,0.149689,0.800000
full_finetune_pretrained,combined_stress,transient_shear_spike,peg_in_hole_contact_search,6,84,0.428571,0.239435,0.492209,0.126969,0.171805,0.143470,0.800000
full_finetune_pretrained,combined_stress,compound_contact_shift,peg_in_hole_contact_search,6,84,0.428571,0.247597,0.475703,0.131861,0.175177,0.149446,0.800000
full_finetune_pretrained,combined_stress,source_matched,cloth_edge_pull,6,84,0.345238,0.242994,0.521830,0.131144,0.175069,0.147646,0.800000
full_finetune_pretrained,combined_stress,low_friction,cloth_edge_pull,6,84,0.476190,0.248220,0.514954,0.130413,0.175464,0.146121,0.800000
full_finetune_pretrained,combined_stress,soft_compliance,cloth_edge_pull,6,84,0.380952,0.249270,0.511219,0.127955,0.171055,0.147100,0.800000
full_finetune_pretrained,combined_stress,texture_aliasing,cloth_edge_pull,6,84,0.464286,0.249744,0.509590,0.127275,0.170391,0.143063,0.800000
full_finetune_pretrained,combined_stress,taxel_bias,cloth_edge_pull,6,84,0.416667,0.246324,0.516484,0.128504,0.174300,0.146016,0.800000
full_finetune_pretrained,combined_stress,transient_shear_spike,cloth_edge_pull,6,84,0.404762,0.244410,0.510148,0.128874,0.178010,0.146086,0.800000
full_finetune_pretrained,combined_stress,compound_contact_shift,cloth_edge_pull,6,84,0.404762,0.245762,0.519445,0.128545,0.176842,0.147371,0.800000
full_finetune_pretrained,combined_stress,source_matched,cable_threading,6,84,0.321429,0.242803,0.525825,0.130897,0.174930,0.146340,0.800000
full_finetune_pretrained,combined_stress,low_friction,cable_threading,6,84,0.416667,0.248389,0.519489,0.131334,0.176207,0.145063,0.800000
full_finetune_pretrained,combined_stress,soft_compliance,cable_threading,6,84,0.452381,0.248899,0.514944,0.125188,0.177085,0.145670,0.800000
full_finetune_pretrained,combined_stress,texture_aliasing,cable_threading,6,84,0.404762,0.249193,0.513045,0.127644,0.178658,0.149513,0.800000
full_finetune_pretrained,combined_stress,taxel_bias,cable_threading,6,84,0.428571,0.246853,0.521559,0.127915,0.173997,0.145205,0.800000
full_finetune_pretrained,combined_stress,transient_shear_spike,cable_threading,6,84,0.345238,0.242959,0.512253,0.128553,0.177673,0.143912,0.800000
full_finetune_pretrained,combined_stress,compound_contact_shift,cable_threading,6,84,0.309524,0.256137,0.521280,0.130180,0.177028,0.145338,0.800000
full_finetune_pretrained,combined_stress,source_matched,lid_twist_force_control,6,84,0.464286,0.241524,0.471336,0.127105,0.176178,0.148171,0.800000
full_finetune_pretrained,combined_stress,low_friction,lid_twist_force_control,6,84,0.500000,0.248112,0.484512,0.129799,0.171191,0.147583,0.800000
full_finetune_pretrained,combined_stress,soft_compliance,lid_twist_force_control,6,84,0.452381,0.241116,0.486717,0.127986,0.176569,0.143022,0.800000
full_finetune_pretrained,combined_stress,texture_aliasing,lid_twist_force_control,6,84,0.416667,0.246912,0.475062,0.126359,0.173591,0.142649,0.800000
full_finetune_pretrained,combined_stress,taxel_bias,lid_twist_force_control,6,84,0.392857,0.247578,0.488085,0.130124,0.171792,0.148416,0.800000
full_finetune_pretrained,combined_stress,transient_shear_spike,lid_twist_force_control,6,84,0.369048,0.244176,0.479517,0.129651,0.174725,0.147461,0.800000
full_finetune_pretrained,combined_stress,compound_contact_shift,lid_twist_force_control,6,84,0.452381,0.250851,0.478788,0.131320,0.175605,0.144408,0.800000
ensemble_disagreement_filter,combined_stress,source_matched,slip_limited_grasp,0,84,0.535714,0.159121,0.532882,0.099251,0.269810,0.102381,0.800000
ensemble_disagreement_filter,combined_stress,low_friction,slip_limited_grasp,0,84,0.571429,0.155983,0.531469,0.094489,0.274347,0.103100,0.800000
ensemble_disagreement_filter,combined_stress,soft_compliance,slip_limited_grasp,0,84,0.452381,0.158065,0.529282,0.101421,0.271054,0.104790,0.800000
ensemble_disagreement_filter,combined_stress,texture_aliasing,slip_limited_grasp,0,84,0.535714,0.163645,0.535312,0.096652,0.273794,0.104269,0.800000
ensemble_disagreement_filter,combined_stress,taxel_bias,slip_limited_grasp,0,84,0.559524,0.156289,0.536302,0.093077,0.273794,0.104511,0.800000
ensemble_disagreement_filter,combined_stress,transient_shear_spike,slip_limited_grasp,0,84,0.535714,0.156829,0.533647,0.095626,0.271350,0.098267,0.800000
ensemble_disagreement_filter,combined_stress,compound_contact_shift,slip_limited_grasp,0,84,0.642857,0.161049,0.531658,0.095893,0.271242,0.102604,0.800000
ensemble_disagreement_filter,combined_stress,source_matched,peg_in_hole_contact_search,0,84,0.488095,0.151649,0.501725,0.101543,0.269086,0.103803,0.800000
ensemble_disagreement_filter,combined_stress,low_friction,peg_in_hole_contact_search,0,84,0.535714,0.162947,0.503957,0.099546,0.275029,0.098456,0.800000
ensemble_disagreement_filter,combined_stress,soft_compliance,peg_in_hole_contact_search,0,84,0.583333,0.155381,0.505307,0.094915,0.270308,0.101505,0.800000
ensemble_disagreement_filter,combined_stress,texture_aliasing,peg_in_hole_contact_search,0,84,0.523810,0.153743,0.500510,0.096187,0.270807,0.104017,0.800000
ensemble_disagreement_filter,combined_stress,taxel_bias,peg_in_hole_contact_search,0,84,0.523810,0.153677,0.512435,0.098796,0.268091,0.101276,0.800000
ensemble_disagreement_filter,combined_stress,transient_shear_spike,peg_in_hole_contact_search,0,84,0.571429,0.158861,0.498737,0.095116,0.267458,0.098230,0.800000
ensemble_disagreement_filter,combined_stress,compound_contact_shift,peg_in_hole_contact_search,0,84,0.595238,0.155863,0.503930,0.099937,0.272041,0.105600,0.800000
ensemble_disagreement_filter,combined_stress,source_matched,cloth_edge_pull,0,84,0.511905,0.152488,0.532894,0.099719,0.272309,0.104203,0.800000
ensemble_disagreement_filter,combined_stress,low_friction,cloth_edge_pull,0,84,0.500000,0.153394,0.537547,0.099247,0.272396,0.099703,0.800000
ensemble_disagreement_filter,combined_stress,soft_compliance,cloth_edge_pull,0,84,0.476190,0.161416,0.544270,0.100349,0.271348,0.105484,0.800000
ensemble_disagreement_filter,combined_stress,texture_aliasing,cloth_edge_pull,0,84,0.511905,0.152968,0.529258,0.094019,0.273597,0.103306,0.800000
ensemble_disagreement_filter,combined_stress,taxel_bias,cloth_edge_pull,0,84,0.500000,0.157744,0.530437,0.100638,0.274324,0.103899,0.800000
ensemble_disagreement_filter,combined_stress,transient_shear_spike,cloth_edge_pull,0,84,0.452381,0.160054,0.530437,0.097136,0.273489,0.098874,0.800000
ensemble_disagreement_filter,combined_stress,compound_contact_shift,cloth_edge_pull,0,84,0.619048,0.162251,0.525415,0.094365,0.270961,0.101818,0.800000
ensemble_disagreement_filter,combined_stress,source_matched,cable_threading,0,84,0.511905,0.163279,0.535809,0.099494,0.271261,0.102659,0.800000
ensemble_disagreement_filter,combined_stress,low_friction,cable_threading,0,84,0.523810,0.164545,0.541002,0.098703,0.271159,0.098407,0.800000
ensemble_disagreement_filter,combined_stress,soft_compliance,cable_threading,0,84,0.440476,0.160021,0.546915,0.099678,0.270823,0.103551,0.800000
ensemble_disagreement_filter,combined_stress,texture_aliasing,cable_threading,0,84,0.500000,0.163399,0.531633,0.101820,0.272523,0.101513,0.800000
ensemble_disagreement_filter,combined_stress,taxel_bias,cable_threading,0,84,0.345238,0.157249,0.534432,0.103634,0.276541,0.102586,0.800000
ensemble_disagreement_filter,combined_stress,transient_shear_spike,cable_threading,0,84,0.476190,0.157579,0.549471,0.102153,0.271172,0.104201,0.800000
ensemble_disagreement_filter,combined_stress,compound_contact_shift,cable_threading,0,84,0.452381,0.159597,0.544179,0.104006,0.271953,0.099018,0.800000
ensemble_disagreement_filter,combined_stress,source_matched,lid_twist_force_control,0,84,0.559524,0.160659,0.495891,0.096422,0.272696,0.102932,0.800000
ensemble_disagreement_filter,combined_stress,low_friction,lid_twist_force_control,0,84,0.535714,0.162927,0.502587,0.097292,0.273905,0.099369,0.800000
ensemble_disagreement_filter,combined_stress,soft_compliance,lid_twist_force_control,0,84,0.547619,0.162903,0.497241,0.099336,0.274854,0.099609,0.800000
ensemble_disagreement_filter,combined_stress,texture_aliasing,lid_twist_force_control,0,84,0.571429,0.159777,0.508221,0.097384,0.272862,0.101096,0.800000
ensemble_disagreement_filter,combined_stress,taxel_bias,lid_twist_force_control,0,84,0.559524,0.156633,0.497520,0.097931,0.268308,0.104239,0.800000
ensemble_disagreement_filter,combined_stress,transient_shear_spike,lid_twist_force_control,0,84,0.440476,0.157455,0.495288,0.103078,0.275771,0.098189,0.800000
ensemble_disagreement_filter,combined_stress,compound_contact_shift,lid_twist_force_control,0,84,0.392857,0.164975,0.498249,0.101740,0.272644,0.104798,0.800000
ensemble_disagreement_filter,combined_stress,source_matched,slip_limited_grasp,1,84,0.607143,0.159661,0.533674,0.097888,0.268889,0.102781,0.800000
ensemble_disagreement_filter,combined_stress,low_friction,slip_limited_grasp,1,84,0.511905,0.156511,0.532243,0.096389,0.275775,0.103492,0.800000
ensemble_disagreement_filter,combined_stress,soft_compliance,slip_limited_grasp,1,84,0.535714,0.158611,0.530083,0.099764,0.269922,0.105194,0.800000
ensemble_disagreement_filter,combined_stress,texture_aliasing,slip_limited_grasp,1,84,0.511905,0.152191,0.536122,0.096477,0.274595,0.104413,0.800000
ensemble_disagreement_filter,combined_stress,taxel_bias,slip_limited_grasp,1,84,0.404762,0.156805,0.537058,0.097349,0.276927,0.104894,0.800000
ensemble_disagreement_filter,combined_stress,transient_shear_spike,slip_limited_grasp,1,84,0.654762,0.157411,0.534502,0.093104,0.269599,0.098696,0.800000
ensemble_disagreement_filter,combined_stress,compound_contact_shift,slip_limited_grasp,1,84,0.488095,0.161637,0.532522,0.100221,0.274423,0.103037,0.800000
ensemble_disagreement_filter,combined_stress,source_matched,peg_in_hole_contact_search,1,84,0.535714,0.152237,0.502589,0.100811,0.268625,0.104236,0.800000
ensemble_disagreement_filter,combined_stress,low_friction,peg_in_hole_contact_search,1,84,0.511905,0.151517,0.504803,0.099390,0.275845,0.098616,0.800000
ensemble_disagreement_filter,combined_stress,soft_compliance,peg_in_hole_contact_search,1,84,0.392857,0.155975,0.506180,0.100140,0.274136,0.101942,0.800000
ensemble_disagreement_filter,combined_stress,texture_aliasing,peg_in_hole_contact_search,1,84,0.500000,0.154343,0.501392,0.097250,0.271640,0.104458,0.800000
ensemble_disagreement_filter,combined_stress,taxel_bias,peg_in_hole_contact_search,1,84,0.440476,0.154241,0.513263,0.101320,0.269971,0.101692,0.800000
ensemble_disagreement_filter,combined_stress,transient_shear_spike,peg_in_hole_contact_search,1,84,0.595238,0.159491,0.499664,0.095012,0.267453,0.098692,0.800000
ensemble_disagreement_filter,combined_stress,compound_contact_shift,peg_in_hole_contact_search,1,84,0.595238,0.156499,0.504866,0.100433,0.272469,0.098062,0.800000
ensemble_disagreement_filter,combined_stress,source_matched,cloth_edge_pull,1,84,0.404762,0.153010,0.533659,0.102806,0.274590,0.104591,0.800000
ensemble_disagreement_filter,combined_stress,low_friction,cloth_edge_pull,1,84,0.535714,0.153904,0.538294,0.098753,0.272097,0.100082,0.800000
ensemble_disagreement_filter,combined_stress,soft_compliance,cloth_edge_pull,1,84,0.380952,0.161944,0.527035,0.103143,0.273419,0.097871,0.800000
ensemble_disagreement_filter,combined_stress,texture_aliasing,cloth_edge_pull,1,84,0.416667,0.153502,0.530041,0.096817,0.275672,0.103702,0.800000
ensemble_disagreement_filter,combined_stress,taxel_bias,cloth_edge_pull,1,84,0.369048,0.158242,0.531166,0.104302,0.277017,0.104270,0.800000
ensemble_disagreement_filter,combined_stress,transient_shear_spike,cloth_edge_pull,1,84,0.404762,0.160618,0.531265,0.098767,0.274726,0.099290,0.800000
ensemble_disagreement_filter,combined_stress,compound_contact_shift,cloth_edge_pull,1,84,0.476190,0.162821,0.526252,0.098381,0.273916,0.102239,0.800000
ensemble_disagreement_filter,combined_stress,source_matched,cable_threading,1,84,0.440476,0.163801,0.536574,0.101688,0.272899,0.103046,0.800000
ensemble_disagreement_filter,combined_stress,low_friction,cable_threading,1,84,0.416667,0.153049,0.541749,0.100580,0.273431,0.098522,0.800000
ensemble_disagreement_filter,combined_stress,soft_compliance,cable_threading,1,84,0.333333,0.160549,0.547689,0.102770,0.273107,0.103943,0.800000
ensemble_disagreement_filter,combined_stress,texture_aliasing,cable_threading,1,84,0.369048,0.163933,0.532416,0.105511,0.275241,0.101909,0.800000
ensemble_disagreement_filter,combined_stress,taxel_bias,cable_threading,1,84,0.488095,0.157747,0.535161,0.100452,0.274306,0.102957,0.800000
ensemble_disagreement_filter,combined_stress,transient_shear_spike,cable_threading,1,84,0.488095,0.158143,0.532290,0.102296,0.271338,0.104618,0.800000
ensemble_disagreement_filter,combined_stress,compound_contact_shift,cable_threading,1,84,0.380952,0.160167,0.545016,0.106237,0.273622,0.099438,0.800000
ensemble_disagreement_filter,combined_stress,source_matched,lid_twist_force_control,1,84,0.452381,0.161229,0.496728,0.099545,0.275009,0.103352,0.800000
ensemble_disagreement_filter,combined_stress,low_friction,lid_twist_force_control,1,84,0.535714,0.151479,0.503406,0.096527,0.274281,0.099518,0.800000
ensemble_disagreement_filter,combined_stress,soft_compliance,lid_twist_force_control,1,84,0.488095,0.163479,0.498087,0.101273,0.276314,0.100034,0.800000
ensemble_disagreement_filter,combined_stress,texture_aliasing,lid_twist_force_control,1,84,0.583333,0.160359,0.509076,0.097541,0.273039,0.101525,0.800000
ensemble_disagreement_filter,combined_stress,taxel_bias,lid_twist_force_control,1,84,0.488095,0.157179,0.498321,0.100143,0.269962,0.104643,0.800000
ensemble_disagreement_filter,combined_stress,transient_shear_spike,lid_twist_force_control,1,84,0.523810,0.158067,0.496188,0.101471,0.274683,0.098638,0.800000
ensemble_disagreement_filter,combined_stress,compound_contact_shift,lid_twist_force_control,1,84,0.500000,0.165593,0.499158,0.099543,0.271131,0.105252,0.800000
ensemble_disagreement_filter,combined_stress,source_matched,slip_limited_grasp,2,84,0.476190,0.160201,0.534466,0.101583,0.271610,0.103181,0.800000
ensemble_disagreement_filter,combined_stress,low_friction,slip_limited_grasp,2,84,0.488095,0.157039,0.533017,0.097398,0.276559,0.103883,0.800000
ensemble_disagreement_filter,combined_stress,soft_compliance,slip_limited_grasp,2,84,0.607143,0.159157,0.530884,0.098405,0.269005,0.097594,0.800000
ensemble_disagreement_filter,combined_stress,texture_aliasing,slip_limited_grasp,2,84,0.488095,0.152743,0.536932,0.097504,0.275395,0.104821,0.800000
ensemble_disagreement_filter,combined_stress,taxel_bias,slip_limited_grasp,2,84,0.464286,0.157321,0.537814,0.096265,0.276204,0.105278,0.800000
ensemble_disagreement_filter,combined_stress,transient_shear_spike,slip_limited_grasp,2,84,0.535714,0.157993,0.535357,0.096534,0.272134,0.099124,0.800000
ensemble_disagreement_filter,combined_stress,compound_contact_shift,slip_limited_grasp,2,84,0.476190,0.162225,0.533386,0.100978,0.275034,0.103470,0.800000
ensemble_disagreement_filter,combined_stress,source_matched,peg_in_hole_contact_search,2,84,0.511905,0.152825,0.503453,0.093861,0.269449,0.104669,0.800000
ensemble_disagreement_filter,combined_stress,low_friction,peg_in_hole_contact_search,2,84,0.535714,0.152093,0.505649,0.099244,0.275805,0.099041,0.800000
ensemble_disagreement_filter,combined_stress,soft_compliance,peg_in_hole_contact_search,2,84,0.428571,0.156569,0.507053,0.099711,0.273893,0.102379,0.800000
ensemble_disagreement_filter,combined_stress,texture_aliasing,peg_in_hole_contact_search,2,84,0.630952,0.154943,0.502274,0.094445,0.269687,0.104900,0.800000
ensemble_disagreement_filter,combined_stress,taxel_bias,peg_in_hole_contact_search,2,84,0.523810,0.154805,0.514091,0.099677,0.268851,0.102109,0.800000
ensemble_disagreement_filter,combined_stress,transient_shear_spike,peg_in_hole_contact_search,2,84,0.488095,0.160121,0.500591,0.098182,0.269806,0.099154,0.800000
ensemble_disagreement_filter,combined_stress,compound_contact_shift,peg_in_hole_contact_search,2,84,0.500000,0.157135,0.505802,0.095306,0.274612,0.098528,0.800000
ensemble_disagreement_filter,combined_stress,source_matched,cloth_edge_pull,2,84,0.464286,0.153532,0.534424,0.101726,0.273871,0.104978,0.800000
ensemble_disagreement_filter,combined_stress,low_friction,cloth_edge_pull,2,84,0.440476,0.154414,0.539041,0.101533,0.274155,0.100462,0.800000
ensemble_disagreement_filter,combined_stress,soft_compliance,cloth_edge_pull,2,84,0.523810,0.162472,0.527809,0.099984,0.271203,0.098263,0.800000
ensemble_disagreement_filter,combined_stress,texture_aliasing,cloth_edge_pull,2,84,0.488095,0.154036,0.530824,0.095449,0.274746,0.104097,0.800000
ensemble_disagreement_filter,combined_stress,taxel_bias,cloth_edge_pull,2,84,0.440476,0.158740,0.531895,0.102906,0.276067,0.104641,0.800000
ensemble_disagreement_filter,combined_stress,transient_shear_spike,cloth_edge_pull,2,84,0.523810,0.161182,0.532093,0.096231,0.272963,0.099707,0.800000
ensemble_disagreement_filter,combined_stress,compound_contact_shift,cloth_edge_pull,2,84,0.464286,0.163391,0.527089,0.099124,0.274515,0.102659,0.800000
ensemble_disagreement_filter,combined_stress,source_matched,cable_threading,2,84,0.404762,0.164323,0.537339,0.102989,0.273894,0.103434,0.800000
ensemble_disagreement_filter,combined_stress,low_friction,cable_threading,2,84,0.476190,0.153559,0.542496,0.099491,0.272704,0.098901,0.800000
ensemble_disagreement_filter,combined_stress,soft_compliance,cable_threading,2,84,0.464286,0.161077,0.548463,0.099909,0.271106,0.104334,0.800000
ensemble_disagreement_filter,combined_stress,texture_aliasing,cable_threading,2,84,0.380952,0.164467,0.533199,0.105631,0.275386,0.102305,0.800000
ensemble_disagreement_filter,combined_stress,taxel_bias,cable_threading,2,84,0.464286,0.158245,0.535890,0.101437,0.275070,0.103328,0.800000
ensemble_disagreement_filter,combined_stress,transient_shear_spike,cable_threading,2,84,0.369048,0.158707,0.533118,0.097709,0.273861,0.105034,0.800000
ensemble_disagreement_filter,combined_stress,compound_contact_shift,cable_threading,2,84,0.392857,0.160737,0.545853,0.098380,0.273792,0.099859,0.800000
ensemble_disagreement_filter,combined_stress,source_matched,lid_twist_force_control,2,84,0.428571,0.161799,0.497565,0.100586,0.275821,0.103773,0.800000
ensemble_disagreement_filter,combined_stress,low_friction,lid_twist_force_control,2,84,0.559524,0.152037,0.504225,0.096368,0.274228,0.099930,0.800000
ensemble_disagreement_filter,combined_stress,soft_compliance,lid_twist_force_control,2,84,0.500000,0.152049,0.498933,0.100225,0.276487,0.100194,0.800000
ensemble_disagreement_filter,combined_stress,texture_aliasing,lid_twist_force_control,2,84,0.500000,0.160941,0.509931,0.100078,0.274931,0.101954,0.800000
ensemble_disagreement_filter,combined_stress,taxel_bias,lid_twist_force_control,2,84,0.583333,0.157725,0.499122,0.098189,0.268615,0.105047,0.800000
ensemble_disagreement_filter,combined_stress,transient_shear_spike,lid_twist_force_control,2,84,0.500000,0.158679,0.497088,0.094540,0.275523,0.099088,0.800000
ensemble_disagreement_filter,combined_stress,compound_contact_shift,lid_twist_force_control,2,84,0.523810,0.166211,0.500067,0.099430,0.271119,0.105706,0.800000
ensemble_disagreement_filter,combined_stress,source_matched,slip_limited_grasp,3,84,0.500000,0.160741,0.535258,0.101410,0.271545,0.103581,0.800000
ensemble_disagreement_filter,combined_stress,low_friction,slip_limited_grasp,3,84,0.488095,0.157567,0.533791,0.097810,0.276915,0.104275,0.800000
ensemble_disagreement_filter,combined_stress,soft_compliance,slip_limited_grasp,3,84,0.500000,0.159703,0.531685,0.101510,0.271301,0.097998,0.800000
ensemble_disagreement_filter,combined_stress,texture_aliasing,slip_limited_grasp,3,84,0.511905,0.153295,0.537742,0.097340,0.275339,0.105229,0.800000
ensemble_disagreement_filter,combined_stress,taxel_bias,slip_limited_grasp,3,84,0.476190,0.157837,0.538570,0.096371,0.276338,0.097657,0.800000
ensemble_disagreement_filter,combined_stress,transient_shear_spike,slip_limited_grasp,3,84,0.476190,0.158575,0.536212,0.098477,0.273598,0.099553,0.800000
ensemble_disagreement_filter,combined_stress,compound_contact_shift,slip_limited_grasp,3,84,0.523810,0.162813,0.534250,0.100246,0.274573,0.103902,0.800000
ensemble_disagreement_filter,combined_stress,source_matched,peg_in_hole_contact_search,3,84,0.523810,0.153413,0.504317,0.094022,0.269631,0.105102,0.800000
ensemble_disagreement_filter,combined_stress,low_friction,peg_in_hole_contact_search,3,84,0.511905,0.152669,0.506495,0.100289,0.268617,0.099466,0.800000
ensemble_disagreement_filter,combined_stress,soft_compliance,peg_in_hole_contact_search,3,84,0.476190,0.157163,0.507926,0.098984,0.273436,0.102817,0.800000
ensemble_disagreement_filter,combined_stress,texture_aliasing,peg_in_hole_contact_search,3,84,0.535714,0.155543,0.503156,0.097293,0.271805,0.097337,0.800000
ensemble_disagreement_filter,combined_stress,taxel_bias,peg_in_hole_contact_search,3,84,0.380952,0.155369,0.514919,0.103689,0.271803,0.102525,0.800000
ensemble_disagreement_filter,combined_stress,transient_shear_spike,peg_in_hole_contact_search,3,84,0.488095,0.160751,0.501518,0.098673,0.270230,0.099615,0.800000
ensemble_disagreement_filter,combined_stress,compound_contact_shift,peg_in_hole_contact_search,3,84,0.500000,0.157771,0.506738,0.095801,0.275040,0.098994,0.800000
ensemble_disagreement_filter,combined_stress,source_matched,cloth_edge_pull,3,84,0.357143,0.154054,0.535189,0.104813,0.276151,0.105366,0.800000
ensemble_disagreement_filter,combined_stress,low_friction,cloth_edge_pull,3,84,0.488095,0.154924,0.539788,0.100742,0.273642,0.100841,0.800000
ensemble_disagreement_filter,combined_stress,soft_compliance,cloth_edge_pull,3,84,0.523810,0.163000,0.528583,0.100397,0.271559,0.098655,0.800000
ensemble_disagreement_filter,combined_stress,texture_aliasing,cloth_edge_pull,3,84,0.488095,0.154570,0.531607,0.095867,0.275106,0.104493,0.800000
ensemble_disagreement_filter,combined_stress,taxel_bias,cloth_edge_pull,3,84,0.416667,0.159238,0.532624,0.103891,0.276832,0.105012,0.800000
ensemble_disagreement_filter,combined_stress,transient_shear_spike,cloth_edge_pull,3,84,0.440476,0.161746,0.532921,0.098755,0.274843,0.100123,0.800000
ensemble_disagreement_filter,combined_stress,compound_contact_shift,cloth_edge_pull,3,84,0.511905,0.163961,0.527926,0.098379,0.274041,0.103080,0.800000
ensemble_disagreement_filter,combined_stress,source_matched,cable_threading,3,84,0.476190,0.152839,0.538104,0.100411,0.272960,0.103557,0.800000
ensemble_disagreement_filter,combined_stress,low_friction,cable_threading,3,84,0.380952,0.154069,0.543243,0.102271,0.274762,0.099280,0.800000
ensemble_disagreement_filter,combined_stress,soft_compliance,cable_threading,3,84,0.440476,0.161605,0.549237,0.100917,0.271891,0.104726,0.800000
ensemble_disagreement_filter,combined_stress,texture_aliasing,cable_threading,3,84,0.428571,0.152995,0.533982,0.095653,0.274889,0.102437,0.800000
ensemble_disagreement_filter,combined_stress,taxel_bias,cable_threading,3,84,0.416667,0.158743,0.536619,0.103018,0.276263,0.103699,0.800000
ensemble_disagreement_filter,combined_stress,transient_shear_spike,cable_threading,3,84,0.488095,0.159271,0.533946,0.095173,0.272098,0.105451,0.800000
ensemble_disagreement_filter,combined_stress,compound_contact_shift,cable_threading,3,84,0.476190,0.161307,0.546690,0.096742,0.272676,0.100279,0.800000
ensemble_disagreement_filter,combined_stress,source_matched,lid_twist_force_control,3,84,0.547619,0.162369,0.498402,0.098054,0.274062,0.104193,0.800000
ensemble_disagreement_filter,combined_stress,low_friction,lid_twist_force_control,3,84,0.500000,0.152595,0.505044,0.098291,0.275675,0.100342,0.800000
ensemble_disagreement_filter,combined_stress,soft_compliance,lid_twist_force_control,3,84,0.500000,0.152625,0.499779,0.100674,0.268871,0.100619,0.800000
ensemble_disagreement_filter,combined_stress,texture_aliasing,lid_twist_force_control,3,84,0.369048,0.161523,0.492777,0.103806,0.277681,0.102383,0.800000
ensemble_disagreement_filter,combined_stress,taxel_bias,lid_twist_force_control,3,84,0.535714,0.158271,0.499923,0.099806,0.269841,0.097447,0.800000
ensemble_disagreement_filter,combined_stress,transient_shear_spike,lid_twist_force_control,3,84,0.547619,0.159291,0.497988,0.093827,0.275078,0.099537,0.800000
ensemble_disagreement_filter,combined_stress,compound_contact_shift,lid_twist_force_control,3,84,0.607143,0.154823,0.500976,0.096628,0.270035,0.105895,0.800000
ensemble_disagreement_filter,combined_stress,source_matched,slip_limited_grasp,4,84,0.559524,0.161281,0.536050,0.100344,0.270838,0.103981,0.800000
ensemble_disagreement_filter,combined_stress,low_friction,slip_limited_grasp,4,84,0.464286,0.158095,0.534565,0.098818,0.269696,0.104667,0.800000
ensemble_disagreement_filter,combined_stress,soft_compliance,slip_limited_grasp,4,84,0.452381,0.160249,0.532486,0.103127,0.272526,0.098402,0.800000
ensemble_disagreement_filter,combined_stress,texture_aliasing,slip_limited_grasp,4,84,0.500000,0.153847,0.538552,0.098069,0.275925,0.097633,0.800000
ensemble_disagreement_filter,combined_stress,taxel_bias,slip_limited_grasp,4,84,0.500000,0.158353,0.539326,0.096179,0.276257,0.098040,0.800000
ensemble_disagreement_filter,combined_stress,transient_shear_spike,slip_limited_grasp,4,84,0.511905,0.159157,0.537067,0.098038,0.273347,0.099982,0.800000
ensemble_disagreement_filter,combined_stress,compound_contact_shift,slip_limited_grasp,4,84,0.500000,0.163401,0.535114,0.101300,0.275397,0.104335,0.800000
ensemble_disagreement_filter,combined_stress,source_matched,peg_in_hole_contact_search,4,84,0.559524,0.154001,0.505181,0.093588,0.269384,0.097531,0.800000
ensemble_disagreement_filter,combined_stress,low_friction,peg_in_hole_contact_search,4,84,0.559524,0.153245,0.507341,0.099548,0.268148,0.099890,0.800000
ensemble_disagreement_filter,combined_stress,soft_compliance,peg_in_hole_contact_search,4,84,0.404762,0.157757,0.508799,0.101233,0.275122,0.103254,0.800000
ensemble_disagreement_filter,combined_stress,texture_aliasing,peg_in_hole_contact_search,4,84,0.440476,0.156143,0.504038,0.100142,0.273923,0.097778,0.800000
ensemble_disagreement_filter,combined_stress,taxel_bias,peg_in_hole_contact_search,4,84,0.476190,0.155933,0.497738,0.101749,0.270468,0.102941,0.800000
ensemble_disagreement_filter,combined_stress,transient_shear_spike,peg_in_hole_contact_search,4,84,0.464286,0.161381,0.502445,0.099759,0.271083,0.100077,0.800000
ensemble_disagreement_filter,combined_stress,compound_contact_shift,peg_in_hole_contact_search,4,84,0.428571,0.158407,0.507674,0.098082,0.276753,0.099460,0.800000
ensemble_disagreement_filter,combined_stress,source_matched,cloth_edge_pull,4,84,0.511905,0.154576,0.535954,0.101352,0.273717,0.097749,0.800000
ensemble_disagreement_filter,combined_stress,low_friction,cloth_edge_pull,4,84,0.476190,0.155434,0.540535,0.101439,0.274200,0.101220,0.800000
ensemble_disagreement_filter,combined_stress,soft_compliance,cloth_edge_pull,4,84,0.416667,0.163528,0.529357,0.103488,0.273844,0.099046,0.800000
ensemble_disagreement_filter,combined_stress,texture_aliasing,cloth_edge_pull,4,84,0.464286,0.155104,0.532390,0.096879,0.275895,0.104889,0.800000
ensemble_disagreement_filter,combined_stress,taxel_bias,cloth_edge_pull,4,84,0.488095,0.159736,0.533353,0.102495,0.275882,0.105383,0.800000
ensemble_disagreement_filter,combined_stress,transient_shear_spike,cloth_edge_pull,4,84,0.380952,0.162310,0.533749,0.100683,0.276295,0.100539,0.800000
ensemble_disagreement_filter,combined_stress,compound_contact_shift,cloth_edge_pull,4,84,0.535714,0.164531,0.528763,0.098228,0.273997,0.103500,0.800000
ensemble_disagreement_filter,combined_stress,source_matched,cable_threading,4,84,0.500000,0.153361,0.538869,0.100224,0.272883,0.103945,0.800000
ensemble_disagreement_filter,combined_stress,low_friction,cable_threading,4,84,0.464286,0.154579,0.543990,0.100587,0.273606,0.099659,0.800000
ensemble_disagreement_filter,combined_stress,soft_compliance,cable_threading,4,84,0.321429,0.162133,0.532002,0.104306,0.274390,0.105118,0.800000
ensemble_disagreement_filter,combined_stress,texture_aliasing,cable_threading,4,84,0.440476,0.153529,0.534765,0.095773,0.275035,0.102832,0.800000
ensemble_disagreement_filter,combined_stress,taxel_bias,cable_threading,4,84,0.500000,0.159241,0.537348,0.101324,0.275099,0.104070,0.800000
ensemble_disagreement_filter,combined_stress,transient_shear_spike,cable_threading,4,84,0.404762,0.159835,0.534774,0.097696,0.273978,0.097863,0.800000
ensemble_disagreement_filter,combined_stress,compound_contact_shift,cable_threading,4,84,0.464286,0.161877,0.547527,0.097485,0.273274,0.100700,0.800000
ensemble_disagreement_filter,combined_stress,source_matched,lid_twist_force_control,4,84,0.500000,0.162939,0.499239,0.099690,0.275303,0.104614,0.800000
ensemble_disagreement_filter,combined_stress,low_friction,lid_twist_force_control,4,84,0.511905,0.153153,0.505863,0.098430,0.275837,0.100754,0.800000
ensemble_disagreement_filter,combined_stress,soft_compliance,lid_twist_force_control,4,84,0.523810,0.153201,0.500625,0.100529,0.268831,0.101043,0.800000
ensemble_disagreement_filter,combined_stress,texture_aliasing,lid_twist_force_control,4,84,0.523810,0.162105,0.493632,0.100391,0.275287,0.102811,0.800000
ensemble_disagreement_filter,combined_stress,taxel_bias,lid_twist_force_control,4,84,0.500000,0.158817,0.500724,0.101126,0.270851,0.097851,0.800000
ensemble_disagreement_filter,combined_stress,transient_shear_spike,lid_twist_force_control,4,84,0.559524,0.159903,0.498888,0.094006,0.275276,0.099987,0.800000
ensemble_disagreement_filter,combined_stress,compound_contact_shift,lid_twist_force_control,4,84,0.523810,0.155441,0.501885,0.099193,0.271951,0.098345,0.800000
ensemble_disagreement_filter,combined_stress,source_matched,slip_limited_grasp,5,84,0.464286,0.161821,0.536842,0.103147,0.272916,0.104381,0.800000
ensemble_disagreement_filter,combined_stress,low_friction,slip_limited_grasp,5,84,0.595238,0.158623,0.535339,0.095957,0.267695,0.105058,0.800000
ensemble_disagreement_filter,combined_stress,soft_compliance,slip_limited_grasp,5,84,0.476190,0.160795,0.533287,0.102959,0.272466,0.098806,0.800000
ensemble_disagreement_filter,combined_stress,texture_aliasing,slip_limited_grasp,5,84,0.511905,0.154399,0.539362,0.098202,0.276083,0.098041,0.800000
ensemble_disagreement_filter,combined_stress,taxel_bias,slip_limited_grasp,5,84,0.523810,0.158869,0.522073,0.095988,0.276177,0.098424,0.800000
ensemble_disagreement_filter,combined_stress,transient_shear_spike,slip_limited_grasp,5,84,0.547619,0.159739,0.537922,0.097599,0.273096,0.100411,0.800000
ensemble_disagreement_filter,combined_stress,compound_contact_shift,slip_limited_grasp,5,84,0.630952,0.163989,0.535978,0.098485,0.273436,0.104768,0.800000
ensemble_disagreement_filter,combined_stress,source_matched,peg_in_hole_contact_search,5,84,0.488095,0.154589,0.506045,0.095833,0.271066,0.097964,0.800000
ensemble_disagreement_filter,combined_stress,low_friction,peg_in_hole_contact_search,5,84,0.464286,0.153821,0.508187,0.102379,0.270251,0.100315,0.800000
ensemble_disagreement_filter,combined_stress,soft_compliance,peg_in_hole_contact_search,5,84,0.500000,0.158351,0.509672,0.099315,0.273808,0.103691,0.800000
ensemble_disagreement_filter,combined_stress,texture_aliasing,peg_in_hole_contact_search,5,84,0.476190,0.156743,0.504920,0.099718,0.273684,0.098219,0.800000
ensemble_disagreement_filter,combined_stress,taxel_bias,peg_in_hole_contact_search,5,84,0.404762,0.156497,0.498566,0.103975,0.272134,0.103358,0.800000
ensemble_disagreement_filter,combined_stress,transient_shear_spike,peg_in_hole_contact_search,5,84,0.488095,0.162011,0.503372,0.099655,0.271078,0.100539,0.800000
ensemble_disagreement_filter,combined_stress,compound_contact_shift,peg_in_hole_contact_search,5,84,0.464286,0.159043,0.508610,0.097685,0.276539,0.099926,0.800000
ensemble_disagreement_filter,combined_stress,source_matched,cloth_edge_pull,5,84,0.392857,0.155098,0.536719,0.096732,0.276212,0.098137,0.800000
ensemble_disagreement_filter,combined_stress,low_friction,cloth_edge_pull,5,84,0.476190,0.155944,0.541282,0.101838,0.274544,0.101599,0.800000
ensemble_disagreement_filter,combined_stress,soft_compliance,cloth_edge_pull,5,84,0.404762,0.164056,0.530131,0.104199,0.274414,0.099438,0.800000
ensemble_disagreement_filter,combined_stress,texture_aliasing,cloth_edge_pull,5,84,0.404762,0.155638,0.533173,0.098785,0.277326,0.105285,0.800000
ensemble_disagreement_filter,combined_stress,taxel_bias,cloth_edge_pull,5,84,0.523810,0.160234,0.534082,0.093988,0.275575,0.097750,0.800000
ensemble_disagreement_filter,combined_stress,transient_shear_spike,cloth_edge_pull,5,84,0.404762,0.162874,0.534577,0.100528,0.276246,0.100956,0.800000
ensemble_disagreement_filter,combined_stress,compound_contact_shift,cloth_edge_pull,5,84,0.440476,0.165101,0.529600,0.101054,0.276095,0.103921,0.800000
ensemble_disagreement_filter,combined_stress,source_matched,cable_threading,5,84,0.476190,0.153883,0.539634,0.101228,0.273664,0.104332,0.800000
ensemble_disagreement_filter,combined_stress,low_friction,cable_threading,5,84,0.500000,0.155089,0.544737,0.100093,0.273307,0.100039,0.800000
ensemble_disagreement_filter,combined_stress,soft_compliance,cable_threading,5,84,0.440476,0.162661,0.532776,0.101742,0.272603,0.105509,0.800000
ensemble_disagreement_filter,combined_stress,texture_aliasing,cable_threading,5,84,0.404762,0.154063,0.535548,0.097083,0.276038,0.103228,0.800000
ensemble_disagreement_filter,combined_stress,taxel_bias,cable_threading,5,84,0.380952,0.159739,0.538077,0.104690,0.277578,0.104441,0.800000
ensemble_disagreement_filter,combined_stress,transient_shear_spike,cable_threading,5,84,0.452381,0.160399,0.535602,0.096946,0.273501,0.098279,0.800000
ensemble_disagreement_filter,combined_stress,compound_contact_shift,cable_threading,5,84,0.488095,0.162447,0.530355,0.097334,0.273230,0.101120,0.800000
ensemble_disagreement_filter,combined_stress,source_matched,lid_twist_force_control,5,84,0.523810,0.151503,0.500076,0.098339,0.275259,0.104770,0.800000
ensemble_disagreement_filter,combined_stress,low_friction,lid_twist_force_control,5,84,0.547619,0.153711,0.506682,0.097973,0.275570,0.101167,0.800000
ensemble_disagreement_filter,combined_stress,soft_compliance,lid_twist_force_control,5,84,0.500000,0.153777,0.501471,0.101574,0.269647,0.101468,0.800000
ensemble_disagreement_filter,combined_stress,texture_aliasing,lid_twist_force_control,5,84,0.642857,0.162687,0.494487,0.097869,0.273536,0.103240,0.800000
ensemble_disagreement_filter,combined_stress,taxel_bias,lid_twist_force_control,5,84,0.404762,0.159363,0.501525,0.103933,0.272934,0.098255,0.800000
ensemble_disagreement_filter,combined_stress,transient_shear_spike,lid_twist_force_control,5,84,0.559524,0.160515,0.499788,0.094483,0.267684,0.100436,0.800000
ensemble_disagreement_filter,combined_stress,compound_contact_shift,lid_twist_force_control,5,84,0.404762,0.156059,0.502794,0.102651,0.274510,0.098798,0.800000
ensemble_disagreement_filter,combined_stress,source_matched,slip_limited_grasp,6,84,0.523810,0.162361,0.537634,0.102081,0.272209,0.104781,0.800000
ensemble_disagreement_filter,combined_stress,low_friction,slip_limited_grasp,6,84,0.500000,0.159151,0.536113,0.098751,0.269765,0.105450,0.800000
ensemble_disagreement_filter,combined_stress,soft_compliance,slip_limited_grasp,6,84,0.440476,0.161341,0.534088,0.096274,0.273477,0.099210,0.800000
ensemble_disagreement_filter,combined_stress,texture_aliasing,slip_limited_grasp,6,84,0.488095,0.154951,0.522163,0.099229,0.276883,0.098450,0.800000
ensemble_disagreement_filter,combined_stress,taxel_bias,slip_limited_grasp,6,84,0.666667,0.159385,0.522829,0.092820,0.265949,0.098807,0.800000
ensemble_disagreement_filter,combined_stress,transient_shear_spike,slip_limited_grasp,6,84,0.452381,0.160321,0.538777,0.100435,0.275202,0.100840,0.800000
ensemble_disagreement_filter,combined_stress,compound_contact_shift,slip_limited_grasp,6,84,0.535714,0.164577,0.536842,0.101325,0.275546,0.105201,0.800000
ensemble_disagreement_filter,combined_stress,source_matched,peg_in_hole_contact_search,6,84,0.500000,0.155177,0.506909,0.095994,0.271248,0.098397,0.800000
ensemble_disagreement_filter,combined_stress,low_friction,peg_in_hole_contact_search,6,84,0.488095,0.154397,0.509033,0.102233,0.270210,0.100740,0.800000
ensemble_disagreement_filter,combined_stress,soft_compliance,peg_in_hole_contact_search,6,84,0.500000,0.158945,0.510545,0.099779,0.274208,0.104128,0.800000
ensemble_disagreement_filter,combined_stress,texture_aliasing,peg_in_hole_contact_search,6,84,0.511905,0.157343,0.505802,0.099293,0.273445,0.098660,0.800000
ensemble_disagreement_filter,combined_stress,taxel_bias,peg_in_hole_contact_search,6,84,0.523810,0.157061,0.499394,0.101439,0.270371,0.103774,0.800000
ensemble_disagreement_filter,combined_stress,transient_shear_spike,peg_in_hole_contact_search,6,84,0.535714,0.162641,0.504299,0.098955,0.270645,0.101001,0.800000
ensemble_disagreement_filter,combined_stress,compound_contact_shift,peg_in_hole_contact_search,6,84,0.595238,0.159679,0.509546,0.094907,0.274609,0.100392,0.800000
ensemble_disagreement_filter,combined_stress,source_matched,cloth_edge_pull,6,84,0.440476,0.155620,0.537484,0.095950,0.275707,0.098524,0.800000
ensemble_disagreement_filter,combined_stress,low_friction,cloth_edge_pull,6,84,0.523810,0.156454,0.542029,0.101046,0.274031,0.101978,0.800000
ensemble_disagreement_filter,combined_stress,soft_compliance,cloth_edge_pull,6,84,0.416667,0.152578,0.530905,0.103113,0.274556,0.099565,0.800000
ensemble_disagreement_filter,combined_stress,texture_aliasing,cloth_edge_pull,6,84,0.535714,0.156172,0.533956,0.095928,0.275329,0.097676,0.800000
ensemble_disagreement_filter,combined_stress,taxel_bias,cloth_edge_pull,6,84,0.440476,0.160732,0.534811,0.096461,0.277411,0.098121,0.800000
ensemble_disagreement_filter,combined_stress,transient_shear_spike,cloth_edge_pull,6,84,0.523810,0.163438,0.535405,0.097993,0.274483,0.101372,0.800000
ensemble_disagreement_filter,combined_stress,compound_contact_shift,cloth_edge_pull,6,84,0.428571,0.165671,0.530437,0.101797,0.276693,0.104341,0.800000
ensemble_disagreement_filter,combined_stress,source_matched,cable_threading,6,84,0.511905,0.154405,0.540399,0.100743,0.273373,0.104720,0.800000
ensemble_disagreement_filter,combined_stress,low_friction,cable_threading,6,84,0.488095,0.155599,0.545484,0.100790,0.273866,0.100418,0.800000
ensemble_disagreement_filter,combined_stress,soft_compliance,cable_threading,6,84,0.500000,0.163189,0.533550,0.100667,0.271887,0.097897,0.800000
ensemble_disagreement_filter,combined_stress,texture_aliasing,cable_threading,6,84,0.440476,0.154597,0.536331,0.096608,0.275755,0.103624,0.800000
ensemble_disagreement_filter,combined_stress,taxel_bias,cable_threading,6,84,0.523810,0.160237,0.538806,0.101508,0.275343,0.104812,0.800000
ensemble_disagreement_filter,combined_stress,transient_shear_spike,cable_threading,6,84,0.488095,0.160963,0.536430,0.096494,0.273238,0.098696,0.800000
ensemble_disagreement_filter,combined_stress,compound_contact_shift,cable_threading,6,84,0.392857,0.163017,0.531192,0.100160,0.275328,0.101541,0.800000
ensemble_disagreement_filter,combined_stress,source_matched,lid_twist_force_control,6,84,0.547619,0.152073,0.500913,0.098189,0.275214,0.105191,0.800000
ensemble_disagreement_filter,combined_stress,low_friction,lid_twist_force_control,6,84,0.607143,0.154269,0.507501,0.096920,0.266871,0.101579,0.800000
ensemble_disagreement_filter,combined_stress,soft_compliance,lid_twist_force_control,6,84,0.416667,0.154353,0.502317,0.096103,0.271535,0.101893,0.800000
ensemble_disagreement_filter,combined_stress,texture_aliasing,lid_twist_force_control,6,84,0.511905,0.163269,0.495342,0.101597,0.276285,0.103669,0.800000
ensemble_disagreement_filter,combined_stress,taxel_bias,lid_twist_force_control,6,84,0.559524,0.159909,0.502326,0.100491,0.270516,0.098659,0.800000
ensemble_disagreement_filter,combined_stress,transient_shear_spike,lid_twist_force_control,6,84,0.488095,0.161127,0.500688,0.096746,0.269382,0.100886,0.800000
ensemble_disagreement_filter,combined_stress,compound_contact_shift,lid_twist_force_control,6,84,0.559524,0.156677,0.503703,0.099264,0.272140,0.099252,0.800000
proposed_negative_transfer_guard,combined_stress,source_matched,slip_limited_grasp,0,84,0.761905,0.105233,0.578163,0.071816,0.237507,0.079020,0.800000
proposed_negative_transfer_guard,combined_stress,low_friction,slip_limited_grasp,0,84,0.750000,0.109709,0.588171,0.074081,0.239973,0.084982,0.800000
proposed_negative_transfer_guard,combined_stress,soft_compliance,slip_limited_grasp,0,84,0.583333,0.106865,0.578595,0.078427,0.242257,0.083280,0.800000
proposed_negative_transfer_guard,combined_stress,texture_aliasing,slip_limited_grasp,0,84,0.690476,0.103559,0.589305,0.074254,0.238645,0.084643,0.800000
proposed_negative_transfer_guard,combined_stress,taxel_bias,slip_limited_grasp,0,84,0.595238,0.104183,0.584256,0.079773,0.238103,0.082377,0.800000
proposed_negative_transfer_guard,combined_stress,transient_shear_spike,slip_limited_grasp,0,84,0.642857,0.109343,0.588531,0.076075,0.237454,0.079314,0.800000
proposed_negative_transfer_guard,combined_stress,compound_contact_shift,slip_limited_grasp,0,84,0.583333,0.103095,0.590286,0.081126,0.242009,0.085085,0.800000
proposed_negative_transfer_guard,combined_stress,source_matched,peg_in_hole_contact_search,0,84,0.583333,0.105223,0.557725,0.082891,0.243904,0.085370,0.800000
proposed_negative_transfer_guard,combined_stress,low_friction,peg_in_hole_contact_search,0,84,0.630952,0.100123,0.571378,0.076326,0.238915,0.084738,0.800000
proposed_negative_transfer_guard,combined_stress,soft_compliance,peg_in_hole_contact_search,0,84,0.726190,0.099637,0.565339,0.075933,0.238056,0.084659,0.800000
proposed_negative_transfer_guard,combined_stress,texture_aliasing,peg_in_hole_contact_search,0,84,0.571429,0.101119,0.565222,0.081978,0.242350,0.081316,0.800000
proposed_negative_transfer_guard,combined_stress,taxel_bias,peg_in_hole_contact_search,0,84,0.559524,0.109033,0.571108,0.082999,0.245168,0.084070,0.800000
proposed_negative_transfer_guard,combined_stress,transient_shear_spike,peg_in_hole_contact_search,0,84,0.690476,0.106831,0.564340,0.079577,0.238111,0.083941,0.800000
proposed_negative_transfer_guard,combined_stress,compound_contact_shift,peg_in_hole_contact_search,0,84,0.619048,0.105371,0.555268,0.080593,0.238069,0.085005,0.800000
proposed_negative_transfer_guard,combined_stress,source_matched,cloth_edge_pull,0,84,0.571429,0.102269,0.584052,0.079429,0.245618,0.083534,0.800000
proposed_negative_transfer_guard,combined_stress,low_friction,cloth_edge_pull,0,84,0.571429,0.110789,0.600126,0.084497,0.242562,0.084278,0.800000
proposed_negative_transfer_guard,combined_stress,soft_compliance,cloth_edge_pull,0,84,0.619048,0.101879,0.599460,0.078836,0.244949,0.078398,0.800000
proposed_negative_transfer_guard,combined_stress,texture_aliasing,cloth_edge_pull,0,84,0.630952,0.108557,0.589128,0.076694,0.241703,0.078633,0.800000
proposed_negative_transfer_guard,combined_stress,taxel_bias,cloth_edge_pull,0,84,0.559524,0.109307,0.584268,0.081715,0.240816,0.084457,0.800000
proposed_negative_transfer_guard,combined_stress,transient_shear_spike,cloth_edge_pull,0,84,0.583333,0.104231,0.591198,0.078768,0.241776,0.082350,0.800000
proposed_negative_transfer_guard,combined_stress,compound_contact_shift,cloth_edge_pull,0,84,0.535714,0.107967,0.589920,0.083172,0.244769,0.086992,0.800000
proposed_negative_transfer_guard,combined_stress,source_matched,cable_threading,0,84,0.654762,0.100154,0.603896,0.075350,0.242590,0.081226,0.800000
proposed_negative_transfer_guard,combined_stress,low_friction,cable_threading,0,84,0.619048,0.109034,0.602501,0.081587,0.240417,0.082217,0.800000
proposed_negative_transfer_guard,combined_stress,soft_compliance,cable_threading,0,84,0.559524,0.111590,0.601025,0.079391,0.244372,0.084234,0.800000
proposed_negative_transfer_guard,combined_stress,texture_aliasing,cable_threading,0,84,0.547619,0.106082,0.590423,0.084510,0.241434,0.084080,0.800000
proposed_negative_transfer_guard,combined_stress,taxel_bias,cable_threading,0,84,0.476190,0.107912,0.605192,0.082354,0.241268,0.082645,0.800000
proposed_negative_transfer_guard,combined_stress,transient_shear_spike,cable_threading,0,84,0.500000,0.100856,0.591143,0.077890,0.240907,0.079173,0.800000
proposed_negative_transfer_guard,combined_stress,compound_contact_shift,cable_threading,0,84,0.571429,0.104412,0.589595,0.079180,0.241638,0.083692,0.800000
proposed_negative_transfer_guard,combined_stress,source_matched,lid_twist_force_control,0,84,0.642857,0.108100,0.560972,0.081491,0.243760,0.080395,0.800000
proposed_negative_transfer_guard,combined_stress,low_friction,lid_twist_force_control,0,84,0.595238,0.105976,0.561080,0.079589,0.242469,0.081812,0.800000
proposed_negative_transfer_guard,combined_stress,soft_compliance,lid_twist_force_control,0,84,0.702381,0.101026,0.548345,0.075475,0.238421,0.078660,0.800000
proposed_negative_transfer_guard,combined_stress,texture_aliasing,lid_twist_force_control,0,84,0.666667,0.101020,0.564005,0.077403,0.239579,0.082295,0.800000
proposed_negative_transfer_guard,combined_stress,taxel_bias,lid_twist_force_control,0,84,0.595238,0.105856,0.565274,0.077553,0.241417,0.082930,0.800000
proposed_negative_transfer_guard,combined_stress,transient_shear_spike,lid_twist_force_control,0,84,0.630952,0.111298,0.551963,0.082372,0.241170,0.080062,0.800000
proposed_negative_transfer_guard,combined_stress,compound_contact_shift,lid_twist_force_control,0,84,0.726190,0.108350,0.558668,0.078080,0.237136,0.080101,0.800000
proposed_negative_transfer_guard,combined_stress,source_matched,slip_limited_grasp,1,84,0.559524,0.105797,0.578991,0.077316,0.241530,0.079436,0.800000
proposed_negative_transfer_guard,combined_stress,low_friction,slip_limited_grasp,1,84,0.761905,0.110261,0.588981,0.074214,0.240131,0.085390,0.800000
proposed_negative_transfer_guard,combined_stress,soft_compliance,slip_limited_grasp,1,84,0.595238,0.107435,0.579432,0.078575,0.242427,0.083700,0.800000
proposed_negative_transfer_guard,combined_stress,texture_aliasing,slip_limited_grasp,1,84,0.607143,0.104135,0.590151,0.076787,0.240533,0.085068,0.800000
proposed_negative_transfer_guard,combined_stress,taxel_bias,slip_limited_grasp,1,84,0.690476,0.104723,0.585048,0.077814,0.236753,0.082777,0.800000
proposed_negative_transfer_guard,combined_stress,transient_shear_spike,slip_limited_grasp,1,84,0.797619,0.109949,0.589422,0.072678,0.235076,0.079759,0.800000
proposed_negative_transfer_guard,combined_stress,compound_contact_shift,slip_limited_grasp,1,84,0.678571,0.103707,0.591186,0.079222,0.240707,0.085534,0.800000
proposed_negative_transfer_guard,combined_stress,source_matched,peg_in_hole_contact_search,1,84,0.642857,0.105835,0.558625,0.081880,0.243244,0.085819,0.800000
proposed_negative_transfer_guard,combined_stress,low_friction,peg_in_hole_contact_search,1,84,0.690476,0.100723,0.554251,0.075306,0.238247,0.085179,0.800000
proposed_negative_transfer_guard,combined_stress,soft_compliance,peg_in_hole_contact_search,1,84,0.595238,0.100255,0.566248,0.079689,0.240829,0.085113,0.800000
proposed_negative_transfer_guard,combined_stress,texture_aliasing,peg_in_hole_contact_search,1,84,0.535714,0.101743,0.566140,0.083357,0.243413,0.081773,0.800000
proposed_negative_transfer_guard,combined_stress,taxel_bias,peg_in_hole_contact_search,1,84,0.547619,0.109621,0.553963,0.083756,0.245779,0.084503,0.800000
proposed_negative_transfer_guard,combined_stress,transient_shear_spike,peg_in_hole_contact_search,1,84,0.619048,0.107485,0.565303,0.081872,0.239837,0.084420,0.800000
proposed_negative_transfer_guard,combined_stress,compound_contact_shift,peg_in_hole_contact_search,1,84,0.678571,0.106031,0.556240,0.079619,0.237441,0.085488,0.800000
proposed_negative_transfer_guard,combined_stress,source_matched,cloth_edge_pull,1,84,0.607143,0.102815,0.584853,0.078963,0.245343,0.083938,0.800000
proposed_negative_transfer_guard,combined_stress,low_friction,cloth_edge_pull,1,84,0.571429,0.111323,0.582900,0.076911,0.242922,0.084674,0.800000
proposed_negative_transfer_guard,combined_stress,soft_compliance,cloth_edge_pull,1,84,0.702381,0.102431,0.600270,0.077184,0.243821,0.078806,0.800000
proposed_negative_transfer_guard,combined_stress,texture_aliasing,cloth_edge_pull,1,84,0.523810,0.109115,0.589947,0.079808,0.244007,0.079045,0.800000
proposed_negative_transfer_guard,combined_stress,taxel_bias,cloth_edge_pull,1,84,0.595238,0.109829,0.585033,0.081230,0.240525,0.084845,0.800000
proposed_negative_transfer_guard,combined_stress,transient_shear_spike,cloth_edge_pull,1,84,0.571429,0.104819,0.592062,0.079524,0.242386,0.082783,0.800000
proposed_negative_transfer_guard,combined_stress,compound_contact_shift,cloth_edge_pull,1,84,0.559524,0.108561,0.590793,0.083040,0.244740,0.079425,0.800000
proposed_negative_transfer_guard,combined_stress,source_matched,cable_threading,1,84,0.571429,0.100700,0.604697,0.077860,0.244458,0.081630,0.800000
proposed_negative_transfer_guard,combined_stress,low_friction,cable_threading,1,84,0.607143,0.109568,0.603284,0.082302,0.240991,0.082613,0.800000
proposed_negative_transfer_guard,combined_stress,soft_compliance,cable_threading,1,84,0.595238,0.100136,0.601835,0.077729,0.244101,0.084378,0.800000
proposed_negative_transfer_guard,combined_stress,texture_aliasing,cable_threading,1,84,0.678571,0.106640,0.591242,0.081672,0.239453,0.084493,0.800000
proposed_negative_transfer_guard,combined_stress,taxel_bias,cable_threading,1,84,0.642857,0.108434,0.587948,0.078596,0.238620,0.083032,0.800000
proposed_negative_transfer_guard,combined_stress,transient_shear_spike,cable_threading,1,84,0.476190,0.101444,0.592007,0.078944,0.241732,0.079606,0.800000
proposed_negative_transfer_guard,combined_stress,compound_contact_shift,cable_threading,1,84,0.511905,0.105006,0.590468,0.081131,0.243109,0.084129,0.800000
proposed_negative_transfer_guard,combined_stress,source_matched,lid_twist_force_control,1,84,0.773810,0.108694,0.561845,0.078680,0.241803,0.080832,0.800000
proposed_negative_transfer_guard,combined_stress,low_friction,lid_twist_force_control,1,84,0.642857,0.106558,0.561935,0.078852,0.242004,0.082241,0.800000
proposed_negative_transfer_guard,combined_stress,soft_compliance,lid_twist_force_control,1,84,0.678571,0.101626,0.549227,0.076538,0.239253,0.079101,0.800000
proposed_negative_transfer_guard,combined_stress,texture_aliasing,lid_twist_force_control,1,84,0.619048,0.101626,0.564896,0.079066,0.240845,0.082741,0.800000
proposed_negative_transfer_guard,combined_stress,taxel_bias,lid_twist_force_control,1,84,0.607143,0.106426,0.566111,0.077700,0.241587,0.083350,0.800000
proposed_negative_transfer_guard,combined_stress,transient_shear_spike,lid_twist_force_control,1,84,0.690476,0.099928,0.552899,0.080179,0.240527,0.080263,0.800000
proposed_negative_transfer_guard,combined_stress,compound_contact_shift,lid_twist_force_control,1,84,0.619048,0.108992,0.559613,0.081259,0.239497,0.080571,0.800000
proposed_negative_transfer_guard,combined_stress,source_matched,slip_limited_grasp,2,84,0.702381,0.106361,0.579819,0.074185,0.239338,0.079853,0.800000
proposed_negative_transfer_guard,combined_stress,low_friction,slip_limited_grasp,2,84,0.678571,0.110813,0.589791,0.076729,0.242003,0.085798,0.800000
proposed_negative_transfer_guard,combined_stress,soft_compliance,slip_limited_grasp,2,84,0.595238,0.108005,0.580269,0.079020,0.242811,0.084121,0.800000
proposed_negative_transfer_guard,combined_stress,texture_aliasing,slip_limited_grasp,2,84,0.654762,0.104711,0.590997,0.076046,0.240063,0.085492,0.800000
proposed_negative_transfer_guard,combined_stress,taxel_bias,slip_limited_grasp,2,84,0.642857,0.105263,0.585840,0.079427,0.237974,0.083176,0.800000
proposed_negative_transfer_guard,combined_stress,transient_shear_spike,slip_limited_grasp,2,84,0.726190,0.110555,0.590313,0.074937,0.236770,0.080205,0.800000
proposed_negative_transfer_guard,combined_stress,compound_contact_shift,slip_limited_grasp,2,84,0.678571,0.104319,0.592086,0.079700,0.241119,0.085984,0.800000
proposed_negative_transfer_guard,combined_stress,source_matched,peg_in_hole_contact_search,2,84,0.654762,0.106447,0.559525,0.082060,0.243442,0.078265,0.800000
proposed_negative_transfer_guard,combined_stress,low_friction,peg_in_hole_contact_search,2,84,0.559524,0.101323,0.555133,0.079048,0.241008,0.085620,0.800000
proposed_negative_transfer_guard,combined_stress,soft_compliance,peg_in_hole_contact_search,2,84,0.702381,0.100873,0.567157,0.077492,0.239317,0.085566,0.800000
proposed_negative_transfer_guard,combined_stress,texture_aliasing,peg_in_hole_contact_search,2,84,0.666667,0.102367,0.567058,0.080570,0.241476,0.082231,0.800000
proposed_negative_transfer_guard,combined_stress,taxel_bias,peg_in_hole_contact_search,2,84,0.583333,0.110209,0.554827,0.083322,0.245532,0.084936,0.800000
proposed_negative_transfer_guard,combined_stress,transient_shear_spike,peg_in_hole_contact_search,2,84,0.630952,0.108139,0.566266,0.082084,0.240063,0.084898,0.800000
proposed_negative_transfer_guard,combined_stress,compound_contact_shift,peg_in_hole_contact_search,2,84,0.619048,0.106691,0.557212,0.081621,0.238957,0.085970,0.800000
proposed_negative_transfer_guard,combined_stress,source_matched,cloth_edge_pull,2,84,0.619048,0.103361,0.585654,0.079092,0.245497,0.084342,0.800000
proposed_negative_transfer_guard,combined_stress,low_friction,cloth_edge_pull,2,84,0.571429,0.099851,0.583683,0.076127,0.243282,0.084805,0.800000
proposed_negative_transfer_guard,combined_stress,soft_compliance,cloth_edge_pull,2,84,0.511905,0.102983,0.583071,0.082377,0.247621,0.079214,0.800000
proposed_negative_transfer_guard,combined_stress,texture_aliasing,cloth_edge_pull,2,84,0.619048,0.109673,0.590766,0.077863,0.242669,0.079457,0.800000
proposed_negative_transfer_guard,combined_stress,taxel_bias,cloth_edge_pull,2,84,0.559524,0.110351,0.585798,0.082531,0.241520,0.085232,0.800000
proposed_negative_transfer_guard,combined_stress,transient_shear_spike,cloth_edge_pull,2,84,0.642857,0.105407,0.592926,0.078197,0.241496,0.083215,0.800000
proposed_negative_transfer_guard,combined_stress,compound_contact_shift,cloth_edge_pull,2,84,0.595238,0.109155,0.591666,0.082611,0.244497,0.079862,0.800000
proposed_negative_transfer_guard,combined_stress,source_matched,cable_threading,2,84,0.583333,0.101246,0.587489,0.077989,0.244611,0.082034,0.800000
proposed_negative_transfer_guard,combined_stress,low_friction,cable_threading,2,84,0.476190,0.110102,0.604067,0.085993,0.243708,0.083009,0.800000
proposed_negative_transfer_guard,combined_stress,soft_compliance,cable_threading,2,84,0.559524,0.100688,0.602645,0.079053,0.245116,0.084786,0.800000
proposed_negative_transfer_guard,combined_stress,texture_aliasing,cable_threading,2,84,0.571429,0.107198,0.592061,0.076782,0.241758,0.084905,0.800000
proposed_negative_transfer_guard,combined_stress,taxel_bias,cable_threading,2,84,0.500000,0.108956,0.588713,0.082576,0.241543,0.083420,0.800000
proposed_negative_transfer_guard,combined_stress,transient_shear_spike,cable_threading,2,84,0.535714,0.102032,0.592871,0.077914,0.241057,0.080039,0.800000
proposed_negative_transfer_guard,combined_stress,compound_contact_shift,cable_threading,2,84,0.571429,0.105600,0.591341,0.080106,0.242438,0.084566,0.800000
proposed_negative_transfer_guard,combined_stress,source_matched,lid_twist_force_control,2,84,0.630952,0.109288,0.562718,0.082715,0.244774,0.081269,0.800000
proposed_negative_transfer_guard,combined_stress,low_friction,lid_twist_force_control,2,84,0.714286,0.107140,0.562790,0.077521,0.241110,0.082670,0.800000
proposed_negative_transfer_guard,combined_stress,soft_compliance,lid_twist_force_control,2,84,0.654762,0.102226,0.550109,0.077602,0.240086,0.079542,0.800000
proposed_negative_transfer_guard,combined_stress,texture_aliasing,lid_twist_force_control,2,84,0.845238,0.102232,0.565787,0.073884,0.237181,0.083186,0.800000
proposed_negative_transfer_guard,combined_stress,taxel_bias,lid_twist_force_control,2,84,0.654762,0.106996,0.548939,0.076955,0.241114,0.083771,0.800000
proposed_negative_transfer_guard,combined_stress,transient_shear_spike,lid_twist_force_control,2,84,0.726190,0.100564,0.553835,0.079782,0.240312,0.080729,0.800000
proposed_negative_transfer_guard,combined_stress,compound_contact_shift,lid_twist_force_control,2,84,0.654762,0.109634,0.560558,0.080866,0.239286,0.081041,0.800000
proposed_negative_transfer_guard,combined_stress,source_matched,slip_limited_grasp,3,84,0.678571,0.106925,0.580647,0.075220,0.240147,0.080269,0.800000
proposed_negative_transfer_guard,combined_stress,low_friction,slip_limited_grasp,3,84,0.607143,0.111365,0.590601,0.078946,0.243661,0.086207,0.800000
proposed_negative_transfer_guard,combined_stress,soft_compliance,slip_limited_grasp,3,84,0.678571,0.108575,0.581106,0.077381,0.241695,0.084541,0.800000
proposed_negative_transfer_guard,combined_stress,texture_aliasing,slip_limited_grasp,3,84,0.630952,0.105287,0.591843,0.077091,0.240880,0.085917,0.800000
proposed_negative_transfer_guard,combined_stress,taxel_bias,slip_limited_grasp,3,84,0.559524,0.105803,0.586632,0.081932,0.239838,0.083576,0.800000
proposed_negative_transfer_guard,combined_stress,transient_shear_spike,slip_limited_grasp,3,84,0.630952,0.111161,0.591204,0.077790,0.238892,0.080650,0.800000
proposed_negative_transfer_guard,combined_stress,compound_contact_shift,slip_limited_grasp,3,84,0.630952,0.104931,0.592986,0.081367,0.242388,0.086433,0.800000
proposed_negative_transfer_guard,combined_stress,source_matched,peg_in_hole_contact_search,3,84,0.702381,0.107059,0.560425,0.073342,0.242997,0.078714,0.800000
proposed_negative_transfer_guard,combined_stress,low_friction,peg_in_hole_contact_search,3,84,0.642857,0.101923,0.556015,0.077433,0.239912,0.078057,0.800000
proposed_negative_transfer_guard,combined_stress,soft_compliance,peg_in_hole_contact_search,3,84,0.583333,0.101491,0.568066,0.080950,0.241876,0.078016,0.800000
proposed_negative_transfer_guard,combined_stress,texture_aliasing,peg_in_hole_contact_search,3,84,0.678571,0.102991,0.567976,0.080759,0.241681,0.082689,0.800000
proposed_negative_transfer_guard,combined_stress,taxel_bias,peg_in_hole_contact_search,3,84,0.571429,0.110797,0.555691,0.084078,0.246142,0.085368,0.800000
proposed_negative_transfer_guard,combined_stress,transient_shear_spike,peg_in_hole_contact_search,3,84,0.571429,0.108793,0.567229,0.084082,0.241574,0.085376,0.800000
proposed_negative_transfer_guard,combined_stress,compound_contact_shift,peg_in_hole_contact_search,3,84,0.607143,0.107351,0.558184,0.082433,0.239615,0.086453,0.800000
proposed_negative_transfer_guard,combined_stress,source_matched,cloth_edge_pull,3,84,0.619048,0.103907,0.586455,0.079519,0.237861,0.084746,0.800000
proposed_negative_transfer_guard,combined_stress,low_friction,cloth_edge_pull,3,84,0.607143,0.100385,0.584466,0.075652,0.242999,0.085201,0.800000
proposed_negative_transfer_guard,combined_stress,soft_compliance,cloth_edge_pull,3,84,0.571429,0.103535,0.583881,0.081320,0.238918,0.079622,0.800000
proposed_negative_transfer_guard,combined_stress,texture_aliasing,cloth_edge_pull,3,84,0.547619,0.110231,0.591585,0.080085,0.244331,0.079870,0.800000
proposed_negative_transfer_guard,combined_stress,taxel_bias,cloth_edge_pull,3,84,0.619048,0.110873,0.586563,0.081451,0.240801,0.085620,0.800000
proposed_negative_transfer_guard,combined_stress,transient_shear_spike,cloth_edge_pull,3,84,0.595238,0.105995,0.593790,0.079847,0.242749,0.083648,0.800000
proposed_negative_transfer_guard,combined_stress,compound_contact_shift,cloth_edge_pull,3,84,0.583333,0.109749,0.592539,0.083372,0.245112,0.080299,0.800000
proposed_negative_transfer_guard,combined_stress,source_matched,cable_threading,3,84,0.630952,0.101792,0.588290,0.077225,0.244122,0.082438,0.800000
proposed_negative_transfer_guard,combined_stress,low_friction,cable_threading,3,84,0.559524,0.110636,0.604850,0.084328,0.242568,0.083405,0.800000
proposed_negative_transfer_guard,combined_stress,soft_compliance,cable_threading,3,84,0.535714,0.101240,0.603455,0.080079,0.245917,0.085194,0.800000
proposed_negative_transfer_guard,combined_stress,texture_aliasing,cable_threading,3,84,0.535714,0.107756,0.592880,0.078111,0.242777,0.085317,0.800000
proposed_negative_transfer_guard,combined_stress,taxel_bias,cable_threading,3,84,0.559524,0.109478,0.589478,0.081496,0.240824,0.083807,0.800000
proposed_negative_transfer_guard,combined_stress,transient_shear_spike,cable_threading,3,84,0.595238,0.102620,0.593735,0.076885,0.240381,0.080472,0.800000
proposed_negative_transfer_guard,combined_stress,compound_contact_shift,cable_threading,3,84,0.583333,0.106194,0.592214,0.080272,0.242623,0.085003,0.800000
proposed_negative_transfer_guard,combined_stress,source_matched,lid_twist_force_control,3,84,0.642857,0.109882,0.563591,0.082881,0.244960,0.081706,0.800000
proposed_negative_transfer_guard,combined_stress,low_friction,lid_twist_force_control,3,84,0.726190,0.107722,0.563645,0.077677,0.241288,0.083099,0.800000
proposed_negative_transfer_guard,combined_stress,soft_compliance,lid_twist_force_control,3,84,0.654762,0.102826,0.550991,0.078070,0.240490,0.079983,0.800000
proposed_negative_transfer_guard,combined_stress,texture_aliasing,lid_twist_force_control,3,84,0.642857,0.102838,0.548669,0.079416,0.241232,0.083631,0.800000
proposed_negative_transfer_guard,combined_stress,taxel_bias,lid_twist_force_control,3,84,0.726190,0.107566,0.549776,0.075614,0.240212,0.084191,0.800000
proposed_negative_transfer_guard,combined_stress,transient_shear_spike,lid_twist_force_control,3,84,0.559524,0.101200,0.554771,0.076440,0.243740,0.081195,0.800000
proposed_negative_transfer_guard,combined_stress,compound_contact_shift,lid_twist_force_control,3,84,0.642857,0.110276,0.561503,0.081664,0.239932,0.081511,0.800000
proposed_negative_transfer_guard,combined_stress,source_matched,slip_limited_grasp,4,84,0.678571,0.107489,0.581475,0.075661,0.240527,0.080685,0.800000
proposed_negative_transfer_guard,combined_stress,low_friction,slip_limited_grasp,4,84,0.630952,0.099911,0.591411,0.077581,0.243604,0.078347,0.800000
proposed_negative_transfer_guard,combined_stress,soft_compliance,slip_limited_grasp,4,84,0.642857,0.109145,0.581943,0.078719,0.242722,0.084962,0.800000
proposed_negative_transfer_guard,combined_stress,texture_aliasing,slip_limited_grasp,4,84,0.726190,0.105863,0.592689,0.075159,0.239554,0.078338,0.800000
proposed_negative_transfer_guard,combined_stress,taxel_bias,slip_limited_grasp,4,84,0.714286,0.106343,0.587424,0.078485,0.237416,0.083976,0.800000
proposed_negative_transfer_guard,combined_stress,transient_shear_spike,slip_limited_grasp,4,84,0.630952,0.099761,0.592095,0.077062,0.239300,0.080831,0.800000
proposed_negative_transfer_guard,combined_stress,compound_contact_shift,slip_limited_grasp,4,84,0.702381,0.105543,0.593886,0.080059,0.241514,0.086883,0.800000
proposed_negative_transfer_guard,combined_stress,source_matched,peg_in_hole_contact_search,4,84,0.666667,0.107671,0.561325,0.074712,0.244052,0.079164,0.800000
proposed_negative_transfer_guard,combined_stress,low_friction,peg_in_hole_contact_search,4,84,0.666667,0.102523,0.556897,0.077306,0.239888,0.078498,0.800000
proposed_negative_transfer_guard,combined_stress,soft_compliance,peg_in_hole_contact_search,4,84,0.571429,0.102109,0.568975,0.081729,0.242506,0.078469,0.800000
proposed_negative_transfer_guard,combined_stress,texture_aliasing,peg_in_hole_contact_search,4,84,0.702381,0.103615,0.568894,0.080650,0.241673,0.083146,0.800000
proposed_negative_transfer_guard,combined_stress,taxel_bias,peg_in_hole_contact_search,4,84,0.607143,0.099379,0.556555,0.082443,0.237891,0.085537,0.800000
proposed_negative_transfer_guard,combined_stress,transient_shear_spike,peg_in_hole_contact_search,4,84,0.654762,0.109447,0.568192,0.082508,0.240514,0.085855,0.800000
proposed_negative_transfer_guard,combined_stress,compound_contact_shift,peg_in_hole_contact_search,4,84,0.607143,0.108011,0.559156,0.082947,0.240059,0.078931,0.800000
proposed_negative_transfer_guard,combined_stress,source_matched,cloth_edge_pull,4,84,0.619048,0.104453,0.587256,0.079945,0.238229,0.085150,0.800000
proposed_negative_transfer_guard,combined_stress,low_friction,cloth_edge_pull,4,84,0.642857,0.100919,0.585249,0.075176,0.242716,0.085597,0.800000
proposed_negative_transfer_guard,combined_stress,soft_compliance,cloth_edge_pull,4,84,0.571429,0.104087,0.584691,0.081751,0.239290,0.080030,0.800000
proposed_negative_transfer_guard,combined_stress,texture_aliasing,cloth_edge_pull,4,84,0.595238,0.110789,0.592404,0.079330,0.243849,0.080282,0.800000
proposed_negative_transfer_guard,combined_stress,taxel_bias,cloth_edge_pull,4,84,0.511905,0.111395,0.587328,0.084538,0.243081,0.086007,0.800000
proposed_negative_transfer_guard,combined_stress,transient_shear_spike,cloth_edge_pull,4,84,0.583333,0.106583,0.594654,0.080603,0.243360,0.084081,0.800000
proposed_negative_transfer_guard,combined_stress,compound_contact_shift,cloth_edge_pull,4,84,0.654762,0.110343,0.593412,0.082049,0.244226,0.080736,0.800000
proposed_negative_transfer_guard,combined_stress,source_matched,cable_threading,4,84,0.571429,0.102338,0.589091,0.079140,0.245562,0.082842,0.800000
proposed_negative_transfer_guard,combined_stress,low_friction,cable_threading,4,84,0.571429,0.111170,0.587624,0.084447,0.242714,0.083800,0.800000
proposed_negative_transfer_guard,combined_stress,soft_compliance,cable_threading,4,84,0.547619,0.101792,0.604265,0.080213,0.246074,0.085602,0.800000
proposed_negative_transfer_guard,combined_stress,texture_aliasing,cable_threading,4,84,0.547619,0.108314,0.593699,0.078249,0.242938,0.085730,0.800000
proposed_negative_transfer_guard,combined_stress,taxel_bias,cable_threading,4,84,0.511905,0.110000,0.590243,0.083094,0.242033,0.084195,0.800000
proposed_negative_transfer_guard,combined_stress,transient_shear_spike,cable_threading,4,84,0.571429,0.103208,0.594599,0.077939,0.241206,0.080905,0.800000
proposed_negative_transfer_guard,combined_stress,compound_contact_shift,cable_threading,4,84,0.595238,0.106788,0.593087,0.080438,0.242809,0.085440,0.800000
proposed_negative_transfer_guard,combined_stress,source_matched,lid_twist_force_control,4,84,0.535714,0.110476,0.564464,0.078019,0.239285,0.082143,0.800000
proposed_negative_transfer_guard,combined_stress,low_friction,lid_twist_force_control,4,84,0.571429,0.108304,0.564500,0.082001,0.244466,0.083528,0.800000
proposed_negative_transfer_guard,combined_stress,soft_compliance,lid_twist_force_control,4,84,0.666667,0.103426,0.551873,0.078240,0.240679,0.080424,0.800000
proposed_negative_transfer_guard,combined_stress,texture_aliasing,lid_twist_force_control,4,84,0.666667,0.103444,0.549560,0.079294,0.241211,0.084077,0.800000
proposed_negative_transfer_guard,combined_stress,taxel_bias,lid_twist_force_control,4,84,0.630952,0.108136,0.550613,0.078440,0.242310,0.084612,0.800000
proposed_negative_transfer_guard,combined_stress,transient_shear_spike,lid_twist_force_control,4,84,0.678571,0.101836,0.555707,0.073959,0.242025,0.081661,0.800000
proposed_negative_transfer_guard,combined_stress,compound_contact_shift,lid_twist_force_control,4,84,0.702381,0.110918,0.562448,0.080676,0.239293,0.081981,0.800000
proposed_negative_transfer_guard,combined_stress,source_matched,slip_limited_grasp,5,84,0.690476,0.108053,0.582303,0.075803,0.240693,0.081102,0.800000
proposed_negative_transfer_guard,combined_stress,low_friction,slip_limited_grasp,5,84,0.595238,0.100463,0.592221,0.078905,0.244619,0.078755,0.800000
proposed_negative_transfer_guard,combined_stress,soft_compliance,slip_limited_grasp,5,84,0.595238,0.109715,0.582780,0.080355,0.243963,0.085382,0.800000
proposed_negative_transfer_guard,combined_stress,texture_aliasing,slip_limited_grasp,5,84,0.738095,0.106439,0.593535,0.075311,0.239727,0.078762,0.800000
proposed_negative_transfer_guard,combined_stress,taxel_bias,slip_limited_grasp,5,84,0.642857,0.106883,0.588216,0.080693,0.239066,0.084376,0.800000
proposed_negative_transfer_guard,combined_stress,transient_shear_spike,slip_limited_grasp,5,84,0.666667,0.100367,0.592986,0.076642,0.239065,0.081277,0.800000
proposed_negative_transfer_guard,combined_stress,compound_contact_shift,slip_limited_grasp,5,84,0.666667,0.106155,0.576777,0.081429,0.242569,0.079328,0.800000
proposed_negative_transfer_guard,combined_stress,source_matched,peg_in_hole_contact_search,5,84,0.666667,0.108283,0.562225,0.075190,0.244464,0.079613,0.800000
proposed_negative_transfer_guard,combined_stress,low_friction,peg_in_hole_contact_search,5,84,0.714286,0.103123,0.557779,0.076583,0.239435,0.078940,0.800000
proposed_negative_transfer_guard,combined_stress,soft_compliance,peg_in_hole_contact_search,5,84,0.702381,0.102727,0.569884,0.078937,0.240565,0.078923,0.800000
proposed_negative_transfer_guard,combined_stress,texture_aliasing,peg_in_hole_contact_search,5,84,0.678571,0.104239,0.569812,0.073728,0.242521,0.083604,0.800000
proposed_negative_transfer_guard,combined_stress,taxel_bias,peg_in_hole_contact_search,5,84,0.666667,0.099967,0.557419,0.073410,0.237216,0.077966,0.800000
proposed_negative_transfer_guard,combined_stress,transient_shear_spike,peg_in_hole_contact_search,5,84,0.559524,0.110101,0.569155,0.077394,0.242668,0.078329,0.800000
proposed_negative_transfer_guard,combined_stress,compound_contact_shift,peg_in_hole_contact_search,5,84,0.726190,0.108671,0.560128,0.080484,0.238360,0.079414,0.800000
proposed_negative_transfer_guard,combined_stress,source_matched,cloth_edge_pull,5,84,0.642857,0.104999,0.588057,0.079776,0.238168,0.085554,0.800000
proposed_negative_transfer_guard,combined_stress,low_friction,cloth_edge_pull,5,84,0.714286,0.101453,0.586032,0.073808,0.241791,0.085992,0.800000
proposed_negative_transfer_guard,combined_stress,soft_compliance,cloth_edge_pull,5,84,0.559524,0.104639,0.585501,0.082480,0.239876,0.080439,0.800000
proposed_negative_transfer_guard,combined_stress,texture_aliasing,cloth_edge_pull,5,84,0.642857,0.111347,0.593223,0.078575,0.243368,0.080694,0.800000
proposed_negative_transfer_guard,combined_stress,taxel_bias,cloth_edge_pull,5,84,0.488095,0.099911,0.588093,0.084341,0.243862,0.086131,0.800000
proposed_negative_transfer_guard,combined_stress,transient_shear_spike,cloth_edge_pull,5,84,0.630952,0.107171,0.595518,0.079871,0.242899,0.084514,0.800000
proposed_negative_transfer_guard,combined_stress,compound_contact_shift,cloth_edge_pull,5,84,0.595238,0.110937,0.594285,0.084001,0.245697,0.081173,0.800000
proposed_negative_transfer_guard,combined_stress,source_matched,cable_threading,5,84,0.619048,0.102884,0.589892,0.078376,0.245073,0.083246,0.800000
proposed_negative_transfer_guard,combined_stress,low_friction,cable_threading,5,84,0.595238,0.111704,0.588407,0.084269,0.242645,0.084196,0.800000
proposed_negative_transfer_guard,combined_stress,soft_compliance,cable_threading,5,84,0.535714,0.102344,0.605075,0.080942,0.246661,0.086010,0.800000
proposed_negative_transfer_guard,combined_stress,texture_aliasing,cable_threading,5,84,0.571429,0.108872,0.594518,0.078089,0.242886,0.086142,0.800000
proposed_negative_transfer_guard,combined_stress,taxel_bias,cable_threading,5,84,0.559524,0.110522,0.591008,0.082312,0.241528,0.084582,0.800000
proposed_negative_transfer_guard,combined_stress,transient_shear_spike,cable_threading,5,84,0.630952,0.103796,0.595463,0.076910,0.240530,0.081338,0.800000
proposed_negative_transfer_guard,combined_stress,compound_contact_shift,cable_threading,5,84,0.523810,0.107382,0.593960,0.082687,0.244495,0.085877,0.800000
proposed_negative_transfer_guard,combined_stress,source_matched,lid_twist_force_control,5,84,0.607143,0.111070,0.565337,0.076696,0.238399,0.082581,0.800000
proposed_negative_transfer_guard,combined_stress,low_friction,lid_twist_force_control,5,84,0.642857,0.108886,0.565355,0.080669,0.243572,0.083957,0.800000
proposed_negative_transfer_guard,combined_stress,soft_compliance,lid_twist_force_control,5,84,0.547619,0.104026,0.552755,0.081684,0.243226,0.080866,0.800000
proposed_negative_transfer_guard,combined_stress,texture_aliasing,lid_twist_force_control,5,84,0.595238,0.104050,0.550451,0.081552,0.242905,0.084522,0.800000
proposed_negative_transfer_guard,combined_stress,taxel_bias,lid_twist_force_control,5,84,0.607143,0.108706,0.551450,0.079480,0.243123,0.085033,0.800000
proposed_negative_transfer_guard,combined_stress,transient_shear_spike,lid_twist_force_control,5,84,0.595238,0.102472,0.556643,0.076538,0.243953,0.082127,0.800000
proposed_negative_transfer_guard,combined_stress,compound_contact_shift,lid_twist_force_control,5,84,0.583333,0.111560,0.563393,0.084153,0.241867,0.082451,0.800000
proposed_negative_transfer_guard,combined_stress,source_matched,slip_limited_grasp,6,84,0.666667,0.108617,0.583131,0.076839,0.241501,0.081518,0.800000
proposed_negative_transfer_guard,combined_stress,low_friction,slip_limited_grasp,6,84,0.583333,0.101015,0.593031,0.079634,0.245205,0.079163,0.800000
proposed_negative_transfer_guard,combined_stress,soft_compliance,slip_limited_grasp,6,84,0.535714,0.110285,0.583617,0.082288,0.245418,0.085803,0.800000
proposed_negative_transfer_guard,combined_stress,texture_aliasing,slip_limited_grasp,6,84,0.690476,0.107015,0.594381,0.076952,0.240973,0.079187,0.800000
proposed_negative_transfer_guard,combined_stress,taxel_bias,slip_limited_grasp,6,84,0.702381,0.107423,0.589008,0.079627,0.238358,0.084776,0.800000
proposed_negative_transfer_guard,combined_stress,transient_shear_spike,slip_limited_grasp,6,84,0.690476,0.100973,0.593877,0.076519,0.239045,0.081722,0.800000
proposed_negative_transfer_guard,combined_stress,compound_contact_shift,slip_limited_grasp,6,84,0.535714,0.106767,0.577677,0.085180,0.245338,0.079777,0.800000
proposed_negative_transfer_guard,combined_stress,source_matched,peg_in_hole_contact_search,6,84,0.619048,0.108895,0.563125,0.076857,0.237729,0.080063,0.800000
proposed_negative_transfer_guard,combined_stress,low_friction,peg_in_hole_contact_search,6,84,0.607143,0.103723,0.558661,0.079730,0.241767,0.079381,0.800000
proposed_negative_transfer_guard,combined_stress,soft_compliance,peg_in_hole_contact_search,6,84,0.678571,0.103345,0.570793,0.080014,0.241409,0.079376,0.800000
proposed_negative_transfer_guard,combined_stress,texture_aliasing,peg_in_hole_contact_search,6,84,0.690476,0.104863,0.570730,0.073916,0.242727,0.084062,0.800000
proposed_negative_transfer_guard,combined_stress,taxel_bias,peg_in_hole_contact_search,6,84,0.583333,0.100555,0.558283,0.075952,0.239112,0.078399,0.800000
proposed_negative_transfer_guard,combined_stress,transient_shear_spike,peg_in_hole_contact_search,6,84,0.666667,0.110755,0.570118,0.075225,0.241180,0.078808,0.800000
proposed_negative_transfer_guard,combined_stress,compound_contact_shift,peg_in_hole_contact_search,6,84,0.607143,0.109331,0.561100,0.083975,0.240947,0.079896,0.800000
proposed_negative_transfer_guard,combined_stress,source_matched,cloth_edge_pull,6,84,0.571429,0.105545,0.588858,0.081989,0.239822,0.085959,0.800000
proposed_negative_transfer_guard,combined_stress,low_friction,cloth_edge_pull,6,84,0.619048,0.101987,0.586815,0.076607,0.243865,0.078384,0.800000
proposed_negative_transfer_guard,combined_stress,soft_compliance,cloth_edge_pull,6,84,0.607143,0.105191,0.586311,0.081721,0.239391,0.080847,0.800000
proposed_negative_transfer_guard,combined_stress,texture_aliasing,cloth_edge_pull,6,84,0.583333,0.099899,0.594042,0.079299,0.244816,0.080842,0.800000
proposed_negative_transfer_guard,combined_stress,taxel_bias,cloth_edge_pull,6,84,0.523810,0.100433,0.588858,0.083856,0.243571,0.078514,0.800000
proposed_negative_transfer_guard,combined_stress,transient_shear_spike,cloth_edge_pull,6,84,0.583333,0.107759,0.596382,0.081521,0.244152,0.084947,0.800000
proposed_negative_transfer_guard,combined_stress,compound_contact_shift,cloth_edge_pull,6,84,0.726190,0.111531,0.595158,0.081190,0.243740,0.081610,0.800000
proposed_negative_transfer_guard,combined_stress,source_matched,cable_threading,6,84,0.547619,0.103430,0.590693,0.080589,0.246726,0.083650,0.800000
proposed_negative_transfer_guard,combined_stress,low_friction,cable_threading,6,84,0.571429,0.100232,0.589190,0.076077,0.243434,0.084328,0.800000
proposed_negative_transfer_guard,combined_stress,soft_compliance,cable_threading,6,84,0.619048,0.102896,0.587876,0.079289,0.245533,0.086418,0.800000
proposed_negative_transfer_guard,combined_stress,texture_aliasing,cable_threading,6,84,0.595238,0.109430,0.595337,0.077930,0.242833,0.086554,0.800000
proposed_negative_transfer_guard,combined_stress,taxel_bias,cable_threading,6,84,0.619048,0.111044,0.591773,0.081232,0.240809,0.084970,0.800000
proposed_negative_transfer_guard,combined_stress,transient_shear_spike,cable_threading,6,84,0.654762,0.104384,0.596327,0.076773,0.240498,0.081771,0.800000
proposed_negative_transfer_guard,combined_stress,compound_contact_shift,cable_threading,6,84,0.642857,0.107976,0.594833,0.080174,0.242752,0.086314,0.800000
proposed_negative_transfer_guard,combined_stress,source_matched,lid_twist_force_control,6,84,0.678571,0.099658,0.548201,0.074173,0.237513,0.082753,0.800000
proposed_negative_transfer_guard,combined_stress,low_friction,lid_twist_force_control,6,84,0.690476,0.109468,0.548201,0.079933,0.243107,0.084385,0.800000
proposed_negative_transfer_guard,combined_stress,soft_compliance,lid_twist_force_control,6,84,0.642857,0.104626,0.553637,0.079771,0.241916,0.081307,0.800000
proposed_negative_transfer_guard,combined_stress,texture_aliasing,lid_twist_force_control,6,84,0.690476,0.104656,0.551342,0.079644,0.241599,0.084967,0.800000
proposed_negative_transfer_guard,combined_stress,taxel_bias,lid_twist_force_control,6,84,0.607143,0.109276,0.552287,0.079925,0.243507,0.085453,0.800000
proposed_negative_transfer_guard,combined_stress,transient_shear_spike,lid_twist_force_control,6,84,0.654762,0.103108,0.557579,0.075546,0.243310,0.082593,0.800000
proposed_negative_transfer_guard,combined_stress,compound_contact_shift,lid_twist_force_control,6,84,0.595238,0.112202,0.564338,0.084355,0.242085,0.082921,0.800000
oracle_feature_selector,combined_stress,source_matched,slip_limited_grasp,0,84,0.773810,0.075721,0.644316,0.055979,0.196621,0.064214,0.800000
oracle_feature_selector,combined_stress,low_friction,slip_limited_grasp,0,84,0.702381,0.078073,0.651138,0.058104,0.198742,0.060710,0.800000
oracle_feature_selector,combined_stress,soft_compliance,slip_limited_grasp,0,84,0.726190,0.071305,0.653685,0.062684,0.194982,0.064309,0.800000
oracle_feature_selector,combined_stress,texture_aliasing,slip_limited_grasp,0,84,0.702381,0.072985,0.653865,0.057603,0.197050,0.061102,0.800000
oracle_feature_selector,combined_stress,taxel_bias,slip_limited_grasp,0,84,0.785714,0.073663,0.648897,0.058699,0.193330,0.058873,0.800000
oracle_feature_selector,combined_stress,transient_shear_spike,slip_limited_grasp,0,84,0.726190,0.074431,0.646584,0.062316,0.191682,0.060790,0.800000
oracle_feature_selector,combined_stress,compound_contact_shift,slip_limited_grasp,0,84,0.797619,0.074027,0.657924,0.060934,0.190136,0.062945,0.800000
oracle_feature_selector,combined_stress,source_matched,peg_in_hole_contact_search,0,84,0.642857,0.080824,0.631276,0.061659,0.197444,0.065961,0.800000
oracle_feature_selector,combined_stress,low_friction,peg_in_hole_contact_search,0,84,0.726190,0.073600,0.623734,0.060577,0.198400,0.063866,0.800000
oracle_feature_selector,combined_stress,soft_compliance,peg_in_hole_contact_search,0,84,0.690476,0.081196,0.629818,0.061650,0.197283,0.061349,0.800000
oracle_feature_selector,combined_stress,texture_aliasing,peg_in_hole_contact_search,0,84,0.714286,0.075658,0.637180,0.057849,0.193683,0.061175,0.800000
oracle_feature_selector,combined_stress,taxel_bias,peg_in_hole_contact_search,0,84,0.714286,0.071620,0.625138,0.057413,0.196323,0.063703,0.800000
oracle_feature_selector,combined_stress,transient_shear_spike,peg_in_hole_contact_search,0,84,0.702381,0.077032,0.629791,0.063400,0.196913,0.060814,0.800000
oracle_feature_selector,combined_stress,compound_contact_shift,peg_in_hole_contact_search,0,84,0.714286,0.081415,0.630304,0.059172,0.191627,0.066266,0.800000
oracle_feature_selector,combined_stress,source_matched,cloth_edge_pull,0,84,0.714286,0.078808,0.659493,0.065052,0.198499,0.064986,0.800000
oracle_feature_selector,combined_stress,low_friction,cloth_edge_pull,0,84,0.595238,0.073198,0.654372,0.062263,0.196169,0.064003,0.800000
oracle_feature_selector,combined_stress,soft_compliance,cloth_edge_pull,0,84,0.690476,0.072370,0.665829,0.061607,0.195083,0.063689,0.800000
oracle_feature_selector,combined_stress,texture_aliasing,cloth_edge_pull,0,84,0.714286,0.072028,0.662976,0.061790,0.194947,0.059089,0.800000
oracle_feature_selector,combined_stress,taxel_bias,cloth_edge_pull,0,84,0.642857,0.072832,0.658197,0.058848,0.194096,0.064951,0.800000
oracle_feature_selector,combined_stress,transient_shear_spike,cloth_edge_pull,0,84,0.654762,0.075370,0.658539,0.062036,0.192342,0.060083,0.800000
oracle_feature_selector,combined_stress,compound_contact_shift,cloth_edge_pull,0,84,0.738095,0.072943,0.648837,0.058806,0.197238,0.060845,0.800000
oracle_feature_selector,combined_stress,source_matched,cable_threading,0,84,0.678571,0.078210,0.663758,0.065181,0.198693,0.063791,0.800000
oracle_feature_selector,combined_stress,low_friction,cable_threading,0,84,0.726190,0.072960,0.659177,0.058501,0.193604,0.063056,0.800000
oracle_feature_selector,combined_stress,soft_compliance,cable_threading,0,84,0.714286,0.071592,0.669824,0.060110,0.194086,0.062370,0.800000
oracle_feature_selector,combined_stress,texture_aliasing,cable_threading,0,84,0.642857,0.071070,0.666701,0.062536,0.195544,0.065650,0.800000
oracle_feature_selector,combined_stress,taxel_bias,cable_threading,0,84,0.726190,0.072954,0.663542,0.056553,0.192628,0.064252,0.800000
oracle_feature_selector,combined_stress,transient_shear_spike,cable_threading,0,84,0.726190,0.073512,0.660914,0.058520,0.197772,0.066024,0.800000
oracle_feature_selector,combined_stress,compound_contact_shift,cable_threading,0,84,0.678571,0.082911,0.668951,0.059627,0.196901,0.066927,0.800000
oracle_feature_selector,combined_stress,source_matched,lid_twist_force_control,0,84,0.702381,0.072978,0.618593,0.060110,0.198225,0.061675,0.800000
oracle_feature_selector,combined_stress,low_friction,lid_twist_force_control,0,84,0.750000,0.080736,0.615515,0.063404,0.193803,0.061893,0.800000
oracle_feature_selector,combined_stress,soft_compliance,lid_twist_force_control,0,84,0.642857,0.071862,0.614903,0.061639,0.199000,0.064042,0.800000
oracle_feature_selector,combined_stress,texture_aliasing,lid_twist_force_control,0,84,0.761905,0.076842,0.620033,0.063521,0.192693,0.063108,0.800000
oracle_feature_selector,combined_stress,taxel_bias,lid_twist_force_control,0,84,0.833333,0.069726,0.621383,0.058939,0.191995,0.063515,0.800000
oracle_feature_selector,combined_stress,transient_shear_spike,lid_twist_force_control,0,84,0.797619,0.070776,0.619493,0.062177,0.190106,0.065626,0.800000
oracle_feature_selector,combined_stress,compound_contact_shift,lid_twist_force_control,0,84,0.726190,0.073671,0.617774,0.058892,0.193332,0.062050,0.800000
oracle_feature_selector,combined_stress,source_matched,slip_limited_grasp,1,84,0.666667,0.076231,0.645063,0.059056,0.198893,0.064594,0.800000
oracle_feature_selector,combined_stress,low_friction,slip_limited_grasp,1,84,0.726190,0.078571,0.651867,0.057898,0.198650,0.061081,0.800000
oracle_feature_selector,combined_stress,soft_compliance,slip_limited_grasp,1,84,0.702381,0.071821,0.654441,0.063683,0.195758,0.064693,0.800000
oracle_feature_selector,combined_stress,texture_aliasing,slip_limited_grasp,1,84,0.809524,0.073507,0.654630,0.055333,0.195474,0.061490,0.800000
oracle_feature_selector,combined_stress,taxel_bias,slip_limited_grasp,1,84,0.738095,0.074149,0.649608,0.060271,0.194515,0.059236,0.800000
oracle_feature_selector,combined_stress,transient_shear_spike,slip_limited_grasp,1,84,0.726190,0.074983,0.647394,0.062748,0.192054,0.061198,0.800000
oracle_feature_selector,combined_stress,compound_contact_shift,slip_limited_grasp,1,84,0.821429,0.074585,0.658743,0.060775,0.190083,0.063357,0.800000
oracle_feature_selector,combined_stress,source_matched,peg_in_hole_contact_search,1,84,0.773810,0.081382,0.632095,0.058821,0.195463,0.066373,0.800000
oracle_feature_selector,combined_stress,low_friction,peg_in_hole_contact_search,1,84,0.797619,0.074146,0.624535,0.059218,0.189479,0.064270,0.800000
oracle_feature_selector,combined_stress,soft_compliance,peg_in_hole_contact_search,1,84,0.726190,0.069754,0.630646,0.059997,0.197020,0.061502,0.800000
oracle_feature_selector,combined_stress,texture_aliasing,peg_in_hole_contact_search,1,84,0.654762,0.076228,0.620008,0.059782,0.195138,0.061596,0.800000
oracle_feature_selector,combined_stress,taxel_bias,peg_in_hole_contact_search,1,84,0.738095,0.072154,0.625921,0.057235,0.196254,0.064098,0.800000
oracle_feature_selector,combined_stress,transient_shear_spike,peg_in_hole_contact_search,1,84,0.738095,0.077632,0.630673,0.062975,0.196674,0.061255,0.800000
oracle_feature_selector,combined_stress,compound_contact_shift,peg_in_hole_contact_search,1,84,0.654762,0.082021,0.631195,0.061133,0.193106,0.066711,0.800000
oracle_feature_selector,combined_stress,source_matched,cloth_edge_pull,1,84,0.726190,0.079300,0.660213,0.057135,0.198616,0.065353,0.800000
oracle_feature_selector,combined_stress,low_friction,cloth_edge_pull,1,84,0.678571,0.073678,0.655074,0.060556,0.194993,0.064361,0.800000
oracle_feature_selector,combined_stress,soft_compliance,cloth_edge_pull,1,84,0.750000,0.072868,0.666558,0.060509,0.194348,0.064060,0.800000
oracle_feature_selector,combined_stress,texture_aliasing,cloth_edge_pull,1,84,0.714286,0.072532,0.663714,0.062184,0.195287,0.059464,0.800000
oracle_feature_selector,combined_stress,taxel_bias,cloth_edge_pull,1,84,0.702381,0.073300,0.658881,0.057726,0.193341,0.065301,0.800000
oracle_feature_selector,combined_stress,transient_shear_spike,cloth_edge_pull,1,84,0.666667,0.075904,0.659322,0.062156,0.192488,0.060478,0.800000
oracle_feature_selector,combined_stress,compound_contact_shift,cloth_edge_pull,1,84,0.690476,0.073483,0.649629,0.060418,0.198459,0.061245,0.800000
oracle_feature_selector,combined_stress,source_matched,cable_threading,1,84,0.738095,0.078702,0.664478,0.064078,0.197954,0.064158,0.800000
oracle_feature_selector,combined_stress,low_friction,cable_threading,1,84,0.666667,0.073440,0.659879,0.060365,0.194999,0.063414,0.800000
oracle_feature_selector,combined_stress,soft_compliance,cable_threading,1,84,0.595238,0.072090,0.670553,0.063476,0.196565,0.062741,0.800000
oracle_feature_selector,combined_stress,texture_aliasing,cable_threading,1,84,0.738095,0.071574,0.667439,0.060549,0.194170,0.066025,0.800000
oracle_feature_selector,combined_stress,taxel_bias,cable_threading,1,84,0.642857,0.073422,0.664226,0.059003,0.194444,0.064602,0.800000
oracle_feature_selector,combined_stress,transient_shear_spike,cable_threading,1,84,0.642857,0.074046,0.661697,0.061021,0.199632,0.066420,0.800000
oracle_feature_selector,combined_stress,compound_contact_shift,cable_threading,1,84,0.690476,0.083451,0.669743,0.059751,0.197051,0.067327,0.800000
oracle_feature_selector,combined_stress,source_matched,lid_twist_force_control,1,84,0.809524,0.073518,0.619385,0.057854,0.196660,0.062074,0.800000
oracle_feature_selector,combined_stress,low_friction,lid_twist_force_control,1,84,0.666667,0.081264,0.616289,0.065900,0.195659,0.062285,0.800000
oracle_feature_selector,combined_stress,soft_compliance,lid_twist_force_control,1,84,0.738095,0.072408,0.615704,0.059684,0.197654,0.064446,0.800000
oracle_feature_selector,combined_stress,texture_aliasing,lid_twist_force_control,1,84,0.702381,0.077394,0.620843,0.057436,0.194137,0.063516,0.800000
oracle_feature_selector,combined_stress,taxel_bias,lid_twist_force_control,1,84,0.773810,0.070242,0.622139,0.060831,0.193415,0.063898,0.800000
oracle_feature_selector,combined_stress,transient_shear_spike,lid_twist_force_control,1,84,0.785714,0.071358,0.620348,0.054925,0.190713,0.066055,0.800000
oracle_feature_selector,combined_stress,compound_contact_shift,lid_twist_force_control,1,84,0.809524,0.074259,0.618638,0.057268,0.192228,0.062483,0.800000
oracle_feature_selector,combined_stress,source_matched,slip_limited_grasp,2,84,0.797619,0.076741,0.645810,0.056182,0.196880,0.064973,0.800000
oracle_feature_selector,combined_stress,low_friction,slip_limited_grasp,2,84,0.761905,0.079069,0.652596,0.057395,0.190339,0.061452,0.800000
oracle_feature_selector,combined_stress,soft_compliance,slip_limited_grasp,2,84,0.785714,0.072337,0.655197,0.062003,0.194606,0.065076,0.800000
oracle_feature_selector,combined_stress,texture_aliasing,slip_limited_grasp,2,84,0.714286,0.074029,0.655395,0.058122,0.197540,0.061877,0.800000
oracle_feature_selector,combined_stress,taxel_bias,slip_limited_grasp,2,84,0.738095,0.074635,0.650319,0.060651,0.194843,0.059599,0.800000
oracle_feature_selector,combined_stress,transient_shear_spike,slip_limited_grasp,2,84,0.785714,0.075535,0.648204,0.061691,0.191354,0.061606,0.800000
oracle_feature_selector,combined_stress,compound_contact_shift,slip_limited_grasp,2,84,0.750000,0.075143,0.659562,0.062996,0.191745,0.063770,0.800000
oracle_feature_selector,combined_stress,source_matched,peg_in_hole_contact_search,2,84,0.678571,0.069934,0.632914,0.060437,0.197553,0.058517,0.800000
oracle_feature_selector,combined_stress,low_friction,peg_in_hole_contact_search,2,84,0.714286,0.074692,0.625336,0.061728,0.191347,0.064674,0.800000
oracle_feature_selector,combined_stress,soft_compliance,peg_in_hole_contact_search,2,84,0.833333,0.070318,0.631474,0.057758,0.195472,0.061918,0.800000
oracle_feature_selector,combined_stress,texture_aliasing,peg_in_hole_contact_search,2,84,0.785714,0.076798,0.620845,0.056953,0.193165,0.062016,0.800000
oracle_feature_selector,combined_stress,taxel_bias,peg_in_hole_contact_search,2,84,0.738095,0.072688,0.626704,0.057652,0.196614,0.064494,0.800000
oracle_feature_selector,combined_stress,transient_shear_spike,peg_in_hole_contact_search,2,84,0.750000,0.078232,0.631555,0.063145,0.196864,0.061696,0.800000
oracle_feature_selector,combined_stress,compound_contact_shift,peg_in_hole_contact_search,2,84,0.726190,0.082627,0.632086,0.059820,0.192228,0.067157,0.800000
oracle_feature_selector,combined_stress,source_matched,cloth_edge_pull,2,84,0.690476,0.079792,0.660933,0.058413,0.191587,0.065720,0.800000
oracle_feature_selector,combined_stress,low_friction,cloth_edge_pull,2,84,0.714286,0.074158,0.655776,0.060039,0.194675,0.064720,0.800000
oracle_feature_selector,combined_stress,soft_compliance,cloth_edge_pull,2,84,0.654762,0.073366,0.649278,0.063280,0.196398,0.064431,0.800000
oracle_feature_selector,combined_stress,texture_aliasing,cloth_edge_pull,2,84,0.702381,0.073036,0.664452,0.062876,0.195841,0.059839,0.800000
oracle_feature_selector,combined_stress,taxel_bias,cloth_edge_pull,2,84,0.642857,0.073768,0.659565,0.059581,0.194728,0.065651,0.800000
oracle_feature_selector,combined_stress,transient_shear_spike,cloth_edge_pull,2,84,0.750000,0.076438,0.660105,0.060490,0.191348,0.060874,0.800000
oracle_feature_selector,combined_stress,compound_contact_shift,cloth_edge_pull,2,84,0.642857,0.074023,0.650421,0.062031,0.199680,0.061645,0.800000
oracle_feature_selector,combined_stress,source_matched,cable_threading,2,84,0.690476,0.079194,0.665198,0.065654,0.199143,0.064525,0.800000
oracle_feature_selector,combined_stress,low_friction,cable_threading,2,84,0.630952,0.073920,0.660581,0.061634,0.195966,0.063773,0.800000
oracle_feature_selector,combined_stress,soft_compliance,cable_threading,2,84,0.678571,0.072588,0.671282,0.061783,0.195401,0.063112,0.800000
oracle_feature_selector,combined_stress,texture_aliasing,cable_threading,2,84,0.773810,0.072078,0.668177,0.060051,0.193867,0.066400,0.800000
oracle_feature_selector,combined_stress,taxel_bias,cable_threading,2,84,0.714286,0.073890,0.664910,0.057584,0.193474,0.064952,0.800000
oracle_feature_selector,combined_stress,transient_shear_spike,cable_threading,2,84,0.666667,0.074580,0.662480,0.060843,0.199563,0.066815,0.800000
oracle_feature_selector,combined_stress,compound_contact_shift,cable_threading,2,84,0.654762,0.071985,0.652526,0.059865,0.198058,0.067462,0.800000
oracle_feature_selector,combined_stress,source_matched,lid_twist_force_control,2,84,0.702381,0.074058,0.620177,0.060954,0.198953,0.062474,0.800000
oracle_feature_selector,combined_stress,low_friction,lid_twist_force_control,2,84,0.833333,0.069786,0.617063,0.060945,0.193015,0.062412,0.800000
oracle_feature_selector,combined_stress,soft_compliance,lid_twist_force_control,2,84,0.773810,0.072954,0.616505,0.059218,0.197379,0.064850,0.800000
oracle_feature_selector,combined_stress,texture_aliasing,lid_twist_force_control,2,84,0.726190,0.077946,0.621653,0.057272,0.194080,0.063924,0.800000
oracle_feature_selector,combined_stress,taxel_bias,lid_twist_force_control,2,84,0.750000,0.070758,0.622895,0.061830,0.194191,0.064282,0.800000
oracle_feature_selector,combined_stress,transient_shear_spike,lid_twist_force_control,2,84,0.761905,0.071940,0.621203,0.055974,0.191533,0.058480,0.800000
oracle_feature_selector,combined_stress,compound_contact_shift,lid_twist_force_control,2,84,0.702381,0.074847,0.619502,0.060405,0.194553,0.062916,0.800000
oracle_feature_selector,combined_stress,source_matched,slip_limited_grasp,3,84,0.738095,0.077251,0.646557,0.058069,0.198295,0.065352,0.800000
oracle_feature_selector,combined_stress,low_friction,slip_limited_grasp,3,84,0.845238,0.079567,0.653325,0.055702,0.189175,0.061823,0.800000
oracle_feature_selector,combined_stress,soft_compliance,slip_limited_grasp,3,84,0.761905,0.072853,0.655953,0.063002,0.195383,0.065459,0.800000
oracle_feature_selector,combined_stress,texture_aliasing,slip_limited_grasp,3,84,0.726190,0.074551,0.656160,0.058232,0.197678,0.062265,0.800000
oracle_feature_selector,combined_stress,taxel_bias,slip_limited_grasp,3,84,0.809524,0.075121,0.651030,0.059246,0.193886,0.059961,0.800000
oracle_feature_selector,combined_stress,transient_shear_spike,slip_limited_grasp,3,84,0.761905,0.076087,0.649014,0.062717,0.192155,0.062015,0.800000
oracle_feature_selector,combined_stress,compound_contact_shift,slip_limited_grasp,3,84,0.761905,0.075701,0.642372,0.063134,0.191907,0.064182,0.800000
oracle_feature_selector,combined_stress,source_matched,peg_in_hole_contact_search,3,84,0.678571,0.070492,0.633733,0.060873,0.197929,0.058930,0.800000
oracle_feature_selector,combined_stress,low_friction,peg_in_hole_contact_search,3,84,0.726190,0.075238,0.626137,0.061857,0.191500,0.065078,0.800000
oracle_feature_selector,combined_stress,soft_compliance,peg_in_hole_contact_search,3,84,0.833333,0.070882,0.632302,0.058199,0.195852,0.062334,0.800000
oracle_feature_selector,combined_stress,texture_aliasing,peg_in_hole_contact_search,3,84,0.761905,0.077368,0.621682,0.057993,0.193977,0.062437,0.800000
oracle_feature_selector,combined_stress,taxel_bias,peg_in_hole_contact_search,3,84,0.785714,0.073222,0.627487,0.056879,0.196117,0.064890,0.800000
oracle_feature_selector,combined_stress,transient_shear_spike,peg_in_hole_contact_search,3,84,0.845238,0.078832,0.632437,0.061232,0.195553,0.062137,0.800000
oracle_feature_selector,combined_stress,compound_contact_shift,peg_in_hole_contact_search,3,84,0.726190,0.071227,0.632977,0.059092,0.192636,0.059334,0.800000
oracle_feature_selector,combined_stress,source_matched,cloth_edge_pull,3,84,0.750000,0.080284,0.661653,0.057310,0.190848,0.066087,0.800000
oracle_feature_selector,combined_stress,low_friction,cloth_edge_pull,3,84,0.738095,0.074638,0.656478,0.059819,0.194570,0.065079,0.800000
oracle_feature_selector,combined_stress,soft_compliance,cloth_edge_pull,3,84,0.761905,0.073864,0.650007,0.060991,0.194805,0.064802,0.800000
oracle_feature_selector,combined_stress,texture_aliasing,cloth_edge_pull,3,84,0.630952,0.073540,0.665190,0.065056,0.197467,0.060214,0.800000
oracle_feature_selector,combined_stress,taxel_bias,cloth_edge_pull,3,84,0.678571,0.074236,0.660249,0.059055,0.194401,0.066002,0.800000
oracle_feature_selector,combined_stress,transient_shear_spike,cloth_edge_pull,3,84,0.690476,0.076972,0.660888,0.062395,0.192779,0.061270,0.800000
oracle_feature_selector,combined_stress,compound_contact_shift,cloth_edge_pull,3,84,0.726190,0.074563,0.651213,0.060370,0.198544,0.062045,0.800000
oracle_feature_selector,combined_stress,source_matched,cable_threading,3,84,0.690476,0.079686,0.665918,0.058035,0.199475,0.064892,0.800000
oracle_feature_selector,combined_stress,low_friction,cable_threading,3,84,0.630952,0.074400,0.661283,0.062010,0.196290,0.064131,0.800000
oracle_feature_selector,combined_stress,soft_compliance,cable_threading,3,84,0.607143,0.073086,0.654002,0.063958,0.197023,0.063483,0.800000
oracle_feature_selector,combined_stress,texture_aliasing,cable_threading,3,84,0.690476,0.072582,0.668915,0.062528,0.195707,0.066775,0.800000
oracle_feature_selector,combined_stress,taxel_bias,cable_threading,3,84,0.702381,0.074358,0.665594,0.058248,0.194005,0.065303,0.800000
oracle_feature_selector,combined_stress,transient_shear_spike,cable_threading,3,84,0.642857,0.075114,0.663263,0.061856,0.200352,0.059207,0.800000
oracle_feature_selector,combined_stress,compound_contact_shift,cable_threading,3,84,0.761905,0.072525,0.653318,0.057609,0.196493,0.059858,0.800000
oracle_feature_selector,combined_stress,source_matched,lid_twist_force_control,3,84,0.761905,0.074598,0.620969,0.059888,0.190241,0.062874,0.800000
oracle_feature_selector,combined_stress,low_friction,lid_twist_force_control,3,84,0.702381,0.070314,0.617837,0.056628,0.195729,0.062804,0.800000
oracle_feature_selector,combined_stress,soft_compliance,lid_twist_force_control,3,84,0.821429,0.073500,0.617306,0.058454,0.188886,0.065254,0.800000
oracle_feature_selector,combined_stress,texture_aliasing,lid_twist_force_control,3,84,0.892857,0.078498,0.622463,0.053536,0.191452,0.064332,0.800000
oracle_feature_selector,combined_stress,taxel_bias,lid_twist_force_control,3,84,0.654762,0.071274,0.623651,0.064614,0.196254,0.064665,0.800000
oracle_feature_selector,combined_stress,transient_shear_spike,lid_twist_force_control,3,84,0.666667,0.072522,0.622058,0.058810,0.193639,0.058909,0.800000
oracle_feature_selector,combined_stress,compound_contact_shift,lid_twist_force_control,3,84,0.726190,0.075435,0.620366,0.060269,0.194520,0.063349,0.800000
oracle_feature_selector,combined_stress,source_matched,slip_limited_grasp,4,84,0.750000,0.077761,0.647304,0.058170,0.190421,0.065731,0.800000
oracle_feature_selector,combined_stress,low_friction,slip_limited_grasp,4,84,0.857143,0.080065,0.654054,0.055794,0.189297,0.062194,0.800000
oracle_feature_selector,combined_stress,soft_compliance,slip_limited_grasp,4,84,0.773810,0.073369,0.656709,0.055104,0.195517,0.065843,0.800000
oracle_feature_selector,combined_stress,texture_aliasing,slip_limited_grasp,4,84,0.797619,0.075073,0.656925,0.056855,0.196744,0.062652,0.800000
oracle_feature_selector,combined_stress,taxel_bias,slip_limited_grasp,4,84,0.785714,0.075607,0.651741,0.060222,0.194642,0.060324,0.800000
oracle_feature_selector,combined_stress,transient_shear_spike,slip_limited_grasp,4,84,0.773810,0.076639,0.649824,0.062851,0.192313,0.062423,0.800000
oracle_feature_selector,combined_stress,compound_contact_shift,slip_limited_grasp,4,84,0.761905,0.076259,0.643191,0.063570,0.192283,0.064594,0.800000
oracle_feature_selector,combined_stress,source_matched,peg_in_hole_contact_search,4,84,0.750000,0.071050,0.634552,0.059523,0.197020,0.059342,0.800000
oracle_feature_selector,combined_stress,low_friction,peg_in_hole_contact_search,4,84,0.690476,0.075784,0.626938,0.063176,0.192511,0.065482,0.800000
oracle_feature_selector,combined_stress,soft_compliance,peg_in_hole_contact_search,4,84,0.750000,0.071446,0.633130,0.060723,0.197732,0.062751,0.800000
oracle_feature_selector,combined_stress,texture_aliasing,peg_in_hole_contact_search,4,84,0.750000,0.077938,0.622519,0.058736,0.194576,0.062858,0.800000
oracle_feature_selector,combined_stress,taxel_bias,peg_in_hole_contact_search,4,84,0.833333,0.073756,0.628270,0.056106,0.195620,0.065286,0.800000
oracle_feature_selector,combined_stress,transient_shear_spike,peg_in_hole_contact_search,4,84,0.809524,0.079432,0.633319,0.062593,0.196600,0.062578,0.800000
oracle_feature_selector,combined_stress,compound_contact_shift,peg_in_hole_contact_search,4,84,0.738095,0.071833,0.633868,0.059267,0.192830,0.059779,0.800000
oracle_feature_selector,combined_stress,source_matched,cloth_edge_pull,4,84,0.761905,0.080776,0.662373,0.057398,0.190965,0.066454,0.800000
oracle_feature_selector,combined_stress,low_friction,cloth_edge_pull,4,84,0.690476,0.075118,0.657180,0.061386,0.195751,0.065437,0.800000
oracle_feature_selector,combined_stress,soft_compliance,cloth_edge_pull,4,84,0.726190,0.074362,0.650736,0.062273,0.195784,0.065172,0.800000
oracle_feature_selector,combined_stress,texture_aliasing,cloth_edge_pull,4,84,0.642857,0.074044,0.665928,0.065153,0.197592,0.060589,0.800000
oracle_feature_selector,combined_stress,taxel_bias,cloth_edge_pull,4,84,0.654762,0.074704,0.660933,0.060017,0.195146,0.066352,0.800000
oracle_feature_selector,combined_stress,transient_shear_spike,cloth_edge_pull,4,84,0.678571,0.077506,0.661671,0.063110,0.193353,0.061666,0.800000
oracle_feature_selector,combined_stress,compound_contact_shift,cloth_edge_pull,4,84,0.714286,0.075103,0.652005,0.061089,0.199123,0.062445,0.800000
oracle_feature_selector,combined_stress,source_matched,cable_threading,4,84,0.547619,0.080178,0.666638,0.061991,0.194374,0.065259,0.800000
oracle_feature_selector,combined_stress,low_friction,cable_threading,4,84,0.678571,0.074880,0.661985,0.061196,0.195757,0.064490,0.800000
oracle_feature_selector,combined_stress,soft_compliance,cable_threading,4,84,0.761905,0.073584,0.654731,0.060479,0.194573,0.063853,0.800000
oracle_feature_selector,combined_stress,texture_aliasing,cable_threading,4,84,0.654762,0.073086,0.669653,0.063816,0.196690,0.059147,0.800000
oracle_feature_selector,combined_stress,taxel_bias,cable_threading,4,84,0.630952,0.074826,0.666278,0.060401,0.195606,0.065653,0.800000
oracle_feature_selector,combined_stress,transient_shear_spike,cable_threading,4,84,0.690476,0.075648,0.664046,0.061083,0.191851,0.059603,0.800000
oracle_feature_selector,combined_stress,compound_contact_shift,cable_threading,4,84,0.773810,0.073065,0.654110,0.057733,0.196643,0.060258,0.800000
oracle_feature_selector,combined_stress,source_matched,lid_twist_force_control,4,84,0.785714,0.075138,0.621761,0.059715,0.190177,0.063274,0.800000
oracle_feature_selector,combined_stress,low_friction,lid_twist_force_control,4,84,0.797619,0.070842,0.618611,0.054660,0.194370,0.063196,0.800000
oracle_feature_selector,combined_stress,soft_compliance,lid_twist_force_control,4,84,0.750000,0.074046,0.618107,0.060667,0.190539,0.065658,0.800000
oracle_feature_selector,combined_stress,texture_aliasing,lid_twist_force_control,4,84,0.821429,0.079050,0.623273,0.055753,0.193110,0.064740,0.800000
oracle_feature_selector,combined_stress,taxel_bias,lid_twist_force_control,4,84,0.726190,0.071790,0.624407,0.063232,0.195316,0.065048,0.800000
oracle_feature_selector,combined_stress,transient_shear_spike,lid_twist_force_control,4,84,0.702381,0.073104,0.622913,0.058371,0.193389,0.059337,0.800000
oracle_feature_selector,combined_stress,compound_contact_shift,lid_twist_force_control,4,84,0.714286,0.076023,0.621230,0.061025,0.195130,0.063782,0.800000
oracle_feature_selector,combined_stress,source_matched,slip_limited_grasp,5,84,0.880952,0.078271,0.648051,0.055295,0.188408,0.066111,0.800000
oracle_feature_selector,combined_stress,low_friction,slip_limited_grasp,5,84,0.726190,0.080563,0.654783,0.059458,0.191990,0.062565,0.800000
oracle_feature_selector,combined_stress,soft_compliance,slip_limited_grasp,5,84,0.773810,0.073885,0.657465,0.055507,0.195865,0.066226,0.800000
oracle_feature_selector,combined_stress,texture_aliasing,slip_limited_grasp,5,84,0.761905,0.075595,0.657690,0.058156,0.197739,0.063040,0.800000
oracle_feature_selector,combined_stress,taxel_bias,slip_limited_grasp,5,84,0.761905,0.076093,0.652452,0.061198,0.195399,0.060687,0.800000
oracle_feature_selector,combined_stress,transient_shear_spike,slip_limited_grasp,5,84,0.761905,0.077191,0.650634,0.063580,0.192899,0.062831,0.800000
oracle_feature_selector,combined_stress,compound_contact_shift,slip_limited_grasp,5,84,0.714286,0.076817,0.644010,0.065197,0.193516,0.065007,0.800000
oracle_feature_selector,combined_stress,source_matched,peg_in_hole_contact_search,5,84,0.785714,0.071608,0.635371,0.059066,0.196753,0.059754,0.800000
oracle_feature_selector,combined_stress,low_friction,peg_in_hole_contact_search,5,84,0.773810,0.076330,0.627739,0.061520,0.191379,0.065886,0.800000
oracle_feature_selector,combined_stress,soft_compliance,peg_in_hole_contact_search,5,84,0.678571,0.072010,0.633958,0.062949,0.191393,0.063167,0.800000
oracle_feature_selector,combined_stress,texture_aliasing,peg_in_hole_contact_search,5,84,0.809524,0.078508,0.623356,0.057693,0.193888,0.063278,0.800000
oracle_feature_selector,combined_stress,taxel_bias,peg_in_hole_contact_search,5,84,0.750000,0.074290,0.629053,0.058607,0.197480,0.065681,0.800000
oracle_feature_selector,combined_stress,transient_shear_spike,peg_in_hole_contact_search,5,84,0.642857,0.080032,0.634201,0.059224,0.192000,0.063020,0.800000
oracle_feature_selector,combined_stress,compound_contact_shift,peg_in_hole_contact_search,5,84,0.714286,0.072439,0.634759,0.060335,0.193667,0.060225,0.800000
oracle_feature_selector,combined_stress,source_matched,cloth_edge_pull,5,84,0.666667,0.081268,0.663093,0.060164,0.193012,0.066820,0.800000
oracle_feature_selector,combined_stress,low_friction,cloth_edge_pull,5,84,0.690476,0.075598,0.657882,0.061762,0.196075,0.065796,0.800000
oracle_feature_selector,combined_stress,soft_compliance,cloth_edge_pull,5,84,0.726190,0.074860,0.651465,0.062663,0.196120,0.065543,0.800000
oracle_feature_selector,combined_stress,texture_aliasing,cloth_edge_pull,5,84,0.642857,0.074548,0.666666,0.065547,0.197932,0.060965,0.800000
oracle_feature_selector,combined_stress,taxel_bias,cloth_edge_pull,5,84,0.714286,0.075172,0.661617,0.058896,0.194391,0.066702,0.800000
oracle_feature_selector,combined_stress,transient_shear_spike,cloth_edge_pull,5,84,0.797619,0.078040,0.662454,0.060552,0.191571,0.062061,0.800000
oracle_feature_selector,combined_stress,compound_contact_shift,cloth_edge_pull,5,84,0.678571,0.075643,0.652797,0.062404,0.200129,0.062845,0.800000
oracle_feature_selector,combined_stress,source_matched,cable_threading,5,84,0.630952,0.080670,0.667358,0.060293,0.193206,0.065625,0.800000
oracle_feature_selector,combined_stress,low_friction,cable_threading,5,84,0.666667,0.075360,0.662687,0.061869,0.196295,0.064849,0.800000
oracle_feature_selector,combined_stress,soft_compliance,cable_threading,5,84,0.726190,0.074082,0.655460,0.061761,0.195552,0.064224,0.800000
oracle_feature_selector,combined_stress,texture_aliasing,cable_threading,5,84,0.678571,0.073590,0.670391,0.063615,0.196601,0.059522,0.800000
oracle_feature_selector,combined_stress,taxel_bias,cable_threading,5,84,0.678571,0.075294,0.666962,0.059577,0.195065,0.066003,0.800000
oracle_feature_selector,combined_stress,transient_shear_spike,cable_threading,5,84,0.714286,0.076182,0.664829,0.060905,0.191782,0.059999,0.800000
oracle_feature_selector,combined_stress,compound_contact_shift,cable_threading,5,84,0.714286,0.073605,0.654902,0.059643,0.198078,0.060658,0.800000
oracle_feature_selector,combined_stress,source_matched,lid_twist_force_control,5,84,0.750000,0.075678,0.622553,0.061030,0.191183,0.063674,0.800000
oracle_feature_selector,combined_stress,low_friction,lid_twist_force_control,5,84,0.797619,0.071370,0.619385,0.055073,0.194726,0.063587,0.800000
oracle_feature_selector,combined_stress,soft_compliance,lid_twist_force_control,5,84,0.726190,0.074592,0.618908,0.061688,0.191336,0.066062,0.800000
oracle_feature_selector,combined_stress,texture_aliasing,lid_twist_force_control,5,84,0.702381,0.079602,0.624083,0.059161,0.195625,0.065148,0.800000
oracle_feature_selector,combined_stress,taxel_bias,lid_twist_force_control,5,84,0.785714,0.072306,0.625163,0.062148,0.194593,0.065432,0.800000
oracle_feature_selector,combined_stress,transient_shear_spike,lid_twist_force_control,5,84,0.750000,0.073686,0.623768,0.057635,0.192923,0.059766,0.800000
oracle_feature_selector,combined_stress,compound_contact_shift,lid_twist_force_control,5,84,0.714286,0.076611,0.622094,0.061484,0.195526,0.064214,0.800000
oracle_feature_selector,combined_stress,source_matched,slip_limited_grasp,6,84,0.797619,0.078781,0.648798,0.057778,0.190252,0.066490,0.800000
oracle_feature_selector,combined_stress,low_friction,slip_limited_grasp,6,84,0.726190,0.081061,0.655512,0.059847,0.192326,0.062936,0.800000
oracle_feature_selector,combined_stress,soft_compliance,slip_limited_grasp,6,84,0.726190,0.074401,0.658221,0.057101,0.197070,0.058605,0.800000
oracle_feature_selector,combined_stress,texture_aliasing,slip_limited_grasp,6,84,0.869048,0.076117,0.658455,0.055886,0.188158,0.063427,0.800000
oracle_feature_selector,combined_stress,taxel_bias,slip_limited_grasp,6,84,0.773810,0.076579,0.653163,0.061281,0.195513,0.061049,0.800000
oracle_feature_selector,combined_stress,transient_shear_spike,slip_limited_grasp,6,84,0.714286,0.077743,0.651444,0.057197,0.194128,0.063239,0.800000
oracle_feature_selector,combined_stress,compound_contact_shift,slip_limited_grasp,6,84,0.785714,0.077375,0.644829,0.063847,0.192606,0.065419,0.800000
oracle_feature_selector,combined_stress,source_matched,peg_in_hole_contact_search,6,84,0.761905,0.072166,0.636190,0.060097,0.197557,0.060167,0.800000
oracle_feature_selector,combined_stress,low_friction,peg_in_hole_contact_search,6,84,0.738095,0.076876,0.628540,0.062839,0.192390,0.066290,0.800000
oracle_feature_selector,combined_stress,soft_compliance,peg_in_hole_contact_search,6,84,0.714286,0.072574,0.634786,0.062496,0.191131,0.063584,0.800000
oracle_feature_selector,combined_stress,texture_aliasing,peg_in_hole_contact_search,6,84,0.833333,0.079078,0.624193,0.057542,0.193844,0.063699,0.800000
oracle_feature_selector,combined_stress,taxel_bias,peg_in_hole_contact_search,6,84,0.714286,0.074824,0.629836,0.059917,0.198483,0.066077,0.800000
oracle_feature_selector,combined_stress,transient_shear_spike,peg_in_hole_contact_search,6,84,0.750000,0.080632,0.635083,0.057013,0.190476,0.063461,0.800000
oracle_feature_selector,combined_stress,compound_contact_shift,peg_in_hole_contact_search,6,84,0.738095,0.073045,0.635650,0.060212,0.193646,0.060670,0.800000
oracle_feature_selector,combined_stress,source_matched,cloth_edge_pull,6,84,0.738095,0.069754,0.663813,0.057563,0.192058,0.058919,0.800000
oracle_feature_selector,combined_stress,low_friction,cloth_edge_pull,6,84,0.654762,0.076078,0.658584,0.063031,0.197042,0.066154,0.800000
oracle_feature_selector,combined_stress,soft_compliance,cloth_edge_pull,6,84,0.702381,0.075358,0.652194,0.063648,0.196885,0.065914,0.800000
oracle_feature_selector,combined_stress,texture_aliasing,cloth_edge_pull,6,84,0.654762,0.075052,0.649395,0.065644,0.198058,0.061340,0.800000
oracle_feature_selector,combined_stress,taxel_bias,cloth_edge_pull,6,84,0.761905,0.075640,0.662301,0.058072,0.193849,0.059049,0.800000
oracle_feature_selector,combined_stress,transient_shear_spike,cloth_edge_pull,6,84,0.547619,0.078574,0.663237,0.067219,0.196431,0.062457,0.800000
oracle_feature_selector,combined_stress,compound_contact_shift,cloth_edge_pull,6,84,0.761905,0.076183,0.653589,0.060743,0.190989,0.063245,0.800000
oracle_feature_selector,combined_stress,source_matched,cable_threading,6,84,0.714286,0.081162,0.668078,0.058595,0.192038,0.065992,0.800000
oracle_feature_selector,combined_stress,low_friction,cable_threading,6,84,0.702381,0.075840,0.663389,0.061352,0.195977,0.065207,0.800000
oracle_feature_selector,combined_stress,soft_compliance,cable_threading,6,84,0.738095,0.074580,0.656189,0.061854,0.195674,0.064595,0.800000
oracle_feature_selector,combined_stress,texture_aliasing,cable_threading,6,84,0.678571,0.074094,0.671129,0.064009,0.196941,0.059897,0.800000
oracle_feature_selector,combined_stress,taxel_bias,cable_threading,6,84,0.714286,0.075762,0.667646,0.059051,0.194738,0.066353,0.800000
oracle_feature_selector,combined_stress,transient_shear_spike,cable_threading,6,84,0.714286,0.076716,0.665612,0.061322,0.192142,0.060394,0.800000
oracle_feature_selector,combined_stress,compound_contact_shift,cable_threading,6,84,0.690476,0.074145,0.655694,0.060661,0.198871,0.061058,0.800000
oracle_feature_selector,combined_stress,source_matched,lid_twist_force_control,6,84,0.750000,0.076218,0.623345,0.061452,0.191547,0.064074,0.800000
oracle_feature_selector,combined_stress,low_friction,lid_twist_force_control,6,84,0.773810,0.071898,0.620159,0.056081,0.195511,0.063979,0.800000
oracle_feature_selector,combined_stress,soft_compliance,lid_twist_force_control,6,84,0.750000,0.075138,0.619709,0.061520,0.191275,0.066466,0.800000
oracle_feature_selector,combined_stress,texture_aliasing,lid_twist_force_control,6,84,0.678571,0.080154,0.624893,0.060187,0.196425,0.065556,0.800000
oracle_feature_selector,combined_stress,taxel_bias,lid_twist_force_control,6,84,0.773810,0.072822,0.625919,0.062849,0.195155,0.065815,0.800000
oracle_feature_selector,combined_stress,transient_shear_spike,lid_twist_force_control,6,84,0.702381,0.074268,0.624623,0.059279,0.194173,0.060195,0.800000
oracle_feature_selector,combined_stress,compound_contact_shift,lid_twist_force_control,6,84,0.761905,0.077199,0.622958,0.060752,0.195065,0.064647,0.800000
full_finetune_pretrained,combined_stress,source_matched,slip_limited_grasp,0,84,0.380952,0.288402,0.493015,0.142188,0.179084,0.152649,1.000000
full_finetune_pretrained,combined_stress,low_friction,slip_limited_grasp,0,84,0.392857,0.289656,0.498190,0.141388,0.178974,0.156392,1.000000
full_finetune_pretrained,combined_stress,soft_compliance,slip_limited_grasp,0,84,0.309524,0.284658,0.503392,0.142000,0.178322,0.153206,1.000000
full_finetune_pretrained,combined_stress,texture_aliasing,slip_limited_grasp,0,84,0.345238,0.287118,0.504742,0.144033,0.179839,0.150536,1.000000
full_finetune_pretrained,combined_stress,taxel_bias,slip_limited_grasp,0,84,0.392857,0.283788,0.493762,0.142949,0.182094,0.153551,1.000000
full_finetune_pretrained,combined_stress,transient_shear_spike,slip_limited_grasp,0,84,0.452381,0.279708,0.502186,0.139873,0.183075,0.152129,1.000000
full_finetune_pretrained,combined_stress,compound_contact_shift,slip_limited_grasp,0,84,0.321429,0.278238,0.498109,0.142852,0.184868,0.154029,1.000000
full_finetune_pretrained,combined_stress,source_matched,peg_in_hole_contact_search,0,84,0.392857,0.284987,0.469239,0.138633,0.180475,0.149347,1.000000
full_finetune_pretrained,combined_stress,low_friction,peg_in_hole_contact_search,0,84,0.297619,0.288671,0.478059,0.142375,0.183913,0.154765,1.000000
full_finetune_pretrained,combined_stress,soft_compliance,peg_in_hole_contact_search,0,84,0.297619,0.286031,0.468789,0.142711,0.183333,0.153202,1.000000
full_finetune_pretrained,combined_stress,texture_aliasing,peg_in_hole_contact_search,0,84,0.369048,0.281273,0.477321,0.138317,0.179396,0.153566,1.000000
full_finetune_pretrained,combined_stress,taxel_bias,peg_in_hole_contact_search,0,84,0.333333,0.285233,0.477276,0.144906,0.180006,0.153597,1.000000
full_finetune_pretrained,combined_stress,transient_shear_spike,peg_in_hole_contact_search,0,84,0.273810,0.285797,0.474657,0.140362,0.186226,0.155373,1.000000
full_finetune_pretrained,combined_stress,compound_contact_shift,peg_in_hole_contact_search,0,84,0.321429,0.277109,0.477762,0.141347,0.179993,0.152302,1.000000
full_finetune_pretrained,combined_stress,source_matched,cloth_edge_pull,0,84,0.357143,0.290489,0.505087,0.140916,0.179014,0.152089,1.000000
full_finetune_pretrained,combined_stress,low_friction,cloth_edge_pull,0,84,0.369048,0.283781,0.498319,0.142016,0.181600,0.150349,1.000000
full_finetune_pretrained,combined_stress,soft_compliance,cloth_edge_pull,0,84,0.357143,0.284723,0.494422,0.145396,0.183622,0.151254,1.000000
full_finetune_pretrained,combined_stress,texture_aliasing,cloth_edge_pull,0,84,0.380952,0.285161,0.510748,0.138172,0.184005,0.155195,1.000000
full_finetune_pretrained,combined_stress,taxel_bias,cloth_edge_pull,0,84,0.333333,0.281957,0.499957,0.139566,0.180054,0.150293,1.000000
full_finetune_pretrained,combined_stress,transient_shear_spike,cloth_edge_pull,0,84,0.285714,0.279647,0.511036,0.140526,0.184144,0.150090,1.000000
full_finetune_pretrained,combined_stress,compound_contact_shift,cloth_edge_pull,0,84,0.333333,0.288161,0.503926,0.146695,0.181374,0.150861,1.000000
full_finetune_pretrained,combined_stress,source_matched,cable_threading,0,84,0.309524,0.290454,0.509030,0.141279,0.179333,0.150814,1.000000
full_finetune_pretrained,combined_stress,low_friction,cable_threading,0,84,0.357143,0.284106,0.502802,0.141762,0.181516,0.149322,1.000000
full_finetune_pretrained,combined_stress,soft_compliance,cable_threading,0,84,0.333333,0.284508,0.498095,0.145025,0.183393,0.149855,1.000000
full_finetune_pretrained,combined_stress,texture_aliasing,cable_threading,0,84,0.309524,0.284766,0.514151,0.146858,0.184513,0.153672,1.000000
full_finetune_pretrained,combined_stress,taxel_bias,cable_threading,0,84,0.333333,0.282642,0.504980,0.139291,0.179997,0.149514,1.000000
full_finetune_pretrained,combined_stress,transient_shear_spike,cable_threading,0,84,0.333333,0.290358,0.513089,0.146746,0.181909,0.156215,1.000000
full_finetune_pretrained,combined_stress,compound_contact_shift,cable_threading,0,84,0.261905,0.286686,0.505709,0.146549,0.181163,0.156599,1.000000
full_finetune_pretrained,combined_stress,source_matched,lid_twist_force_control,0,84,0.321429,0.288402,0.472281,0.140492,0.182651,0.152348,1.000000
full_finetune_pretrained,combined_stress,low_friction,lid_twist_force_control,0,84,0.297619,0.283056,0.467556,0.143529,0.178784,0.151547,1.000000
full_finetune_pretrained,combined_stress,soft_compliance,lid_twist_force_control,0,84,0.357143,0.287958,0.469599,0.140155,0.182160,0.155179,1.000000
full_finetune_pretrained,combined_stress,texture_aliasing,lid_twist_force_control,0,84,0.440476,0.281712,0.475899,0.142327,0.177016,0.154517,1.000000
full_finetune_pretrained,combined_stress,taxel_bias,lid_twist_force_control,0,84,0.416667,0.282594,0.471237,0.138255,0.183365,0.152429,1.000000
full_finetune_pretrained,combined_stress,transient_shear_spike,lid_twist_force_control,0,84,0.333333,0.278796,0.462075,0.138966,0.179101,0.151201,1.000000
full_finetune_pretrained,combined_stress,compound_contact_shift,lid_twist_force_control,0,84,0.440476,0.280626,0.462948,0.138523,0.178808,0.155373,1.000000
full_finetune_pretrained,combined_stress,source_matched,slip_limited_grasp,1,84,0.333333,0.288918,0.493771,0.143782,0.180290,0.153032,1.000000
full_finetune_pretrained,combined_stress,low_friction,slip_limited_grasp,1,84,0.380952,0.278154,0.498928,0.140880,0.179528,0.156503,1.000000
full_finetune_pretrained,combined_stress,soft_compliance,slip_limited_grasp,1,84,0.297619,0.285180,0.504157,0.142706,0.178888,0.153594,1.000000
full_finetune_pretrained,combined_stress,texture_aliasing,slip_limited_grasp,1,84,0.297619,0.287646,0.505516,0.145636,0.181052,0.150928,1.000000
full_finetune_pretrained,combined_stress,taxel_bias,slip_limited_grasp,1,84,0.440476,0.284280,0.494482,0.142144,0.181569,0.153918,1.000000
full_finetune_pretrained,combined_stress,transient_shear_spike,slip_limited_grasp,1,84,0.404762,0.280266,0.503005,0.141500,0.184308,0.152542,1.000000
full_finetune_pretrained,combined_stress,compound_contact_shift,slip_limited_grasp,1,84,0.428571,0.278802,0.498937,0.140614,0.183319,0.154445,1.000000
full_finetune_pretrained,combined_stress,source_matched,peg_in_hole_contact_search,1,84,0.357143,0.285551,0.470067,0.139966,0.181498,0.149764,1.000000
full_finetune_pretrained,combined_stress,low_friction,peg_in_hole_contact_search,1,84,0.392857,0.277217,0.478869,0.139224,0.182571,0.154909,1.000000
full_finetune_pretrained,combined_stress,soft_compliance,peg_in_hole_contact_search,1,84,0.321429,0.286601,0.469626,0.142560,0.183289,0.153623,1.000000
full_finetune_pretrained,combined_stress,texture_aliasing,peg_in_hole_contact_search,1,84,0.357143,0.281849,0.478167,0.139064,0.179998,0.153990,1.000000
full_finetune_pretrained,combined_stress,taxel_bias,peg_in_hole_contact_search,1,84,0.392857,0.285773,0.478068,0.143840,0.179299,0.153997,1.000000
full_finetune_pretrained,combined_stress,transient_shear_spike,peg_in_hole_contact_search,1,84,0.380952,0.286403,0.475548,0.138156,0.184705,0.155819,1.000000
full_finetune_pretrained,combined_stress,compound_contact_shift,peg_in_hole_contact_search,1,84,0.369048,0.277721,0.478662,0.140634,0.179548,0.152752,1.000000
full_finetune_pretrained,combined_stress,source_matched,cloth_edge_pull,1,84,0.273810,0.290987,0.505816,0.143389,0.180850,0.152459,1.000000
full_finetune_pretrained,combined_stress,low_friction,cloth_edge_pull,1,84,0.297619,0.284267,0.499030,0.144182,0.183213,0.150712,1.000000
full_finetune_pretrained,combined_stress,soft_compliance,cloth_edge_pull,1,84,0.333333,0.285227,0.495160,0.146385,0.184390,0.151629,1.000000
full_finetune_pretrained,combined_stress,texture_aliasing,cloth_edge_pull,1,84,0.285714,0.285671,0.493486,0.140952,0.186064,0.155575,1.000000
full_finetune_pretrained,combined_stress,taxel_bias,cloth_edge_pull,1,84,0.321429,0.282431,0.500650,0.140235,0.180589,0.150647,1.000000
full_finetune_pretrained,combined_stress,transient_shear_spike,cloth_edge_pull,1,84,0.404762,0.280187,0.493819,0.137972,0.182365,0.150490,1.000000
full_finetune_pretrained,combined_stress,compound_contact_shift,cloth_edge_pull,1,84,0.392857,0.288707,0.504727,0.137629,0.180671,0.151265,1.000000
full_finetune_pretrained,combined_stress,source_matched,cable_threading,1,84,0.345238,0.290952,0.509759,0.140776,0.179027,0.151184,1.000000
full_finetune_pretrained,combined_stress,low_friction,cable_threading,1,84,0.297619,0.284592,0.503513,0.143631,0.182916,0.149685,1.000000
full_finetune_pretrained,combined_stress,soft_compliance,cable_threading,1,84,0.309524,0.285012,0.498833,0.146015,0.184161,0.150230,1.000000
full_finetune_pretrained,combined_stress,texture_aliasing,cable_threading,1,84,0.321429,0.285276,0.514898,0.138956,0.184643,0.154052,1.000000
full_finetune_pretrained,combined_stress,taxel_bias,cable_threading,1,84,0.357143,0.283116,0.505673,0.139067,0.179888,0.149868,1.000000
full_finetune_pretrained,combined_stress,transient_shear_spike,cable_threading,1,84,0.297619,0.290898,0.513881,0.140057,0.182916,0.156615,1.000000
full_finetune_pretrained,combined_stress,compound_contact_shift,cable_threading,1,84,0.214286,0.287232,0.506510,0.148166,0.182388,0.157003,1.000000
full_finetune_pretrained,combined_stress,source_matched,lid_twist_force_control,1,84,0.333333,0.288948,0.473082,0.140621,0.182805,0.152752,1.000000
full_finetune_pretrained,combined_stress,low_friction,lid_twist_force_control,1,84,0.357143,0.283590,0.468339,0.142458,0.178072,0.151942,1.000000
full_finetune_pretrained,combined_stress,soft_compliance,lid_twist_force_control,1,84,0.404762,0.288510,0.470409,0.139396,0.181675,0.155587,1.000000
full_finetune_pretrained,combined_stress,texture_aliasing,lid_twist_force_control,1,84,0.369048,0.282270,0.476718,0.144549,0.178678,0.154929,1.000000
full_finetune_pretrained,combined_stress,taxel_bias,lid_twist_force_control,1,84,0.357143,0.283116,0.472002,0.140151,0.184788,0.152816,1.000000
full_finetune_pretrained,combined_stress,transient_shear_spike,lid_twist_force_control,1,84,0.404762,0.279384,0.462939,0.137639,0.178211,0.151634,1.000000
full_finetune_pretrained,combined_stress,compound_contact_shift,lid_twist_force_control,1,84,0.285714,0.281220,0.463821,0.142855,0.181994,0.155810,1.000000
full_finetune_pretrained,combined_stress,source_matched,slip_limited_grasp,2,84,0.404762,0.289434,0.494527,0.142400,0.179352,0.153415,1.000000
full_finetune_pretrained,combined_stress,low_friction,slip_limited_grasp,2,84,0.380952,0.278658,0.499666,0.141274,0.179868,0.148874,1.000000
full_finetune_pretrained,combined_stress,soft_compliance,slip_limited_grasp,2,84,0.380952,0.285702,0.504922,0.141030,0.177740,0.153981,1.000000
full_finetune_pretrained,combined_stress,texture_aliasing,slip_limited_grasp,2,84,0.428571,0.288174,0.506290,0.142775,0.179051,0.151320,1.000000
full_finetune_pretrained,combined_stress,taxel_bias,slip_limited_grasp,2,84,0.345238,0.284772,0.495202,0.144910,0.183615,0.154285,1.000000
full_finetune_pretrained,combined_stress,transient_shear_spike,slip_limited_grasp,2,84,0.369048,0.280824,0.503824,0.142828,0.177323,0.152954,1.000000
full_finetune_pretrained,combined_stress,compound_contact_shift,slip_limited_grasp,2,84,0.416667,0.279366,0.499765,0.141352,0.183914,0.154862,1.000000
full_finetune_pretrained,combined_stress,source_matched,peg_in_hole_contact_search,2,84,0.297619,0.286115,0.470895,0.141895,0.182949,0.150180,1.000000
full_finetune_pretrained,combined_stress,low_friction,peg_in_hole_contact_search,2,84,0.273810,0.277769,0.479679,0.142632,0.185086,0.155317,1.000000
full_finetune_pretrained,combined_stress,soft_compliance,peg_in_hole_contact_search,2,84,0.297619,0.287171,0.470463,0.143601,0.184101,0.154044,1.000000
full_finetune_pretrained,combined_stress,texture_aliasing,peg_in_hole_contact_search,2,84,0.321429,0.282425,0.479013,0.140407,0.181029,0.154415,1.000000
full_finetune_pretrained,combined_stress,taxel_bias,peg_in_hole_contact_search,2,84,0.345238,0.286313,0.478860,0.145452,0.180520,0.154397,1.000000
full_finetune_pretrained,combined_stress,transient_shear_spike,peg_in_hole_contact_search,2,84,0.345238,0.287009,0.476439,0.139522,0.177752,0.156264,1.000000
full_finetune_pretrained,combined_stress,compound_contact_shift,peg_in_hole_contact_search,2,84,0.392857,0.278333,0.479562,0.140516,0.179531,0.153201,1.000000
full_finetune_pretrained,combined_stress,source_matched,cloth_edge_pull,2,84,0.297619,0.279479,0.506545,0.141983,0.180757,0.152566,1.000000
full_finetune_pretrained,combined_stress,low_friction,cloth_edge_pull,2,84,0.285714,0.284753,0.499741,0.144860,0.183756,0.151074,1.000000
full_finetune_pretrained,combined_stress,soft_compliance,cloth_edge_pull,2,84,0.345238,0.285731,0.495898,0.138478,0.184516,0.152004,1.000000
full_finetune_pretrained,combined_stress,texture_aliasing,cloth_edge_pull,2,84,0.285714,0.286181,0.494233,0.141351,0.186408,0.155954,1.000000
full_finetune_pretrained,combined_stress,taxel_bias,cloth_edge_pull,2,84,0.261905,0.282905,0.501343,0.142095,0.181980,0.151002,1.000000
full_finetune_pretrained,combined_stress,transient_shear_spike,cloth_edge_pull,2,84,0.297619,0.280727,0.494611,0.141072,0.184657,0.150890,1.000000
full_finetune_pretrained,combined_stress,compound_contact_shift,cloth_edge_pull,2,84,0.309524,0.289253,0.505528,0.140139,0.182539,0.151669,1.000000
full_finetune_pretrained,combined_stress,source_matched,cable_threading,2,84,0.369048,0.291450,0.510488,0.140571,0.178934,0.151555,1.000000
full_finetune_pretrained,combined_stress,low_friction,cable_threading,2,84,0.321429,0.285078,0.504224,0.143416,0.182815,0.150047,1.000000
full_finetune_pretrained,combined_stress,soft_compliance,cable_threading,2,84,0.321429,0.285516,0.499571,0.146112,0.184287,0.150605,1.000000
full_finetune_pretrained,combined_stress,texture_aliasing,cable_threading,2,84,0.261905,0.285786,0.515645,0.140843,0.186059,0.154431,1.000000
full_finetune_pretrained,combined_stress,taxel_bias,cable_threading,2,84,0.321429,0.283590,0.506366,0.140331,0.180851,0.150222,1.000000
full_finetune_pretrained,combined_stress,transient_shear_spike,cable_threading,2,84,0.345238,0.291438,0.514673,0.139289,0.182423,0.157015,1.000000
full_finetune_pretrained,combined_stress,compound_contact_shift,cable_threading,2,84,0.333333,0.287778,0.507311,0.145616,0.180613,0.149403,1.000000
full_finetune_pretrained,combined_stress,source_matched,lid_twist_force_control,2,84,0.345238,0.289494,0.473883,0.140750,0.182959,0.153156,1.000000
full_finetune_pretrained,combined_stress,low_friction,lid_twist_force_control,2,84,0.440476,0.284124,0.469122,0.140792,0.176932,0.152338,1.000000
full_finetune_pretrained,combined_stress,soft_compliance,lid_twist_force_control,2,84,0.297619,0.289062,0.471219,0.142506,0.183976,0.155995,1.000000
full_finetune_pretrained,combined_stress,texture_aliasing,lid_twist_force_control,2,84,0.428571,0.282828,0.459528,0.143496,0.177983,0.155342,1.000000
full_finetune_pretrained,combined_stress,taxel_bias,lid_twist_force_control,2,84,0.392857,0.283638,0.472767,0.139666,0.184497,0.153204,1.000000
full_finetune_pretrained,combined_stress,transient_shear_spike,lid_twist_force_control,2,84,0.392857,0.279972,0.463803,0.138396,0.178821,0.152067,1.000000
full_finetune_pretrained,combined_stress,compound_contact_shift,lid_twist_force_control,2,84,0.380952,0.281814,0.464694,0.140938,0.180680,0.156247,1.000000
full_finetune_pretrained,combined_stress,source_matched,slip_limited_grasp,3,84,0.333333,0.289950,0.495283,0.144590,0.180986,0.153799,1.000000
full_finetune_pretrained,combined_stress,low_friction,slip_limited_grasp,3,84,0.297619,0.279162,0.500404,0.143752,0.181708,0.149249,1.000000
full_finetune_pretrained,combined_stress,soft_compliance,slip_limited_grasp,3,84,0.357143,0.286224,0.505687,0.142034,0.178521,0.154369,1.000000
full_finetune_pretrained,combined_stress,texture_aliasing,slip_limited_grasp,3,84,0.345238,0.288702,0.489055,0.145271,0.180907,0.151711,1.000000
full_finetune_pretrained,combined_stress,taxel_bias,slip_limited_grasp,3,84,0.392857,0.285264,0.495922,0.144105,0.183090,0.154652,1.000000
full_finetune_pretrained,combined_stress,transient_shear_spike,slip_limited_grasp,3,84,0.404762,0.281382,0.504643,0.142371,0.177056,0.153366,1.000000
full_finetune_pretrained,combined_stress,compound_contact_shift,slip_limited_grasp,3,84,0.345238,0.279930,0.500593,0.143578,0.185579,0.155278,1.000000
full_finetune_pretrained,combined_stress,source_matched,peg_in_hole_contact_search,3,84,0.357143,0.286679,0.471723,0.140847,0.182258,0.150597,1.000000
full_finetune_pretrained,combined_stress,low_friction,peg_in_hole_contact_search,3,84,0.321429,0.278321,0.480489,0.141872,0.184601,0.155725,1.000000
full_finetune_pretrained,combined_stress,soft_compliance,peg_in_hole_contact_search,3,84,0.428571,0.287741,0.471300,0.140772,0.182128,0.154464,1.000000
full_finetune_pretrained,combined_stress,texture_aliasing,peg_in_hole_contact_search,3,84,0.321429,0.283001,0.479859,0.140856,0.181417,0.154840,1.000000
full_finetune_pretrained,combined_stress,taxel_bias,peg_in_hole_contact_search,3,84,0.333333,0.286853,0.479652,0.146172,0.181098,0.154797,1.000000
full_finetune_pretrained,combined_stress,transient_shear_spike,peg_in_hole_contact_search,3,84,0.369048,0.287615,0.477330,0.139399,0.177732,0.148705,1.000000
full_finetune_pretrained,combined_stress,compound_contact_shift,peg_in_hole_contact_search,3,84,0.380952,0.278945,0.480462,0.141291,0.180157,0.153651,1.000000
full_finetune_pretrained,combined_stress,source_matched,cloth_edge_pull,3,84,0.357143,0.279977,0.507274,0.140885,0.180022,0.152937,1.000000
full_finetune_pretrained,combined_stress,low_friction,cloth_edge_pull,3,84,0.309524,0.285239,0.500452,0.144646,0.183655,0.151437,1.000000
full_finetune_pretrained,combined_stress,soft_compliance,cloth_edge_pull,3,84,0.297619,0.286235,0.496636,0.140063,0.185713,0.152379,1.000000
full_finetune_pretrained,combined_stress,texture_aliasing,cloth_edge_pull,3,84,0.273810,0.286691,0.494980,0.142048,0.186966,0.156333,1.000000
full_finetune_pretrained,combined_stress,taxel_bias,cloth_edge_pull,3,84,0.226190,0.283379,0.502036,0.143359,0.182943,0.151356,1.000000
full_finetune_pretrained,combined_stress,transient_shear_spike,cloth_edge_pull,3,84,0.333333,0.281267,0.495403,0.140601,0.184378,0.151290,1.000000
full_finetune_pretrained,combined_stress,compound_contact_shift,cloth_edge_pull,3,84,0.309524,0.289799,0.506329,0.140566,0.182907,0.152073,1.000000
full_finetune_pretrained,combined_stress,source_matched,cable_threading,3,84,0.380952,0.291948,0.511217,0.140663,0.179056,0.151926,1.000000
full_finetune_pretrained,combined_stress,low_friction,cable_threading,3,84,0.250000,0.285564,0.504935,0.145582,0.184429,0.150410,1.000000
full_finetune_pretrained,combined_stress,soft_compliance,cable_threading,3,84,0.380952,0.286020,0.500309,0.145018,0.183556,0.150980,1.000000
full_finetune_pretrained,combined_stress,texture_aliasing,cable_threading,3,84,0.226190,0.286296,0.498383,0.142135,0.187045,0.154810,1.000000
full_finetune_pretrained,combined_stress,taxel_bias,cable_threading,3,84,0.178571,0.284064,0.507059,0.144274,0.183743,0.150577,1.000000
full_finetune_pretrained,combined_stress,transient_shear_spike,cable_threading,3,84,0.380952,0.291978,0.515465,0.138818,0.182144,0.149411,1.000000
full_finetune_pretrained,combined_stress,compound_contact_shift,cable_threading,3,84,0.226190,0.288324,0.508112,0.148722,0.182909,0.149807,1.000000
full_finetune_pretrained,combined_stress,source_matched,lid_twist_force_control,3,84,0.392857,0.278034,0.474684,0.138786,0.182469,0.153296,1.000000
full_finetune_pretrained,combined_stress,low_friction,lid_twist_force_control,3,84,0.380952,0.284658,0.469905,0.142698,0.178364,0.152734,1.000000
full_finetune_pretrained,combined_stress,soft_compliance,lid_twist_force_control,3,84,0.404762,0.277608,0.472029,0.139058,0.182419,0.156139,1.000000
full_finetune_pretrained,combined_stress,texture_aliasing,lid_twist_force_control,3,84,0.404762,0.283386,0.460347,0.144528,0.178787,0.155754,1.000000
full_finetune_pretrained,combined_stress,taxel_bias,lid_twist_force_control,3,84,0.309524,0.284160,0.473532,0.142158,0.178345,0.153591,1.000000
full_finetune_pretrained,combined_stress,transient_shear_spike,lid_twist_force_control,3,84,0.452381,0.280560,0.464667,0.137366,0.178146,0.152500,1.000000
full_finetune_pretrained,combined_stress,compound_contact_shift,lid_twist_force_control,3,84,0.369048,0.282408,0.465567,0.141699,0.181294,0.148680,1.000000
full_finetune_pretrained,combined_stress,source_matched,slip_limited_grasp,4,84,0.404762,0.278460,0.496039,0.142007,0.180048,0.153918,1.000000
full_finetune_pretrained,combined_stress,low_friction,slip_limited_grasp,4,84,0.333333,0.279666,0.501142,0.143253,0.181406,0.149624,1.000000
full_finetune_pretrained,combined_stress,soft_compliance,slip_limited_grasp,4,84,0.464286,0.286746,0.506452,0.139763,0.176944,0.154756,1.000000
full_finetune_pretrained,combined_stress,texture_aliasing,slip_limited_grasp,4,84,0.380952,0.289230,0.489829,0.144791,0.180620,0.152103,1.000000
full_finetune_pretrained,combined_stress,taxel_bias,slip_limited_grasp,4,84,0.428571,0.285756,0.496642,0.143597,0.182779,0.155018,1.000000
full_finetune_pretrained,combined_stress,transient_shear_spike,slip_limited_grasp,4,84,0.321429,0.281940,0.505462,0.144890,0.178932,0.153779,1.000000
full_finetune_pretrained,combined_stress,compound_contact_shift,slip_limited_grasp,4,84,0.285714,0.280494,0.501421,0.145507,0.179027,0.155695,1.000000
full_finetune_pretrained,combined_stress,source_matched,peg_in_hole_contact_search,4,84,0.428571,0.287243,0.472551,0.139502,0.181352,0.151013,1.000000
full_finetune_pretrained,combined_stress,low_friction,peg_in_hole_contact_search,4,84,0.357143,0.278873,0.481299,0.141411,0.184330,0.156133,1.000000
full_finetune_pretrained,combined_stress,soft_compliance,peg_in_hole_contact_search,4,84,0.357143,0.288311,0.472137,0.143002,0.183798,0.154885,1.000000
full_finetune_pretrained,combined_stress,texture_aliasing,peg_in_hole_contact_search,4,84,0.309524,0.283577,0.480705,0.141604,0.182019,0.155264,1.000000
full_finetune_pretrained,combined_stress,taxel_bias,peg_in_hole_contact_search,4,84,0.345238,0.287393,0.480444,0.146296,0.181248,0.155196,1.000000
full_finetune_pretrained,combined_stress,transient_shear_spike,peg_in_hole_contact_search,4,84,0.333333,0.288221,0.478221,0.140765,0.178782,0.149151,1.000000
full_finetune_pretrained,combined_stress,compound_contact_shift,peg_in_hole_contact_search,4,84,0.285714,0.279557,0.481362,0.144149,0.182284,0.154100,1.000000
full_finetune_pretrained,combined_stress,source_matched,cloth_edge_pull,4,84,0.261905,0.280475,0.508003,0.143656,0.182072,0.153308,1.000000
full_finetune_pretrained,combined_stress,low_friction,cloth_edge_pull,4,84,0.226190,0.285725,0.501163,0.147110,0.185483,0.151800,1.000000
full_finetune_pretrained,combined_stress,soft_compliance,cloth_edge_pull,4,84,0.250000,0.286739,0.497374,0.141648,0.186910,0.152754,1.000000
full_finetune_pretrained,combined_stress,texture_aliasing,cloth_edge_pull,4,84,0.333333,0.287201,0.495727,0.140959,0.178234,0.156712,1.000000
full_finetune_pretrained,combined_stress,taxel_bias,cloth_edge_pull,4,84,0.357143,0.283853,0.502729,0.140457,0.180906,0.151711,1.000000
full_finetune_pretrained,combined_stress,transient_shear_spike,cloth_edge_pull,4,84,0.309524,0.281807,0.496195,0.141619,0.185171,0.151690,1.000000
full_finetune_pretrained,combined_stress,compound_contact_shift,cloth_edge_pull,4,84,0.261905,0.290345,0.507130,0.142183,0.184132,0.152477,1.000000
full_finetune_pretrained,combined_stress,source_matched,cable_threading,4,84,0.261905,0.280440,0.511946,0.142828,0.181535,0.152033,1.000000
full_finetune_pretrained,combined_stress,low_friction,cable_threading,4,84,0.297619,0.286050,0.505646,0.144772,0.183900,0.150773,1.000000
full_finetune_pretrained,combined_stress,soft_compliance,cable_threading,4,84,0.345238,0.286524,0.501047,0.146305,0.184539,0.151355,1.000000
full_finetune_pretrained,combined_stress,texture_aliasing,cable_threading,4,84,0.273810,0.286806,0.499130,0.141343,0.186532,0.155189,1.000000
full_finetune_pretrained,combined_stress,taxel_bias,cable_threading,4,84,0.297619,0.284538,0.507752,0.141669,0.181920,0.150931,1.000000
full_finetune_pretrained,combined_stress,transient_shear_spike,cable_threading,4,84,0.380952,0.280512,0.498248,0.138039,0.182508,0.149547,1.000000
full_finetune_pretrained,combined_stress,compound_contact_shift,cable_threading,4,84,0.261905,0.288870,0.508913,0.148255,0.182635,0.150211,1.000000
full_finetune_pretrained,combined_stress,source_matched,lid_twist_force_control,4,84,0.404762,0.278580,0.475485,0.138915,0.182623,0.153700,1.000000
full_finetune_pretrained,combined_stress,low_friction,lid_twist_force_control,4,84,0.380952,0.285192,0.470688,0.143115,0.178724,0.153130,1.000000
full_finetune_pretrained,combined_stress,soft_compliance,lid_twist_force_control,4,84,0.333333,0.278160,0.472839,0.141275,0.184077,0.148543,1.000000
full_finetune_pretrained,combined_stress,texture_aliasing,lid_twist_force_control,4,84,0.321429,0.283944,0.461166,0.139043,0.180663,0.156166,1.000000
full_finetune_pretrained,combined_stress,taxel_bias,lid_twist_force_control,4,84,0.392857,0.284682,0.474297,0.140483,0.177197,0.153979,1.000000
full_finetune_pretrained,combined_stress,transient_shear_spike,lid_twist_force_control,4,84,0.416667,0.281148,0.465531,0.138718,0.179185,0.152933,1.000000
full_finetune_pretrained,combined_stress,compound_contact_shift,lid_twist_force_control,4,84,0.380952,0.283002,0.466440,0.141864,0.181480,0.149118,1.000000
full_finetune_pretrained,combined_stress,source_matched,slip_limited_grasp,5,84,0.369048,0.278976,0.496795,0.143303,0.181039,0.154301,1.000000
full_finetune_pretrained,combined_stress,low_friction,slip_limited_grasp,5,84,0.440476,0.280170,0.501880,0.140969,0.179817,0.150000,1.000000
full_finetune_pretrained,combined_stress,soft_compliance,slip_limited_grasp,5,84,0.416667,0.287268,0.489208,0.141362,0.178154,0.155144,1.000000
full_finetune_pretrained,combined_stress,texture_aliasing,slip_limited_grasp,5,84,0.452381,0.289758,0.490603,0.143418,0.179691,0.152495,1.000000
full_finetune_pretrained,combined_stress,taxel_bias,slip_limited_grasp,5,84,0.380952,0.286248,0.497362,0.145173,0.183968,0.155385,1.000000
full_finetune_pretrained,combined_stress,transient_shear_spike,slip_limited_grasp,5,84,0.392857,0.282498,0.506281,0.143540,0.178022,0.154191,1.000000
full_finetune_pretrained,combined_stress,compound_contact_shift,slip_limited_grasp,5,84,0.345238,0.281058,0.502249,0.144459,0.178335,0.156111,1.000000
full_finetune_pretrained,combined_stress,source_matched,peg_in_hole_contact_search,5,84,0.369048,0.287807,0.473379,0.141430,0.182804,0.151430,1.000000
full_finetune_pretrained,combined_stress,low_friction,peg_in_hole_contact_search,5,84,0.404762,0.279425,0.482109,0.140651,0.183845,0.148537,1.000000
full_finetune_pretrained,combined_stress,soft_compliance,peg_in_hole_contact_search,5,84,0.297619,0.276875,0.472974,0.143735,0.185253,0.155041,1.000000
full_finetune_pretrained,combined_stress,texture_aliasing,peg_in_hole_contact_search,5,84,0.488095,0.284153,0.481551,0.137589,0.179193,0.155689,1.000000
full_finetune_pretrained,combined_stress,taxel_bias,peg_in_hole_contact_search,5,84,0.428571,0.287933,0.481236,0.136631,0.180112,0.155596,1.000000
full_finetune_pretrained,combined_stress,transient_shear_spike,peg_in_hole_contact_search,5,84,0.392857,0.276821,0.479112,0.138549,0.178119,0.149332,1.000000
full_finetune_pretrained,combined_stress,compound_contact_shift,peg_in_hole_contact_search,5,84,0.309524,0.280169,0.464253,0.144031,0.182267,0.154549,1.000000
full_finetune_pretrained,combined_stress,source_matched,cloth_edge_pull,5,84,0.273810,0.280973,0.508732,0.143748,0.182194,0.153679,1.000000
full_finetune_pretrained,combined_stress,low_friction,cloth_edge_pull,5,84,0.333333,0.286211,0.501874,0.144812,0.183882,0.152162,1.000000
full_finetune_pretrained,combined_stress,soft_compliance,cloth_edge_pull,5,84,0.357143,0.287243,0.498112,0.139364,0.185322,0.153129,1.000000
full_finetune_pretrained,combined_stress,texture_aliasing,cloth_edge_pull,5,84,0.261905,0.287711,0.496474,0.143143,0.179864,0.149087,1.000000
full_finetune_pretrained,combined_stress,taxel_bias,cloth_edge_pull,5,84,0.285714,0.284327,0.503422,0.142614,0.182512,0.152065,1.000000
full_finetune_pretrained,combined_stress,transient_shear_spike,cloth_edge_pull,5,84,0.416667,0.282347,0.496987,0.139362,0.183606,0.152089,1.000000
full_finetune_pretrained,combined_stress,compound_contact_shift,cloth_edge_pull,5,84,0.214286,0.290891,0.507931,0.143800,0.185357,0.152881,1.000000
full_finetune_pretrained,combined_stress,source_matched,cable_threading,5,84,0.297619,0.280938,0.512675,0.142325,0.181228,0.152404,1.000000
full_finetune_pretrained,combined_stress,low_friction,cable_threading,5,84,0.369048,0.286536,0.506357,0.143367,0.182942,0.151135,1.000000
full_finetune_pretrained,combined_stress,soft_compliance,cable_threading,5,84,0.226190,0.287028,0.501785,0.141672,0.187021,0.151730,1.000000
full_finetune_pretrained,combined_stress,texture_aliasing,cable_threading,5,84,0.273810,0.287316,0.499877,0.141742,0.186876,0.155568,1.000000
full_finetune_pretrained,combined_stress,taxel_bias,cable_threading,5,84,0.369048,0.285012,0.508445,0.140255,0.180954,0.151286,1.000000
full_finetune_pretrained,combined_stress,transient_shear_spike,cable_threading,5,84,0.273810,0.281052,0.499040,0.141140,0.184800,0.149947,1.000000
full_finetune_pretrained,combined_stress,compound_contact_shift,cable_threading,5,84,0.321429,0.289416,0.509714,0.147194,0.181931,0.150615,1.000000
full_finetune_pretrained,combined_stress,source_matched,lid_twist_force_control,5,84,0.333333,0.279126,0.476286,0.141127,0.184277,0.154104,1.000000
full_finetune_pretrained,combined_stress,low_friction,lid_twist_force_control,5,84,0.369048,0.285726,0.471471,0.143830,0.179298,0.153525,1.000000
full_finetune_pretrained,combined_stress,soft_compliance,lid_twist_force_control,5,84,0.345238,0.278712,0.473649,0.141408,0.184235,0.148951,1.000000
full_finetune_pretrained,combined_stress,texture_aliasing,lid_twist_force_control,5,84,0.214286,0.284502,0.461985,0.142157,0.182968,0.156579,1.000000
full_finetune_pretrained,combined_stress,taxel_bias,lid_twist_force_control,5,84,0.345238,0.285204,0.475062,0.142081,0.178407,0.154366,1.000000
full_finetune_pretrained,combined_stress,transient_shear_spike,lid_twist_force_control,5,84,0.380952,0.281736,0.466395,0.140070,0.180224,0.153366,1.000000
full_finetune_pretrained,combined_stress,compound_contact_shift,lid_twist_force_control,5,84,0.357143,0.283596,0.467313,0.142923,0.182308,0.149555,1.000000
full_finetune_pretrained,combined_stress,source_matched,slip_limited_grasp,6,84,0.369048,0.279492,0.497551,0.143707,0.181387,0.154685,1.000000
full_finetune_pretrained,combined_stress,low_friction,slip_limited_grasp,6,84,0.345238,0.280674,0.502618,0.143744,0.181871,0.150375,1.000000
full_finetune_pretrained,combined_stress,soft_compliance,slip_limited_grasp,6,84,0.369048,0.287790,0.489973,0.142961,0.179363,0.155531,1.000000
full_finetune_pretrained,combined_stress,texture_aliasing,slip_limited_grasp,6,84,0.488095,0.278280,0.491377,0.141738,0.179404,0.152622,1.000000
full_finetune_pretrained,combined_stress,taxel_bias,slip_limited_grasp,6,84,0.333333,0.286740,0.498082,0.138745,0.185158,0.155752,1.000000
full_finetune_pretrained,combined_stress,transient_shear_spike,slip_limited_grasp,6,84,0.440476,0.283056,0.489091,0.142786,0.177541,0.154603,1.000000
full_finetune_pretrained,combined_stress,compound_contact_shift,slip_limited_grasp,6,84,0.428571,0.281622,0.503077,0.142816,0.177215,0.156528,1.000000
full_finetune_pretrained,combined_stress,source_matched,peg_in_hole_contact_search,6,84,0.357143,0.288371,0.474207,0.142168,0.183398,0.151846,1.000000
full_finetune_pretrained,combined_stress,low_friction,peg_in_hole_contact_search,6,84,0.357143,0.279977,0.464910,0.142273,0.185074,0.148945,1.000000
full_finetune_pretrained,combined_stress,soft_compliance,peg_in_hole_contact_search,6,84,0.261905,0.277445,0.473811,0.145073,0.186280,0.155462,1.000000
full_finetune_pretrained,combined_stress,texture_aliasing,peg_in_hole_contact_search,6,84,0.250000,0.284729,0.464388,0.143991,0.183866,0.156114,1.000000
full_finetune_pretrained,combined_stress,taxel_bias,peg_in_hole_contact_search,6,84,0.369048,0.288473,0.482028,0.138541,0.181548,0.155996,1.000000
full_finetune_pretrained,combined_stress,transient_shear_spike,peg_in_hole_contact_search,6,84,0.297619,0.277427,0.480003,0.141402,0.180241,0.149777,1.000000
full_finetune_pretrained,combined_stress,compound_contact_shift,peg_in_hole_contact_search,6,84,0.321429,0.280781,0.465153,0.144210,0.182465,0.154999,1.000000
full_finetune_pretrained,combined_stress,source_matched,cloth_edge_pull,6,84,0.333333,0.281471,0.509461,0.142650,0.181458,0.154050,1.000000
full_finetune_pretrained,combined_stress,low_friction,cloth_edge_pull,6,84,0.321429,0.286697,0.502585,0.145490,0.184425,0.152525,1.000000
full_finetune_pretrained,combined_stress,soft_compliance,cloth_edge_pull,6,84,0.309524,0.287747,0.498850,0.140949,0.178515,0.153504,1.000000
full_finetune_pretrained,combined_stress,texture_aliasing,cloth_edge_pull,6,84,0.357143,0.288221,0.497221,0.141161,0.178494,0.149467,1.000000
full_finetune_pretrained,combined_stress,taxel_bias,cloth_edge_pull,6,84,0.321429,0.284801,0.504115,0.142092,0.182189,0.152419,1.000000
full_finetune_pretrained,combined_stress,transient_shear_spike,cloth_edge_pull,6,84,0.273810,0.282887,0.497779,0.143355,0.186542,0.152489,1.000000
full_finetune_pretrained,combined_stress,compound_contact_shift,cloth_edge_pull,6,84,0.273810,0.279431,0.508732,0.141538,0.184654,0.153021,1.000000
full_finetune_pretrained,combined_stress,source_matched,cable_threading,6,84,0.297619,0.281436,0.513404,0.142715,0.181564,0.152775,1.000000
full_finetune_pretrained,combined_stress,low_friction,cable_threading,6,84,0.273810,0.287022,0.507068,0.146129,0.184984,0.151498,1.000000
full_finetune_pretrained,combined_stress,soft_compliance,cable_threading,6,84,0.273810,0.287532,0.502523,0.140876,0.186504,0.152105,1.000000
full_finetune_pretrained,combined_stress,texture_aliasing,cable_threading,6,84,0.297619,0.287826,0.500624,0.141546,0.186792,0.155948,1.000000
full_finetune_pretrained,combined_stress,taxel_bias,cable_threading,6,84,0.261905,0.285486,0.509138,0.143305,0.183203,0.151640,1.000000
full_finetune_pretrained,combined_stress,transient_shear_spike,cable_threading,6,84,0.261905,0.281592,0.499832,0.141860,0.185379,0.150347,1.000000
full_finetune_pretrained,combined_stress,compound_contact_shift,cable_threading,6,84,0.178571,0.289962,0.510515,0.143188,0.184871,0.151019,1.000000
full_finetune_pretrained,combined_stress,source_matched,lid_twist_force_control,6,84,0.380952,0.279672,0.459078,0.140363,0.183788,0.154508,1.000000
full_finetune_pretrained,combined_stress,low_friction,lid_twist_force_control,6,84,0.285714,0.286260,0.472254,0.146331,0.181158,0.153921,1.000000
full_finetune_pretrained,combined_stress,soft_compliance,lid_twist_force_control,6,84,0.392857,0.279264,0.474459,0.140649,0.183749,0.149359,1.000000
full_finetune_pretrained,combined_stress,texture_aliasing,lid_twist_force_control,6,84,0.333333,0.285060,0.462804,0.139617,0.181201,0.148987,1.000000
full_finetune_pretrained,combined_stress,taxel_bias,lid_twist_force_control,6,84,0.321429,0.285726,0.475827,0.143085,0.179187,0.154753,1.000000
full_finetune_pretrained,combined_stress,transient_shear_spike,lid_twist_force_control,6,84,0.309524,0.282324,0.467259,0.142314,0.181905,0.153799,1.000000
full_finetune_pretrained,combined_stress,compound_contact_shift,lid_twist_force_control,6,84,0.380952,0.284190,0.468186,0.142791,0.182280,0.149992,1.000000
ensemble_disagreement_filter,combined_stress,source_matched,slip_limited_grasp,0,84,0.440476,0.183636,0.520585,0.111444,0.277657,0.108440,1.000000
ensemble_disagreement_filter,combined_stress,low_friction,slip_limited_grasp,0,84,0.428571,0.180498,0.519172,0.107871,0.283051,0.109159,1.000000
ensemble_disagreement_filter,combined_stress,soft_compliance,slip_limited_grasp,0,84,0.547619,0.182580,0.516985,0.108851,0.275472,0.110849,1.000000
ensemble_disagreement_filter,combined_stress,texture_aliasing,slip_limited_grasp,0,84,0.440476,0.188160,0.523015,0.108844,0.281641,0.110327,1.000000
ensemble_disagreement_filter,combined_stress,taxel_bias,slip_limited_grasp,0,84,0.428571,0.180804,0.524005,0.106162,0.282283,0.110570,1.000000
ensemble_disagreement_filter,combined_stress,transient_shear_spike,slip_limited_grasp,0,84,0.464286,0.181344,0.521350,0.107223,0.278768,0.104325,1.000000
ensemble_disagreement_filter,combined_stress,compound_contact_shift,slip_limited_grasp,0,84,0.416667,0.182370,0.521017,0.110032,0.280726,0.107944,1.000000
ensemble_disagreement_filter,combined_stress,source_matched,peg_in_hole_contact_search,0,84,0.464286,0.176013,0.489519,0.111934,0.275593,0.109810,1.000000
ensemble_disagreement_filter,combined_stress,low_friction,peg_in_hole_contact_search,0,84,0.452381,0.187311,0.491751,0.111426,0.282608,0.104463,1.000000
ensemble_disagreement_filter,combined_stress,soft_compliance,peg_in_hole_contact_search,0,84,0.535714,0.179745,0.493101,0.105902,0.277244,0.107512,1.000000
ensemble_disagreement_filter,combined_stress,texture_aliasing,peg_in_hole_contact_search,0,84,0.452381,0.178107,0.488304,0.107769,0.278172,0.110024,1.000000
ensemble_disagreement_filter,combined_stress,taxel_bias,peg_in_hole_contact_search,0,84,0.452381,0.178041,0.500229,0.110379,0.275456,0.107283,1.000000
ensemble_disagreement_filter,combined_stress,transient_shear_spike,peg_in_hole_contact_search,0,84,0.392857,0.183225,0.486531,0.109377,0.276751,0.104237,1.000000
ensemble_disagreement_filter,combined_stress,compound_contact_shift,peg_in_hole_contact_search,0,84,0.369048,0.177033,0.493380,0.114061,0.281472,0.110888,1.000000
ensemble_disagreement_filter,combined_stress,source_matched,cloth_edge_pull,0,84,0.476190,0.177121,0.520525,0.110435,0.279127,0.110302,1.000000
ensemble_disagreement_filter,combined_stress,low_friction,cloth_edge_pull,0,84,0.452381,0.178027,0.525178,0.110261,0.279428,0.105802,1.000000
ensemble_disagreement_filter,combined_stress,soft_compliance,cloth_edge_pull,0,84,0.428571,0.186049,0.531901,0.111363,0.278380,0.111583,1.000000
ensemble_disagreement_filter,combined_stress,texture_aliasing,cloth_edge_pull,0,84,0.464286,0.177601,0.516889,0.105033,0.280629,0.109405,1.000000
ensemble_disagreement_filter,combined_stress,taxel_bias,cloth_edge_pull,0,84,0.452381,0.182377,0.518068,0.111652,0.281356,0.109998,1.000000
ensemble_disagreement_filter,combined_stress,transient_shear_spike,cloth_edge_pull,0,84,0.404762,0.184687,0.518068,0.108150,0.280521,0.104973,1.000000
ensemble_disagreement_filter,combined_stress,compound_contact_shift,cloth_edge_pull,0,84,0.583333,0.183691,0.514702,0.103754,0.277058,0.107199,1.000000
ensemble_disagreement_filter,combined_stress,source_matched,cable_threading,0,84,0.464286,0.187999,0.523388,0.110517,0.278324,0.108787,1.000000
ensemble_disagreement_filter,combined_stress,low_friction,cable_threading,0,84,0.464286,0.189265,0.528581,0.110023,0.278436,0.104535,1.000000
ensemble_disagreement_filter,combined_stress,soft_compliance,cable_threading,0,84,0.392857,0.184741,0.534494,0.110701,0.277885,0.109680,1.000000
ensemble_disagreement_filter,combined_stress,texture_aliasing,cable_threading,0,84,0.392857,0.188119,0.519212,0.114330,0.280657,0.107642,1.000000
ensemble_disagreement_filter,combined_stress,taxel_bias,cable_threading,0,84,0.404762,0.181969,0.522011,0.111978,0.281675,0.108715,1.000000
ensemble_disagreement_filter,combined_stress,transient_shear_spike,cable_threading,0,84,0.416667,0.182299,0.537050,0.113473,0.278449,0.110330,1.000000
ensemble_disagreement_filter,combined_stress,compound_contact_shift,cable_threading,0,84,0.416667,0.181123,0.533414,0.113404,0.278081,0.104428,1.000000
ensemble_disagreement_filter,combined_stress,source_matched,lid_twist_force_control,0,84,0.440476,0.185109,0.483633,0.109203,0.280948,0.108968,1.000000
ensemble_disagreement_filter,combined_stress,low_friction,lid_twist_force_control,0,84,0.440476,0.187377,0.490329,0.109478,0.281728,0.105406,1.000000
ensemble_disagreement_filter,combined_stress,soft_compliance,lid_twist_force_control,0,84,0.428571,0.187353,0.484983,0.112117,0.283107,0.105645,1.000000
ensemble_disagreement_filter,combined_stress,texture_aliasing,lid_twist_force_control,0,84,0.380952,0.184227,0.495963,0.111951,0.282400,0.107133,1.000000
ensemble_disagreement_filter,combined_stress,taxel_bias,lid_twist_force_control,0,84,0.428571,0.181083,0.485262,0.111010,0.276775,0.110275,1.000000
ensemble_disagreement_filter,combined_stress,transient_shear_spike,lid_twist_force_control,0,84,0.535714,0.181905,0.483030,0.110502,0.280166,0.104225,1.000000
ensemble_disagreement_filter,combined_stress,compound_contact_shift,lid_twist_force_control,0,84,0.571429,0.186231,0.487647,0.105753,0.274819,0.110117,1.000000
ensemble_disagreement_filter,combined_stress,source_matched,slip_limited_grasp,1,84,0.380952,0.184176,0.521377,0.113354,0.279092,0.108840,1.000000
ensemble_disagreement_filter,combined_stress,low_friction,slip_limited_grasp,1,84,0.488095,0.181026,0.519946,0.106796,0.282336,0.109550,1.000000
ensemble_disagreement_filter,combined_stress,soft_compliance,slip_limited_grasp,1,84,0.440476,0.183126,0.517786,0.111957,0.277769,0.111253,1.000000
ensemble_disagreement_filter,combined_stress,texture_aliasing,slip_limited_grasp,1,84,0.464286,0.176706,0.523825,0.107479,0.281584,0.110471,1.000000
ensemble_disagreement_filter,combined_stress,taxel_bias,slip_limited_grasp,1,84,0.583333,0.181320,0.524761,0.102697,0.279846,0.110953,1.000000
ensemble_disagreement_filter,combined_stress,transient_shear_spike,slip_limited_grasp,1,84,0.345238,0.181926,0.522205,0.110654,0.281303,0.104754,1.000000
ensemble_disagreement_filter,combined_stress,compound_contact_shift,slip_limited_grasp,1,84,0.500000,0.182958,0.521881,0.108408,0.279622,0.108377,1.000000
ensemble_disagreement_filter,combined_stress,source_matched,peg_in_hole_contact_search,1,84,0.416667,0.176601,0.490383,0.113583,0.276846,0.110243,1.000000
ensemble_disagreement_filter,combined_stress,low_friction,peg_in_hole_contact_search,1,84,0.464286,0.175881,0.492597,0.110377,0.282781,0.104623,1.000000
ensemble_disagreement_filter,combined_stress,soft_compliance,peg_in_hole_contact_search,1,84,0.559524,0.180339,0.493974,0.105770,0.277215,0.107949,1.000000
ensemble_disagreement_filter,combined_stress,texture_aliasing,peg_in_hole_contact_search,1,84,0.369048,0.178707,0.489186,0.110320,0.280076,0.110465,1.000000
ensemble_disagreement_filter,combined_stress,taxel_bias,peg_in_hole_contact_search,1,84,0.535714,0.178605,0.501057,0.108736,0.274336,0.107699,1.000000
ensemble_disagreement_filter,combined_stress,transient_shear_spike,peg_in_hole_contact_search,1,84,0.511905,0.183855,0.487458,0.106892,0.275032,0.104699,1.000000
ensemble_disagreement_filter,combined_stress,compound_contact_shift,peg_in_hole_contact_search,1,84,0.369048,0.177669,0.494316,0.114557,0.281900,0.103350,1.000000
ensemble_disagreement_filter,combined_stress,source_matched,cloth_edge_pull,1,84,0.357143,0.177643,0.521290,0.113820,0.281622,0.110690,1.000000
ensemble_disagreement_filter,combined_stress,low_friction,cloth_edge_pull,1,84,0.333333,0.178537,0.525925,0.113636,0.281914,0.106182,1.000000
ensemble_disagreement_filter,combined_stress,soft_compliance,cloth_edge_pull,1,84,0.416667,0.186577,0.514666,0.112073,0.278950,0.103970,1.000000
ensemble_disagreement_filter,combined_stress,texture_aliasing,cloth_edge_pull,1,84,0.369048,0.178135,0.517672,0.107831,0.282704,0.109801,1.000000
ensemble_disagreement_filter,combined_stress,taxel_bias,cloth_edge_pull,1,84,0.321429,0.182875,0.518797,0.115316,0.284049,0.110369,1.000000
ensemble_disagreement_filter,combined_stress,transient_shear_spike,cloth_edge_pull,1,84,0.357143,0.185251,0.518896,0.109781,0.281758,0.105389,1.000000
ensemble_disagreement_filter,combined_stress,compound_contact_shift,cloth_edge_pull,1,84,0.428571,0.184261,0.515539,0.108068,0.280228,0.107620,1.000000
ensemble_disagreement_filter,combined_stress,source_matched,cable_threading,1,84,0.404762,0.188521,0.524153,0.112413,0.279747,0.109175,1.000000
ensemble_disagreement_filter,combined_stress,low_friction,cable_threading,1,84,0.357143,0.177769,0.529328,0.111900,0.280708,0.104650,1.000000
ensemble_disagreement_filter,combined_stress,soft_compliance,cable_threading,1,84,0.285714,0.185269,0.535268,0.113792,0.280170,0.110071,1.000000
ensemble_disagreement_filter,combined_stress,texture_aliasing,cable_threading,1,84,0.321429,0.188653,0.519995,0.116534,0.282303,0.108038,1.000000
ensemble_disagreement_filter,combined_stress,taxel_bias,cable_threading,1,84,0.440476,0.182467,0.522740,0.111475,0.281368,0.109086,1.000000
ensemble_disagreement_filter,combined_stress,transient_shear_spike,cable_threading,1,84,0.440476,0.182863,0.519869,0.113318,0.278400,0.110747,1.000000
ensemble_disagreement_filter,combined_stress,compound_contact_shift,cable_threading,1,84,0.345238,0.181693,0.534251,0.115634,0.279751,0.104849,1.000000
ensemble_disagreement_filter,combined_stress,source_matched,lid_twist_force_control,1,84,0.547619,0.185679,0.484470,0.106969,0.279404,0.109388,1.000000
ensemble_disagreement_filter,combined_stress,low_friction,lid_twist_force_control,1,84,0.440476,0.175929,0.491148,0.108713,0.282104,0.105554,1.000000
ensemble_disagreement_filter,combined_stress,soft_compliance,lid_twist_force_control,1,84,0.404762,0.187929,0.485829,0.113162,0.283923,0.106070,1.000000
ensemble_disagreement_filter,combined_stress,texture_aliasing,lid_twist_force_control,1,84,0.392857,0.184809,0.496818,0.112107,0.282577,0.107561,1.000000
ensemble_disagreement_filter,combined_stress,taxel_bias,lid_twist_force_control,1,84,0.511905,0.181629,0.486063,0.109353,0.275643,0.110679,1.000000
ensemble_disagreement_filter,combined_stress,transient_shear_spike,lid_twist_force_control,1,84,0.309524,0.182517,0.483930,0.116634,0.284649,0.104675,1.000000
ensemble_disagreement_filter,combined_stress,compound_contact_shift,lid_twist_force_control,1,84,0.464286,0.186849,0.488556,0.108914,0.277164,0.110570,1.000000
ensemble_disagreement_filter,combined_stress,source_matched,slip_limited_grasp,2,84,0.511905,0.184716,0.522169,0.110502,0.277099,0.109240,1.000000
ensemble_disagreement_filter,combined_stress,low_friction,slip_limited_grasp,2,84,0.511905,0.181554,0.520720,0.106614,0.282263,0.109942,1.000000
ensemble_disagreement_filter,combined_stress,soft_compliance,slip_limited_grasp,2,84,0.369048,0.183672,0.518587,0.114169,0.279423,0.103653,1.000000
ensemble_disagreement_filter,combined_stress,texture_aliasing,slip_limited_grasp,2,84,0.488095,0.177258,0.524635,0.107315,0.281528,0.110880,1.000000
ensemble_disagreement_filter,combined_stress,taxel_bias,slip_limited_grasp,2,84,0.523810,0.181836,0.525517,0.104588,0.281265,0.111336,1.000000
ensemble_disagreement_filter,combined_stress,transient_shear_spike,slip_limited_grasp,2,84,0.464286,0.182508,0.523060,0.108132,0.279552,0.105183,1.000000
ensemble_disagreement_filter,combined_stress,compound_contact_shift,slip_limited_grasp,2,84,0.511905,0.183546,0.522745,0.108569,0.279803,0.108810,1.000000
ensemble_disagreement_filter,combined_stress,source_matched,peg_in_hole_contact_search,2,84,0.440476,0.177189,0.491247,0.105443,0.276814,0.110676,1.000000
ensemble_disagreement_filter,combined_stress,low_friction,peg_in_hole_contact_search,2,84,0.488095,0.176457,0.493443,0.110231,0.282741,0.105048,1.000000
ensemble_disagreement_filter,combined_stress,soft_compliance,peg_in_hole_contact_search,2,84,0.523810,0.180933,0.494847,0.107126,0.278258,0.108386,1.000000
ensemble_disagreement_filter,combined_stress,texture_aliasing,peg_in_hole_contact_search,2,84,0.345238,0.179307,0.490068,0.111384,0.280908,0.110907,1.000000
ensemble_disagreement_filter,combined_stress,taxel_bias,peg_in_hole_contact_search,2,84,0.464286,0.179169,0.501885,0.110962,0.276001,0.108115,1.000000
ensemble_disagreement_filter,combined_stress,transient_shear_spike,peg_in_hole_contact_search,2,84,0.488095,0.184485,0.488385,0.107978,0.275885,0.105160,1.000000
ensemble_disagreement_filter,combined_stress,compound_contact_shift,peg_in_hole_contact_search,2,84,0.452381,0.178305,0.495252,0.104965,0.280828,0.103816,1.000000
ensemble_disagreement_filter,combined_stress,source_matched,cloth_edge_pull,2,84,0.452381,0.178165,0.522055,0.111847,0.280260,0.111077,1.000000
ensemble_disagreement_filter,combined_stress,low_friction,cloth_edge_pull,2,84,0.392857,0.179047,0.526672,0.112547,0.281187,0.106561,1.000000
ensemble_disagreement_filter,combined_stress,soft_compliance,cloth_edge_pull,2,84,0.464286,0.187105,0.515440,0.111295,0.278449,0.104362,1.000000
ensemble_disagreement_filter,combined_stress,texture_aliasing,cloth_edge_pull,2,84,0.440476,0.178669,0.518455,0.106463,0.281778,0.110196,1.000000
ensemble_disagreement_filter,combined_stress,taxel_bias,cloth_edge_pull,2,84,0.392857,0.183373,0.519526,0.113920,0.283099,0.110740,1.000000
ensemble_disagreement_filter,combined_stress,transient_shear_spike,cloth_edge_pull,2,84,0.476190,0.185815,0.519724,0.107245,0.279995,0.105806,1.000000
ensemble_disagreement_filter,combined_stress,compound_contact_shift,cloth_edge_pull,2,84,0.416667,0.184831,0.516376,0.108810,0.280826,0.108040,1.000000
ensemble_disagreement_filter,combined_stress,source_matched,cable_threading,2,84,0.357143,0.189043,0.524918,0.114012,0.280956,0.109562,1.000000
ensemble_disagreement_filter,combined_stress,low_friction,cable_threading,2,84,0.416667,0.178279,0.530075,0.110811,0.279981,0.105030,1.000000
ensemble_disagreement_filter,combined_stress,soft_compliance,cable_threading,2,84,0.428571,0.185797,0.536042,0.110633,0.277955,0.110463,1.000000
ensemble_disagreement_filter,combined_stress,texture_aliasing,cable_threading,2,84,0.333333,0.189187,0.520778,0.116653,0.282449,0.108434,1.000000
ensemble_disagreement_filter,combined_stress,taxel_bias,cable_threading,2,84,0.500000,0.182965,0.523469,0.110376,0.280633,0.109457,1.000000
ensemble_disagreement_filter,combined_stress,transient_shear_spike,cable_threading,2,84,0.321429,0.183427,0.520697,0.108731,0.280923,0.111163,1.000000
ensemble_disagreement_filter,combined_stress,compound_contact_shift,cable_threading,2,84,0.357143,0.182263,0.535088,0.107778,0.279920,0.105269,1.000000
ensemble_disagreement_filter,combined_stress,source_matched,lid_twist_force_control,2,84,0.416667,0.186249,0.485307,0.110688,0.282145,0.109809,1.000000
ensemble_disagreement_filter,combined_stress,low_friction,lid_twist_force_control,2,84,0.428571,0.176487,0.491967,0.109446,0.282695,0.105966,1.000000
ensemble_disagreement_filter,combined_stress,soft_compliance,lid_twist_force_control,2,84,0.488095,0.176499,0.486675,0.110327,0.282811,0.106230,1.000000
ensemble_disagreement_filter,combined_stress,texture_aliasing,lid_twist_force_control,2,84,0.476190,0.185391,0.497673,0.110478,0.281469,0.107990,1.000000
ensemble_disagreement_filter,combined_stress,taxel_bias,lid_twist_force_control,2,84,0.416667,0.182175,0.486864,0.112161,0.277725,0.111083,1.000000
ensemble_disagreement_filter,combined_stress,transient_shear_spike,lid_twist_force_control,2,84,0.476190,0.183129,0.484830,0.104940,0.282061,0.105124,1.000000
ensemble_disagreement_filter,combined_stress,compound_contact_shift,lid_twist_force_control,2,84,0.440476,0.187467,0.489465,0.109991,0.278008,0.111024,1.000000
ensemble_disagreement_filter,combined_stress,source_matched,slip_limited_grasp,3,84,0.488095,0.185256,0.522961,0.111519,0.277892,0.109639,1.000000
ensemble_disagreement_filter,combined_stress,low_friction,slip_limited_grasp,3,84,0.511905,0.182082,0.521494,0.107027,0.282619,0.110334,1.000000
ensemble_disagreement_filter,combined_stress,soft_compliance,slip_limited_grasp,3,84,0.476190,0.184218,0.519388,0.111917,0.277862,0.104057,1.000000
ensemble_disagreement_filter,combined_stress,texture_aliasing,slip_limited_grasp,3,84,0.464286,0.177810,0.525445,0.108342,0.282328,0.111288,1.000000
ensemble_disagreement_filter,combined_stress,taxel_bias,slip_limited_grasp,3,84,0.523810,0.182352,0.526273,0.104992,0.281613,0.103716,1.000000
ensemble_disagreement_filter,combined_stress,transient_shear_spike,slip_limited_grasp,3,84,0.500000,0.183090,0.523915,0.107693,0.279302,0.105612,1.000000
ensemble_disagreement_filter,combined_stress,compound_contact_shift,slip_limited_grasp,3,84,0.476190,0.184134,0.523609,0.109921,0.280842,0.109243,1.000000
ensemble_disagreement_filter,combined_stress,source_matched,peg_in_hole_contact_search,3,84,0.428571,0.177777,0.492111,0.106199,0.277424,0.111109,1.000000
ensemble_disagreement_filter,combined_stress,low_friction,peg_in_hole_contact_search,3,84,0.464286,0.177033,0.494289,0.111276,0.275553,0.105472,1.000000
ensemble_disagreement_filter,combined_stress,soft_compliance,peg_in_hole_contact_search,3,84,0.488095,0.181527,0.495720,0.108482,0.279301,0.108823,1.000000
ensemble_disagreement_filter,combined_stress,texture_aliasing,peg_in_hole_contact_search,3,84,0.357143,0.179907,0.490950,0.111554,0.281098,0.103344,1.000000
ensemble_disagreement_filter,combined_stress,taxel_bias,peg_in_hole_contact_search,3,84,0.333333,0.179733,0.502713,0.114676,0.278738,0.108532,1.000000
ensemble_disagreement_filter,combined_stress,transient_shear_spike,peg_in_hole_contact_search,3,84,0.488095,0.185115,0.489312,0.108469,0.276309,0.105622,1.000000
ensemble_disagreement_filter,combined_stress,compound_contact_shift,peg_in_hole_contact_search,3,84,0.452381,0.178941,0.496188,0.105461,0.281256,0.104282,1.000000
ensemble_disagreement_filter,combined_stress,source_matched,cloth_edge_pull,3,84,0.428571,0.178687,0.522820,0.112850,0.281040,0.111465,1.000000
ensemble_disagreement_filter,combined_stress,low_friction,cloth_edge_pull,3,84,0.440476,0.179557,0.527419,0.111756,0.280674,0.106940,1.000000
ensemble_disagreement_filter,combined_stress,soft_compliance,cloth_edge_pull,3,84,0.476190,0.187633,0.516214,0.111411,0.278591,0.104754,1.000000
ensemble_disagreement_filter,combined_stress,texture_aliasing,cloth_edge_pull,3,84,0.440476,0.179203,0.519238,0.106880,0.282138,0.110592,1.000000
ensemble_disagreement_filter,combined_stress,taxel_bias,cloth_edge_pull,3,84,0.369048,0.183871,0.520255,0.114905,0.283864,0.111111,1.000000
ensemble_disagreement_filter,combined_stress,transient_shear_spike,cloth_edge_pull,3,84,0.321429,0.186379,0.520552,0.111554,0.283161,0.106222,1.000000
ensemble_disagreement_filter,combined_stress,compound_contact_shift,cloth_edge_pull,3,84,0.476190,0.185401,0.517213,0.107767,0.280139,0.108461,1.000000
ensemble_disagreement_filter,combined_stress,source_matched,cable_threading,3,84,0.428571,0.177559,0.525683,0.111434,0.280023,0.109686,1.000000
ensemble_disagreement_filter,combined_stress,low_friction,cable_threading,3,84,0.333333,0.178789,0.530822,0.113294,0.281825,0.105409,1.000000
ensemble_disagreement_filter,combined_stress,soft_compliance,cable_threading,3,84,0.392857,0.186325,0.536816,0.111939,0.278953,0.110855,1.000000
ensemble_disagreement_filter,combined_stress,texture_aliasing,cable_threading,3,84,0.452381,0.177715,0.521561,0.104890,0.280666,0.108565,1.000000
ensemble_disagreement_filter,combined_stress,taxel_bias,cable_threading,3,84,0.369048,0.183463,0.524198,0.114040,0.283326,0.109828,1.000000
ensemble_disagreement_filter,combined_stress,transient_shear_spike,cable_threading,3,84,0.440476,0.183991,0.521525,0.106195,0.279160,0.111579,1.000000
ensemble_disagreement_filter,combined_stress,compound_contact_shift,cable_threading,3,84,0.428571,0.182833,0.535925,0.106437,0.279019,0.105690,1.000000
ensemble_disagreement_filter,combined_stress,source_matched,lid_twist_force_control,3,84,0.404762,0.186819,0.486144,0.111431,0.282743,0.110230,1.000000
ensemble_disagreement_filter,combined_stress,low_friction,lid_twist_force_control,3,84,0.488095,0.177045,0.492786,0.108394,0.281999,0.106379,1.000000
ensemble_disagreement_filter,combined_stress,soft_compliance,lid_twist_force_control,3,84,0.500000,0.177075,0.487521,0.110479,0.274981,0.106655,1.000000
ensemble_disagreement_filter,combined_stress,texture_aliasing,lid_twist_force_control,3,84,0.595238,0.185973,0.480519,0.107956,0.279719,0.108419,1.000000
ensemble_disagreement_filter,combined_stress,taxel_bias,lid_twist_force_control,3,84,0.464286,0.182721,0.487665,0.111397,0.277236,0.103483,1.000000
ensemble_disagreement_filter,combined_stress,transient_shear_spike,lid_twist_force_control,3,84,0.428571,0.183741,0.485730,0.106608,0.283331,0.105574,1.000000
ensemble_disagreement_filter,combined_stress,compound_contact_shift,lid_twist_force_control,3,84,0.369048,0.176079,0.490374,0.111058,0.279710,0.111213,1.000000
ensemble_disagreement_filter,combined_stress,source_matched,slip_limited_grasp,4,84,0.440476,0.185796,0.523753,0.113132,0.279113,0.110039,1.000000
ensemble_disagreement_filter,combined_stress,low_friction,slip_limited_grasp,4,84,0.535714,0.182610,0.522268,0.106844,0.274543,0.110725,1.000000
ensemble_disagreement_filter,combined_stress,soft_compliance,slip_limited_grasp,4,84,0.523810,0.184764,0.520189,0.111153,0.277373,0.104461,1.000000
ensemble_disagreement_filter,combined_stress,texture_aliasing,slip_limited_grasp,4,84,0.476190,0.178362,0.526255,0.108475,0.282486,0.103692,1.000000
ensemble_disagreement_filter,combined_stress,taxel_bias,slip_limited_grasp,4,84,0.500000,0.182868,0.527029,0.105991,0.282390,0.104099,1.000000
ensemble_disagreement_filter,combined_stress,transient_shear_spike,slip_limited_grasp,4,84,0.476190,0.183672,0.524770,0.108742,0.280122,0.106041,1.000000
ensemble_disagreement_filter,combined_stress,compound_contact_shift,slip_limited_grasp,4,84,0.500000,0.184722,0.524473,0.109784,0.280810,0.109676,1.000000
ensemble_disagreement_filter,combined_stress,source_matched,peg_in_hole_contact_search,4,84,0.392857,0.178365,0.492975,0.107551,0.278463,0.103538,1.000000
ensemble_disagreement_filter,combined_stress,low_friction,peg_in_hole_contact_search,4,84,0.380952,0.177609,0.495135,0.113809,0.277441,0.105897,1.000000
ensemble_disagreement_filter,combined_stress,soft_compliance,peg_in_hole_contact_search,4,84,0.535714,0.182121,0.496593,0.107755,0.278844,0.109260,1.000000
ensemble_disagreement_filter,combined_stress,texture_aliasing,peg_in_hole_contact_search,4,84,0.404762,0.180507,0.491832,0.110832,0.280645,0.103785,1.000000
ensemble_disagreement_filter,combined_stress,taxel_bias,peg_in_hole_contact_search,4,84,0.440476,0.180297,0.485532,0.112438,0.277190,0.108948,1.000000
ensemble_disagreement_filter,combined_stress,transient_shear_spike,peg_in_hole_contact_search,4,84,0.511905,0.185745,0.490239,0.108365,0.276304,0.106084,1.000000
ensemble_disagreement_filter,combined_stress,compound_contact_shift,peg_in_hole_contact_search,4,84,0.380952,0.179577,0.497124,0.107742,0.282969,0.104748,1.000000
ensemble_disagreement_filter,combined_stress,source_matched,cloth_edge_pull,4,84,0.452381,0.179209,0.523585,0.112663,0.280964,0.103848,1.000000
ensemble_disagreement_filter,combined_stress,low_friction,cloth_edge_pull,4,84,0.428571,0.180067,0.528166,0.112452,0.281232,0.107319,1.000000
ensemble_disagreement_filter,combined_stress,soft_compliance,cloth_edge_pull,4,84,0.357143,0.188161,0.516988,0.114800,0.281090,0.105145,1.000000
ensemble_disagreement_filter,combined_stress,texture_aliasing,cloth_edge_pull,4,84,0.416667,0.179737,0.520021,0.107893,0.282926,0.110988,1.000000
ensemble_disagreement_filter,combined_stress,taxel_bias,cloth_edge_pull,4,84,0.452381,0.184369,0.520984,0.113211,0.282700,0.111482,1.000000
ensemble_disagreement_filter,combined_stress,transient_shear_spike,cloth_edge_pull,4,84,0.333333,0.186943,0.521380,0.111697,0.283326,0.106639,1.000000
ensemble_disagreement_filter,combined_stress,compound_contact_shift,cloth_edge_pull,4,84,0.488095,0.185971,0.518050,0.107915,0.280309,0.108881,1.000000
ensemble_disagreement_filter,combined_stress,source_matched,cable_threading,4,84,0.452381,0.178081,0.526448,0.111247,0.279946,0.110073,1.000000
ensemble_disagreement_filter,combined_stress,low_friction,cable_threading,4,84,0.416667,0.179299,0.531569,0.111609,0.280669,0.105788,1.000000
ensemble_disagreement_filter,combined_stress,soft_compliance,cable_threading,4,84,0.273810,0.186853,0.519581,0.115328,0.281452,0.111246,1.000000
ensemble_disagreement_filter,combined_stress,texture_aliasing,cable_threading,4,84,0.392857,0.178249,0.522344,0.106795,0.282097,0.108961,1.000000
ensemble_disagreement_filter,combined_stress,taxel_bias,cable_threading,4,84,0.452381,0.183961,0.524927,0.112347,0.282162,0.110199,1.000000
ensemble_disagreement_filter,combined_stress,transient_shear_spike,cable_threading,4,84,0.357143,0.184555,0.522353,0.108719,0.281040,0.103992,1.000000
ensemble_disagreement_filter,combined_stress,compound_contact_shift,cable_threading,4,84,0.416667,0.183403,0.536762,0.107180,0.279617,0.106110,1.000000
ensemble_disagreement_filter,combined_stress,source_matched,lid_twist_force_control,4,84,0.452381,0.187389,0.486981,0.110685,0.282270,0.110650,1.000000
ensemble_disagreement_filter,combined_stress,low_friction,lid_twist_force_control,4,84,0.476190,0.177603,0.493605,0.109128,0.282589,0.106791,1.000000
ensemble_disagreement_filter,combined_stress,soft_compliance,lid_twist_force_control,4,84,0.476190,0.177651,0.488367,0.111524,0.275797,0.107080,1.000000
ensemble_disagreement_filter,combined_stress,texture_aliasing,lid_twist_force_control,4,84,0.440476,0.186555,0.481374,0.112280,0.282896,0.108848,1.000000
ensemble_disagreement_filter,combined_stress,taxel_bias,lid_twist_force_control,4,84,0.452381,0.183267,0.488466,0.112121,0.277818,0.103887,1.000000
ensemble_disagreement_filter,combined_stress,transient_shear_spike,lid_twist_force_control,4,84,0.416667,0.184353,0.486630,0.107383,0.283957,0.106023,1.000000
ensemble_disagreement_filter,combined_stress,compound_contact_shift,lid_twist_force_control,4,84,0.452381,0.176697,0.491283,0.109456,0.278626,0.103663,1.000000
ensemble_disagreement_filter,combined_stress,source_matched,slip_limited_grasp,5,84,0.535714,0.186336,0.524545,0.111173,0.277763,0.110439,1.000000
ensemble_disagreement_filter,combined_stress,low_friction,slip_limited_grasp,5,84,0.404762,0.183138,0.523042,0.110531,0.277256,0.111117,1.000000
ensemble_disagreement_filter,combined_stress,soft_compliance,slip_limited_grasp,5,84,0.500000,0.185310,0.520990,0.112175,0.278170,0.104865,1.000000
ensemble_disagreement_filter,combined_stress,texture_aliasing,slip_limited_grasp,5,84,0.464286,0.178914,0.527065,0.109204,0.283072,0.104100,1.000000
ensemble_disagreement_filter,combined_stress,taxel_bias,slip_limited_grasp,5,84,0.476190,0.183384,0.509776,0.106990,0.283166,0.104482,1.000000
ensemble_disagreement_filter,combined_stress,transient_shear_spike,slip_limited_grasp,5,84,0.440476,0.184254,0.525625,0.110089,0.281157,0.106469,1.000000
ensemble_disagreement_filter,combined_stress,compound_contact_shift,slip_limited_grasp,5,84,0.369048,0.185310,0.525337,0.113517,0.283563,0.110109,1.000000
ensemble_disagreement_filter,combined_stress,source_matched,peg_in_hole_contact_search,5,84,0.464286,0.178953,0.493839,0.106224,0.277573,0.103971,1.000000
ensemble_disagreement_filter,combined_stress,low_friction,peg_in_hole_contact_search,5,84,0.404762,0.178185,0.495981,0.113663,0.277401,0.106322,1.000000
ensemble_disagreement_filter,combined_stress,soft_compliance,peg_in_hole_contact_search,5,84,0.464286,0.182715,0.497466,0.110004,0.280529,0.109697,1.000000
ensemble_disagreement_filter,combined_stress,texture_aliasing,peg_in_hole_contact_search,5,84,0.428571,0.181107,0.492714,0.110704,0.280620,0.104226,1.000000
ensemble_disagreement_filter,combined_stress,taxel_bias,peg_in_hole_contact_search,5,84,0.392857,0.180861,0.486360,0.114069,0.278427,0.109365,1.000000
ensemble_disagreement_filter,combined_stress,transient_shear_spike,peg_in_hole_contact_search,5,84,0.464286,0.186375,0.491166,0.110046,0.277585,0.106546,1.000000
ensemble_disagreement_filter,combined_stress,compound_contact_shift,peg_in_hole_contact_search,5,84,0.535714,0.180213,0.498060,0.104368,0.280612,0.105214,1.000000
ensemble_disagreement_filter,combined_stress,source_matched,cloth_edge_pull,5,84,0.380952,0.179731,0.524350,0.106853,0.282601,0.104236,1.000000
ensemble_disagreement_filter,combined_stress,low_friction,cloth_edge_pull,5,84,0.428571,0.180577,0.528913,0.112851,0.281576,0.107698,1.000000
ensemble_disagreement_filter,combined_stress,soft_compliance,cloth_edge_pull,5,84,0.357143,0.188689,0.517762,0.115212,0.281446,0.105537,1.000000
ensemble_disagreement_filter,combined_stress,texture_aliasing,cloth_edge_pull,5,84,0.345238,0.180271,0.520804,0.110096,0.284572,0.111384,1.000000
ensemble_disagreement_filter,combined_stress,taxel_bias,cloth_edge_pull,5,84,0.476190,0.184867,0.521713,0.105002,0.282607,0.103849,1.000000
ensemble_disagreement_filter,combined_stress,transient_shear_spike,cloth_edge_pull,5,84,0.345238,0.187507,0.522208,0.111840,0.283492,0.107055,1.000000
ensemble_disagreement_filter,combined_stress,compound_contact_shift,cloth_edge_pull,5,84,0.392857,0.186541,0.518887,0.110741,0.282407,0.109302,1.000000
ensemble_disagreement_filter,combined_stress,source_matched,cable_threading,5,84,0.416667,0.178603,0.527213,0.112548,0.280941,0.110461,1.000000
ensemble_disagreement_filter,combined_stress,low_friction,cable_threading,5,84,0.452381,0.179809,0.532316,0.111115,0.280370,0.106167,1.000000
ensemble_disagreement_filter,combined_stress,soft_compliance,cable_threading,5,84,0.392857,0.187381,0.520355,0.112765,0.279665,0.111638,1.000000
ensemble_disagreement_filter,combined_stress,texture_aliasing,cable_threading,5,84,0.357143,0.178783,0.523127,0.108106,0.283100,0.109357,1.000000
ensemble_disagreement_filter,combined_stress,taxel_bias,cable_threading,5,84,0.333333,0.184459,0.525656,0.115713,0.284641,0.110570,1.000000
ensemble_disagreement_filter,combined_stress,transient_shear_spike,cable_threading,5,84,0.404762,0.185119,0.523181,0.107969,0.280563,0.104408,1.000000
ensemble_disagreement_filter,combined_stress,compound_contact_shift,cable_threading,5,84,0.440476,0.183973,0.519590,0.107029,0.279572,0.106531,1.000000
ensemble_disagreement_filter,combined_stress,source_matched,lid_twist_force_control,5,84,0.428571,0.175953,0.487818,0.110525,0.283083,0.110806,1.000000
ensemble_disagreement_filter,combined_stress,low_friction,lid_twist_force_control,5,84,0.440476,0.178161,0.494424,0.110456,0.283608,0.107203,1.000000
ensemble_disagreement_filter,combined_stress,soft_compliance,lid_twist_force_control,5,84,0.500000,0.178227,0.489213,0.111379,0.275757,0.107505,1.000000
ensemble_disagreement_filter,combined_stress,texture_aliasing,lid_twist_force_control,5,84,0.333333,0.187137,0.482229,0.115412,0.285217,0.109277,1.000000
ensemble_disagreement_filter,combined_stress,taxel_bias,lid_twist_force_control,5,84,0.547619,0.183813,0.489267,0.110167,0.276472,0.104291,1.000000
ensemble_disagreement_filter,combined_stress,transient_shear_spike,lid_twist_force_control,5,84,0.607143,0.184965,0.487530,0.103098,0.272936,0.106473,1.000000
ensemble_disagreement_filter,combined_stress,compound_contact_shift,lid_twist_force_control,5,84,0.571429,0.177315,0.492192,0.106962,0.276899,0.104116,1.000000
ensemble_disagreement_filter,combined_stress,source_matched,slip_limited_grasp,6,84,0.476190,0.186876,0.525337,0.113083,0.279198,0.110839,1.000000
ensemble_disagreement_filter,combined_stress,low_friction,slip_limited_grasp,6,84,0.500000,0.183666,0.523816,0.108563,0.275898,0.111508,1.000000
ensemble_disagreement_filter,combined_stress,soft_compliance,slip_limited_grasp,6,84,0.535714,0.185856,0.521791,0.103705,0.277895,0.105269,1.000000
ensemble_disagreement_filter,combined_stress,texture_aliasing,slip_limited_grasp,6,84,0.488095,0.179466,0.509866,0.109040,0.283016,0.104508,1.000000
ensemble_disagreement_filter,combined_stress,taxel_bias,slip_limited_grasp,6,84,0.333333,0.183900,0.510532,0.110965,0.278082,0.104866,1.000000
ensemble_disagreement_filter,combined_stress,transient_shear_spike,slip_limited_grasp,6,84,0.523810,0.184836,0.526480,0.108460,0.280049,0.106898,1.000000
ensemble_disagreement_filter,combined_stress,compound_contact_shift,slip_limited_grasp,6,84,0.464286,0.185898,0.526201,0.111595,0.282244,0.110542,1.000000
ensemble_disagreement_filter,combined_stress,source_matched,peg_in_hole_contact_search,6,84,0.464286,0.179541,0.494703,0.106683,0.277969,0.104404,1.000000
ensemble_disagreement_filter,combined_stress,low_friction,peg_in_hole_contact_search,6,84,0.428571,0.178761,0.496827,0.113518,0.277360,0.106746,1.000000
ensemble_disagreement_filter,combined_stress,soft_compliance,peg_in_hole_contact_search,6,84,0.464286,0.183309,0.498339,0.110468,0.280929,0.110135,1.000000
ensemble_disagreement_filter,combined_stress,texture_aliasing,peg_in_hole_contact_search,6,84,0.452381,0.181707,0.493596,0.110577,0.280596,0.104667,1.000000
ensemble_disagreement_filter,combined_stress,taxel_bias,peg_in_hole_contact_search,6,84,0.464286,0.181425,0.487188,0.112723,0.277521,0.109781,1.000000
ensemble_disagreement_filter,combined_stress,transient_shear_spike,peg_in_hole_contact_search,6,84,0.488095,0.187005,0.492093,0.109942,0.277581,0.107008,1.000000
ensemble_disagreement_filter,combined_stress,compound_contact_shift,peg_in_hole_contact_search,6,84,0.547619,0.180849,0.498996,0.104566,0.280825,0.105680,1.000000
ensemble_disagreement_filter,combined_stress,source_matched,cloth_edge_pull,6,84,0.392857,0.180253,0.525115,0.106964,0.282739,0.104623,1.000000
ensemble_disagreement_filter,combined_stress,low_friction,cloth_edge_pull,6,84,0.476190,0.181087,0.529660,0.112060,0.281063,0.108078,1.000000
ensemble_disagreement_filter,combined_stress,soft_compliance,cloth_edge_pull,6,84,0.369048,0.177211,0.518536,0.114127,0.281588,0.105664,1.000000
ensemble_disagreement_filter,combined_stress,texture_aliasing,cloth_edge_pull,6,84,0.476190,0.180805,0.521587,0.107240,0.282575,0.103775,1.000000
ensemble_disagreement_filter,combined_stress,taxel_bias,cloth_edge_pull,6,84,0.404762,0.185365,0.522442,0.107177,0.284229,0.104220,1.000000
ensemble_disagreement_filter,combined_stress,transient_shear_spike,cloth_edge_pull,6,84,0.476190,0.188071,0.523036,0.109006,0.281515,0.107471,1.000000
ensemble_disagreement_filter,combined_stress,compound_contact_shift,cloth_edge_pull,6,84,0.380952,0.187111,0.519724,0.111483,0.283005,0.109722,1.000000
ensemble_disagreement_filter,combined_stress,source_matched,cable_threading,6,84,0.464286,0.179125,0.527978,0.111765,0.280436,0.110848,1.000000
ensemble_disagreement_filter,combined_stress,low_friction,cable_threading,6,84,0.440476,0.180319,0.533063,0.111812,0.280928,0.106547,1.000000
ensemble_disagreement_filter,combined_stress,soft_compliance,cable_threading,6,84,0.440476,0.187909,0.521129,0.111987,0.279164,0.104026,1.000000
ensemble_disagreement_filter,combined_stress,texture_aliasing,cable_threading,6,84,0.392857,0.179317,0.523910,0.107630,0.282817,0.109752,1.000000
ensemble_disagreement_filter,combined_stress,taxel_bias,cable_threading,6,84,0.476190,0.184957,0.526385,0.112531,0.282405,0.110941,1.000000
ensemble_disagreement_filter,combined_stress,transient_shear_spike,cable_threading,6,84,0.357143,0.185683,0.524009,0.109600,0.281800,0.104825,1.000000
ensemble_disagreement_filter,combined_stress,compound_contact_shift,cable_threading,6,84,0.357143,0.184543,0.520427,0.109558,0.281456,0.106951,1.000000
ensemble_disagreement_filter,combined_stress,source_matched,lid_twist_force_control,6,84,0.404762,0.176523,0.488655,0.111565,0.283895,0.111227,1.000000
ensemble_disagreement_filter,combined_stress,low_friction,lid_twist_force_control,6,84,0.392857,0.178719,0.495243,0.112082,0.276837,0.107615,1.000000
ensemble_disagreement_filter,combined_stress,soft_compliance,lid_twist_force_control,6,84,0.535714,0.178803,0.490059,0.102931,0.275502,0.107929,1.000000
ensemble_disagreement_filter,combined_stress,texture_aliasing,lid_twist_force_control,6,84,0.464286,0.187719,0.483084,0.112593,0.283252,0.109705,1.000000
ensemble_disagreement_filter,combined_stress,taxel_bias,lid_twist_force_control,6,84,0.392857,0.184359,0.490068,0.114462,0.279625,0.104695,1.000000
ensemble_disagreement_filter,combined_stress,transient_shear_spike,lid_twist_force_control,6,84,0.488095,0.185577,0.488430,0.106551,0.275491,0.106922,1.000000
ensemble_disagreement_filter,combined_stress,compound_contact_shift,lid_twist_force_control,6,84,0.416667,0.177933,0.493101,0.111313,0.280101,0.104570,1.000000
proposed_negative_transfer_guard,combined_stress,source_matched,slip_limited_grasp,0,84,0.702381,0.121591,0.565866,0.082300,0.244711,0.084899,1.000000
proposed_negative_transfer_guard,combined_stress,low_friction,slip_limited_grasp,0,84,0.654762,0.126067,0.575874,0.085458,0.247820,0.090861,1.000000
proposed_negative_transfer_guard,combined_stress,soft_compliance,slip_limited_grasp,0,84,0.511905,0.123223,0.566298,0.089209,0.249675,0.089159,1.000000
proposed_negative_transfer_guard,combined_stress,texture_aliasing,slip_limited_grasp,0,84,0.654762,0.119917,0.577008,0.084143,0.245420,0.090522,1.000000
proposed_negative_transfer_guard,combined_stress,taxel_bias,slip_limited_grasp,0,84,0.547619,0.120541,0.571959,0.089960,0.245092,0.088256,1.000000
proposed_negative_transfer_guard,combined_stress,transient_shear_spike,slip_limited_grasp,0,84,0.619048,0.125701,0.576234,0.085666,0.244015,0.085193,1.000000
proposed_negative_transfer_guard,combined_stress,compound_contact_shift,slip_limited_grasp,0,84,0.488095,0.117217,0.579645,0.091271,0.249136,0.090267,1.000000
proposed_negative_transfer_guard,combined_stress,source_matched,peg_in_hole_contact_search,0,84,0.559524,0.121501,0.545519,0.092474,0.250411,0.091199,1.000000
proposed_negative_transfer_guard,combined_stress,low_friction,peg_in_hole_contact_search,0,84,0.595238,0.116401,0.559172,0.086207,0.245636,0.090567,1.000000
proposed_negative_transfer_guard,combined_stress,soft_compliance,peg_in_hole_contact_search,0,84,0.559524,0.115915,0.553133,0.089087,0.247135,0.090488,1.000000
proposed_negative_transfer_guard,combined_stress,texture_aliasing,peg_in_hole_contact_search,0,84,0.559524,0.117397,0.553016,0.091264,0.248643,0.087145,1.000000
proposed_negative_transfer_guard,combined_stress,taxel_bias,peg_in_hole_contact_search,0,84,0.523810,0.125311,0.558902,0.092880,0.251890,0.089899,1.000000
proposed_negative_transfer_guard,combined_stress,transient_shear_spike,peg_in_hole_contact_search,0,84,0.690476,0.123109,0.552134,0.088565,0.244190,0.089770,1.000000
proposed_negative_transfer_guard,combined_stress,compound_contact_shift,peg_in_hole_contact_search,0,84,0.595238,0.119413,0.544718,0.088944,0.243856,0.090137,1.000000
proposed_negative_transfer_guard,combined_stress,source_matched,cloth_edge_pull,0,84,0.535714,0.118690,0.571683,0.089324,0.252436,0.089453,1.000000
proposed_negative_transfer_guard,combined_stress,low_friction,cloth_edge_pull,0,84,0.547619,0.127210,0.587757,0.094095,0.249165,0.090196,1.000000
proposed_negative_transfer_guard,combined_stress,soft_compliance,cloth_edge_pull,0,84,0.595238,0.118300,0.587091,0.088433,0.251552,0.084316,1.000000
proposed_negative_transfer_guard,combined_stress,texture_aliasing,cloth_edge_pull,0,84,0.595238,0.124978,0.576759,0.086589,0.248520,0.084551,1.000000
proposed_negative_transfer_guard,combined_stress,taxel_bias,cloth_edge_pull,0,84,0.523810,0.125728,0.571899,0.091610,0.247634,0.090376,1.000000
proposed_negative_transfer_guard,combined_stress,transient_shear_spike,cloth_edge_pull,0,84,0.547619,0.120652,0.578829,0.088663,0.248593,0.088268,1.000000
proposed_negative_transfer_guard,combined_stress,compound_contact_shift,cloth_edge_pull,0,84,0.511905,0.122152,0.579207,0.091538,0.250652,0.092213,1.000000
proposed_negative_transfer_guard,combined_stress,source_matched,cable_threading,0,84,0.630952,0.116621,0.591475,0.084952,0.249224,0.087173,1.000000
proposed_negative_transfer_guard,combined_stress,low_friction,cable_threading,0,84,0.583333,0.125501,0.590080,0.091487,0.247265,0.088165,1.000000
proposed_negative_transfer_guard,combined_stress,soft_compliance,cable_threading,0,84,0.523810,0.128057,0.588604,0.089290,0.251220,0.090181,1.000000
proposed_negative_transfer_guard,combined_stress,texture_aliasing,cable_threading,0,84,0.523810,0.122549,0.578002,0.094112,0.248068,0.090028,1.000000
proposed_negative_transfer_guard,combined_stress,taxel_bias,cable_threading,0,84,0.452381,0.124379,0.592771,0.091956,0.247902,0.088592,1.000000
proposed_negative_transfer_guard,combined_stress,transient_shear_spike,cable_threading,0,84,0.476190,0.117323,0.578722,0.087492,0.247541,0.085121,1.000000
proposed_negative_transfer_guard,combined_stress,compound_contact_shift,cable_threading,0,84,0.547619,0.118643,0.578830,0.087550,0.247552,0.088942,1.000000
proposed_negative_transfer_guard,combined_stress,source_matched,lid_twist_force_control,0,84,0.619048,0.124424,0.548714,0.091078,0.250298,0.086253,1.000000
proposed_negative_transfer_guard,combined_stress,low_friction,lid_twist_force_control,0,84,0.714286,0.122300,0.548822,0.085605,0.246436,0.087670,1.000000
proposed_negative_transfer_guard,combined_stress,soft_compliance,lid_twist_force_control,0,84,0.666667,0.117350,0.536087,0.085360,0.245173,0.084517,1.000000
proposed_negative_transfer_guard,combined_stress,texture_aliasing,lid_twist_force_control,0,84,0.630952,0.117344,0.551747,0.087289,0.246332,0.088153,1.000000
proposed_negative_transfer_guard,combined_stress,taxel_bias,lid_twist_force_control,0,84,0.761905,0.122180,0.553016,0.082378,0.244527,0.088787,1.000000
proposed_negative_transfer_guard,combined_stress,transient_shear_spike,lid_twist_force_control,0,84,0.607143,0.127622,0.539705,0.091960,0.247708,0.085919,1.000000
proposed_negative_transfer_guard,combined_stress,compound_contact_shift,lid_twist_force_control,0,84,0.702381,0.122438,0.548066,0.086436,0.242954,0.085261,1.000000
proposed_negative_transfer_guard,combined_stress,source_matched,slip_limited_grasp,1,84,0.571429,0.122155,0.566694,0.086014,0.247448,0.085315,1.000000
proposed_negative_transfer_guard,combined_stress,low_friction,slip_limited_grasp,1,84,0.666667,0.126619,0.576684,0.085591,0.247978,0.091269,1.000000
proposed_negative_transfer_guard,combined_stress,soft_compliance,slip_limited_grasp,1,84,0.571429,0.123793,0.567135,0.088166,0.248988,0.089579,1.000000
proposed_negative_transfer_guard,combined_stress,texture_aliasing,slip_limited_grasp,1,84,0.571429,0.120493,0.577854,0.086676,0.247308,0.090947,1.000000
proposed_negative_transfer_guard,combined_stress,taxel_bias,slip_limited_grasp,1,84,0.654762,0.121081,0.572751,0.087703,0.243528,0.088656,1.000000
proposed_negative_transfer_guard,combined_stress,transient_shear_spike,slip_limited_grasp,1,84,0.654762,0.126307,0.577125,0.085246,0.243780,0.085639,1.000000
proposed_negative_transfer_guard,combined_stress,compound_contact_shift,slip_limited_grasp,1,84,0.571429,0.117829,0.580545,0.089665,0.248048,0.090716,1.000000
proposed_negative_transfer_guard,combined_stress,source_matched,peg_in_hole_contact_search,1,84,0.630952,0.122113,0.546419,0.091166,0.249537,0.091648,1.000000
proposed_negative_transfer_guard,combined_stress,low_friction,peg_in_hole_contact_search,1,84,0.678571,0.117001,0.542045,0.084592,0.244540,0.091008,1.000000
proposed_negative_transfer_guard,combined_stress,soft_compliance,peg_in_hole_contact_search,1,84,0.559524,0.116533,0.554042,0.089569,0.247551,0.090941,1.000000
proposed_negative_transfer_guard,combined_stress,texture_aliasing,peg_in_hole_contact_search,1,84,0.500000,0.118021,0.553934,0.093238,0.250134,0.087602,1.000000
proposed_negative_transfer_guard,combined_stress,taxel_bias,peg_in_hole_contact_search,1,84,0.500000,0.125899,0.541757,0.093934,0.252714,0.090332,1.000000
proposed_negative_transfer_guard,combined_stress,transient_shear_spike,peg_in_hole_contact_search,1,84,0.714286,0.123763,0.553097,0.088479,0.244201,0.090249,1.000000
proposed_negative_transfer_guard,combined_stress,compound_contact_shift,peg_in_hole_contact_search,1,84,0.666667,0.120073,0.545690,0.087673,0.243014,0.090619,1.000000
proposed_negative_transfer_guard,combined_stress,source_matched,cloth_edge_pull,1,84,0.571429,0.119236,0.572484,0.088858,0.252161,0.089857,1.000000
proposed_negative_transfer_guard,combined_stress,low_friction,cloth_edge_pull,1,84,0.547619,0.127744,0.570531,0.086508,0.249525,0.090592,1.000000
proposed_negative_transfer_guard,combined_stress,soft_compliance,cloth_edge_pull,1,84,0.678571,0.118852,0.587901,0.086781,0.250424,0.084725,1.000000
proposed_negative_transfer_guard,combined_stress,texture_aliasing,cloth_edge_pull,1,84,0.511905,0.125536,0.577578,0.089108,0.250396,0.084964,1.000000
proposed_negative_transfer_guard,combined_stress,taxel_bias,cloth_edge_pull,1,84,0.559524,0.126250,0.572664,0.091125,0.247343,0.090763,1.000000
proposed_negative_transfer_guard,combined_stress,transient_shear_spike,cloth_edge_pull,1,84,0.535714,0.121240,0.579693,0.089419,0.249204,0.088701,1.000000
proposed_negative_transfer_guard,combined_stress,compound_contact_shift,cloth_edge_pull,1,84,0.535714,0.122746,0.580080,0.091406,0.250624,0.084646,1.000000
proposed_negative_transfer_guard,combined_stress,source_matched,cable_threading,1,84,0.535714,0.117167,0.592276,0.087760,0.251306,0.087577,1.000000
proposed_negative_transfer_guard,combined_stress,low_friction,cable_threading,1,84,0.571429,0.126035,0.590863,0.092202,0.247839,0.088560,1.000000
proposed_negative_transfer_guard,combined_stress,soft_compliance,cable_threading,1,84,0.559524,0.116603,0.589414,0.087628,0.250949,0.090325,1.000000
proposed_negative_transfer_guard,combined_stress,texture_aliasing,cable_threading,1,84,0.654762,0.123107,0.578821,0.091274,0.246087,0.090440,1.000000
proposed_negative_transfer_guard,combined_stress,taxel_bias,cable_threading,1,84,0.619048,0.124901,0.575527,0.088198,0.245254,0.088979,1.000000
proposed_negative_transfer_guard,combined_stress,transient_shear_spike,cable_threading,1,84,0.452381,0.117911,0.579586,0.088546,0.248366,0.085554,1.000000
proposed_negative_transfer_guard,combined_stress,compound_contact_shift,cable_threading,1,84,0.488095,0.119237,0.579703,0.089501,0.249023,0.089379,1.000000
proposed_negative_transfer_guard,combined_stress,source_matched,lid_twist_force_control,1,84,0.666667,0.125018,0.549587,0.090351,0.249841,0.086690,1.000000
proposed_negative_transfer_guard,combined_stress,low_friction,lid_twist_force_control,1,84,0.595238,0.122882,0.549677,0.089035,0.248971,0.088099,1.000000
proposed_negative_transfer_guard,combined_stress,soft_compliance,lid_twist_force_control,1,84,0.583333,0.117950,0.536969,0.087912,0.247077,0.084958,1.000000
proposed_negative_transfer_guard,combined_stress,texture_aliasing,lid_twist_force_control,1,84,0.595238,0.117950,0.552638,0.088654,0.247383,0.088598,1.000000
proposed_negative_transfer_guard,combined_stress,taxel_bias,lid_twist_force_control,1,84,0.559524,0.122750,0.553853,0.087883,0.248553,0.089208,1.000000
proposed_negative_transfer_guard,combined_stress,transient_shear_spike,lid_twist_force_control,1,84,0.666667,0.116252,0.540641,0.089767,0.247065,0.086121,1.000000
proposed_negative_transfer_guard,combined_stress,compound_contact_shift,lid_twist_force_control,1,84,0.571429,0.123080,0.549011,0.090210,0.245743,0.085731,1.000000
proposed_negative_transfer_guard,combined_stress,source_matched,slip_limited_grasp,2,84,0.630952,0.122719,0.567522,0.084966,0.246756,0.085732,1.000000
proposed_negative_transfer_guard,combined_stress,low_friction,slip_limited_grasp,2,84,0.571429,0.127171,0.577494,0.088403,0.250064,0.091678,1.000000
proposed_negative_transfer_guard,combined_stress,soft_compliance,slip_limited_grasp,2,84,0.690476,0.124363,0.567972,0.085634,0.247229,0.090000,1.000000
proposed_negative_transfer_guard,combined_stress,texture_aliasing,slip_limited_grasp,2,84,0.619048,0.121069,0.578700,0.085935,0.246839,0.091371,1.000000
proposed_negative_transfer_guard,combined_stress,taxel_bias,slip_limited_grasp,2,84,0.619048,0.121621,0.573543,0.089018,0.244535,0.089056,1.000000
proposed_negative_transfer_guard,combined_stress,transient_shear_spike,slip_limited_grasp,2,84,0.619048,0.126913,0.578016,0.086611,0.244831,0.086084,1.000000
proposed_negative_transfer_guard,combined_stress,compound_contact_shift,slip_limited_grasp,2,84,0.595238,0.118441,0.581445,0.089547,0.248031,0.091166,1.000000
proposed_negative_transfer_guard,combined_stress,source_matched,peg_in_hole_contact_search,2,84,0.619048,0.122725,0.547319,0.091940,0.250164,0.084094,1.000000
proposed_negative_transfer_guard,combined_stress,low_friction,peg_in_hole_contact_search,2,84,0.726190,0.117601,0.542927,0.083869,0.244087,0.091449,1.000000
proposed_negative_transfer_guard,combined_stress,soft_compliance,peg_in_hole_contact_search,2,84,0.678571,0.117151,0.554951,0.087075,0.245824,0.091395,1.000000
proposed_negative_transfer_guard,combined_stress,texture_aliasing,peg_in_hole_contact_search,2,84,0.654762,0.118645,0.554852,0.089855,0.247769,0.088060,1.000000
proposed_negative_transfer_guard,combined_stress,taxel_bias,peg_in_hole_contact_search,2,84,0.559524,0.126487,0.542621,0.092905,0.252039,0.090764,1.000000
proposed_negative_transfer_guard,combined_stress,transient_shear_spike,peg_in_hole_contact_search,2,84,0.607143,0.124417,0.554060,0.091667,0.246570,0.090727,1.000000
proposed_negative_transfer_guard,combined_stress,compound_contact_shift,peg_in_hole_contact_search,2,84,0.559524,0.120733,0.546662,0.090865,0.245387,0.091102,1.000000
proposed_negative_transfer_guard,combined_stress,source_matched,cloth_edge_pull,2,84,0.595238,0.119782,0.573285,0.088689,0.252100,0.090261,1.000000
proposed_negative_transfer_guard,combined_stress,low_friction,cloth_edge_pull,2,84,0.535714,0.116272,0.571314,0.086022,0.250100,0.090724,1.000000
proposed_negative_transfer_guard,combined_stress,soft_compliance,cloth_edge_pull,2,84,0.488095,0.119404,0.570702,0.091974,0.254225,0.085133,1.000000
proposed_negative_transfer_guard,combined_stress,texture_aliasing,cloth_edge_pull,2,84,0.583333,0.126094,0.578397,0.087758,0.249486,0.085376,1.000000
proposed_negative_transfer_guard,combined_stress,taxel_bias,cloth_edge_pull,2,84,0.523810,0.126772,0.573429,0.092426,0.248338,0.091151,1.000000
proposed_negative_transfer_guard,combined_stress,transient_shear_spike,cloth_edge_pull,2,84,0.619048,0.121828,0.580557,0.087795,0.248100,0.089134,1.000000
proposed_negative_transfer_guard,combined_stress,compound_contact_shift,cloth_edge_pull,2,84,0.571429,0.123340,0.580953,0.090976,0.250381,0.085083,1.000000
proposed_negative_transfer_guard,combined_stress,source_matched,cable_threading,2,84,0.547619,0.117713,0.575068,0.087889,0.251460,0.087981,1.000000
proposed_negative_transfer_guard,combined_stress,low_friction,cable_threading,2,84,0.452381,0.126569,0.591646,0.095595,0.250342,0.088956,1.000000
proposed_negative_transfer_guard,combined_stress,soft_compliance,cable_threading,2,84,0.523810,0.117155,0.590224,0.088952,0.251964,0.090733,1.000000
proposed_negative_transfer_guard,combined_stress,texture_aliasing,cable_threading,2,84,0.547619,0.123665,0.579640,0.086384,0.248392,0.090852,1.000000
proposed_negative_transfer_guard,combined_stress,taxel_bias,cable_threading,2,84,0.476190,0.125423,0.576292,0.092178,0.248177,0.089367,1.000000
proposed_negative_transfer_guard,combined_stress,transient_shear_spike,cable_threading,2,84,0.511905,0.118499,0.580450,0.087516,0.247691,0.085986,1.000000
proposed_negative_transfer_guard,combined_stress,compound_contact_shift,cable_threading,2,84,0.547619,0.119831,0.580576,0.088477,0.248352,0.089816,1.000000
proposed_negative_transfer_guard,combined_stress,source_matched,lid_twist_force_control,2,84,0.595238,0.125612,0.550460,0.092600,0.251527,0.087127,1.000000
proposed_negative_transfer_guard,combined_stress,low_friction,lid_twist_force_control,2,84,0.619048,0.123464,0.550532,0.088894,0.248934,0.088528,1.000000
proposed_negative_transfer_guard,combined_stress,soft_compliance,lid_twist_force_control,2,84,0.571429,0.118550,0.537851,0.088677,0.247695,0.085400,1.000000
proposed_negative_transfer_guard,combined_stress,texture_aliasing,lid_twist_force_control,2,84,0.535714,0.118556,0.553529,0.090615,0.248862,0.089044,1.000000
proposed_negative_transfer_guard,combined_stress,taxel_bias,lid_twist_force_control,2,84,0.428571,0.123320,0.536681,0.091602,0.251295,0.089629,1.000000
proposed_negative_transfer_guard,combined_stress,transient_shear_spike,lid_twist_force_control,2,84,0.666667,0.116888,0.541577,0.090262,0.247493,0.086587,1.000000
proposed_negative_transfer_guard,combined_stress,compound_contact_shift,lid_twist_force_control,2,84,0.666667,0.123722,0.549956,0.088330,0.244461,0.086201,1.000000
proposed_negative_transfer_guard,combined_stress,source_matched,slip_limited_grasp,3,84,0.642857,0.123283,0.568350,0.085109,0.246922,0.086148,1.000000
proposed_negative_transfer_guard,combined_stress,low_friction,slip_limited_grasp,3,84,0.714286,0.127723,0.578304,0.085263,0.247864,0.092086,1.000000
proposed_negative_transfer_guard,combined_stress,soft_compliance,slip_limited_grasp,3,84,0.559524,0.124933,0.568809,0.089353,0.249970,0.090420,1.000000
proposed_negative_transfer_guard,combined_stress,texture_aliasing,slip_limited_grasp,3,84,0.607143,0.121645,0.579546,0.086682,0.247441,0.091796,1.000000
proposed_negative_transfer_guard,combined_stress,taxel_bias,slip_limited_grasp,3,84,0.535714,0.122161,0.574335,0.091523,0.246399,0.089455,1.000000
proposed_negative_transfer_guard,combined_stress,transient_shear_spike,slip_limited_grasp,3,84,0.595238,0.127519,0.578907,0.087679,0.245667,0.086529,1.000000
proposed_negative_transfer_guard,combined_stress,compound_contact_shift,slip_limited_grasp,3,84,0.595238,0.119053,0.582345,0.090024,0.248443,0.091615,1.000000
proposed_negative_transfer_guard,combined_stress,source_matched,peg_in_hole_contact_search,3,84,0.690476,0.123337,0.548219,0.082628,0.249290,0.084543,1.000000
proposed_negative_transfer_guard,combined_stress,low_friction,peg_in_hole_contact_search,3,84,0.619048,0.118201,0.543809,0.087016,0.246420,0.083886,1.000000
proposed_negative_transfer_guard,combined_stress,soft_compliance,peg_in_hole_contact_search,3,84,0.559524,0.117769,0.555860,0.090533,0.248383,0.083845,1.000000
proposed_negative_transfer_guard,combined_stress,texture_aliasing,peg_in_hole_contact_search,3,84,0.666667,0.119269,0.555770,0.090044,0.247974,0.088518,1.000000
proposed_negative_transfer_guard,combined_stress,taxel_bias,peg_in_hole_contact_search,3,84,0.595238,0.127075,0.543485,0.092471,0.251792,0.091197,1.000000
proposed_negative_transfer_guard,combined_stress,transient_shear_spike,peg_in_hole_contact_search,3,84,0.547619,0.125071,0.555023,0.093665,0.248081,0.091205,1.000000
proposed_negative_transfer_guard,combined_stress,compound_contact_shift,peg_in_hole_contact_search,3,84,0.571429,0.121393,0.547634,0.091082,0.245617,0.091584,1.000000
proposed_negative_transfer_guard,combined_stress,source_matched,cloth_edge_pull,3,84,0.595238,0.120328,0.574086,0.089116,0.244464,0.090665,1.000000
proposed_negative_transfer_guard,combined_stress,low_friction,cloth_edge_pull,3,84,0.571429,0.116806,0.572097,0.085547,0.249817,0.091119,1.000000
proposed_negative_transfer_guard,combined_stress,soft_compliance,cloth_edge_pull,3,84,0.535714,0.119956,0.571512,0.091215,0.245736,0.085541,1.000000
proposed_negative_transfer_guard,combined_stress,texture_aliasing,cloth_edge_pull,3,84,0.511905,0.126652,0.579216,0.089980,0.251148,0.085788,1.000000
proposed_negative_transfer_guard,combined_stress,taxel_bias,cloth_edge_pull,3,84,0.583333,0.127294,0.574194,0.091346,0.247618,0.091538,1.000000
proposed_negative_transfer_guard,combined_stress,transient_shear_spike,cloth_edge_pull,3,84,0.559524,0.122416,0.581421,0.089742,0.249567,0.089567,1.000000
proposed_negative_transfer_guard,combined_stress,compound_contact_shift,cloth_edge_pull,3,84,0.571429,0.123934,0.581826,0.091440,0.250781,0.085520,1.000000
proposed_negative_transfer_guard,combined_stress,source_matched,cable_threading,3,84,0.595238,0.118259,0.575869,0.087125,0.250971,0.088385,1.000000
proposed_negative_transfer_guard,combined_stress,low_friction,cable_threading,3,84,0.488095,0.127103,0.592429,0.095120,0.250059,0.089352,1.000000
proposed_negative_transfer_guard,combined_stress,soft_compliance,cable_threading,3,84,0.511905,0.117707,0.591034,0.089681,0.252551,0.091141,1.000000
proposed_negative_transfer_guard,combined_stress,texture_aliasing,cable_threading,3,84,0.511905,0.124223,0.580459,0.087713,0.249411,0.091264,1.000000
proposed_negative_transfer_guard,combined_stress,taxel_bias,cable_threading,3,84,0.523810,0.125945,0.577057,0.091395,0.247672,0.089754,1.000000
proposed_negative_transfer_guard,combined_stress,transient_shear_spike,cable_threading,3,84,0.571429,0.119087,0.581314,0.086487,0.247015,0.086419,1.000000
proposed_negative_transfer_guard,combined_stress,compound_contact_shift,cable_threading,3,84,0.547619,0.120425,0.581449,0.088940,0.248752,0.090253,1.000000
proposed_negative_transfer_guard,combined_stress,source_matched,lid_twist_force_control,3,84,0.654762,0.126206,0.551333,0.091576,0.250855,0.087564,1.000000
proposed_negative_transfer_guard,combined_stress,low_friction,lid_twist_force_control,3,84,0.642857,0.124046,0.551387,0.088753,0.248897,0.088957,1.000000
proposed_negative_transfer_guard,combined_stress,soft_compliance,lid_twist_force_control,3,84,0.607143,0.119150,0.538733,0.088252,0.247456,0.085841,1.000000
proposed_negative_transfer_guard,combined_stress,texture_aliasing,lid_twist_force_control,3,84,0.607143,0.119162,0.536411,0.089302,0.247984,0.089489,1.000000
proposed_negative_transfer_guard,combined_stress,taxel_bias,lid_twist_force_control,3,84,0.678571,0.123890,0.537518,0.085797,0.247179,0.090049,1.000000
proposed_negative_transfer_guard,combined_stress,transient_shear_spike,lid_twist_force_control,3,84,0.535714,0.117524,0.542513,0.086028,0.250278,0.087053,1.000000
proposed_negative_transfer_guard,combined_stress,compound_contact_shift,lid_twist_force_control,3,84,0.559524,0.124364,0.550901,0.091508,0.246821,0.086672,1.000000
proposed_negative_transfer_guard,combined_stress,source_matched,slip_limited_grasp,4,84,0.654762,0.123847,0.569178,0.085252,0.247088,0.086564,1.000000
proposed_negative_transfer_guard,combined_stress,low_friction,slip_limited_grasp,4,84,0.619048,0.116269,0.579114,0.086875,0.249951,0.084226,1.000000
proposed_negative_transfer_guard,combined_stress,soft_compliance,slip_limited_grasp,4,84,0.583333,0.125503,0.569646,0.089203,0.249926,0.090841,1.000000
proposed_negative_transfer_guard,combined_stress,texture_aliasing,slip_limited_grasp,4,84,0.595238,0.122221,0.580392,0.087429,0.248043,0.084217,1.000000
proposed_negative_transfer_guard,combined_stress,taxel_bias,slip_limited_grasp,4,84,0.678571,0.122701,0.575127,0.088374,0.244191,0.089855,1.000000
proposed_negative_transfer_guard,combined_stress,transient_shear_spike,slip_limited_grasp,4,84,0.595238,0.116119,0.579798,0.086951,0.246075,0.086710,1.000000
proposed_negative_transfer_guard,combined_stress,compound_contact_shift,slip_limited_grasp,4,84,0.666667,0.119665,0.583245,0.088716,0.247570,0.092064,1.000000
proposed_negative_transfer_guard,combined_stress,source_matched,peg_in_hole_contact_search,4,84,0.642857,0.123949,0.549119,0.084296,0.250559,0.084993,1.000000
proposed_negative_transfer_guard,combined_stress,low_friction,peg_in_hole_contact_search,4,84,0.642857,0.118801,0.544691,0.086889,0.246395,0.084327,1.000000
proposed_negative_transfer_guard,combined_stress,soft_compliance,peg_in_hole_contact_search,4,84,0.535714,0.118387,0.556769,0.091610,0.249228,0.084298,1.000000
proposed_negative_transfer_guard,combined_stress,texture_aliasing,peg_in_hole_contact_search,4,84,0.690476,0.119893,0.556688,0.089935,0.247966,0.088975,1.000000
proposed_negative_transfer_guard,combined_stress,taxel_bias,peg_in_hole_contact_search,4,84,0.571429,0.115657,0.544349,0.092324,0.244613,0.091366,1.000000
proposed_negative_transfer_guard,combined_stress,transient_shear_spike,peg_in_hole_contact_search,4,84,0.642857,0.125725,0.555986,0.091793,0.246807,0.091684,1.000000
proposed_negative_transfer_guard,combined_stress,compound_contact_shift,peg_in_hole_contact_search,4,84,0.583333,0.122053,0.548606,0.091298,0.245846,0.084063,1.000000
proposed_negative_transfer_guard,combined_stress,source_matched,cloth_edge_pull,4,84,0.595238,0.120874,0.574887,0.089542,0.244832,0.091069,1.000000
proposed_negative_transfer_guard,combined_stress,low_friction,cloth_edge_pull,4,84,0.619048,0.117340,0.572880,0.084774,0.249320,0.091515,1.000000
proposed_negative_transfer_guard,combined_stress,soft_compliance,cloth_edge_pull,4,84,0.535714,0.120508,0.572322,0.091646,0.246108,0.085949,1.000000
proposed_negative_transfer_guard,combined_stress,texture_aliasing,cloth_edge_pull,4,84,0.559524,0.127210,0.580035,0.089225,0.250667,0.086200,1.000000
proposed_negative_transfer_guard,combined_stress,taxel_bias,cloth_edge_pull,4,84,0.476190,0.127816,0.574959,0.094433,0.249899,0.091926,1.000000
proposed_negative_transfer_guard,combined_stress,transient_shear_spike,cloth_edge_pull,4,84,0.488095,0.123004,0.582285,0.091986,0.251249,0.090000,1.000000
proposed_negative_transfer_guard,combined_stress,compound_contact_shift,cloth_edge_pull,4,84,0.630952,0.124528,0.582699,0.090415,0.250109,0.085957,1.000000
proposed_negative_transfer_guard,combined_stress,source_matched,cable_threading,4,84,0.547619,0.118805,0.576670,0.088742,0.252196,0.088789,1.000000
proposed_negative_transfer_guard,combined_stress,low_friction,cable_threading,4,84,0.547619,0.127637,0.575203,0.094049,0.249348,0.089748,1.000000
proposed_negative_transfer_guard,combined_stress,soft_compliance,cable_threading,4,84,0.523810,0.118259,0.591844,0.089815,0.252708,0.091549,1.000000
proposed_negative_transfer_guard,combined_stress,texture_aliasing,cable_threading,4,84,0.523810,0.124781,0.581278,0.087851,0.249572,0.091677,1.000000
proposed_negative_transfer_guard,combined_stress,taxel_bias,cable_threading,4,84,0.476190,0.126467,0.577822,0.092994,0.248881,0.090142,1.000000
proposed_negative_transfer_guard,combined_stress,transient_shear_spike,cable_threading,4,84,0.547619,0.119675,0.582178,0.087541,0.247840,0.086852,1.000000
proposed_negative_transfer_guard,combined_stress,compound_contact_shift,cable_threading,4,84,0.571429,0.121019,0.582322,0.088808,0.248723,0.090690,1.000000
proposed_negative_transfer_guard,combined_stress,source_matched,lid_twist_force_control,4,84,0.630952,0.126800,0.552206,0.084630,0.243680,0.088001,1.000000
proposed_negative_transfer_guard,combined_stress,low_friction,lid_twist_force_control,4,84,0.547619,0.124628,0.552242,0.091588,0.251004,0.089385,1.000000
proposed_negative_transfer_guard,combined_stress,soft_compliance,lid_twist_force_control,4,84,0.630952,0.119750,0.539615,0.088125,0.247432,0.086282,1.000000
proposed_negative_transfer_guard,combined_stress,texture_aliasing,lid_twist_force_control,4,84,0.630952,0.119768,0.537302,0.089179,0.247964,0.089934,1.000000
proposed_negative_transfer_guard,combined_stress,taxel_bias,lid_twist_force_control,4,84,0.630952,0.124460,0.538355,0.087432,0.248420,0.090470,1.000000
proposed_negative_transfer_guard,combined_stress,transient_shear_spike,lid_twist_force_control,4,84,0.595238,0.118160,0.543449,0.085035,0.249635,0.087519,1.000000
proposed_negative_transfer_guard,combined_stress,compound_contact_shift,lid_twist_force_control,4,84,0.607143,0.125006,0.551846,0.090818,0.246396,0.087142,1.000000
proposed_negative_transfer_guard,combined_stress,source_matched,slip_limited_grasp,5,84,0.654762,0.124411,0.570006,0.085692,0.247468,0.086981,1.000000
proposed_negative_transfer_guard,combined_stress,low_friction,slip_limited_grasp,5,84,0.571429,0.116821,0.579924,0.088496,0.251180,0.084634,1.000000
proposed_negative_transfer_guard,combined_stress,soft_compliance,slip_limited_grasp,5,84,0.595238,0.126073,0.570483,0.089350,0.250095,0.091261,1.000000
proposed_negative_transfer_guard,combined_stress,texture_aliasing,slip_limited_grasp,5,84,0.690476,0.122797,0.581238,0.085498,0.246717,0.084641,1.000000
proposed_negative_transfer_guard,combined_stress,taxel_bias,slip_limited_grasp,5,84,0.571429,0.123241,0.575919,0.091474,0.246484,0.090255,1.000000
proposed_negative_transfer_guard,combined_stress,transient_shear_spike,slip_limited_grasp,5,84,0.642857,0.116725,0.580689,0.086233,0.245626,0.087156,1.000000
proposed_negative_transfer_guard,combined_stress,compound_contact_shift,slip_limited_grasp,5,84,0.642857,0.120277,0.566136,0.089788,0.248410,0.084510,1.000000
proposed_negative_transfer_guard,combined_stress,source_matched,peg_in_hole_contact_search,5,84,0.642857,0.124561,0.550019,0.084773,0.250971,0.085442,1.000000
proposed_negative_transfer_guard,combined_stress,low_friction,peg_in_hole_contact_search,5,84,0.678571,0.119401,0.545573,0.086464,0.246156,0.084769,1.000000
proposed_negative_transfer_guard,combined_stress,soft_compliance,peg_in_hole_contact_search,5,84,0.678571,0.119005,0.557678,0.088520,0.247072,0.084752,1.000000
proposed_negative_transfer_guard,combined_stress,texture_aliasing,peg_in_hole_contact_search,5,84,0.642857,0.120517,0.557606,0.083608,0.249243,0.089433,1.000000
proposed_negative_transfer_guard,combined_stress,taxel_bias,peg_in_hole_contact_search,5,84,0.654762,0.116245,0.545213,0.082695,0.243509,0.083795,1.000000
proposed_negative_transfer_guard,combined_stress,transient_shear_spike,peg_in_hole_contact_search,5,84,0.547619,0.126379,0.556949,0.086679,0.248961,0.084158,1.000000
proposed_negative_transfer_guard,combined_stress,compound_contact_shift,peg_in_hole_contact_search,5,84,0.702381,0.122713,0.549578,0.088836,0.244148,0.084545,1.000000
proposed_negative_transfer_guard,combined_stress,source_matched,cloth_edge_pull,5,84,0.619048,0.121420,0.575688,0.089374,0.244772,0.091473,1.000000
proposed_negative_transfer_guard,combined_stress,low_friction,cloth_edge_pull,5,84,0.535714,0.117874,0.573663,0.087275,0.251180,0.091911,1.000000
proposed_negative_transfer_guard,combined_stress,soft_compliance,cloth_edge_pull,5,84,0.583333,0.121060,0.573132,0.090887,0.245622,0.086357,1.000000
proposed_negative_transfer_guard,combined_stress,texture_aliasing,cloth_edge_pull,5,84,0.607143,0.127768,0.580854,0.088470,0.250186,0.086613,1.000000
proposed_negative_transfer_guard,combined_stress,taxel_bias,cloth_edge_pull,5,84,0.464286,0.116332,0.575724,0.093938,0.250465,0.092049,1.000000
proposed_negative_transfer_guard,combined_stress,transient_shear_spike,cloth_edge_pull,5,84,0.607143,0.123592,0.583149,0.089469,0.249502,0.090433,1.000000
proposed_negative_transfer_guard,combined_stress,compound_contact_shift,cloth_edge_pull,5,84,0.571429,0.125122,0.583572,0.092366,0.251581,0.086394,1.000000
proposed_negative_transfer_guard,combined_stress,source_matched,cable_threading,5,84,0.583333,0.119351,0.577471,0.088276,0.251921,0.089193,1.000000
proposed_negative_transfer_guard,combined_stress,low_friction,cable_threading,5,84,0.571429,0.128171,0.575986,0.093871,0.249279,0.090143,1.000000
proposed_negative_transfer_guard,combined_stress,soft_compliance,cable_threading,5,84,0.511905,0.118811,0.592654,0.090543,0.253295,0.091957,1.000000
proposed_negative_transfer_guard,combined_stress,texture_aliasing,cable_threading,5,84,0.547619,0.125339,0.582097,0.087691,0.249520,0.092089,1.000000
proposed_negative_transfer_guard,combined_stress,taxel_bias,cable_threading,5,84,0.523810,0.126989,0.578587,0.092212,0.248376,0.090529,1.000000
proposed_negative_transfer_guard,combined_stress,transient_shear_spike,cable_threading,5,84,0.607143,0.120263,0.583042,0.086512,0.247164,0.087285,1.000000
proposed_negative_transfer_guard,combined_stress,compound_contact_shift,cable_threading,5,84,0.500000,0.121613,0.583195,0.091057,0.250409,0.091127,1.000000
proposed_negative_transfer_guard,combined_stress,source_matched,lid_twist_force_control,5,84,0.702381,0.127394,0.553079,0.083308,0.242794,0.088438,1.000000
proposed_negative_transfer_guard,combined_stress,low_friction,lid_twist_force_control,5,84,0.619048,0.125210,0.553097,0.090257,0.250110,0.089814,1.000000
proposed_negative_transfer_guard,combined_stress,soft_compliance,lid_twist_force_control,5,84,0.630952,0.120350,0.540497,0.088593,0.247836,0.086723,1.000000
proposed_negative_transfer_guard,combined_stress,texture_aliasing,lid_twist_force_control,5,84,0.559524,0.120374,0.538193,0.091437,0.249657,0.090380,1.000000
proposed_negative_transfer_guard,combined_stress,taxel_bias,lid_twist_force_control,5,84,0.702381,0.125030,0.539192,0.086091,0.247518,0.090890,1.000000
proposed_negative_transfer_guard,combined_stress,transient_shear_spike,lid_twist_force_control,5,84,0.738095,0.118796,0.544385,0.081959,0.247491,0.087985,1.000000
proposed_negative_transfer_guard,combined_stress,compound_contact_shift,lid_twist_force_control,5,84,0.535714,0.125648,0.552791,0.093104,0.248114,0.087612,1.000000
proposed_negative_transfer_guard,combined_stress,source_matched,slip_limited_grasp,6,84,0.642857,0.124975,0.570834,0.086430,0.248062,0.087397,1.000000
proposed_negative_transfer_guard,combined_stress,low_friction,slip_limited_grasp,6,84,0.559524,0.117373,0.580734,0.089225,0.251766,0.085042,1.000000
proposed_negative_transfer_guard,combined_stress,soft_compliance,slip_limited_grasp,6,84,0.619048,0.126643,0.571320,0.089200,0.250051,0.091682,1.000000
proposed_negative_transfer_guard,combined_stress,texture_aliasing,slip_limited_grasp,6,84,0.571429,0.123373,0.582084,0.088924,0.249248,0.085066,1.000000
proposed_negative_transfer_guard,combined_stress,taxel_bias,slip_limited_grasp,6,84,0.607143,0.123781,0.576711,0.091004,0.246205,0.090655,1.000000
proposed_negative_transfer_guard,combined_stress,transient_shear_spike,slip_limited_grasp,6,84,0.666667,0.117331,0.581580,0.086110,0.245606,0.087601,1.000000
proposed_negative_transfer_guard,combined_stress,compound_contact_shift,slip_limited_grasp,6,84,0.511905,0.120889,0.567036,0.093539,0.251179,0.084959,1.000000
proposed_negative_transfer_guard,combined_stress,source_matched,peg_in_hole_contact_search,6,84,0.619048,0.125173,0.550919,0.085845,0.243808,0.085892,1.000000
proposed_negative_transfer_guard,combined_stress,low_friction,peg_in_hole_contact_search,6,84,0.571429,0.120001,0.546455,0.089610,0.248489,0.085210,1.000000
proposed_negative_transfer_guard,combined_stress,soft_compliance,peg_in_hole_contact_search,6,84,0.666667,0.119623,0.558587,0.089300,0.247702,0.085205,1.000000
proposed_negative_transfer_guard,combined_stress,texture_aliasing,peg_in_hole_contact_search,6,84,0.654762,0.121141,0.558524,0.083797,0.249449,0.089891,1.000000
proposed_negative_transfer_guard,combined_stress,taxel_bias,peg_in_hole_contact_search,6,84,0.559524,0.116833,0.546077,0.085535,0.245619,0.084228,1.000000
proposed_negative_transfer_guard,combined_stress,transient_shear_spike,peg_in_hole_contact_search,6,84,0.630952,0.127033,0.557912,0.085106,0.247901,0.084636,1.000000
proposed_negative_transfer_guard,combined_stress,compound_contact_shift,peg_in_hole_contact_search,6,84,0.583333,0.123373,0.550550,0.092326,0.246734,0.085028,1.000000
proposed_negative_transfer_guard,combined_stress,source_matched,cloth_edge_pull,6,84,0.547619,0.121966,0.576489,0.091586,0.246425,0.091877,1.000000
proposed_negative_transfer_guard,combined_stress,low_friction,cloth_edge_pull,6,84,0.595238,0.118408,0.574446,0.086204,0.250468,0.084303,1.000000
proposed_negative_transfer_guard,combined_stress,soft_compliance,cloth_edge_pull,6,84,0.583333,0.121612,0.573942,0.091318,0.245994,0.086765,1.000000
proposed_negative_transfer_guard,combined_stress,texture_aliasing,cloth_edge_pull,6,84,0.559524,0.116320,0.581673,0.088896,0.251419,0.086761,1.000000
proposed_negative_transfer_guard,combined_stress,taxel_bias,cloth_edge_pull,6,84,0.500000,0.116854,0.576489,0.093453,0.250174,0.084433,1.000000
proposed_negative_transfer_guard,combined_stress,transient_shear_spike,cloth_edge_pull,6,84,0.559524,0.124180,0.584013,0.091118,0.250755,0.090866,1.000000
proposed_negative_transfer_guard,combined_stress,compound_contact_shift,cloth_edge_pull,6,84,0.702381,0.125716,0.584445,0.089556,0.249624,0.086832,1.000000
proposed_negative_transfer_guard,combined_stress,source_matched,cable_threading,6,84,0.511905,0.119897,0.578272,0.090488,0.253575,0.089597,1.000000
proposed_negative_transfer_guard,combined_stress,low_friction,cable_threading,6,84,0.559524,0.116699,0.576769,0.085382,0.249853,0.090275,1.000000
proposed_negative_transfer_guard,combined_stress,soft_compliance,cable_threading,6,84,0.595238,0.119363,0.575455,0.088891,0.252167,0.092365,1.000000
proposed_negative_transfer_guard,combined_stress,texture_aliasing,cable_threading,6,84,0.559524,0.125897,0.582916,0.087830,0.249681,0.092501,1.000000
proposed_negative_transfer_guard,combined_stress,taxel_bias,cable_threading,6,84,0.583333,0.127511,0.579352,0.091132,0.247657,0.090917,1.000000
proposed_negative_transfer_guard,combined_stress,transient_shear_spike,cable_threading,6,84,0.619048,0.120851,0.583906,0.086673,0.247346,0.087718,1.000000
proposed_negative_transfer_guard,combined_stress,compound_contact_shift,cable_threading,6,84,0.619048,0.122207,0.584068,0.088544,0.248666,0.091564,1.000000
proposed_negative_transfer_guard,combined_stress,source_matched,lid_twist_force_control,6,84,0.630952,0.115982,0.535943,0.084356,0.244480,0.088611,1.000000
proposed_negative_transfer_guard,combined_stress,low_friction,lid_twist_force_control,6,84,0.607143,0.125792,0.535943,0.091009,0.250716,0.090243,1.000000
proposed_negative_transfer_guard,combined_stress,soft_compliance,lid_twist_force_control,6,84,0.583333,0.120950,0.541379,0.090252,0.249097,0.087164,1.000000
proposed_negative_transfer_guard,combined_stress,texture_aliasing,lid_twist_force_control,6,84,0.666667,0.120980,0.539084,0.089231,0.248137,0.090825,1.000000
proposed_negative_transfer_guard,combined_stress,taxel_bias,lid_twist_force_control,6,84,0.547619,0.125600,0.540029,0.090406,0.250688,0.091311,1.000000
proposed_negative_transfer_guard,combined_stress,transient_shear_spike,lid_twist_force_control,6,84,0.666667,0.119432,0.545321,0.084241,0.249205,0.088451,1.000000
proposed_negative_transfer_guard,combined_stress,compound_contact_shift,lid_twist_force_control,6,84,0.571429,0.126290,0.553736,0.092711,0.247903,0.088082,1.000000
oracle_feature_selector,combined_stress,source_matched,slip_limited_grasp,0,84,0.750000,0.087419,0.632019,0.065104,0.203182,0.069991,1.000000
oracle_feature_selector,combined_stress,low_friction,slip_limited_grasp,0,84,0.690476,0.089771,0.638841,0.066931,0.205089,0.066487,1.000000
oracle_feature_selector,combined_stress,soft_compliance,slip_limited_grasp,0,84,0.702381,0.083003,0.641388,0.071809,0.201543,0.070086,1.000000
oracle_feature_selector,combined_stress,texture_aliasing,slip_limited_grasp,0,84,0.690476,0.084683,0.641568,0.066430,0.203397,0.066879,1.000000
oracle_feature_selector,combined_stress,taxel_bias,slip_limited_grasp,0,84,0.773810,0.085361,0.636600,0.067527,0.199677,0.064650,1.000000
oracle_feature_selector,combined_stress,transient_shear_spike,slip_limited_grasp,0,84,0.702381,0.086129,0.634287,0.071441,0.198243,0.066567,1.000000
oracle_feature_selector,combined_stress,compound_contact_shift,slip_limited_grasp,0,84,0.773810,0.084035,0.647283,0.068882,0.195977,0.068037,1.000000
oracle_feature_selector,combined_stress,source_matched,peg_in_hole_contact_search,0,84,0.619048,0.092483,0.619070,0.070780,0.203952,0.071688,1.000000
oracle_feature_selector,combined_stress,low_friction,peg_in_hole_contact_search,0,84,0.714286,0.085259,0.611528,0.069401,0.204693,0.069593,1.000000
oracle_feature_selector,combined_stress,soft_compliance,peg_in_hole_contact_search,0,84,0.678571,0.092855,0.617612,0.070473,0.203576,0.067077,1.000000
oracle_feature_selector,combined_stress,texture_aliasing,peg_in_hole_contact_search,0,84,0.702381,0.087317,0.624974,0.066672,0.199976,0.066903,1.000000
oracle_feature_selector,combined_stress,taxel_bias,peg_in_hole_contact_search,0,84,0.702381,0.083279,0.612932,0.066236,0.202616,0.069430,1.000000
oracle_feature_selector,combined_stress,transient_shear_spike,peg_in_hole_contact_search,0,84,0.690476,0.088691,0.617585,0.072223,0.203206,0.066541,1.000000
oracle_feature_selector,combined_stress,compound_contact_shift,peg_in_hole_contact_search,0,84,0.702381,0.091385,0.619754,0.066819,0.197200,0.071308,1.000000
oracle_feature_selector,combined_stress,source_matched,cloth_edge_pull,0,84,0.690476,0.090536,0.647124,0.074180,0.205102,0.070802,1.000000
oracle_feature_selector,combined_stress,low_friction,cloth_edge_pull,0,84,0.571429,0.084926,0.642003,0.071391,0.202773,0.069818,1.000000
oracle_feature_selector,combined_stress,soft_compliance,cloth_edge_pull,0,84,0.666667,0.084098,0.653460,0.070735,0.201686,0.069504,1.000000
oracle_feature_selector,combined_stress,texture_aliasing,cloth_edge_pull,0,84,0.702381,0.083756,0.650607,0.070620,0.201336,0.064904,1.000000
oracle_feature_selector,combined_stress,taxel_bias,cloth_edge_pull,0,84,0.630952,0.084560,0.645828,0.067678,0.200485,0.070766,1.000000
oracle_feature_selector,combined_stress,transient_shear_spike,cloth_edge_pull,0,84,0.642857,0.087098,0.646170,0.070866,0.198731,0.065898,1.000000
oracle_feature_selector,combined_stress,compound_contact_shift,cloth_edge_pull,0,84,0.726190,0.082982,0.638124,0.066459,0.202907,0.065975,1.000000
oracle_feature_selector,combined_stress,source_matched,cable_threading,0,84,0.666667,0.089961,0.651337,0.074013,0.205113,0.069635,1.000000
oracle_feature_selector,combined_stress,low_friction,cable_threading,0,84,0.702381,0.084711,0.646756,0.067632,0.200238,0.068899,1.000000
oracle_feature_selector,combined_stress,soft_compliance,cable_threading,0,84,0.702381,0.083343,0.657403,0.068943,0.200506,0.068213,1.000000
oracle_feature_selector,combined_stress,texture_aliasing,cable_threading,0,84,0.630952,0.082821,0.654280,0.071368,0.201964,0.071494,1.000000
oracle_feature_selector,combined_stress,taxel_bias,cable_threading,0,84,0.714286,0.084705,0.651121,0.065385,0.199048,0.070095,1.000000
oracle_feature_selector,combined_stress,transient_shear_spike,cable_threading,0,84,0.714286,0.085263,0.648493,0.067353,0.204192,0.071867,1.000000
oracle_feature_selector,combined_stress,compound_contact_shift,cable_threading,0,84,0.654762,0.092973,0.658186,0.067580,0.202815,0.072085,1.000000
oracle_feature_selector,combined_stress,source_matched,lid_twist_force_control,0,84,0.690476,0.084659,0.606335,0.068936,0.204548,0.067430,1.000000
oracle_feature_selector,combined_stress,low_friction,lid_twist_force_control,0,84,0.738095,0.092417,0.603257,0.072229,0.200127,0.067649,1.000000
oracle_feature_selector,combined_stress,soft_compliance,lid_twist_force_control,0,84,0.619048,0.083543,0.602645,0.070762,0.205538,0.069797,1.000000
oracle_feature_selector,combined_stress,texture_aliasing,lid_twist_force_control,0,84,0.750000,0.088523,0.607775,0.072346,0.199017,0.068863,1.000000
oracle_feature_selector,combined_stress,taxel_bias,lid_twist_force_control,0,84,0.809524,0.081407,0.609125,0.068063,0.198533,0.069270,1.000000
oracle_feature_selector,combined_stress,transient_shear_spike,lid_twist_force_control,0,84,0.785714,0.082457,0.607235,0.071003,0.196430,0.071382,1.000000
oracle_feature_selector,combined_stress,compound_contact_shift,lid_twist_force_control,0,84,0.702381,0.083663,0.607172,0.066839,0.199150,0.067120,1.000000
oracle_feature_selector,combined_stress,source_matched,slip_limited_grasp,1,84,0.654762,0.087929,0.632766,0.067884,0.205240,0.070370,1.000000
oracle_feature_selector,combined_stress,low_friction,slip_limited_grasp,1,84,0.702381,0.090269,0.639570,0.067023,0.205211,0.066858,1.000000
oracle_feature_selector,combined_stress,soft_compliance,slip_limited_grasp,1,84,0.690476,0.083519,0.642144,0.072510,0.202105,0.070469,1.000000
oracle_feature_selector,combined_stress,texture_aliasing,slip_limited_grasp,1,84,0.785714,0.085205,0.642333,0.064458,0.202035,0.067266,1.000000
oracle_feature_selector,combined_stress,taxel_bias,slip_limited_grasp,1,84,0.714286,0.085847,0.637311,0.069396,0.201076,0.065012,1.000000
oracle_feature_selector,combined_stress,transient_shear_spike,slip_limited_grasp,1,84,0.714286,0.086681,0.635097,0.071575,0.198400,0.066975,1.000000
oracle_feature_selector,combined_stress,compound_contact_shift,slip_limited_grasp,1,84,0.809524,0.084593,0.648102,0.068425,0.195710,0.068449,1.000000
oracle_feature_selector,combined_stress,source_matched,peg_in_hole_contact_search,1,84,0.761905,0.093041,0.619889,0.067644,0.201756,0.072101,1.000000
oracle_feature_selector,combined_stress,low_friction,peg_in_hole_contact_search,1,84,0.785714,0.085805,0.612329,0.068042,0.195772,0.069997,1.000000
oracle_feature_selector,combined_stress,soft_compliance,peg_in_hole_contact_search,1,84,0.702381,0.081413,0.618440,0.069118,0.203528,0.067229,1.000000
oracle_feature_selector,combined_stress,texture_aliasing,peg_in_hole_contact_search,1,84,0.630952,0.087887,0.607802,0.068903,0.201645,0.067323,1.000000
oracle_feature_selector,combined_stress,taxel_bias,peg_in_hole_contact_search,1,84,0.714286,0.083813,0.613715,0.066356,0.202761,0.069826,1.000000
oracle_feature_selector,combined_stress,transient_shear_spike,peg_in_hole_contact_search,1,84,0.726190,0.089291,0.618467,0.071798,0.202967,0.066982,1.000000
oracle_feature_selector,combined_stress,compound_contact_shift,peg_in_hole_contact_search,1,84,0.642857,0.091991,0.620645,0.068780,0.198679,0.071754,1.000000
oracle_feature_selector,combined_stress,source_matched,cloth_edge_pull,1,84,0.714286,0.091028,0.647844,0.065966,0.205005,0.071168,1.000000
oracle_feature_selector,combined_stress,low_friction,cloth_edge_pull,1,84,0.666667,0.085406,0.642705,0.069386,0.201382,0.070177,1.000000
oracle_feature_selector,combined_stress,soft_compliance,cloth_edge_pull,1,84,0.726190,0.084596,0.654189,0.069637,0.200951,0.069875,1.000000
oracle_feature_selector,combined_stress,texture_aliasing,cloth_edge_pull,1,84,0.702381,0.084260,0.651345,0.071015,0.201676,0.065279,1.000000
oracle_feature_selector,combined_stress,taxel_bias,cloth_edge_pull,1,84,0.678571,0.085028,0.646512,0.066855,0.199944,0.071116,1.000000
oracle_feature_selector,combined_stress,transient_shear_spike,cloth_edge_pull,1,84,0.642857,0.087632,0.646953,0.071284,0.199091,0.066294,1.000000
oracle_feature_selector,combined_stress,compound_contact_shift,cloth_edge_pull,1,84,0.666667,0.083522,0.638916,0.068370,0.204342,0.066375,1.000000
oracle_feature_selector,combined_stress,source_matched,cable_threading,1,84,0.726190,0.090453,0.652057,0.072910,0.204373,0.070001,1.000000
oracle_feature_selector,combined_stress,low_friction,cable_threading,1,84,0.642857,0.085191,0.647458,0.069496,0.201633,0.069258,1.000000
oracle_feature_selector,combined_stress,soft_compliance,cable_threading,1,84,0.571429,0.083841,0.658132,0.072606,0.203199,0.068584,1.000000
oracle_feature_selector,combined_stress,texture_aliasing,cable_threading,1,84,0.726190,0.083325,0.655018,0.069382,0.200589,0.071869,1.000000
oracle_feature_selector,combined_stress,taxel_bias,cable_threading,1,84,0.619048,0.085173,0.651805,0.068133,0.201078,0.070445,1.000000
oracle_feature_selector,combined_stress,transient_shear_spike,cable_threading,1,84,0.619048,0.085797,0.649276,0.070151,0.206266,0.072263,1.000000
oracle_feature_selector,combined_stress,compound_contact_shift,cable_threading,1,84,0.666667,0.093513,0.658978,0.067705,0.202965,0.072485,1.000000
oracle_feature_selector,combined_stress,source_matched,lid_twist_force_control,1,84,0.797619,0.085199,0.607127,0.066679,0.202984,0.067830,1.000000
oracle_feature_selector,combined_stress,low_friction,lid_twist_force_control,1,84,0.654762,0.092945,0.604031,0.074725,0.201983,0.068040,1.000000
oracle_feature_selector,combined_stress,soft_compliance,lid_twist_force_control,1,84,0.726190,0.084089,0.603446,0.068510,0.203977,0.070201,1.000000
oracle_feature_selector,combined_stress,texture_aliasing,lid_twist_force_control,1,84,0.678571,0.089075,0.608585,0.066559,0.200675,0.069271,1.000000
oracle_feature_selector,combined_stress,taxel_bias,lid_twist_force_control,1,84,0.761905,0.081923,0.609881,0.069657,0.199739,0.069654,1.000000
oracle_feature_selector,combined_stress,transient_shear_spike,lid_twist_force_control,1,84,0.773810,0.083039,0.608090,0.063751,0.197036,0.071810,1.000000
oracle_feature_selector,combined_stress,compound_contact_shift,lid_twist_force_control,1,84,0.797619,0.084251,0.608036,0.064917,0.197832,0.067553,1.000000
oracle_feature_selector,combined_stress,source_matched,slip_limited_grasp,2,84,0.773810,0.088439,0.633513,0.065307,0.203441,0.070750,1.000000
oracle_feature_selector,combined_stress,low_friction,slip_limited_grasp,2,84,0.750000,0.090767,0.640299,0.066223,0.196686,0.067229,1.000000
oracle_feature_selector,combined_stress,soft_compliance,slip_limited_grasp,2,84,0.761905,0.084035,0.642900,0.071128,0.201167,0.070853,1.000000
oracle_feature_selector,combined_stress,texture_aliasing,slip_limited_grasp,2,84,0.690476,0.085727,0.643098,0.067247,0.204101,0.067654,1.000000
oracle_feature_selector,combined_stress,taxel_bias,slip_limited_grasp,2,84,0.726190,0.086333,0.638022,0.069479,0.201190,0.065375,1.000000
oracle_feature_selector,combined_stress,transient_shear_spike,slip_limited_grasp,2,84,0.773810,0.087233,0.635907,0.070518,0.197701,0.067383,1.000000
oracle_feature_selector,combined_stress,compound_contact_shift,slip_limited_grasp,2,84,0.738095,0.085151,0.648921,0.070647,0.197372,0.068861,1.000000
oracle_feature_selector,combined_stress,source_matched,peg_in_hole_contact_search,2,84,0.654762,0.081593,0.620708,0.069558,0.204061,0.064245,1.000000
oracle_feature_selector,combined_stress,low_friction,peg_in_hole_contact_search,2,84,0.702381,0.086351,0.613130,0.070552,0.197640,0.070401,1.000000
oracle_feature_selector,combined_stress,soft_compliance,peg_in_hole_contact_search,2,84,0.821429,0.081977,0.619268,0.066582,0.201765,0.067645,1.000000
oracle_feature_selector,combined_stress,texture_aliasing,peg_in_hole_contact_search,2,84,0.773810,0.088457,0.608639,0.065776,0.199458,0.067744,1.000000
oracle_feature_selector,combined_stress,taxel_bias,peg_in_hole_contact_search,2,84,0.714286,0.084347,0.614498,0.066774,0.203121,0.070221,1.000000
oracle_feature_selector,combined_stress,transient_shear_spike,peg_in_hole_contact_search,2,84,0.738095,0.089891,0.619349,0.071969,0.203157,0.067423,1.000000
oracle_feature_selector,combined_stress,compound_contact_shift,peg_in_hole_contact_search,2,84,0.702381,0.092597,0.621536,0.067764,0.198016,0.072199,1.000000
oracle_feature_selector,combined_stress,source_matched,cloth_edge_pull,2,84,0.666667,0.091520,0.648564,0.067541,0.198190,0.071535,1.000000
oracle_feature_selector,combined_stress,low_friction,cloth_edge_pull,2,84,0.690476,0.085886,0.643407,0.069167,0.201278,0.070535,1.000000
oracle_feature_selector,combined_stress,soft_compliance,cloth_edge_pull,2,84,0.642857,0.085094,0.636909,0.072110,0.202787,0.070246,1.000000
oracle_feature_selector,combined_stress,texture_aliasing,cloth_edge_pull,2,84,0.690476,0.084764,0.652083,0.071707,0.202230,0.065655,1.000000
oracle_feature_selector,combined_stress,taxel_bias,cloth_edge_pull,2,84,0.619048,0.085496,0.647196,0.068709,0.201332,0.071467,1.000000
oracle_feature_selector,combined_stress,transient_shear_spike,cloth_edge_pull,2,84,0.726190,0.088166,0.647736,0.069618,0.197951,0.066689,1.000000
oracle_feature_selector,combined_stress,compound_contact_shift,cloth_edge_pull,2,84,0.619048,0.084062,0.639708,0.069982,0.205564,0.066775,1.000000
oracle_feature_selector,combined_stress,source_matched,cable_threading,2,84,0.666667,0.090945,0.652777,0.074784,0.205777,0.070368,1.000000
oracle_feature_selector,combined_stress,low_friction,cable_threading,2,84,0.619048,0.085671,0.648160,0.070467,0.202386,0.069616,1.000000
oracle_feature_selector,combined_stress,soft_compliance,cable_threading,2,84,0.666667,0.084339,0.658861,0.070615,0.201821,0.068955,1.000000
oracle_feature_selector,combined_stress,texture_aliasing,cable_threading,2,84,0.750000,0.083829,0.655756,0.069181,0.200501,0.072244,1.000000
oracle_feature_selector,combined_stress,taxel_bias,cable_threading,2,84,0.690476,0.085641,0.652489,0.066714,0.200108,0.070796,1.000000
oracle_feature_selector,combined_stress,transient_shear_spike,cable_threading,2,84,0.642857,0.086331,0.650059,0.069974,0.206197,0.072659,1.000000
oracle_feature_selector,combined_stress,compound_contact_shift,cable_threading,2,84,0.642857,0.082047,0.641761,0.067521,0.203757,0.072621,1.000000
oracle_feature_selector,combined_stress,source_matched,lid_twist_force_control,2,84,0.690476,0.085739,0.607919,0.069780,0.205276,0.068230,1.000000
oracle_feature_selector,combined_stress,low_friction,lid_twist_force_control,2,84,0.821429,0.081467,0.604805,0.069771,0.199339,0.068168,1.000000
oracle_feature_selector,combined_stress,soft_compliance,lid_twist_force_control,2,84,0.750000,0.084635,0.604247,0.068342,0.203917,0.070605,1.000000
oracle_feature_selector,combined_stress,texture_aliasing,lid_twist_force_control,2,84,0.714286,0.089627,0.609395,0.066098,0.200404,0.069679,1.000000
oracle_feature_selector,combined_stress,taxel_bias,lid_twist_force_control,2,84,0.738095,0.082439,0.610637,0.070656,0.200515,0.070037,1.000000
oracle_feature_selector,combined_stress,transient_shear_spike,lid_twist_force_control,2,84,0.750000,0.083621,0.608945,0.064800,0.197857,0.064235,1.000000
oracle_feature_selector,combined_stress,compound_contact_shift,lid_twist_force_control,2,84,0.678571,0.084839,0.608900,0.068352,0.200371,0.067986,1.000000
oracle_feature_selector,combined_stress,source_matched,slip_limited_grasp,3,84,0.726190,0.088949,0.634260,0.066896,0.204642,0.071129,1.000000
oracle_feature_selector,combined_stress,low_friction,slip_limited_grasp,3,84,0.833333,0.091265,0.641028,0.064529,0.195522,0.067600,1.000000
oracle_feature_selector,combined_stress,soft_compliance,slip_limited_grasp,3,84,0.750000,0.084551,0.643656,0.071829,0.201730,0.071236,1.000000
oracle_feature_selector,combined_stress,texture_aliasing,slip_limited_grasp,3,84,0.702381,0.086249,0.643863,0.067357,0.204239,0.068041,1.000000
oracle_feature_selector,combined_stress,taxel_bias,slip_limited_grasp,3,84,0.797619,0.086819,0.638733,0.068073,0.200232,0.065738,1.000000
oracle_feature_selector,combined_stress,transient_shear_spike,slip_limited_grasp,3,84,0.750000,0.087785,0.636717,0.071545,0.198502,0.067791,1.000000
oracle_feature_selector,combined_stress,compound_contact_shift,slip_limited_grasp,3,84,0.750000,0.085709,0.631731,0.070785,0.197534,0.069273,1.000000
oracle_feature_selector,combined_stress,source_matched,peg_in_hole_contact_search,3,84,0.654762,0.082151,0.621527,0.069994,0.204437,0.064657,1.000000
oracle_feature_selector,combined_stress,low_friction,peg_in_hole_contact_search,3,84,0.702381,0.086897,0.613931,0.070978,0.198008,0.070805,1.000000
oracle_feature_selector,combined_stress,soft_compliance,peg_in_hole_contact_search,3,84,0.821429,0.082541,0.620096,0.067022,0.202145,0.068062,1.000000
oracle_feature_selector,combined_stress,texture_aliasing,peg_in_hole_contact_search,3,84,0.750000,0.089027,0.609476,0.066817,0.200270,0.068164,1.000000
oracle_feature_selector,combined_stress,taxel_bias,peg_in_hole_contact_search,3,84,0.773810,0.084881,0.615281,0.065703,0.202410,0.070617,1.000000
oracle_feature_selector,combined_stress,transient_shear_spike,peg_in_hole_contact_search,3,84,0.833333,0.090491,0.620231,0.070056,0.201846,0.067865,1.000000
oracle_feature_selector,combined_stress,compound_contact_shift,peg_in_hole_contact_search,3,84,0.702381,0.081197,0.622427,0.067036,0.198424,0.064376,1.000000
oracle_feature_selector,combined_stress,source_matched,cloth_edge_pull,3,84,0.726190,0.092012,0.649284,0.066438,0.197451,0.071902,1.000000
oracle_feature_selector,combined_stress,low_friction,cloth_edge_pull,3,84,0.714286,0.086366,0.644109,0.068947,0.201173,0.070894,1.000000
oracle_feature_selector,combined_stress,soft_compliance,cloth_edge_pull,3,84,0.750000,0.085592,0.637638,0.069821,0.201194,0.070617,1.000000
oracle_feature_selector,combined_stress,texture_aliasing,cloth_edge_pull,3,84,0.607143,0.085268,0.652821,0.074184,0.204070,0.066030,1.000000
oracle_feature_selector,combined_stress,taxel_bias,cloth_edge_pull,3,84,0.666667,0.085964,0.647880,0.067886,0.200790,0.071817,1.000000
oracle_feature_selector,combined_stress,transient_shear_spike,cloth_edge_pull,3,84,0.678571,0.088700,0.648519,0.071226,0.199168,0.067085,1.000000
oracle_feature_selector,combined_stress,compound_contact_shift,cloth_edge_pull,3,84,0.714286,0.084602,0.640500,0.068023,0.204213,0.067175,1.000000
oracle_feature_selector,combined_stress,source_matched,cable_threading,3,84,0.678571,0.091437,0.653497,0.066867,0.205895,0.070735,1.000000
oracle_feature_selector,combined_stress,low_friction,cable_threading,3,84,0.619048,0.086151,0.648862,0.070843,0.202710,0.069975,1.000000
oracle_feature_selector,combined_stress,soft_compliance,cable_threading,3,84,0.595238,0.084837,0.641581,0.072791,0.203443,0.069326,1.000000
oracle_feature_selector,combined_stress,texture_aliasing,cable_threading,3,84,0.678571,0.084333,0.656494,0.071361,0.202127,0.072619,1.000000
oracle_feature_selector,combined_stress,taxel_bias,cable_threading,3,84,0.678571,0.086109,0.653173,0.067379,0.200639,0.071146,1.000000
oracle_feature_selector,combined_stress,transient_shear_spike,cable_threading,3,84,0.619048,0.086865,0.650842,0.070986,0.206986,0.065051,1.000000
oracle_feature_selector,combined_stress,compound_contact_shift,cable_threading,3,84,0.750000,0.082587,0.642553,0.065265,0.202193,0.065016,1.000000
oracle_feature_selector,combined_stress,source_matched,lid_twist_force_control,3,84,0.750000,0.086279,0.608711,0.068714,0.196565,0.068630,1.000000
oracle_feature_selector,combined_stress,low_friction,lid_twist_force_control,3,84,0.678571,0.081995,0.605579,0.065751,0.202267,0.068559,1.000000
oracle_feature_selector,combined_stress,soft_compliance,lid_twist_force_control,3,84,0.797619,0.085181,0.605048,0.067578,0.195424,0.071010,1.000000
oracle_feature_selector,combined_stress,texture_aliasing,lid_twist_force_control,3,84,0.880952,0.090179,0.610205,0.062362,0.197776,0.070087,1.000000
oracle_feature_selector,combined_stress,taxel_bias,lid_twist_force_control,3,84,0.642857,0.082955,0.611393,0.073440,0.202577,0.070421,1.000000
oracle_feature_selector,combined_stress,transient_shear_spike,lid_twist_force_control,3,84,0.642857,0.084203,0.609800,0.067933,0.200177,0.064664,1.000000
oracle_feature_selector,combined_stress,compound_contact_shift,lid_twist_force_control,3,84,0.714286,0.085427,0.609764,0.067918,0.200124,0.068419,1.000000
oracle_feature_selector,combined_stress,source_matched,slip_limited_grasp,4,84,0.738095,0.089459,0.635007,0.066998,0.196768,0.071508,1.000000
oracle_feature_selector,combined_stress,low_friction,slip_limited_grasp,4,84,0.845238,0.091763,0.641757,0.064621,0.195643,0.067971,1.000000
oracle_feature_selector,combined_stress,soft_compliance,slip_limited_grasp,4,84,0.761905,0.085067,0.644412,0.063931,0.201863,0.071619,1.000000
oracle_feature_selector,combined_stress,texture_aliasing,slip_limited_grasp,4,84,0.785714,0.086771,0.644628,0.065682,0.203091,0.068429,1.000000
oracle_feature_selector,combined_stress,taxel_bias,slip_limited_grasp,4,84,0.761905,0.087305,0.639444,0.069347,0.201203,0.066101,1.000000
oracle_feature_selector,combined_stress,transient_shear_spike,slip_limited_grasp,4,84,0.761905,0.088337,0.637527,0.071678,0.198659,0.068199,1.000000
oracle_feature_selector,combined_stress,compound_contact_shift,slip_limited_grasp,4,84,0.738095,0.086267,0.632550,0.071518,0.198124,0.069686,1.000000
oracle_feature_selector,combined_stress,source_matched,peg_in_hole_contact_search,4,84,0.726190,0.082709,0.622346,0.068644,0.203527,0.065069,1.000000
oracle_feature_selector,combined_stress,low_friction,peg_in_hole_contact_search,4,84,0.678571,0.087443,0.614732,0.072000,0.198804,0.071210,1.000000
oracle_feature_selector,combined_stress,soft_compliance,peg_in_hole_contact_search,4,84,0.726190,0.083105,0.620924,0.069844,0.204239,0.068478,1.000000
oracle_feature_selector,combined_stress,texture_aliasing,peg_in_hole_contact_search,4,84,0.738095,0.089597,0.610313,0.067559,0.200869,0.068585,1.000000
oracle_feature_selector,combined_stress,taxel_bias,peg_in_hole_contact_search,4,84,0.821429,0.085415,0.616064,0.064930,0.201913,0.071013,1.000000
oracle_feature_selector,combined_stress,transient_shear_spike,peg_in_hole_contact_search,4,84,0.797619,0.091091,0.621113,0.071417,0.202893,0.068306,1.000000
oracle_feature_selector,combined_stress,compound_contact_shift,peg_in_hole_contact_search,4,84,0.726190,0.081803,0.623318,0.066914,0.198403,0.064821,1.000000
oracle_feature_selector,combined_stress,source_matched,cloth_edge_pull,4,84,0.738095,0.092504,0.650004,0.066526,0.197569,0.072269,1.000000
oracle_feature_selector,combined_stress,low_friction,cloth_edge_pull,4,84,0.666667,0.086846,0.644811,0.070514,0.202354,0.071252,1.000000
oracle_feature_selector,combined_stress,soft_compliance,cloth_edge_pull,4,84,0.702381,0.086090,0.638367,0.071402,0.202388,0.070988,1.000000
oracle_feature_selector,combined_stress,texture_aliasing,cloth_edge_pull,4,84,0.619048,0.085772,0.653559,0.074281,0.204196,0.066405,1.000000
oracle_feature_selector,combined_stress,taxel_bias,cloth_edge_pull,4,84,0.642857,0.086432,0.648564,0.068848,0.201535,0.072167,1.000000
oracle_feature_selector,combined_stress,transient_shear_spike,cloth_edge_pull,4,84,0.666667,0.089234,0.649302,0.071941,0.199742,0.067481,1.000000
oracle_feature_selector,combined_stress,compound_contact_shift,cloth_edge_pull,4,84,0.702381,0.085142,0.641292,0.068743,0.204792,0.067575,1.000000
oracle_feature_selector,combined_stress,source_matched,cable_threading,4,84,0.523810,0.091929,0.654217,0.071122,0.201008,0.071102,1.000000
oracle_feature_selector,combined_stress,low_friction,cable_threading,4,84,0.666667,0.086631,0.649564,0.070028,0.202177,0.070333,1.000000
oracle_feature_selector,combined_stress,soft_compliance,cable_threading,4,84,0.750000,0.085335,0.642310,0.069311,0.200993,0.069697,1.000000
oracle_feature_selector,combined_stress,texture_aliasing,cable_threading,4,84,0.630952,0.084837,0.657232,0.072946,0.203324,0.064990,1.000000
oracle_feature_selector,combined_stress,taxel_bias,cable_threading,4,84,0.619048,0.086577,0.653857,0.069233,0.202026,0.071496,1.000000
oracle_feature_selector,combined_stress,transient_shear_spike,cable_threading,4,84,0.678571,0.087399,0.651625,0.069916,0.198271,0.065446,1.000000
oracle_feature_selector,combined_stress,compound_contact_shift,cable_threading,4,84,0.750000,0.083127,0.643345,0.065687,0.202557,0.065416,1.000000
oracle_feature_selector,combined_stress,source_matched,lid_twist_force_control,4,84,0.773810,0.086819,0.609503,0.068541,0.196500,0.069030,1.000000
oracle_feature_selector,combined_stress,low_friction,lid_twist_force_control,4,84,0.773810,0.082523,0.606353,0.063783,0.200908,0.068951,1.000000
oracle_feature_selector,combined_stress,soft_compliance,lid_twist_force_control,4,84,0.726190,0.085727,0.605849,0.069790,0.197077,0.071414,1.000000
oracle_feature_selector,combined_stress,texture_aliasing,lid_twist_force_control,4,84,0.797619,0.090731,0.611015,0.064877,0.199648,0.070496,1.000000
oracle_feature_selector,combined_stress,taxel_bias,lid_twist_force_control,4,84,0.702381,0.083471,0.612149,0.072356,0.201854,0.070804,1.000000
oracle_feature_selector,combined_stress,transient_shear_spike,lid_twist_force_control,4,84,0.678571,0.084785,0.610655,0.067494,0.199927,0.065093,1.000000
oracle_feature_selector,combined_stress,compound_contact_shift,lid_twist_force_control,4,84,0.702381,0.086015,0.610628,0.068674,0.200734,0.068852,1.000000
oracle_feature_selector,combined_stress,source_matched,slip_limited_grasp,5,84,0.869048,0.089969,0.635754,0.064123,0.194755,0.071887,1.000000
oracle_feature_selector,combined_stress,low_friction,slip_limited_grasp,5,84,0.702381,0.092261,0.642486,0.068583,0.198551,0.068342,1.000000
oracle_feature_selector,combined_stress,soft_compliance,slip_limited_grasp,5,84,0.761905,0.085583,0.645168,0.064335,0.202211,0.072003,1.000000
oracle_feature_selector,combined_stress,texture_aliasing,slip_limited_grasp,5,84,0.750000,0.087293,0.645393,0.066983,0.204086,0.068816,1.000000
oracle_feature_selector,combined_stress,taxel_bias,slip_limited_grasp,5,84,0.750000,0.087791,0.640155,0.070025,0.201746,0.066463,1.000000
oracle_feature_selector,combined_stress,transient_shear_spike,slip_limited_grasp,5,84,0.750000,0.088889,0.638337,0.072407,0.199246,0.068607,1.000000
oracle_feature_selector,combined_stress,compound_contact_shift,slip_limited_grasp,5,84,0.702381,0.086825,0.633369,0.072847,0.199143,0.070098,1.000000
oracle_feature_selector,combined_stress,source_matched,peg_in_hole_contact_search,5,84,0.773810,0.083267,0.623165,0.067889,0.203046,0.065482,1.000000
oracle_feature_selector,combined_stress,low_friction,peg_in_hole_contact_search,5,84,0.761905,0.087989,0.615533,0.070343,0.197672,0.071614,1.000000
oracle_feature_selector,combined_stress,soft_compliance,peg_in_hole_contact_search,5,84,0.654762,0.083669,0.621752,0.072070,0.197901,0.068894,1.000000
oracle_feature_selector,combined_stress,texture_aliasing,peg_in_hole_contact_search,5,84,0.797619,0.090167,0.611150,0.066516,0.200181,0.069005,1.000000
oracle_feature_selector,combined_stress,taxel_bias,peg_in_hole_contact_search,5,84,0.726190,0.085949,0.616847,0.067728,0.203987,0.071409,1.000000
oracle_feature_selector,combined_stress,transient_shear_spike,peg_in_hole_contact_search,5,84,0.630952,0.091691,0.621995,0.068047,0.198293,0.068747,1.000000
oracle_feature_selector,combined_stress,compound_contact_shift,peg_in_hole_contact_search,5,84,0.702381,0.082409,0.624209,0.067981,0.199240,0.065267,1.000000
oracle_feature_selector,combined_stress,source_matched,cloth_edge_pull,5,84,0.654762,0.092996,0.650724,0.068995,0.199401,0.072636,1.000000
oracle_feature_selector,combined_stress,low_friction,cloth_edge_pull,5,84,0.666667,0.087326,0.645513,0.070890,0.202678,0.071611,1.000000
oracle_feature_selector,combined_stress,soft_compliance,cloth_edge_pull,5,84,0.714286,0.086588,0.639096,0.071494,0.202509,0.071359,1.000000
oracle_feature_selector,combined_stress,texture_aliasing,cloth_edge_pull,5,84,0.619048,0.086276,0.654297,0.074675,0.204536,0.066780,1.000000
oracle_feature_selector,combined_stress,taxel_bias,cloth_edge_pull,5,84,0.702381,0.086900,0.649248,0.067727,0.200780,0.072518,1.000000
oracle_feature_selector,combined_stress,transient_shear_spike,cloth_edge_pull,5,84,0.785714,0.089768,0.650085,0.069382,0.197960,0.067877,1.000000
oracle_feature_selector,combined_stress,compound_contact_shift,cloth_edge_pull,5,84,0.666667,0.085682,0.642084,0.070058,0.205798,0.067975,1.000000
oracle_feature_selector,combined_stress,source_matched,cable_threading,5,84,0.619048,0.092421,0.654937,0.069126,0.199626,0.071469,1.000000
oracle_feature_selector,combined_stress,low_friction,cable_threading,5,84,0.654762,0.087111,0.650266,0.070702,0.202715,0.070692,1.000000
oracle_feature_selector,combined_stress,soft_compliance,cable_threading,5,84,0.714286,0.085833,0.643039,0.070594,0.201972,0.070068,1.000000
oracle_feature_selector,combined_stress,texture_aliasing,cable_threading,5,84,0.666667,0.085341,0.657970,0.072447,0.203021,0.065365,1.000000
oracle_feature_selector,combined_stress,taxel_bias,cable_threading,5,84,0.654762,0.087045,0.654541,0.068707,0.201699,0.071846,1.000000
oracle_feature_selector,combined_stress,transient_shear_spike,cable_threading,5,84,0.702381,0.087933,0.652408,0.069738,0.198202,0.065842,1.000000
oracle_feature_selector,combined_stress,compound_contact_shift,cable_threading,5,84,0.702381,0.083667,0.644137,0.067299,0.203778,0.065816,1.000000
oracle_feature_selector,combined_stress,source_matched,lid_twist_force_control,5,84,0.738095,0.087359,0.610295,0.069856,0.197507,0.069429,1.000000
oracle_feature_selector,combined_stress,low_friction,lid_twist_force_control,5,84,0.773810,0.083051,0.607127,0.064196,0.201264,0.069343,1.000000
oracle_feature_selector,combined_stress,soft_compliance,lid_twist_force_control,5,84,0.702381,0.086273,0.606650,0.070812,0.197874,0.071818,1.000000
oracle_feature_selector,combined_stress,texture_aliasing,lid_twist_force_control,5,84,0.690476,0.091283,0.611825,0.067986,0.201948,0.070904,1.000000
oracle_feature_selector,combined_stress,taxel_bias,lid_twist_force_control,5,84,0.773810,0.083987,0.612905,0.070973,0.200916,0.071187,1.000000
oracle_feature_selector,combined_stress,transient_shear_spike,lid_twist_force_control,5,84,0.726190,0.085367,0.611510,0.066758,0.199461,0.065522,1.000000
oracle_feature_selector,combined_stress,compound_contact_shift,lid_twist_force_control,5,84,0.702381,0.086603,0.611492,0.069133,0.201130,0.069285,1.000000
oracle_feature_selector,combined_stress,source_matched,slip_limited_grasp,6,84,0.785714,0.090479,0.636501,0.066605,0.196599,0.072266,1.000000
oracle_feature_selector,combined_stress,low_friction,slip_limited_grasp,6,84,0.714286,0.092759,0.643215,0.068675,0.198672,0.068713,1.000000
oracle_feature_selector,combined_stress,soft_compliance,slip_limited_grasp,6,84,0.702381,0.086099,0.645924,0.066226,0.203631,0.064382,1.000000
oracle_feature_selector,combined_stress,texture_aliasing,slip_limited_grasp,6,84,0.857143,0.087815,0.646158,0.064713,0.194505,0.069204,1.000000
oracle_feature_selector,combined_stress,taxel_bias,slip_limited_grasp,6,84,0.761905,0.088277,0.640866,0.070108,0.201859,0.066826,1.000000
oracle_feature_selector,combined_stress,transient_shear_spike,slip_limited_grasp,6,84,0.702381,0.089441,0.639147,0.066025,0.200475,0.069016,1.000000
oracle_feature_selector,combined_stress,compound_contact_shift,slip_limited_grasp,6,84,0.773810,0.087383,0.634188,0.071497,0.198233,0.070510,1.000000
oracle_feature_selector,combined_stress,source_matched,peg_in_hole_contact_search,6,84,0.750000,0.083825,0.623984,0.068920,0.203850,0.065894,1.000000
oracle_feature_selector,combined_stress,low_friction,peg_in_hole_contact_search,6,84,0.726190,0.088535,0.616334,0.071663,0.198683,0.072018,1.000000
oracle_feature_selector,combined_stress,soft_compliance,peg_in_hole_contact_search,6,84,0.702381,0.084233,0.622580,0.071320,0.197424,0.069311,1.000000
oracle_feature_selector,combined_stress,texture_aliasing,peg_in_hole_contact_search,6,84,0.821429,0.090737,0.611987,0.066366,0.200137,0.069426,1.000000
oracle_feature_selector,combined_stress,taxel_bias,peg_in_hole_contact_search,6,84,0.702381,0.086483,0.617630,0.068741,0.204776,0.071804,1.000000
oracle_feature_selector,combined_stress,transient_shear_spike,peg_in_hole_contact_search,6,84,0.738095,0.092291,0.622877,0.065837,0.196769,0.069188,1.000000
oracle_feature_selector,combined_stress,compound_contact_shift,peg_in_hole_contact_search,6,84,0.726190,0.083015,0.625100,0.067859,0.199219,0.065712,1.000000
oracle_feature_selector,combined_stress,source_matched,cloth_edge_pull,6,84,0.714286,0.081482,0.651444,0.066691,0.198661,0.064734,1.000000
oracle_feature_selector,combined_stress,low_friction,cloth_edge_pull,6,84,0.630952,0.087806,0.646215,0.072159,0.203645,0.071970,1.000000
oracle_feature_selector,combined_stress,soft_compliance,cloth_edge_pull,6,84,0.690476,0.087086,0.639825,0.072479,0.203274,0.071730,1.000000
oracle_feature_selector,combined_stress,texture_aliasing,cloth_edge_pull,6,84,0.630952,0.086780,0.637026,0.074772,0.204661,0.067155,1.000000
oracle_feature_selector,combined_stress,taxel_bias,cloth_edge_pull,6,84,0.750000,0.087368,0.649932,0.066903,0.200238,0.064864,1.000000
oracle_feature_selector,combined_stress,transient_shear_spike,cloth_edge_pull,6,84,0.523810,0.090302,0.650868,0.076347,0.203034,0.068272,1.000000
oracle_feature_selector,combined_stress,compound_contact_shift,cloth_edge_pull,6,84,0.750000,0.086222,0.642876,0.068396,0.196658,0.068375,1.000000
oracle_feature_selector,combined_stress,source_matched,cable_threading,6,84,0.690476,0.092913,0.655657,0.067725,0.198672,0.071836,1.000000
oracle_feature_selector,combined_stress,low_friction,cable_threading,6,84,0.690476,0.087591,0.650968,0.070185,0.202396,0.071051,1.000000
oracle_feature_selector,combined_stress,soft_compliance,cable_threading,6,84,0.714286,0.086331,0.643768,0.070984,0.202308,0.070439,1.000000
oracle_feature_selector,combined_stress,texture_aliasing,cable_threading,6,84,0.666667,0.085845,0.658708,0.072842,0.203361,0.065740,1.000000
oracle_feature_selector,combined_stress,taxel_bias,cable_threading,6,84,0.690476,0.087513,0.655225,0.068181,0.201372,0.072197,1.000000
oracle_feature_selector,combined_stress,transient_shear_spike,cable_threading,6,84,0.702381,0.088467,0.653191,0.070155,0.198562,0.066238,1.000000
oracle_feature_selector,combined_stress,compound_contact_shift,cable_threading,6,84,0.678571,0.084207,0.644929,0.068316,0.204571,0.066216,1.000000
oracle_feature_selector,combined_stress,source_matched,lid_twist_force_control,6,84,0.738095,0.087899,0.611087,0.070278,0.197871,0.069829,1.000000
oracle_feature_selector,combined_stress,low_friction,lid_twist_force_control,6,84,0.761905,0.083579,0.607901,0.064906,0.201835,0.069734,1.000000
oracle_feature_selector,combined_stress,soft_compliance,lid_twist_force_control,6,84,0.738095,0.086819,0.607451,0.070346,0.197599,0.072222,1.000000
oracle_feature_selector,combined_stress,texture_aliasing,lid_twist_force_control,6,84,0.654762,0.091835,0.612635,0.069310,0.202963,0.071312,1.000000
oracle_feature_selector,combined_stress,taxel_bias,lid_twist_force_control,6,84,0.750000,0.084503,0.613661,0.071972,0.201693,0.071571,1.000000
oracle_feature_selector,combined_stress,transient_shear_spike,lid_twist_force_control,6,84,0.690476,0.085949,0.612365,0.068105,0.200496,0.065950,1.000000
oracle_feature_selector,combined_stress,compound_contact_shift,lid_twist_force_control,6,84,0.750000,0.087191,0.612356,0.068401,0.200669,0.069718,1.000000
