uid,title,abstract,year,venue,authors,doi,arxiv_id,url,source,query,query_role,family,advisor_seed,citation_count,matched_terms,retrieved_at,relevance_score,hostile_score
doi:10.3390/robotics14120180,Sim2Real Transfer of Imitation Learning of Motion Control for Car-like Mobile Robots Using Digital Twin Testbed,"Reliable transfer of control policies from simulation to real-world robotic systems remains a central challenge in robotics, particularly for car-like mobile robots. Digital Twin (DT) technology provides a robust framework for high-fidelity replication of physical platforms and bi-directional synchronization between virtual and real environments. In this study, a DT-based testbed is developed to train and evaluate an imitation learning (IL) control framework in which a neural network policy learns to replicate the behavior of a hybrid Model Predictive Control (MPC)–Backstepping expert controller. The DT framework ensures consistent benchmarking between simulated and physical execution, supporting a structured and safe process for policy validation and deployment. Experimental analysis demonstrates that the learned policy effectively reproduces expert behavior, achieving bounded trajector",2025,Robotics,Narges Mohaghegh; Hai Wang; Amirmehdi Yazdani,10.3390/robotics14120180,,https://doi.org/10.3390/robotics14120180,crossref,task and motion planning robotics,anti_myopia,classic,,1,model predictive control; motion planning; task and motion planning; imitation learning; benchmark; deployment,2026-06-12T15:07:36Z,15.247,23.247
arxiv:2509.15876v1,High-Bandwidth Tactile-Reactive Control for Grasp Adjustment,"Vision-only grasping systems are fundamentally constrained by calibration errors, sensor noise, and grasp pose prediction inaccuracies, leading to unavoidable contact uncertainty in the final stage of grasping. High-bandwidth tactile feedback, when paired with a well-designed tactile-reactive controller, can significantly improve robustness in the presence of perception errors. This paper contributes to controller design by proposing a purely tactile-feedback grasp-adjustment algorithm. The proposed controller requires neither prior knowledge of the object's geometry nor an accurate grasp pose, and is capable of refining a grasp even when starting from a crude, imprecise initial configuration and uncertain contact points. Through simulation studies and real-world experiments on a 15-DoF arm-hand system (featuring an 8-DoF hand) equipped with fingertip tactile sensors operating at 200 Hz,",2025,arXiv,Yonghyeon Lee; Tzu-Yuan Lin; Alexander Alexiev; Sangbae Kim,,2509.15876v1,http://arxiv.org/abs/2509.15876v1,arxiv,analytical grasping,anti_myopia,anti_thesis,,,robustness; analytical grasping,2026-06-12T15:07:36Z,17.100,23.100
arxiv:2504.19341v1,PolyTouch: A Robust Multi-Modal Tactile Sensor for Contact-rich Manipulation Using Tactile-Diffusion Policies,"Achieving robust dexterous manipulation in unstructured domestic environments remains a significant challenge in robotics. Even with state-of-the-art robot learning methods, haptic-oblivious control strategies (i.e. those relying only on external vision and/or proprioception) often fall short due to occlusions, visual complexities, and the need for precise contact interaction control. To address these limitations, we introduce PolyTouch, a novel robot finger that integrates camera-based tactile sensing, acoustic sensing, and peripheral visual sensing into a single design that is compact and durable. PolyTouch provides high-resolution tactile feedback across multiple temporal scales, which is essential for efficiently learning complex manipulation tasks. Experiments demonstrate an at least 20-fold increase in lifespan over commercial tactile sensors, with a design that is both easy to man",2025,arXiv,Jialiang Zhao; Naveen Kuppuswamy; Siyuan Feng; Benjamin Burchfiel; Edward Adelson,,2504.19341v1,http://arxiv.org/abs/2504.19341v1,arxiv,diffusion policy limitation robot manipulation,hostile,failure,,,diffusion policy; robot manipulation; contact rich manipulation; dexterous manipulation; proprioception; human demonstration; limitation; occlusion; diffusion policy limitation,2026-06-12T15:07:36Z,17.850,22.850
doi:10.3390/s19224925,Magnetic-based Soft Tactile Sensors with Deformable Continuous Force Transfer Medium for Resolving Contact Locations in Robotic Grasping and Manipulation,"The resolution of contact location is important in many applications in robotics and automation. This is generally done by using an array of contact or tactile receptors, which increases cost and complexity as the required resolution or area is increased. Tactile sensors have also been developed using a continuous deformable medium between the contact and the receptors, which allows few receptors to interpolate the information among them, avoiding the weakness highlighted in the former approach. The latter is generally used to measure contact force intensity or magnitude but rarely used to identify the contact locations. This paper presents a systematic design and characterisation procedure for magnetic-based soft tactile sensors (utilizing the latter approach with the deformable contact medium) with the goal of locating the contact force location. This systematic procedure provides cond",2019,Sensors,Alireza Mohammadi; Yangmengfei Xu; Ying Tan; Peter Choong; Denny Oetomo,10.3390/s19224925,,https://doi.org/10.3390/s19224925,crossref,contact rich manipulation learning,concept,contact,,50,contact rich manipulation,2026-06-12T15:07:36Z,22.416,22.416
arxiv:2509.16550v1,TranTac: Leveraging Transient Tactile Signals for Contact-Rich Robotic Manipulation,"Robotic manipulation tasks such as inserting a key into a lock or plugging a USB device into a port can fail when visual perception is insufficient to detect misalignment. In these situations, touch sensing is crucial for the robot to monitor the task's states and make precise, timely adjustments. Current touch sensing solutions are either insensitive to detect subtle changes or demand excessive sensor data. Here, we introduce TranTac, a data-efficient and low-cost tactile sensing and control framework that integrates a single contact-sensitive 6-axis inertial measurement unit within the elastomeric tips of a robotic gripper for completing fine insertion tasks. Our customized sensing system can detect dynamic translational and torsional deformations at the micrometer scale, enabling the tracking of visually imperceptible pose changes of the grasped object. By leveraging transformer-based",2025,arXiv,Yinghao Wu; Shuhong Hou; Haowen Zheng; Yichen Li; Weiyi Lu; Xun Zhou; Yitian Shao,,2509.16550v1,http://arxiv.org/abs/2509.16550v1,arxiv,Gaussian splatting robot perception contact rich manipulation,concept,architecture_x_embodiment,,,diffusion policy; Gaussian splatting robot perception; contact rich manipulation,2026-06-12T15:07:36Z,21.850,21.850
doi:10.1017/s0263574722000625,Generalization in transfer learning: robust control of robot locomotion,"Abstract In this paper, we propose a set of robust training methods for deep reinforcement learning to transfer learning acquired in one control task to a set of previously unseen control tasks. We improve generalization in commonly used transfer learning benchmarks by a novel sample elimination technique, early stopping, and maximum entropy adversarial reinforcement learning. To generate robust policies, we use sample elimination during training via a method we call strict clipping. We apply early stopping, a method previously used in supervised learning, to deep reinforcement learning. Subsequently, we introduce maximum entropy adversarial reinforcement learning to increase the domain randomization during training for a better target task performance. Finally, we evaluate the robustness of these methods compared to previous work on simulated robots in target environments where the grav",2022,Robotica,Suzan Ece Ada; Emre Ugur; H. Levent Akin,10.1017/s0263574722000625,,https://doi.org/10.1017/s0263574722000625,crossref,control barrier functions robot learning,anti_myopia,control,,19,domain randomization; control barrier function; benchmark; generalization; robustness,2026-06-12T15:07:36Z,15.798,21.798
doi:10.3390/robotics8040091,Control of the Sit-To-Stand Transfer of a Biped Robotic Device for Postural Rehabilitation,"This paper deals with the control of the sit-to-stand transfer of a biped robotic device (either an autonomous biped robot or a haptic assistive exoskeleton for postural rehabilitation). The control has been synthesized, instead of considering the physiology, analyzing the basic laws of dynamics. The transfer of a human from sitting on a chair to an erect posture is an interesting case study, because it treats biped balance in a two-phase dynamic setting, with an external force disturbance (the chair–pelvis contact) affecting the center of pressure under the feet. At the beginning, a body is sitting, with a fixed pelvis moving with the hips going toward the supporting feet and, contemporaneously, releasing the load from the chair with ankles and knee torques. Then, after lift-off, it reaches and maintains an erect posture. The paper objectives are threefold: identifying the major dynamic",2019,Robotics,Giuseppe Menga; Marco Ghirardi,10.3390/robotics8040091,,https://doi.org/10.3390/robotics8040091,crossref,classical control robotics,anti_myopia,anti_thesis,,15,classical control robotics,2026-06-12T15:07:36Z,17.436,21.436
doi:10.3390/s20041050,Grasping Force Control of Multi-Fingered Robotic Hands through Tactile Sensing for Object Stabilization,"Grasping force control is important for multi-fingered robotic hands to stabilize the grasped object. Humans are able to adjust their grasping force and react quickly to instabilities through tactile sensing. However, grasping force control through tactile sensing with robotic hands is still relatively unexplored. In this paper, we make use of tactile sensing for multi-fingered robot hands to adjust the grasping force to stabilize unknown objects without prior knowledge of their shape or physical properties. In particular, an online detection module based on Deep Neural Network (DNN) is designed to detect contact events and object material simultaneously from tactile data. In addition, a force estimation method based on Gaussian Mixture Model (GMM) is proposed to compute the contact information (i.e., contact force and contact location) from tactile data. According to the results of tact",2020,Sensors,Zhen Deng; Yannick Jonetzko; Liwei Zhang; Jianwei Zhang,10.3390/s20041050,,https://doi.org/10.3390/s20041050,crossref,analytical grasping,anti_myopia,anti_thesis,,77,robot hand; force control; analytical grasping,2026-06-12T15:07:36Z,18.428,21.428
arxiv:2603.17851v1,DexViTac: Collecting Human Visuo-Tactile-Kinematic Demonstrations for Contact-Rich Dexterous Manipulation,"Large-scale, high-quality multimodal demonstrations are essential for robot learning of contact-rich dexterous manipulation. While human-centric data collection systems lower the barrier to scaling, they struggle to capture the tactile information during physical interactions. Motivated by this, we present DexViTac, a portable, human-centric data collection system tailored for contact-rich dexterous manipulation. The system enables the high-fidelity acquisition of first-person vision, high-density tactile sensing, end-effector poses, and hand kinematics within unstructured, in-the-wild environments. Building upon this hardware, we propose a kinematics-grounded tactile representation learning algorithm that effectively resolves semantic ambiguities within tactile signals. Leveraging the efficiency of DexViTac, we construct a multimodal dataset comprising over 2,400 visuo-tactile-kinematic",2026,arXiv,Xitong Chen; Yifeng Pan; Min Li; Xiaotian Ding,,2603.17851v1,http://arxiv.org/abs/2603.17851v1,arxiv,contact rich manipulation learning,concept,contact,,,contact rich manipulation; dexterous manipulation; occlusion; deployment,2026-06-12T14:45:03Z,19.200,21.200
arxiv:2509.14688v1,exUMI: Extensible Robot Teaching System with Action-aware Task-agnostic Tactile Representation,"Tactile-aware robot learning faces critical challenges in data collection and representation due to data scarcity and sparsity, and the absence of force feedback in existing systems. To address these limitations, we introduce a tactile robot learning system with both hardware and algorithm innovations. We present exUMI, an extensible data collection device that enhances the vanilla UMI with robust proprioception (via AR MoCap and rotary encoder), modular visuo-tactile sensing, and automated calibration, achieving 100% data usability. Building on an efficient collection of over 1 M tactile frames, we propose Tactile Prediction Pretraining (TPP), a representation learning framework through action-aware temporal tactile prediction, capturing contact dynamics and mitigating tactile sparsity. Real-world experiments show that TPP outperforms traditional tactile imitation learning. Our work bri",2025,arXiv,Yue Xu; Litao Wei; Pengyu An; Qingyu Zhang; Yong-Lu Li,,2509.14688v1,http://arxiv.org/abs/2509.14688v1,arxiv,tactile language action robotics,concept,tactile,,,contact rich manipulation; contact dynamics; proprioception; imitation learning; limitation,2026-06-12T14:45:03Z,19.200,21.200
doi:10.1002/asjc.3768,Hybrid FOPID and DL on EMG signals for gait phases classification to rehabilitation robot control: A comparative study,"Abstract Rehabilitation after neurological or musculoskeletal impairments requires accurate detection and prediction of gait phases to support motor recovery and ensure safe, adaptive assistance. However, traditional assessment techniques often depend on subjective clinical evaluations, lacking the precision and responsiveness needed for real‐time robotic interventions. To overcome these limitations, we propose a hybrid intelligent rehabilitation system that combines machine learning (ML) models with fractional order proportional‐integral‐derivative (FOPID) controllers for enhanced gait phase classification and trajectory correction. The proposed methodology integrates electromyography (EMG) signals, joint angle kinematics (hip and knee), and foot pressure data of 1000 samples to train and evaluate three machine learning models: random forest (RF), support vector machine (SVM), and long ",2026,Asian Journal of Control,Intissar Zaway,10.1002/asjc.3768,,https://doi.org/10.1002/asjc.3768,crossref,hybrid systems robot control manipulation,anti_myopia,control,,1,hybrid systems; limitation; robustness,2026-06-12T15:07:36Z,14.897,20.897
arxiv:2509.19047v1,ManipForce: Force-Guided Policy Learning with Frequency-Aware Representation for Contact-Rich Manipulation,"Contact-rich manipulation tasks such as precision assembly require precise control of interaction forces, yet existing imitation learning methods rely mainly on vision-only demonstrations. We propose ManipForce, a handheld system designed to capture high-frequency force-torque (F/T) and RGB data during natural human demonstrations for contact-rich manipulation. Building on these demonstrations, we introduce the Frequency-Aware Multimodal Transformer (FMT). FMT encodes asynchronous RGB and F/T signals using frequency- and modality-aware embeddings and fuses them via bi-directional cross-attention within a transformer diffusion policy. Through extensive experiments on six real-world contact-rich manipulation tasks - such as gear assembly, box flipping, and battery insertion - FMT trained on ManipForce demonstrations achieves robust performance with an average success rate of 83% across all",2025,arXiv,Geonhyup Lee; Yeongjin Lee; Kangmin Kim; Seongju Lee; Sangjun Noh; Seunghyeok Back; Kyoobin Lee,,2509.19047v1,http://arxiv.org/abs/2509.19047v1,arxiv,contact rich manipulation learning,concept,contact,,,diffusion policy; contact rich manipulation; imitation learning; human demonstration; ablation,2026-06-12T14:45:03Z,18.850,20.850
doi:10.1177/0142331215583327,Identification of a vertical hopping robot model via harmonic transfer functions,"A common approach to understanding and controlling robotic legged locomotion is the construction and analysis of simplified mathematical models that capture essential features of locomotor behaviours. However, the representational power of such simple mathematical models is inevitably limited due to the non-linear and complex nature of biological locomotor systems. Attempting to identify and explicitly incorporate key non-linearities into the model is challenging, increases complexity, and decreases the analytic utility of the resulting models. In this paper, we adopt a data-driven approach, with the goal of furnishing an input–output representation of a locomotor system. Our method is based on approximating the hybrid dynamics of a legged locomotion model around its limit cycle as a Linear Time Periodic (LTP) system. Perturbing inputs to the locomotor system with small chirp signals yie",2016,Transactions of the Institute of Measurement and Control,İsmail Uyanık; Mustafa M. Ankaralı; Noah J. Cowan; Uluç Saranlı; Ömer Morgül,10.1177/0142331215583327,,https://doi.org/10.1177/0142331215583327,crossref,control barrier functions robot learning,anti_myopia,control,,12,system identification; control barrier function,2026-06-12T15:07:36Z,17.732,20.732
doi:10.56028/aetr.15.1.1423.2025,RT-2: Vision-Language-Action Models for Generalizable Robotic Control: A Comprehensive Review,"Recent advances in large-scale vision-language models (VLMs) have opened new pathways for robotic learning and control. Google DeepMind’s Robotics Transformer 2 (RT-2) represents a transformative step by integrating pre-trained internet-scale multimodal models with physical robotic systems. RT-2 reconceptualizes robot actions as a symbolic language, enabling seamless knowledge transfer from web-scale data to low-level manipulation through action tokenization and co-fine-tuning. This review presents a comprehensive analysis of RT-2’s architecture, training methodology, and empirical performance, highlighting its significant improvements in zero-shot generalization, emergent reasoning abilities, and real-world deployment capacity. The paper also examines critical limitations such as physical precision, safety concerns, and computational requirements, offering insights into future direction",2025,Advances in Engineering Technology Research,Austin Zhou,10.56028/aetr.15.1.1423.2025,,https://doi.org/10.56028/aetr.15.1.1423.2025,crossref,vision language action model limitation robotics,hostile,failure,,1,vision language action model; human robot interaction; limitation; generalization; deployment,2026-06-12T14:45:03Z,12.647,20.647
doi:10.1109/lra.2021.3084880,Zero-Shot Sim-to-Real Transfer of Tactile Control Policies for Aggressive Swing-Up Manipulation,,2021,IEEE Robotics and Automation Letters,Thomas Bi; Carmelo Sferrazza; Raffaello D’Andrea,10.1109/lra.2021.3084880,,https://doi.org/10.1109/lra.2021.3084880,crossref,sim to real robot manipulation,concept,sim2real,,30,robot manipulation; sim to real transfer,2026-06-12T14:45:03Z,19.517,20.517
doi:10.1109/icra46639.2022.9811957,Real-Time Multi-Contact Model Predictive Control via ADMM,,2022,2022 International Conference on Robotics and Automation (ICRA),Alp Aydinoglu; Michael Posa,10.1109/icra46639.2022.9811957,,https://doi.org/10.1109/icra46639.2022.9811957,crossref,foundation model limitation robotics,anti_myopia,anti_thesis,,36,model predictive control; limitation; foundation model limitation robotics,2026-06-12T15:07:36Z,15.405,20.405
arxiv:2103.00410v2,Sim-to-Real Transfer for Robotic Manipulation with Tactile Sensory,"Reinforcement Learning (RL) methods have been widely applied for robotic manipulations via sim-to-real transfer, typically with proprioceptive and visual information. However, the incorporation of tactile sensing into RL for contact-rich tasks lacks investigation. In this paper, we model a tactile sensor in simulation and study the effects of its feedback in RL-based robotic control via a zero-shot sim-to-real approach with domain randomization. We demonstrate that learning and controlling with feedback from tactile sensor arrays at the gripper, both in simulation and reality, can enhance grasping stability, which leads to a significant improvement in robotic manipulation performance for a door opening task. In real-world experiments, the door open angle was increased by 45% on average for transferred policies with tactile sensing over those without it.",2021,arXiv,Zihan Ding; Ya-Yen Tsai; Wang Wei Lee; Bidan Huang,,2103.00410v2,http://arxiv.org/abs/2103.00410v2,arxiv,sim to real robot manipulation,concept,sim2real,,,robot manipulation; sim to real transfer; domain randomization,2026-06-12T14:45:03Z,18.400,20.400
doi:10.1109/lra.2023.3329764,Self-Supervised Regression of sEMG Signals Combining Non-Negative Matrix Factorization With Deep Neural Networks for Robot Hand Multiple Grasping Motion Control,,2023,IEEE Robotics and Automation Letters,Roberto Meattini; Alessio Caporali; Alessandra Bernardini; Gianluca Palli; Claudio Melchiorri,10.1109/lra.2023.3329764,,https://doi.org/10.1109/lra.2023.3329764,crossref,EBM transformer robotics robot hand,concept,architecture_x_embodiment,,9,EBM transformer robotics; robot hand,2026-06-12T15:07:36Z,19.351,20.351
arxiv:2410.20542v2,PaPaGei: Open Foundation Models for Optical Physiological Signals,"Photoplethysmography (PPG) is the leading non-invasive technique for monitoring biosignals and cardiovascular health, with widespread adoption in both clinical settings and consumer wearable devices. While machine learning models trained on PPG signals have shown promise, they tend to be task-specific and struggle with generalization. Current research is limited by the use of single-device datasets, insufficient exploration of out-of-domain generalization, and a lack of publicly available models, which hampers reproducibility. To address these limitations, we present PaPaGei, the first open foundation model for PPG signals. The model is pre-trained on over 57,000 hours of data, comprising 20 million unlabeled PPG segments from publicly available datasets. We introduce a novel representation learning approach that leverages domain knowledge of PPG signal morphology across individuals, ena",2024,arXiv,Arvind Pillai; Dimitris Spathis; Fahim Kawsar; Mohammad Malekzadeh,,2410.20542v2,http://arxiv.org/abs/2410.20542v2,arxiv,robot foundation model failure mode,hostile,failure,,,robot foundation model; self supervised learning; failure mode; limitation; benchmark; generalization; robustness; reproducibility,2026-06-12T14:45:03Z,12.300,20.300
arxiv:2603.19201v2,OmniVTA: Visuo-Tactile World Modeling for Contact-Rich Robotic Manipulation,"Contact-rich manipulation tasks, such as wiping and assembly, require accurate perception of contact forces, friction changes, and state transitions that cannot be reliably inferred from vision alone. Despite growing interest in visuo-tactile manipulation, progress is constrained by two persistent limitations: existing datasets are small in scale and narrow in task coverage, and current methods treat tactile signals as passive observations rather than using them to model contact dynamics or enable closed-loop control explicitly. In this paper, we present \textbf{OmniViTac}, a large-scale visuo-tactile-action dataset comprising $21{,}000+$ trajectories across $86$ tasks and $100+$ objects, organized into six physics-grounded interaction patterns. Building on this dataset, we propose \textbf{OmniVTA}, a world-model-based visuo-tactile manipulation framework that integrates four tightly cou",2026,arXiv,Yuhang Zheng; Songen Gu; Weize Li; Yupeng Zheng; Yujie Zang; Shuai Tian; Xiang Li; Ce Hao; Chen Gao; Si Liu; Haoran Li; Yilun Chen; Shuicheng Yan; Wenchao Ding,,2603.19201v2,http://arxiv.org/abs/2603.19201v2,arxiv,world action model robotics,concept,wam,,,world action model; contact rich manipulation; contact dynamics; limitation,2026-06-12T14:45:03Z,19.200,20.200
doi:10.1109/tro.2024.3351554,Fast Contact-Implicit Model Predictive Control,,2024,IEEE Transactions on Robotics,Simon Le Cleac'h; Taylor A. Howell; Shuo Yang; Chi-Yen Lee; John Zhang; Arun Bishop; Mac Schwager; Zachary Manchester,10.1109/tro.2024.3351554,,https://doi.org/10.1109/tro.2024.3351554,crossref,model predictive control robot learning,anti_myopia,control,,80,model predictive control,2026-06-12T15:07:36Z,16.197,20.197
doi:10.1115/dscc2016-9813,Parameter-Varying Loop-Shaping for Delayed Air-Fuel Ratio Control in Lean-Burn SI Engines,"Dynamic systems with time-varying delay in the control input are studied in the present paper. The delay is considered as a varying parameter and Padé approximation is applied to transfer the infinite-dimensional delay problem into a finite-dimensional paradigm represented in the form of a non-minimum phase system (NMP). Inherited delay characteristics are now represented through unstable internal dynamics for the NMP system, which poses restrictions on the achievable control bandwidth thereby resulting in an imperfect tracking performance and poor stability condition. Presented in this paper, is a methodical parameter-varying loop-shaping control design approach, which simultaneously satisfy a variety of control requirements and offer an insight into the limitations posed by the NMP representation. The suggested method is then applied to fueling control in lean-burn gasoline engines add",2016,"Volume 1: Advances in Control Design Methods, Nonlinear and Optimal Control, Robotics, and Wind Energy Systems; Aerospace Applications; Assistive and Rehabilitation Robotics; Assistive Robotics; Battery and Oil and Gas Systems; Bioengineering Applications; Biomedical and Neural Systems Modeling, Diagnostics and Healthcare; Control and Monitoring of Vibratory Systems; Diagnostics and Detection; Energy Harvesting; Estimation and Identification; Fuel Cells/Energy Storage; Intelligent Transportation",Shahin Tasoujian; Behrouz Ebrahimi; Karolos Grigoriadis; Matthew Franchek,10.1115/dscc2016-9813,,https://doi.org/10.1115/dscc2016-9813,crossref,classical control robotics,anti_myopia,anti_thesis,,3,limitation; robustness; classical control robotics,2026-06-12T15:07:36Z,13.143,20.143
doi:10.1002/rcs.2325,SuP‐Ring: A pneumatic tactile display with substitutional representation of contact force components using normal indentation,"Abstract Background Shear force is important for tumour detection and can contribute to minimally invasive surgery (MIS). A popular method uses lateral skin stretch to produce shear force but has some limitations. Methods We have developed a ring‐type pneumatic tactile display that employs normal indentation substituted for lateral skin stretch to represent normal and shear feedback, called SuP‐Ring. Psychophysical experiments were conducted to evaluate how users perceive the provided feedback and the effectiveness of SuP‐Ring in tumour localisation. Results The experimental results show that the participants could perceive the provided normal and shear feedback well. Shear feedback enables users to enhance their performance in localising the tumour and normal feedback could contribute to ensuring the safety requirements in MIS. Conclusions The proposed tactile display could be useful fo",2021,The International Journal of Medical Robotics and Computer Assisted Surgery,Hoang Hiep Ly; Yoshihiro Tanaka; Michitaka Fujiwara,10.1002/rcs.2325,,https://doi.org/10.1002/rcs.2325,crossref,tactile language action robotics,concept,tactile,,5,limitation,2026-06-12T15:07:36Z,19.046,20.046
doi:10.1109/tro.2020.3046415,Representation-Free Model Predictive Control for Dynamic Motions in Quadrupeds,,2021,IEEE Transactions on Robotics,Yanran Ding; Abhishek Pandala; Chuanzheng Li; Young-Ha Shin; Hae-Won Park,10.1109/tro.2020.3046415,,https://doi.org/10.1109/tro.2020.3046415,crossref,model predictive control robot learning,anti_myopia,control,,171,model predictive control,2026-06-12T15:07:36Z,15.974,19.974
doi:10.1109/tcyb.2020.2999556,Efficient Representation and Approximation of Model Predictive Control Laws via Deep Learning,,2020,IEEE Transactions on Cybernetics,Benjamin Karg; Sergio Lucia,10.1109/tcyb.2020.2999556,,https://doi.org/10.1109/tcyb.2020.2999556,crossref,model predictive control robot learning,anti_myopia,control,,253,model predictive control,2026-06-12T15:07:36Z,15.969,19.969
doi:10.52783/jisem.v10i50s.10219,Self-Supervised Learning for Generalizable AI: Bridging the Gap Between Pretraining and Real-World Deployment,Representation learning received a breakthrough with self-supervised learning (SSL) because it uses big unlabeled datasets to remove the need for human annotation. The robustness of SSL models weakens quickly during real-world deployment because they struggle to perform well in domain shift situations and out-of-distribution (OOD) environments. The critical limitation of poor generalization across different environments receives a solution from this research through the creation of Causal-Contrastive Self-Supervised Learning (C2SSL) which merges contrastive learning with causal inference to discover invariant features. The main breakthrough stems from constructing causal models of data structures to make models focus on constant features while decreasing the impact of spurious pattern correlations that normally degrade generalization results. The evaluation of our method occurs in three ,2025,Journal of Information Systems Engineering and Management,Mohammed Basil Abdulkareem,10.52783/jisem.v10i50s.10219,,https://doi.org/10.52783/jisem.v10i50s.10219,crossref,real world robot learning deployment,concept,deployment,,,self supervised learning; limitation; generalization; out of distribution; robustness; ablation; deployment,2026-06-12T15:07:36Z,10.950,19.950
arxiv:2403.16046v1,Digital control of negative imaginary systems: a discrete-time hybrid integrator-gain system approach,"A hybrid integrator-gain system (HIGS) is a control element that switches between an integrator and a gain, which overcomes some inherent limitations of linear controllers. In this paper, we consider using discrete-time HIGS controllers for the digital control of negative imaginary (NI) systems. We show that the discrete-time HIGS themselves are step-advanced negative imaginary systems. For a minimal linear NI system, there always exists a HIGS controller that can asymptotically stablize it. An illustrative example is provided, where we use the proposed HIGS control method to stabilize a discrete-time mass-spring system.",2024,arXiv,Kanghong Shi; Ian R. Petersen,,2403.16046v1,http://arxiv.org/abs/2403.16046v1,arxiv,hybrid systems robot control manipulation,anti_myopia,control,,,hybrid systems; limitation,2026-06-12T15:07:36Z,14.900,19.900
doi:10.1109/icra55743.2025.11127605,Reduced-Order Model Guided Contact-Implicit Model Predictive Control for Humanoid Locomotion,,2025,2025 IEEE International Conference on Robotics and Automation (ICRA),Sergio A. Esteban; Vince Kurtz; Adrian B. Ghansah; Aaron D. Ames,10.1109/icra55743.2025.11127605,,https://doi.org/10.1109/icra55743.2025.11127605,crossref,foundation model limitation robotics,anti_myopia,anti_thesis,,3,model predictive control; limitation; foundation model limitation robotics,2026-06-12T15:07:36Z,14.893,19.893
doi:10.1109/robot.1996.509203,A full tactile sensing suite for dextrous robot hands and use in contact force control,"A full tactile sensing suite for the finger segments and palm of the Utah/MIT dextrous hand is presented. The rubber-based sensors employ capacitance sensing and floating electrodes in the top layer, and contain local electronics for excitation, filtering, analog-to-digital conversion, and serial communication. Experimental results on static, dynamic, and spatial properties are presented. Use of the tactile sensor in contact force control is demonstrated.",2002,,D N Johnston; Ping Zhang; John M. Hollerbach; S.C. Jacobsen,10.1109/robot.1996.509203,,https://doi.org/10.1109/robot.1996.509203,openalex,robotics,concept,openalex_bulk_robotics,,78,robot hand; force control,2026-06-12T18:57:17Z,19.885,19.885
arxiv:2604.23609v1,Tube Diffusion Policy: Reactive Visual-Tactile Policy Learning for Contact-rich Manipulation,"Contact-rich manipulation is central to many everyday human activities, requiring continuous adaptation to contact uncertainty and external disturbances through multi-modal perception, particularly vision and tactile feedback. While imitation learning has shown strong potential for learning complex manipulation behaviors, most existing approaches rely on action chunking, which fundamentally limits their ability to react to unforeseen observations during execution. This limitation becomes especially critical in contact-rich scenarios, where physical uncertainty and high-frequency tactile feedback demand rapid, reactive control. To address this challenge, we propose Tube Diffusion Policy (TDP), a novel reactive visual-tactile policy learning framework that bridges diffusion-based imitation learning with tube-based feedback control. By leveraging the expressive power of generative models, T",2026,arXiv,Teng Xue; Alberto Rigo; Bingjian Huang; Jiayi Shen; Zhengtong Xu; Nick Colonnese; Amirhossein H. Memar,,2604.23609v1,http://arxiv.org/abs/2604.23609v1,arxiv,contact rich manipulation learning,concept,contact,,,diffusion policy; contact rich manipulation; dexterous manipulation; imitation learning; limitation; benchmark,2026-06-12T14:45:03Z,16.850,19.850
doi:10.1109/icra48891.2023.10161158,Simultaneous Tactile Estimation and Control of Extrinsic Contact,,2023,2023 IEEE International Conference on Robotics and Automation (ICRA),Sangwoon Kim; Devesh K. Jha; Diego Romeres; Parag Patre; Alberto Rodriguez,10.1109/icra48891.2023.10161158,,https://doi.org/10.1109/icra48891.2023.10161158,crossref,tactile language action robotics,concept,tactile,,25,,2026-06-12T15:07:36Z,19.829,19.829
doi:10.3390/pr11010197,Deep Transfer Learning for Approximate Model Predictive Control,"Transfer learning is a machine learning technique that takes a pre-trained model that has already been trained on a related task, and adapts it for use on a new, related task. This is particularly useful in the context of model predictive control (MPC), where deep transfer learning is used to improve the training of the MPC by leveraging the knowledge gained from related controllers. One way in which transfer learning is applied in the context of MPC is by using a pre-trained deep learning model of the MPC, and then fine-tuning the controller training for a new process automation task. This is similar to how an equipment operator quickly learns to manually control a new processing unit because of related skills learned from controlling the prior unit. This reduces the amount of data required to train the approximate MPC controller, and also improves the performance on the target system. ",2023,Processes,Samuel Arce Munoz; Junho Park; Cristina M. Stewart; Adam M. Martin; John D. Hedengren,10.3390/pr11010197,,https://doi.org/10.3390/pr11010197,crossref,model predictive control robot learning,anti_myopia,control,,13,model predictive control,2026-06-12T15:07:36Z,15.820,19.820
doi:10.1109/robot.1989.100211,Human/robot interaction via the transfer of power and information signals. I. Dynamics and control analysis,"Extenders, a class of robot manipulators worn by humans to increase human mechanical strength while the wearer's intellect remains the central intelligent control system for manipulating the extender, are characterized, with a focus on the issues of the dynamics and control of human-machine interaction in the sense of the transfer of power and information signals. General models of the human, the extender, and the interaction between the human and the extender are developed. Unstructured modeling is chosen to include all the dynamics in the systems and to avoid specific models. The stability of the system of human, extender, and object being manipulated is analyzed, and the conditions for stable maneuvers derived. An expression for the performance of the extender is defined as a means to quantify the force augmentation. The tradeoff between stability and performance is described. >",2003,,H. Kazerooni,10.1109/robot.1989.100211,,https://doi.org/10.1109/robot.1989.100211,openalex,robotics,concept,openalex_bulk_robotics,,63,human robot interaction,2026-06-12T18:57:17Z,19.779,19.779
doi:10.48550/arxiv.2307.15818,RT-2: Vision-Language-Action Models Transfer Web Knowledge to Robotic Control,"We study how vision-language models trained on Internet-scale data can be incorporated directly into end-to-end robotic control to boost generalization and enable emergent semantic reasoning. Our goal is to enable a single end-to-end trained model to both learn to map robot observations to actions and enjoy the benefits of large-scale pretraining on language and vision-language data from the web. To this end, we propose to co-fine-tune state-of-the-art vision-language models on both robotic trajectory data and Internet-scale vision-language tasks, such as visual question answering. In contrast to other approaches, we propose a simple, general recipe to achieve this goal: in order to fit both natural language responses and robotic actions into the same format, we express the actions as text tokens and incorporate them directly into the training set of the model in the same way as natural ",2023,arXiv (Cornell University),Anthony Brohan; Noah Brown; Justice Carbajal; Yevgen Chebotar; Xi Chen; Krzysztof Choromański; Tianli Ding; Danny Driess; Avinava Dubey; Chelsea Finn; Pete Florence; Chuyuan Fu; Montse Gonzalez Arenas; Keerthana Gopalakrishnan; Kehang Han; Karol Hausman; Alexander Herzog; Jasmine Hsu; Brian Ichter; Alex Irpan,10.48550/arxiv.2307.15818,,https://doi.org/10.48550/arxiv.2307.15818,openalex,robotics,concept,openalex_bulk_robotics,,267,vision language action model; generalization,2026-06-12T18:57:17Z,18.745,19.745
arxiv:2310.15828v1,Negative Imaginary Control Using Hybrid Integrator-Gain Systems: Application to MEMS Nanopositioner,"In this paper, we propose a new approach to address the control problem for negative imaginary (NI) systems by using hybrid integrator-gain systems (HIGS). We investigate the single HIGS of its original form and its two variations, including a multi-HIGS and the serial cascade of two HIGS. A single HIGS is shown to be a nonlinear negative imaginary system, and so is the multi-HIGS and the cascade of two HIGS. We show that these three types of HIGS can be used as controllers to asymptotically stabilize linear NI systems. The results of this paper are then illustrated in a real-world experiment where a 2-DOF microelectromechanical system nanopositioner is stabilized by a multi-HIGS.",2023,arXiv,Kanghong Shi; Nastaran Nikooienejad; Ian R. Petersen; S. O. Reza Moheimani,,2310.15828v1,http://arxiv.org/abs/2310.15828v1,arxiv,hybrid systems robot control manipulation,anti_myopia,control,,,hybrid systems,2026-06-12T15:07:36Z,14.700,19.700
arxiv:2405.07237v1,Soft Contact Simulation and Manipulation Learning of Deformable Objects with Vision-based Tactile Sensor,"Deformable object manipulation is a classical and challenging research area in robotics. Compared with rigid object manipulation, this problem is more complex due to the deformation properties including elastic, plastic, and elastoplastic deformation. In this paper, we describe a new deformable object manipulation method including soft contact simulation, manipulation learning, and sim-to-real transfer. We propose a novel approach utilizing Vision-Based Tactile Sensors (VBTSs) as the end-effector in simulation to produce observations like relative position, squeezed area, and object contour, which are transferable to real robots. For a more realistic contact simulation, a new simulation environment including elastic, plastic, and elastoplastic deformations is created. We utilize RL strategies to train agents in the simulation, and expert demonstrations are applied for challenging tasks. ",2024,arXiv,Jianhua Shan; Yuhao Sun; Shixin Zhang; Fuchun Sun; Zixi Chen; Zirong Shen; Cesare Stefanini; Yiyong Yang; Shan Luo; Bin Fang,,2405.07237v1,http://arxiv.org/abs/2405.07237v1,arxiv,deformable object manipulation robot learning,concept,deformable,,,deformable object manipulation; sim to real transfer; robustness,2026-06-12T15:07:36Z,16.650,19.650
doi:10.3390/robotics15010022,Vision-Guided Grasp Planning for Prosthetic Hands with AABB-Based Object Representation,"Recent advancements in prosthetic technology have increasingly focused on enhancing dexterity and autonomy through intelligent control systems. Vision-based approaches offer promising results for enabling prosthetic hands to interact more naturally with diverse objects in dynamic environments. Building on this foundation, the paper presents a vision-guided grasping algorithm for a prosthetic hand, integrating perception, planning, and control for dexterous manipulation. A camera mounted on the set up captures the scene, and a Bounding Volume Hierarchy (BVH)-based vision algorithm is employed to segment an object for grasping and define its bounding box. Grasp contact points are then computed by generating candidate trajectories using Rapidly-exploring Random Tree Star (RRT*) algorithm, and selecting fingertip end poses based on the minimum Euclidean distance between these trajectories an",2026,Robotics,Shifa Sulaiman; Akash Bachhar; Ming Shen; Simon Bøgh,10.3390/robotics15010022,,https://doi.org/10.3390/robotics15010022,crossref,vision language action model limitation robotics,hostile,failure,,1,vision language action model; dexterous manipulation; limitation,2026-06-12T15:07:36Z,14.647,19.647
doi:10.1109/lra.2024.3475052,Whole-Body Multi-Contact Motion Control for Humanoid Robots Based on Distributed Tactile Sensors,,2024,IEEE Robotics and Automation Letters,Masaki Murooka; Kensuke Fukumitsu; Marwan Hamze; Mitsuharu Morisawa; Hiroshi Kaminaga; Fumio Kanehiro; Eiichi Yoshida,10.1109/lra.2024.3475052,,https://doi.org/10.1109/lra.2024.3475052,crossref,whole body manipulation humanoid,concept,humanoid,,11,humanoid robot,2026-06-12T14:45:03Z,19.642,19.642
arxiv:2210.03836v1,Learning the Dynamics of Compliant Tool-Environment Interaction for Visuo-Tactile Contact Servoing,"Many manipulation tasks require the robot to control the contact between a grasped compliant tool and the environment, e.g. scraping a frying pan with a spatula. However, modeling tool-environment interaction is difficult, especially when the tool is compliant, and the robot cannot be expected to have the full geometry and physical properties (e.g., mass, stiffness, and friction) of all the tools it must use. We propose a framework that learns to predict the effects of a robot's actions on the contact between the tool and the environment given visuo-tactile perception. Key to our framework is a novel contact feature representation that consists of a binary contact value, the line of contact, and an end-effector wrench. We propose a method to learn the dynamics of these contact features from real world data that does not require predicting the geometry of the compliant tool. We then propo",2022,arXiv,Mark Van der Merwe; Dmitry Berenson; Nima Fazeli,,2210.03836v1,http://arxiv.org/abs/2210.03836v1,arxiv,contact dynamics robot learning,concept,contact,,,contact dynamics; tactile perception,2026-06-12T14:45:03Z,18.600,19.600
doi:10.1109/icra55743.2025.11128094,Canonical Representation and Force-Based Pretraining of 3D Tactile for Dexterous Visuo-Tactile Policy Learning,,2025,2025 IEEE International Conference on Robotics and Automation (ICRA),Tianhao Wu; Jinzhou Li; Jiyao Zhang; Mingdong Wu; Hao Dong,10.1109/icra55743.2025.11128094,,https://doi.org/10.1109/icra55743.2025.11128094,crossref,tactile language action robotics,concept,tactile,,6,,2026-06-12T14:45:03Z,19.573,19.573
doi:10.1109/lra.2023.3303830,Improving the Representation and Extraction of Contact Information in Vision-Based Tactile Sensors Using Continuous Marker Pattern,,2023,IEEE Robotics and Automation Letters,Mingxuan Li; Yen Hang Zhou; Tiemin Li; Yao Jiang,10.1109/lra.2023.3303830,,https://doi.org/10.1109/lra.2023.3303830,crossref,tactile language action robotics,concept,tactile,,14,,2026-06-12T15:07:36Z,19.554,19.554
doi:10.18196/jrc.v6i6.27506,Survey of Bipedal Robot Control: A Functional Classification by Control Objectives,"Bipedal robot control remains one of robotics’ most demanding problems, requiring solutions that can ensure stability, adapt to diverse terrains, and operate in real time. This research contribution is to guide researchers in selecting or designing control architectures for bipedal robots by mapping four primary control objectives: (i) balance and stability control, (ii) gait generation and locomotion planning, (iii) foot-ground interaction, and (iv) adaptive control and learning. The paper reviews foundational and emerging techniques, including Linear Inverted Pendulum Model (LIPM), Model Predictive Control (MPC), fuzzy logic, reinforcement learning, and sensor-based adaptations. Comparative tables and a taxonomic framework enable easy cross-comparison among methodologies, highlighting functional roles, target environments, and performance aspects. While MPC provides predictive optimiza",2025,Journal of Robotics and Control (JRC),Wrastawa Ridwan; Muhammad Faizan Mysorewala,10.18196/jrc.v6i6.27506,,https://doi.org/10.18196/jrc.v6i6.27506,crossref,control barrier functions robot learning,anti_myopia,control,,,sim to real transfer; control barrier function; model predictive control; motion planning; limitation; robustness,2026-06-12T15:07:36Z,11.550,19.550
arxiv:2602.00514v2,A Low-Cost Vision-Based Tactile Gripper with Pretraining Learning for Contact-Rich Manipulation,"Robotic manipulation in contact-rich environments remains challenging, particularly when relying on conventional tactile sensors that suffer from limited sensing range, reliability, and cost-effectiveness. In this work, we present LVTG, a low-cost visuo-tactile gripper designed for stable, robust, and efficient physical interaction. Unlike existing visuo-tactile sensors, LVTG enables more effective and stable grasping of larger and heavier everyday objects, thanks to its enhanced tactile sensing area and greater opening angle. Its surface skin is made of highly wear-resistant material, significantly improving durability and extending operational lifespan. The integration of vision and tactile feedback allows LVTG to provide rich, high-fidelity sensory data, facilitating reliable perception during complex manipulation tasks. Furthermore, LVTG features a modular design that supports rapid ",2026,arXiv,Yaohua Liu; Binkai Ou; Zicheng Qiu; Ce Hao; Hengjun Zhang,,2602.00514v2,http://arxiv.org/abs/2602.00514v2,arxiv,contact rich manipulation learning,concept,contact,,,contact rich manipulation; tactile perception,2026-06-12T14:45:03Z,19.500,19.500
doi:10.3390/robotics10010032,Adaptive Position/Force Control of a Robotic Manipulator in Contact with a Flexible and Uncertain Environment,"The present paper concerns the synthesis of robot movement control systems in the cases of disturbances of natural position constraints, which are the result of surface susceptibility and inaccuracies in its description. The study contains the synthesis of control laws, in which the knowledge of parameters of the susceptible environment is not required, and which guarantee stability of the system in the case of an inaccurately described contact surface. The novelty of the presented solution is based on introducing an additional module to the control law in directions normal to the interaction surface, which allows for a fluent change of control strategy in the case of occurrence of distortions in the surface. An additional module in the control law is perceived as a virtual viscotic resistance force and resilient environment acting upon the robot. This interpretation facilitates intuitiv",2021,Robotics,Piotr Gierlak,10.3390/robotics10010032,,https://doi.org/10.3390/robotics10010032,crossref,classical control robotics,anti_myopia,anti_thesis,,13,force control; classical control robotics,2026-06-12T15:07:36Z,15.420,19.420
doi:10.1109/lra.2021.3139675,Unified Method for Task-Space Motion/Force/Impedance Control of Manipulator With Unknown Contact Reaction Strategy,,2022,IEEE Robotics and Automation Letters,Yinjie Lin; Zheng Chen; Bin Yao,10.1109/lra.2021.3139675,,https://doi.org/10.1109/lra.2021.3139675,crossref,task and motion planning robotics,anti_myopia,classic,,35,impedance control; motion planning; task and motion planning,2026-06-12T15:07:36Z,15.392,19.392
doi:10.1126/scirobotics.ady2869,Visual-tactile pretraining and online multitask learning for humanlike manipulation dexterity,"Achieving humanlike dexterity with anthropomorphic multifingered robotic hands requires precise finger coordination. However, dexterous manipulation remains highly challenging because of high-dimensional action-observation spaces, complex hand-object contact dynamics, and frequent occlusions. To address this, we drew inspiration from the human learning paradigm of observation and practice and propose a two-stage learning framework by learning visual-tactile integration representations via self-supervised learning from human demonstrations. We trained a unified multitask policy through reinforcement learning and online imitation learning. This decoupled learning enabled the robot to acquire generalizable manipulation skills using only monocular images and simple binary tactile signals. With the unified policy, we built a multifingered hand manipulation system that performs multiple compli",2026,Science Robotics,Qi Ye; Qingtao Liu; Siyun Wang; Jiaying Chen; Yu Cui; Ke Jin; Huajin Chen; Xuan Cai; Gaofeng Li; Jiming Chen,10.1126/scirobotics.ady2869,,https://doi.org/10.1126/scirobotics.ady2869,crossref,robot world models manipulation,concept,world_models,,3,robot world model; dexterous manipulation; contact dynamics; imitation learning; self supervised learning; human demonstration; occlusion,2026-06-12T15:07:36Z,19.343,19.343
doi:10.1016/j.enbuild.2024.114135,Application of transfer learning to overcome data imbalance and extrapolation for model predictive control: A real-life case,,2024,Energy and Buildings,Seongkwon Cho; Seonjung Ra; Seohee Choi; Cheol Soo Park,10.1016/j.enbuild.2024.114135,,https://doi.org/10.1016/j.enbuild.2024.114135,crossref,model predictive control robot learning,anti_myopia,control,,13,model predictive control,2026-06-12T15:07:36Z,15.320,19.320
doi:10.15607/rss.2024.xx.135,Tactile-Driven Non-Prehensile Object Manipulation via Extrinsic Contact Mode Control,,2024,Robotics: Science and Systems XX,Miquel Oller; Dmitry Berenson; Nima Fazeli,10.15607/rss.2024.xx.135,,https://doi.org/10.15607/rss.2024.xx.135,crossref,contact rich manipulation learning,concept,contact,,5,contact rich manipulation,2026-06-12T14:45:03Z,19.296,19.296
doi:10.15607/rss.2025.xxi.054,ViTaSCOPE: Visuo-tactile Implicit Representation for In-hand Pose and Extrinsic Contact Estimation,,2025,Robotics: Science and Systems XXI,Jayjun Lee; Nima Fazeli,10.15607/rss.2025.xxi.054,,https://doi.org/10.15607/rss.2025.xxi.054,crossref,tactile language action robotics,concept,tactile,,3,,2026-06-12T14:45:03Z,19.293,19.293
doi:10.1002/aisy.202100047,Interactive Force Control Based on Multimodal Robot Skin for Physical Human−Robot Collaboration,"This work proposes and realizes a control architecture that can support the deployment of a large‐scale robot skin in a Human‐Robot Collaboration scenario. It is shown, how whole‐body tactile feedback can extend the capabilities of robots during dynamic interactions by providing information about multiple contacts across the robot's surface. Specifically, an uncalibrated skin system is used to implement stable force control while simultaneously handling the multi‐contact interactions of a user. The system formulates control tasks for force control, tactile guidance, collision avoidance, and compliance, and fuses them with a multi‐priority redundancy resolution strategy. The approach is evaluated on an omnidirectional mobile‐manipulator with dual arms covered with robot skin. Results are assessed under dynamic conditions, showing that multi‐modal tactile information enables robust force c",2022,Advanced Intelligent Systems,Simon Armleder; Emmanuel Dean-Leon; Florian Bergner; Gordon Cheng,10.1002/aisy.202100047,,https://doi.org/10.1002/aisy.202100047,crossref,hybrid systems robot control manipulation,anti_myopia,control,,25,force control; hybrid systems; deployment,2026-06-12T15:07:36Z,15.279,19.279
arxiv:2606.06281v1,Multi-Resolution Tactile Imitation Learning for Contact-Rich Robotic Manipulation,"Touch sensing is beneficial for solving a wide variety of manipulation tasks. While there exists a wide range of tactile sensors with different properties, exploiting the fusion of multiple heterogeneous tactile sensors to improve manipulation learning remains underexplored. We present Multi-Resolution Tactile Sensing (MiTaS), a representation framework that leverages multiple tactile sensors operating at different temporal resolutions in order to solve complex contact-rich manipulation tasks. We propose a novel architecture using modality-specific convolutional stems and transformer-based fusion that effectively fuses information from an RGB camera stream, a vision-based GelSight Mini sensor and a high-frequency event-based Evetac sensor. This multi-sensor representation then conditions a flow-matching policy for solving downstream tasks. Experimental results across five contact-rich ma",2026,arXiv,Rickmer Krohn; Erik Helmut; Niklas Funk; Jan Peters; Vignesh Prasad; Georgia Chalvatzaki,,2606.06281v1,http://arxiv.org/abs/2606.06281v1,arxiv,contact rich manipulation learning,concept,contact,,,flow matching policy; contact rich manipulation; imitation learning,2026-06-12T14:45:03Z,19.200,19.200
arxiv:2606.11184v1,TacForeSight: Force-Guided Tactile World Model for Contact-Rich Manipulation,"Contact-rich manipulation requires robots to continuously perceive and regulate evolving physical interactions under dynamic contact transitions or complex surface geometries. Recent imitation learning methods improve contact-aware control by incorporating tactile or force feedback, but they rarely model the asymmetric spatiotemporal roles of global force and local tactile sensing. To address this, we propose TacForeSight, a lightweight force-conditioned tactile foresight framework for real-time manipulation. The core component is TacForceWM, a tactile world model that predicts short-horizon tactile latent dynamics from dual-finger tactile observations conditioned on high-frequency wrist force and torque signals. Another key component, the Predictive Tactile-Conditioned Policy, leverages the predicted latents as anticipatory contact priors, models the current-to-future tactile evolution ",2026,arXiv,Yujie Zang; Yuhang Zheng; Xian Nie; Yupeng Zheng; Shuai Tian; Songen Gu; Chen Gao; Zining Wang; Shuicheng Yan; Wenchao Ding,,2606.11184v1,http://arxiv.org/abs/2606.11184v1,arxiv,contact rich manipulation learning,concept,contact,,,contact rich manipulation; imitation learning,2026-06-12T14:45:03Z,19.200,19.200
arxiv:2503.17501v1,Shear-based Grasp Control for Multi-fingered Underactuated Tactile Robotic Hands,"This paper presents a shear-based control scheme for grasping and manipulating delicate objects with a Pisa/IIT anthropomorphic SoftHand equipped with soft biomimetic tactile sensors on all five fingertips. These `microTac' tactile sensors are miniature versions of the TacTip vision-based tactile sensor, and can extract precise contact geometry and force information at each fingertip for use as feedback into a controller to modulate the grasp while a held object is manipulated. Using a parallel processing pipeline, we asynchronously capture tactile images and predict contact pose and force from multiple tactile sensors. Consistent pose and force models across all sensors are developed using supervised deep learning with transfer learning techniques. We then develop a grasp control framework that uses contact force feedback from all fingertip sensors simultaneously, allowing the hand to s",2025,arXiv,Christopher J. Ford; Haoran Li; Manuel G. Catalano; Matteo Bianchi; Efi Psomopoulou; Nathan F. Lepora,,2503.17501v1,http://arxiv.org/abs/2503.17501v1,arxiv,tactile language action robotics,concept,tactile,,,,2026-06-12T14:45:03Z,19.200,19.200
doi:10.1007/s43154-023-00099-8,Koopman Operators for Modeling and Control of Soft Robotics,"Abstract Purpose of Review We review recent advances in algorithmic development and validation for modeling and control of soft robots leveraging the Koopman operator theory. Recent Findings We identify the following trends in recent research efforts in this area. (1) The design of lifting functions used in the data-driven approximation of the Koopman operator is critical for soft robots. (2) Robustness considerations are emphasized. Works are proposed to reduce the effect of uncertainty and noise during the process of modeling and control. (3) The Koopman operator has been embedded into different model-based control structures to drive the soft robots. Summary Because of their compliance and nonlinearities, modeling and control of soft robots face key challenges. To resolve these challenges, Koopman operator-based approaches have been proposed, in an effort to express the nonlinear syst",2023,Current Robotics Reports,Lu Shi; Zhichao Liu; Konstantinos Karydis,10.1007/s43154-023-00099-8,,https://doi.org/10.1007/s43154-023-00099-8,crossref,classical control robotics,anti_myopia,anti_thesis,,28,robustness; classical control robotics,2026-06-12T15:07:36Z,13.184,19.184
arxiv:2205.06539v1,Reduced modelling and optimal control of epidemiological individual-based models with contact heterogeneity,"Modelling epidemics via classical population-based models suffers from shortcomings that so-called individual-based models are able to overcome, as they are able to take heterogeneity features into account, such as super-spreaders, and describe the dynamics involved in small clusters. In return, such models often involve large graphs which are expensive to simulate and difficult to optimize, both in theory and in practice. By combining the reinforcement learning philosophy with reduced models, we propose a numerical approach to determine optimal health policies for a stochastic epidemiological graph-model taking into account super-spreaders. More precisely, we introduce a deterministic reduced population-based model involving a neural network, and use it to derive optimal health policies through an optimal control approach. It is meant to faithfully mimic the local dynamics of the origin",2022,arXiv,C. Courtès; E. Franck; K. Lutz; L. Navoret; Y. Privat,,2205.06539v1,http://arxiv.org/abs/2205.06539v1,arxiv,optimal control robot manipulation,anti_myopia,anti_thesis,,,robot manipulation; optimal control robot manipulation,2026-06-12T15:07:36Z,14.150,19.150
doi:10.1002/rnc.6582,Dual‐mode robust model predictive control for the tracking control of nonholonomic mobile robot,"Abstract In this article, a novel dual‐mode robust model predictive control (MPC) approach is proposed for solving the tracking control problem of nonholonomic mobile robot with additive bounded disturbance. To reduce the negative effects of disturbance, and drive the state of real system closer to the one of nominal system, a robust reference signal is introduced into the cost function of MPC. In order to reduce the computation burden caused by online optimization of MPC and further improve the tracking accuracy, a dual‐mode control strucuture consisting of the robust MPC and the local nonlinear robust control is developed, in which the local nonlinear robust control law is applied within a specified terminal region. Finally, simulation results on the nonholonomic mobile robot are presented to show the validity of the proposed control approach.",2023,International Journal of Robust and Nonlinear Control,Huan Meng; Jinhui Zhang; Sihang Li,10.1002/rnc.6582,,https://doi.org/10.1002/rnc.6582,crossref,robot foundation model failure mode,hostile,failure,,11,robot foundation model; model predictive control; failure mode,2026-06-12T15:07:36Z,13.142,19.142
arxiv:2310.10509v1,Efficient Sim-to-real Transfer of Contact-Rich Manipulation Skills with Online Admittance Residual Learning,"Learning contact-rich manipulation skills is essential. Such skills require the robots to interact with the environment with feasible manipulation trajectories and suitable compliance control parameters to enable safe and stable contact. However, learning these skills is challenging due to data inefficiency in the real world and the sim-to-real gap in simulation. In this paper, we introduce a hybrid offline-online framework to learn robust manipulation skills. We employ model-free reinforcement learning for the offline phase to obtain the robot motion and compliance control parameters in simulation \RV{with domain randomization}. Subsequently, in the online phase, we learn the residual of the compliance control parameters to maximize robot performance-related criteria with force sensor measurements in real time. To demonstrate the effectiveness and robustness of our approach, we provide ",2023,arXiv,Xiang Zhang; Changhao Wang; Lingfeng Sun; Zheng Wu; Xinghao Zhu; Masayoshi Tomizuka,,2310.10509v1,http://arxiv.org/abs/2310.10509v1,arxiv,online adaptation robot learning,concept,adaptation,,,contact rich manipulation; sim to real transfer; domain randomization; online adaptation; robustness,2026-06-12T14:45:03Z,16.100,19.100
arxiv:2511.03002v2,Robust reduced-order model predictive control using peak-to-peak analysis of filtered signals,"We address the design of a model predictive control (MPC) scheme for large-scale linear systems using reduced-order models (ROMs). Our approach uses a ROM, leverages tools from robust control, and integrates them into an MPC framework to achieve computational tractability with robust constraint satisfaction. Our key contribution is a method to obtain guaranteed bounds on the predicted outputs of the full-order system by predicting a (scalar) error-bounding system alongside the ROM. This bound is then used to formulate a robust ROM-based MPC that guarantees constraint satisfaction and robust performance. Our method is developed step-by-step by (i) analysing the error, (ii) bounding the peak-to-peak gain, an (iii) using filtered signals. We demonstrate our method on a 100-dimensional mass-spring-damper system, achieving over four orders of magnitude reduction in conservatism relative to ex",2025,arXiv,Johannes Köhler; Carlo Scholz; Melanie Zeilinger,,2511.03002v2,http://arxiv.org/abs/2511.03002v2,arxiv,model predictive control manipulation,anti_myopia,anti_thesis,,,model predictive control; model predictive control manipulation,2026-06-12T15:07:36Z,15.100,19.100
arxiv:2506.16555v1,An Optimization-Augmented Control Framework for Single and Coordinated Multi-Arm Robotic Manipulation,"Robotic manipulation demands precise control over both contact forces and motion trajectories. While force control is essential for achieving compliant interaction and high-frequency adaptation, it is limited to operations in close proximity to the manipulated object and often fails to maintain stable orientation during extended motion sequences. Conversely, optimization-based motion planning excels in generating collision-free trajectories over the robot's configuration space but struggles with dynamic interactions where contact forces play a crucial role. To address these limitations, we propose a multi-modal control framework that combines force control and optimization-augmented motion planning to tackle complex robotic manipulation tasks in a sequential manner, enabling seamless switching between control modes based on task requirements. Our approach decomposes complex tasks into su",2025,arXiv,Melih Özcan; Ozgur S. Oguz,,2506.16555v1,http://arxiv.org/abs/2506.16555v1,arxiv,optimal control robot manipulation,anti_myopia,anti_thesis,,,robot manipulation; contact rich manipulation; force control; motion planning; limitation; robustness; long horizon; optimal control robot manipulation,2026-06-12T15:07:36Z,12.100,19.100
doi:10.1115/dscc2020-3210,An Online Transfer Learning Approach for Identification and Predictive Control Design With Application to RCCI Engines,"Abstract This paper presents a framework to refine identified artificial neural networks (ANN) based state-space linear parameter-varying (LPV-SS) models with closed-loop data using online transfer learning. An LPV-SS model is assumed to be first identified offline using inputs/outputs data and a model predictive controller (MPC) designed based on this model. Using collected closed-loop batch data, the model is further refined using online transfer learning and thus the control performance is improved. Specifically, fine-tuning, a transfer learning technique, is employed to improve the model. Furthermore, the scenario where the offline identified model and the online controlled system are “similar but not identitical” is discussed. The proposed method is verified by testing on an experimentally validated high-fidelity reactivity controlled compression ignition (RCCI) engine model. The ve",2020,Volume 1: Adaptive/Intelligent Sys. Control; Driver Assistance/Autonomous Tech.; Control Design Methods; Nonlinear Control; Robotics; Assistive/Rehabilitation Devices; Biomedical/Neural Systems; Building Energy Systems; Connected Vehicle Systems; Control/Estimation of Energy Systems; Control Apps.; Smart Buildings/Microgrids; Education; Human-Robot Systems; Soft Mechatronics/Robotic Components/Systems; Energy/Power Systems; Energy Storage; Estimation/Identification; Vehicle Efficiency/Emissions,Yajie Bao; Javad Mohammadpour Velni; Mahdi Shahbakhti,10.1115/dscc2020-3210,,https://doi.org/10.1115/dscc2020-3210,crossref,hybrid systems robot control manipulation,anti_myopia,control,,10,model predictive control; hybrid systems,2026-06-12T15:07:36Z,15.099,19.099
doi:10.3389/frsgr.2023.1188074,Model predictive control–based robust-control strategy of distribution control for a grid-connected AC microgrid,"The challenge of ensuring the reliable running of power systems has gotten more difficult in recent years due to the rising complexity of power system networks. The decreasing accessibility of fossil fuels has necessitated a greater dependence on renewable energy sources, such as solar systems, wind power, and hydroelectric power, by the international community. As a result, there is an increasing demand for AC microgrids to offer an effective approach for distributing power. The power system networks that consist of microgrids frequently have a significant number of failures, surpassing 80%. These failures occur because microgrids are susceptible to unexpected changes in different distributed generating sources. The variations greatly impair the operating efficiency of the microgrid and have negative consequences for the distribution system. The microgrid consists of numerous dispersed ",2023,Frontiers in Smart Grids,James Xorse Halivor,10.3389/frsgr.2023.1188074,,https://doi.org/10.3389/frsgr.2023.1188074,crossref,model predictive control robot learning,anti_myopia,control,,5,model predictive control; robustness,2026-06-12T15:07:36Z,12.046,19.046
doi:10.1109/lra.2022.3186635,Generalizable Task Planning Through Representation Pretraining,,2022,IEEE Robotics and Automation Letters,Chen Wang; Danfei Xu; Li Fei-Fei,10.1109/lra.2022.3186635,,https://doi.org/10.1109/lra.2022.3186635,crossref,task and motion planning robotics,anti_myopia,classic,,15,motion planning; task and motion planning,2026-06-12T15:07:36Z,14.986,18.986
doi:10.1089/soro.2016.0028,Tactile Sensing with Whiskers of Various Shapes: Determining the Three-Dimensional Location of Object Contact Based on Mechanical Signals at the Whisker Base,,2017,Soft Robotics,Lucie A. Huet; John W. Rudnicki; Mitra J.Z. Hartmann,10.1089/soro.2016.0028,,https://doi.org/10.1089/soro.2016.0028,crossref,tactile language action robotics,concept,tactile,,50,,2026-06-12T15:07:36Z,18.966,18.966
doi:10.1109/iros58592.2024.10801764,RTTF: Rapid Tactile Transfer Framework for Contact-Rich Manipulation Tasks,,2024,2024 IEEE/RSJ International Conference on Intelligent Robots and Systems (IROS),Qiwei Wu; Xuanbin Peng; Jiayu Zhou; Zhuoran Sun; Xiaogang Xiong; Yunjiang Lou,10.1109/iros58592.2024.10801764,,https://doi.org/10.1109/iros58592.2024.10801764,crossref,contact rich manipulation learning,concept,contact,,2,contact rich manipulation,2026-06-12T14:45:03Z,18.949,18.949
doi:10.1002/asjc.70001,Output‐constrained adaptive optimal control for physical human–robot interaction using electromyography signals,"Abstract This paper investigates the output‐constrained control problem for physical human–robot interaction using electromyography signals. An interaction force estimation method based on surface electromyography (sEMG) signals is introduced, where random forest is provided to extract interaction force information from sEMG signals. Using sEMG, the interaction force between the robotic and human operator can be separated from that in the environment. An adaptive optimal tracking controller based on robot velocity prediction error feedback is designed, in which an asymmetric time‐varying integral barrier Lyapunov function is used to deal with dynamic spatial constraints. Finally, stability analysis is provided, and the effectiveness is verified by experiments based on a 7‐degree‐of‐freedom Franka Panda robot.",2025,Asian Journal of Control,Yan Wei; Mingshuang Hao; Kehong Jin; Xinyi Yu; Linlin Ou,10.1002/asjc.70001,,https://doi.org/10.1002/asjc.70001,crossref,optimal control robot manipulation,anti_myopia,anti_thesis,,,robot manipulation; human robot interaction; optimal control robot manipulation,2026-06-12T15:07:36Z,14.900,18.900
doi:10.1109/lra.2021.3131750,Model Predictive Control and Transfer Learning of Hybrid Systems Using Lifting Linearization Applied to Cable Suspension Systems,,2022,IEEE Robotics and Automation Letters,Jerry Ng; Harry Asada,10.1109/lra.2021.3131750,,https://doi.org/10.1109/lra.2021.3131750,crossref,control barrier functions robot learning,anti_myopia,control,,12,control barrier function; model predictive control; hybrid systems,2026-06-12T15:07:36Z,14.882,18.882
doi:10.1049/cth2.12709,A linear MPC with control barrier functions for differential drive robots,"Abstract The need for fully autonomous mobile robots has surged over the past decade, with the imperative of ensuring safe navigation in a dynamic setting emerging as a primary challenge impeding advancements in this domain. In this article, a Safety Critical Model Predictive Control based on Dynamic Feedback Linearization tailored to the application of differential drive robots with two wheels is proposed to generate control signals that result in obstacle‐free paths. A barrier function introduces a safety constraint to the optimization problem of the Model Predictive Control (MPC) to prevent collisions. Due to the intrinsic nonlinearities of the differential drive robots, computational complexity while implementing a Nonlinear Model Predictive Control (NMPC) arises. To facilitate the real‐time implementation of the optimization problem and to accommodate the underactuated nature of the",2024,IET Control Theory & Applications,Ali Mohamed Ali; Chao Shen; Hashim A. Hashim,10.1049/cth2.12709,,https://doi.org/10.1049/cth2.12709,crossref,control barrier functions robot learning,anti_myopia,control,,9,safety constraint; control barrier function; model predictive control; benchmark; robustness,2026-06-12T15:07:36Z,12.851,18.851
arxiv:2509.17812v2,Tac2Motion: Contact-Aware Reinforcement Learning with Tactile Feedback for Robotic Hand Manipulation,"This paper proposes Tac2Motion, a contact-aware reinforcement learning framework to facilitate the learning of contact-rich in-hand manipulation tasks, such as removing a lid. To this end, we propose tactile sensing-based reward shaping and incorporate the sensing into the observation space through embedding. The designed rewards encourage an agent to ensure firm grasping and smooth finger gaiting at the same time, leading to higher data efficiency and robust performance compared to the baseline. We verify the proposed framework on the opening a lid scenario, showing generalization of the trained policy into a couple of object types and various dynamics such as torsional friction. Lastly, the learned policy is demonstrated on the multi-fingered robot, Shadow Robot, showing that the control policy can be transferred to the real world. The video is available: https://youtu.be/poeJBPR7urQ.",2025,arXiv,Yitaek Kim; Casper Hewson Rask; Christoffer Sloth,,2509.17812v2,http://arxiv.org/abs/2509.17812v2,arxiv,robot world models manipulation,concept,world_models,,,robot world model; generalization; data efficiency,2026-06-12T14:45:03Z,16.850,18.850
arxiv:2506.19850v1,Unified Vision-Language-Action Model,"Vision-language-action models (VLAs) have garnered significant attention for their potential in advancing robotic manipulation. However, previous approaches predominantly rely on the general comprehension capabilities of vision-language models (VLMs) to generate action signals, often overlooking the rich temporal and causal structure embedded in visual observations. In this paper, we present UniVLA, a unified and native multimodal VLA model that autoregressively models vision, language, and action signals as discrete token sequences. This formulation enables flexible multimodal tasks learning, particularly from large-scale video data. By incorporating world modeling during post-training, UniVLA captures causal dynamics from videos, facilitating effective transfer to downstream policy learning--especially for long-horizon tasks. Our approach sets new state-of-the-art results across severa",2025,arXiv,Yuqi Wang; Xinghang Li; Wenxuan Wang; Junbo Zhang; Yingyan Li; Yuntao Chen; Xinlong Wang; Zhaoxiang Zhang,,2506.19850v1,http://arxiv.org/abs/2506.19850v1,arxiv,vision language action model limitation robotics,hostile,failure,,,vision language action model; limitation; benchmark; long horizon,2026-06-12T14:45:03Z,11.850,18.850
doi:10.3390/biomimetics8050398,Modeling Contact Stiffness of Soft Fingertips for Grasping Applications,"Soft fingertips have distinct intrinsic features that allow robotic hands to offer adjustable and manageable stiffness for grasping. The stability of the grasp is determined by the contact stiffness between the soft fingertip and the object. Within this work, we proposed a line vector representation method based on the Winkler Model and investigated the contact stiffness between soft fingertips and objects to achieve control over the gripping force and fingertip displacement of the gripper without the need for sensors integrated in the fingertip. First, we derived the stiffness matrix of the soft fingertip, analyzed the contact stiffness, and constructed the global stiffness matrix; then, we established the grasp stiffness matrix based on the contact stiffness model, allowing for the analysis and evaluation of the soft fingertip’s manipulating process. Finally, our experiment demonstrate",2023,Biomimetics,Xiaolong Ma; Lingfeng Chen; Yanfeng Gao; Daliang Liu; Binrui Wang,10.3390/biomimetics8050398,,https://doi.org/10.3390/biomimetics8050398,crossref,analytical grasping,anti_myopia,anti_thesis,,6,analytical grasping,2026-06-12T15:07:36Z,14.823,18.823
doi:10.1109/tnsre.2024.3358491,Cross-Subject Motor Imagery Decoding by Transfer Learning of Tactile ERD,"For Brain-Computer Interface (BCI) based on motor imagery (MI), the MI task is abstract and spontaneous, presenting challenges in measurement and control and resulting in a lower signal-to-noise ratio. The quality of the collected MI data significantly impacts the cross-subject calibration results. To address this challenge, we introduce a novel cross-subject calibration method based on passive tactile afferent stimulation, in which data induced by tactile stimulation is utilized to calibrate transfer learning models for cross-subject decoding. During the experiments, tactile stimulation was applied to either the left or right hand, with subjects only required to sense tactile stimulation. Data from these tactile tasks were used to train or fine-tune models and subsequently applied to decode pure MI data. We evaluated BCI performance using both the classical Common Spatial Pattern (CSP) ",2024,IEEE Transactions on Neural Systems and Rehabilitation Engineering,Yucun Zhong; Lin Yao; Gang Pan; Yueming Wang,10.1109/tnsre.2024.3358491,,https://doi.org/10.1109/tnsre.2024.3358491,openalex,energy based model robot learning,concept,ebm,,12,,2026-06-12T18:26:24Z,17.782,18.782
doi:10.1109/robot.2004.1308042,Control of thermal tactile display based on prediction of contact temperature,,2004,"IEEE International Conference on Robotics and Automation, 2004. Proceedings. ICRA '04. 2004",A. Yamamoto; B. Cros; H. Hashimoto; T. Higuchi,10.1109/robot.2004.1308042,,https://doi.org/10.1109/robot.2004.1308042,crossref,tactile language action robotics,concept,tactile,,75,,2026-06-12T15:07:36Z,18.765,18.765
doi:10.1016/j.jobe.2025.113341,Transfer learning for cross-building forecasting of building energy and indoor air temperature in model predictive control applications,,2025,Journal of Building Engineering,Hongwen Dou; Kun Zhang,10.1016/j.jobe.2025.113341,,https://doi.org/10.1016/j.jobe.2025.113341,crossref,model predictive control robot learning,anti_myopia,control,,2,model predictive control,2026-06-12T15:07:36Z,14.749,18.749
doi:10.1109/iros58592.2024.10802386,Zero-Shot Transfer of a Tactile-based Continuous Force Control Policy from Simulation to Robot,,2024,2024 IEEE/RSJ International Conference on Intelligent Robots and Systems (IROS),Luca Lach; Robert Haschke; Davide Tateo; Jan Peters; Helge Ritter; Júlia Borràs; Carme Torras,10.1109/iros58592.2024.10802386,,https://doi.org/10.1109/iros58592.2024.10802386,crossref,recurrent robot policy,concept,architecture,,1,recurrent robot policy; force control,2026-06-12T15:07:36Z,18.747,18.747
doi:10.1016/j.rcim.2023.102573,Precise and smooth contact force control for a hybrid mobile robot used in polishing,,2023,Robotics and Computer-Integrated Manufacturing,Fugui Xie; Zenghui Chong; Xin-Jun Liu; Huichan Zhao; Jinsong Wang,10.1016/j.rcim.2023.102573,,https://doi.org/10.1016/j.rcim.2023.102573,crossref,non smooth mechanics robotics,anti_myopia,anti_thesis,,45,force control; non smooth mechanics robotics,2026-06-12T15:07:36Z,15.714,18.714
doi:10.31763/ijrcs.v5i2.1886,Utilizing Short-Time Fourier Transform for the Diagnosis of Rotor Bar Faults in Induction Motors Under Direct Torque Control,"Industrial applications rely heavily on induction motors (IMs). Even though any IM problem can seriously impair operation, rotor bar failures (RBFs) are among the toughest to identify because of their detection challenges. RBFs in IMs can significantly impact performance, leading to reduced efficiency, increased vibrations, and potential IM failure. This research provides a thorough analysis of diagnosing these issues by detecting RBFs and evaluating their severity using three sophisticated signal processing techniques (Fast Fourier Transform (FFT), Short-Time Fourier Transform (STFT), and Discrete Wavelet Transform (DWT)). The three techniques (FFT, DWT, and STFT) are used in this work to assess the stator currents. An accurate mathematical model of the IM under RBFs serves as the basis for the simulation. The robustness of Direct Torque Control (DTC) is assessed by examining the IM's b",2025,International Journal of Robotics and Control Systems,Radouane Bousseksou; Noureddine Bessous; I. M. Elzein; Mohamed Metwally Mahmoud; Alfian Ma'arif; Ezzeddine Touti; Ayman Al-Quraan; Noha Anwer,10.31763/ijrcs.v5i2.1886,,https://doi.org/10.31763/ijrcs.v5i2.1886,crossref,classical control robotics,anti_myopia,anti_thesis,,4,failure detection; robustness; classical control robotics,2026-06-12T15:07:36Z,12.705,18.705
doi:10.1016/j.rcim.2018.05.003,Adaptive robust control and admittance control for contact-driven robotic surface conditioning,,2018,Robotics and Computer-Integrated Manufacturing,J. Ernesto Solanes; Luis Gracia; Pau Muñoz-Benavent; Alicia Esparza; Jaime Valls Miro; Josep Tornero,10.1016/j.rcim.2018.05.003,,https://doi.org/10.1016/j.rcim.2018.05.003,crossref,classical control robotics,anti_myopia,anti_thesis,,44,classical control robotics,2026-06-12T15:07:36Z,14.703,18.703
doi:10.18196/jrc.v5i2.20441,AI-based Bubbles Detection in the Conformal Coating for Enhanced Quality Control in Electronics Manufacturing,"This research pioneers the application of artificial intelligence (AI) methodologies—machine learning, deep learning, hybrid models, transfer learning, and edge AI deployment—in enhancing bubble detection within conformal coatings, a critical as- pect of electronics manufacturing quality control. By addressing the limitations of traditional detection methods, our work offers a novel approach that significantly improves automation, accuracy, and speed, thereby ensuring the reliability of electronic assemblies and contributing to economic and safety benefits. We navigate through the challenges of creating diverse datasets, system robustness, and the imperative for industry-wide standardization, proposing strategies for overcoming these obstacles. Our findings highlight the transformative impact of AI on quality control processes, demonstrating substantial advancements in detection capabili",2024,Journal of Robotics and Control (JRC),Nizar Zouhri; Aimad El Mourabit; Alaoui Ismaili Zine El Abidine,10.18196/jrc.v5i2.20441,,https://doi.org/10.18196/jrc.v5i2.20441,crossref,classical control robotics,anti_myopia,anti_thesis,,,limitation; robustness; deployment; classical control robotics,2026-06-12T15:07:36Z,11.700,18.700
doi:10.1109/precede.2017.8071278,Virtual flux model predictive direct power control (VF-MPDPC) of afe rectifier with new current prediction method and negative sequence elimination,,2017,2017 IEEE International Symposium on Predictive Control of Electrical Drives and Power Electronics (PRECEDE),Mohammad Hosein Saeedinia; S. Alireza Davari,10.1109/precede.2017.8071278,,https://doi.org/10.1109/precede.2017.8071278,crossref,model predictive control manipulation,anti_myopia,anti_thesis,,8,model predictive control; model predictive control manipulation,2026-06-12T15:07:36Z,13.699,18.699
doi:10.1109/icarcv.2008.4795732,Tracking performance limitation of a linear MISO unstable system with quantized control signals,,2008,"2008 10th International Conference on Control, Automation, Robotics and Vision",Tian Qi; Weizhou Su,10.1109/icarcv.2008.4795732,,https://doi.org/10.1109/icarcv.2008.4795732,crossref,vision language action model limitation robotics,hostile,failure,,8,vision language action model; limitation,2026-06-12T14:45:03Z,13.699,18.699
doi:10.1109/70.880799,Control of contact via tactile sensing,,2000,IEEE Transactions on Robotics and Automation,H. Zhang; N.N. Chen,10.1109/70.880799,,https://doi.org/10.1109/70.880799,crossref,contact dynamics robot learning,concept,contact,,65,contact dynamics,2026-06-12T15:07:36Z,18.695,18.695
doi:10.23919/ecc64448.2024.10590785,Digital Control of Negative Imaginary Systems: A Discrete-Time Hybrid Integrator-Gain System Approach,,2024,2024 European Control Conference (ECC),Kanghong Shi; Ian R. Petersen,10.23919/ecc64448.2024.10590785,,https://doi.org/10.23919/ecc64448.2024.10590785,crossref,hybrid systems robot control manipulation,anti_myopia,control,,3,hybrid systems,2026-06-12T15:07:36Z,14.693,18.693
doi:10.1146/annurev.neuro.26.041002.131032,SENSORY SIGNALS IN NEURAL POPULATIONS UNDERLYING TACTILE PERCEPTION AND MANIPULATION,"▪ Abstract For humans to manipulate an object successfully, the motor control system must have accurate information about parameters such as the shape of the stimulus, its position of contact on the skin, and the magnitude and direction of contact force. The same information is required for perception during haptic exploration of an object. Much of these data are relayed by the mechanoreceptive afferents innervating the glabrous skin of the digits. Single afferent responses are modulated by all the relevant stimulus parameters. Thus, only in complete population reconstructions is it clear how each of the parameters can be signaled to the brain independently when many are changing simultaneously, as occurs in most normal movements or haptic exploration. Modeling population responses reveals how resolution is affected by neural noise and intrinsic properties of the population such as the p",2004,Annual Review of Neuroscience,Antony W. Goodwin; Heather E. Wheat,10.1146/annurev.neuro.26.041002.131032,,https://doi.org/10.1146/annurev.neuro.26.041002.131032,crossref,Gaussian splatting robot perception bimanual manipulation,concept,architecture_x_embodiment,,116,Gaussian splatting robot perception; bimanual manipulation; tactile perception,2026-06-12T15:07:36Z,18.681,18.681
doi:10.1002/oca.984,Optimal control of radiative heat transfer in glass cooling with restrictions on the temperature gradient,"SUMMARY This paper is motivated by an optimal boundary control problem for the cooling process of molten and already formed glass down to room temperature. The high temperatures at which glass is processed demand to include radiative heat transfer in the computational model. Since the complete radiative heat transfer equations are too complex for optimization purposes, we use simplified approximations of spherical harmonics coupled with a practically relevant frequency bands model. The optimal control problem is considered as a partial differential algebraic equation (PDAE)‐constrained optimization problem with box constraints on the control. In this paper, we augment the objective by a functional depending on the state gradient, which forces a minimization of thermal stress inside the glass. To guarantee consistent and grid‐independent values of the reduced objective gradient at the end",2012,Optimal Control Applications and Methods,D. Clever; J. Lang,10.1002/oca.984,,https://doi.org/10.1002/oca.984,crossref,optimal control robot manipulation,anti_myopia,anti_thesis,,34,robot manipulation; optimal control robot manipulation,2026-06-12T15:07:36Z,14.678,18.678
doi:10.1177/027836499701600107,Force Tracking in Impedance Control,"This article presents two simple on-line schemes for force tracking within the impedance-control framework. The force- tracking capability of impedance control is particularly important for providing robustness in the presence of large uncertainties or variations in environmental parameters. The two proposed schemes generate the reference position trajec tory required to produce a desired contact force despite lack of knowledge of the environmental stiffness and location. The first scheme uses direct adaptive control to generate the refer ence position on-line as a function of the force-tracking error. Alternatively, the second scheme utilizes an indirect adaptive strategy in which the environmental parameters are estimated on-line, and the required reference position is computed based on these estimates. In both schemes, adaptation allows au tomatic gain adjustment to provide a uniform ",1997,The International Journal of Robotics Research,Homayoun Seraji; Richard Colbaugh,10.1177/027836499701600107,,https://doi.org/10.1177/027836499701600107,crossref,classical control robotics,anti_myopia,anti_thesis,,256,impedance control; limitation; robustness; classical control robotics,2026-06-12T15:07:36Z,12.675,18.675
arxiv:2404.05051v1,Skill Transfer and Discovery for Sim-to-Real Learning: A Representation-Based Viewpoint,"We study sim-to-real skill transfer and discovery in the context of robotics control using representation learning. We draw inspiration from spectral decomposition of Markov decision processes. The spectral decomposition brings about representation that can linearly represent the state-action value function induced by any policies, thus can be regarded as skills. The skill representations are transferable across arbitrary tasks with the same transition dynamics. Moreover, to handle the sim-to-real gap in the dynamics, we propose a skill discovery algorithm that learns new skills caused by the sim-to-real gap from real-world data. We promote the discovery of new skills by enforcing orthogonal constraints between the skills to learn and the skills from simulators, and then synthesize the policy using the enlarged skill sets. We demonstrate our methodology by transferring quadrotor controll",2024,arXiv,Haitong Ma; Zhaolin Ren; Bo Dai; Na Li,,2404.05051v1,http://arxiv.org/abs/2404.05051v1,arxiv,sim to real robot manipulation,concept,sim2real,,,robot manipulation,2026-06-12T14:45:03Z,16.650,18.650
doi:10.64898/2026.02.06.703926,UniFacePoint-FM: A Foundation Model for Generalizable 3D Facial Representation Learning and Multi-Attribute Prediction,"Abstract The human face is a rich medium for biometric, behavioral, and clinical information. However, 2D facial images based technologies lack critical geometric details and are susceptible to pose and illumination interference, while 3D facial deep learning frameworks are hindered by complex annotation, preprocessing, and task-specific designs with poor cross-domain generalization. To address these challenges, we propose UniFacePoint-FM, a 3D facial foundation model built on a self-supervised Point-MAE framework, tailored for high-fidelity point cloud representation learning. The model was pretrained on a self-constructed dataset of high-resolution 3D facial scans, followed by supervised fine-tuning and comprehensive evaluation across three independent datasets for diverse downstream tasks. Experimental results demonstrate that UniFacePoint-FM is both pretraining-efficient and highly g",,,Dan Li; Chih-Hsiung Fu; Kun Tang,10.64898/2026.02.06.703926,,https://doi.org/10.64898/2026.02.06.703926,crossref,robot foundation model failure mode,hostile,failure,,,robot foundation model; failure mode; generalization,2026-06-12T15:07:36Z,12.650,18.650
doi:10.1609/aaai.v40i8.37517,Versatile Vision-Language Model for 3D Computed Tomography,"Representation learning serves as a foundational component of medical vision-language models (MVLMs), enabling cross-modal alignment, semantic consistency, and enhanced generalization capabilities for downstream tasks. As generalist models rapidly evolve, there is a pressing need to unify diverse downstream tasks, such as diagnosis, segmentation, report generation, and multiple choice within a cohesive framework, demanding more efficient and versatile visual representation learning. However, current MVLMs predominately follow CLIP-style vision pretraining, failing to leverage heterogeneous data resources with multi-dimensional imaging and diverse annotation forms. And there lacks systematic analysis of efficient vision encoder design across varied downstream applications, including diagnosis, segmentation, and text generation tasks, particularly for volumetric imaging like Computed Tomog",2026,Proceedings of the AAAI Conference on Artificial Intelligence,Jiayu Lei; Ziqing Fan; Yanyong Zhang; Weidi Xie; Ya Zhang; Yanfeng Wang,10.1609/aaai.v40i8.37517,,https://doi.org/10.1609/aaai.v40i8.37517,crossref,vision language action model limitation robotics,hostile,failure,,,vision language action model; limitation; benchmark; generalization,2026-06-12T15:07:36Z,11.650,18.650
doi:10.5194/egusphere-egu26-21700,Segmentation Model Benchmarking: A Strategic Prerequisite for Robust Geospatial Foundation Models,"Pretraining geospatial foundation models (FMs) is expensive, and architectural choices control inductive bias for multiscale context, cross-resolution behavior, and band/sensor variation. Therefore, benchmarking reduces the risk of scaling the “wrong” base. A model benchmarking framework for geospatial image segmentation is a critical prerequisite for developing robust and scalable geospatial FMs. In the emerging era of Earth observation FMs, success hinges on strong, well-characterized base architectures that can generalize across sensors, modalities, and geographies. The extreme heterogeneity of Earth observation vision data (different spectral bands, resolutions, and regions) makes such generalization especially challenging, underscoring the need for systematic, controlled benchmarking across diverse model families to identify viable architectures for different scenarios.Our work rigo",,,Mehran Alizadeh Pirbasti; Gavin McArdle; Vahid Akbari,10.5194/egusphere-egu26-21700,,https://doi.org/10.5194/egusphere-egu26-21700,crossref,robot foundation model failure mode,hostile,failure,,,robot foundation model; failure mode; benchmark; generalization; robustness; deployment; latency,2026-06-12T15:07:36Z,9.650,18.650
doi:10.1002/oca.2765,Optimal control of friction coefficient in Signorini contact problems,"Abstract The optimal control of friction coefficient in Signorini contact problem is handled. First, we give the Tikhonov regularized optimal control problem subject to quasivariational inequality of the second kind. Since the relation control‐state is weak, we introduce another penalized control problem based algorithm of Bensoussan–Lions type applied to the quasi‐variational inequality. In order to get the optimality condition, and since the cost function is not differentiable, the quasi‐variational inequality is regularized to be a variational equality.",2021,Optimal Control Applications and Methods,El‐Hassan Essoufi; Abderrahim Zafrar,10.1002/oca.2765,,https://doi.org/10.1002/oca.2765,crossref,optimal control robot manipulation,anti_myopia,anti_thesis,,2,robot manipulation; optimal control robot manipulation,2026-06-12T15:07:36Z,14.649,18.649
doi:10.1515/amcs-2016-0002,"An integrodifferential approach to modeling, control, state estimation and optimization for heat transfer systems","Abstract In this paper, control-oriented modeling approaches are presented for distributed parameter systems. These systems, which are in the focus of this contribution, are assumed to be described by suitable partial differential equations. They arise naturally during the modeling of dynamic heat transfer processes. The presented approaches aim at developing finite-dimensional system descriptions for the design of various open-loop, closed-loop, and optimal control strategies as well as state, disturbance, and parameter estimation techniques. Here, the modeling is based on the method of integrodifferential relations, which can be employed to determine accurate, finite-dimensional sets of state equations by using projection techniques. These lead to a finite element representation of the distributed parameter system. Where applicable, these finite element models are combined with finite ",2016,International Journal of Applied Mathematics and Computer Science,Andreas Rauh; Luise Senkel; Harald Aschemann; Vasily Saurin; Georgy Kostin,10.1515/amcs-2016-0002,,https://doi.org/10.1515/amcs-2016-0002,openalex,energy based model robot learning,concept,ebm,,32,state estimation; benchmark,2026-06-12T18:26:24Z,16.648,18.648
doi:10.1109/iros60139.2025.11246218,Semantic-Geometric-Physical-Driven Robot Manipulation Skill Transfer via Skill Library and Tactile Representation,,2025,2025 IEEE/RSJ International Conference on Intelligent Robots and Systems (IROS),Mingchao Qi; Yuanjin Li; Xing Liu; Zhengxiong Liu; Panfeng Huang,10.1109/iros60139.2025.11246218,,https://doi.org/10.1109/iros60139.2025.11246218,crossref,robot world models manipulation,concept,world_models,,,robot world model; robot manipulation,2026-06-12T15:07:36Z,18.600,18.600
doi:10.1109/icassp55912.2026.11460391,CARE: Multi-Task Pretraining For Latent Continuous Action Representation in Robot Control,,2026,"ICASSP 2026 - 2026 IEEE International Conference on Acoustics, Speech and Signal Processing (ICASSP)",Jiaqi Shi; Xulong Zhang; Xiaoyang Qu; Jianzong Wang,10.1109/icassp55912.2026.11460391,,https://doi.org/10.1109/icassp55912.2026.11460391,crossref,latent dynamics model robot control,concept,latent_dynamics,,,,2026-06-12T15:07:36Z,18.600,18.600
doi:10.1088/1361-6501/ad50f8,Integral reinforcement learning-based event-triggered optimal tracking control for modular robot manipulators via non-zero-sum game,"Abstract Under an event-triggered mechanism, a non-zero-sum (NZS) game optimal tracking control method for modular robot manipulator (MRM) systems with input constraints is proposed using the adaptive dynamic programming (ADP) method based on integral reinforcement learning (IRL). First, a dynamic model of the MRM system is developed based on joint torque feedback technology, consisting of an n -joint subsystem related to interconnected dynamic coupling (IDC). Second, we design a robust compensation controller to handle the known model term and an optimal compensation controller to deal with the uncertainty term caused by the IDC and friction, respectively. In addition, a nonlinear disturbance observer is established to dispose of the negative effects caused by the uncertain sensor output disturbance. Third, based on differential game theory, we transform the optimal tracking control pro",2024,Measurement Science and Technology,Bo Dong; Zhendong Ding; Tianjiao An; Yiming Cui; Xinye Zhu,10.1088/1361-6501/ad50f8,,https://doi.org/10.1088/1361-6501/ad50f8,crossref,optimal control robot manipulation,anti_myopia,anti_thesis,,5,robot manipulation; optimal control robot manipulation,2026-06-12T15:07:36Z,12.596,18.596
doi:10.1186/s10033-025-01216-8,"Fast, Safe and Robust Motion Planning for Autonomous Vehicles Based on Robust Control Invariant Tubes","Abstract This paper tackles uncertainties between planning and actual models. It extends the concept of RCI (robust control invariant) tubes, originally a parameterized representation of closed-loop control robustness in traditional feedback control, to the domain of motion planning for autonomous vehicles. Thus, closed-loop system uncertainty can be preemptively addressed during vehicle motion planning. This involves selecting collision-free trajectories to minimize the volume of robust invariant tubes. Furthermore, constraints on state and control variables are translated into constraints on the RCI tubes of the closed-loop system, ensuring that motion planning produces a safe and optimal trajectory while maintaining flexibility, rather than solely optimizing for the open-loop nominal model. Additionally, to expedite the solving process, we were inspired by $${\mathcal{L}}_{2}$$ L 2 ga",2025,Chinese Journal of Mechanical Engineering,Mingzhuo Zhao; Tong Shen; Fanxun Wang; Guodong Yin,10.1186/s10033-025-01216-8,,https://doi.org/10.1186/s10033-025-01216-8,crossref,sampling based motion planning,anti_myopia,anti_thesis,,3,motion planning; robustness; hysteresis; sampling based motion planning,2026-06-12T15:07:36Z,12.593,18.593
doi:10.1049/csy2.12009,Phantom motion intent decoding for transhumeral prosthesis control with fused neuromuscular and brain wave signals,"Abstract In recent years, the electroencephalography (EEG) brain–computer interface (BCI) has been researched in the area of upper‐limb prosthesis control due to the promise of being able to record neurological signals which follow activation patterns in the cortex directly from the brain with non‐invasive electrodes. This is seen as a way of bypassing the limitation posed by acquiring neuromuscular signals predominantly with electromyography (EMG) directly from the stump, which possesses residual limb anatomy post‐amputation. In this study, the sequential forward selection algorithm to form a 10‐optimal‐channel representation, alongside an extended signal feature vector was applied, to investigate the motion intent decoding performance of EMG‐only, EEG‐only, and a fused EMG–EEG sensing configuration for four transhumeral amputees with varying stump lengths. The results showed a consider",2021,IET Cyber-Systems and Robotics,Ejay Nsugbe; Oluwarotimi Williams Samuel; Mojisola Grace Asogbon; Guanglin Li,10.1049/csy2.12009,,https://doi.org/10.1049/csy2.12009,crossref,robotics,concept,crossref_bulk_robotics,,30,limitation,2026-06-12T19:29:26Z,17.567,18.567
doi:10.64516/6fsz9h30,Model Predictive Control for Optimized Energy Exchange Between Model Predictive Control for Optimized Energy Transfer Between Two Renewable Energy Producers and Consumers,"This study investigates optimizing energy exchanges between two prosumers—entities that both produce and consume energy—equipped with renewable energy sources, loads, and storage. Leveraging a Model Predictive Control (MPC) framework, the system balances energy production and consumption, reducing dependency on the grid while promoting higher renewable energy utilization. The MPC method integrates future forecasts of renewable supply and demand, enabling real-time, proactive management of energy flows and promoting efficient usage of available resources. At each control interval, the MPC evaluates data and forecasts to optimize energy dispatch between renewable sources, batteries, and loads, as well as manage surplus energy exchanges between prosumers, reducing waste and increasing efficiency. This coordination led to an increase in renewable penetration from 71% to 84% in simulations, d",2025,Tobruk University Journal of Engineering Sciences,Ibrahim Aldaouab; Ahmad B.G. Abdalla; Saadia K Mousa,10.64516/6fsz9h30,,https://doi.org/10.64516/6fsz9h30,crossref,model predictive control robot learning,anti_myopia,control,,,model predictive control,2026-06-12T15:07:36Z,14.550,18.550
doi:10.1007/s00726-024-03422-5,LLM4THP: a computing tool to identify tumor homing peptides by molecular and sequence representation of large language model based on two-layer ensemble model strategy,,2024,Amino Acids,Sen Yang; Piao Xu,10.1007/s00726-024-03422-5,,https://doi.org/10.1007/s00726-024-03422-5,crossref,large language model limitation robot planning,anti_myopia,anti_thesis,,2,limitation; large language model limitation robot planning,2026-06-12T15:07:36Z,14.549,18.549
arxiv:2603.15169v1,ForceVLA2: Unleashing Hybrid Force-Position Control with Force Awareness for Contact-Rich Manipulation,"Embodied intelligence for contact-rich manipulation has predominantly relied on position control, while explicit awareness and regulation of interaction forces remain under-explored, limiting stability, precision, and robustness in real-world tasks. We propose ForceVLA2, an end-to-end vision-language-action framework that equips robots with hybrid force-position control and explicit force awareness. ForceVLA2 introduces force-based prompts into the VLM expert to construct force-aware task concepts across stages, and employs a Cross-Scale Mixture-of-Experts (MoE) in the action expert to adaptively fuse these concepts with real-time interaction forces for closed-loop hybrid force-position regulation. To support learning and evaluation, we construct ForceVLA2-Dataset, containing 1,000 trajectories over 5 contact-rich tasks, including wiping, pressing, and assembling, with multi-view images,",2026,arXiv,Yang Li; Zhaxizhuoma; Hongru Jiang; Junjie Xia; Hongquan Zhang; Jinda Du; Yunsong Zhou; Jia Zeng; Ce Hao; Jieji Ren; Qiaojun Yu; Cewu Lu; Yu Qiao; Jiangmiao Pang,,2603.15169v1,http://arxiv.org/abs/2603.15169v1,arxiv,contact rich manipulation learning,concept,contact,,,contact rich manipulation; failure mode; robustness,2026-06-12T14:45:03Z,14.500,18.500
arxiv:2502.14420v2,ChatVLA: Unified Multimodal Understanding and Robot Control with Vision-Language-Action Model,"Humans possess a unified cognitive ability to perceive, comprehend, and interact with the physical world. Why can't large language models replicate this holistic understanding? Through a systematic analysis of existing training paradigms in vision-language-action models (VLA), we identify two key challenges: spurious forgetting, where robot training overwrites crucial visual-text alignments, and task interference, where competing control and understanding tasks degrade performance when trained jointly. To overcome these limitations, we propose ChatVLA, a novel framework featuring Phased Alignment Training, which incrementally integrates multimodal data after initial control mastery, and a Mixture-of-Experts architecture to minimize task interference. ChatVLA demonstrates competitive performance on visual question-answering datasets and significantly surpasses state-of-the-art vision-lang",2025,arXiv,Zhongyi Zhou; Yichen Zhu; Minjie Zhu; Junjie Wen; Ning Liu; Zhiyuan Xu; Weibin Meng; Ran Cheng; Yaxin Peng; Chaomin Shen; Feifei Feng,,2502.14420v2,http://arxiv.org/abs/2502.14420v2,arxiv,vision language action model limitation robotics,hostile,failure,,,vision language action model; robot manipulation; limitation; benchmark,2026-06-12T14:45:03Z,12.500,18.500
