uid,title,abstract,year,venue,authors,doi,arxiv_id,url,source,query,query_role,family,advisor_seed,citation_count,matched_terms,retrieved_at,relevance_score,hostile_score
doi:10.3390/s19224925,Magnetic-based Soft Tactile Sensors with Deformable Continuous Force Transfer Medium for Resolving Contact Locations in Robotic Grasping and Manipulation,"The resolution of contact location is important in many applications in robotics and automation. This is generally done by using an array of contact or tactile receptors, which increases cost and complexity as the required resolution or area is increased. Tactile sensors have also been developed using a continuous deformable medium between the contact and the receptors, which allows few receptors to interpolate the information among them, avoiding the weakness highlighted in the former approach. The latter is generally used to measure contact force intensity or magnitude but rarely used to identify the contact locations. This paper presents a systematic design and characterisation procedure for magnetic-based soft tactile sensors (utilizing the latter approach with the deformable contact medium) with the goal of locating the contact force location. This systematic procedure provides cond",2019,Sensors,Alireza Mohammadi; Yangmengfei Xu; Ying Tan; Peter Choong; Denny Oetomo,10.3390/s19224925,,https://doi.org/10.3390/s19224925,crossref,contact rich manipulation learning,concept,contact,,50,contact rich manipulation,2026-06-12T15:07:36Z,22.416,22.416
arxiv:2509.16550v1,TranTac: Leveraging Transient Tactile Signals for Contact-Rich Robotic Manipulation,"Robotic manipulation tasks such as inserting a key into a lock or plugging a USB device into a port can fail when visual perception is insufficient to detect misalignment. In these situations, touch sensing is crucial for the robot to monitor the task's states and make precise, timely adjustments. Current touch sensing solutions are either insensitive to detect subtle changes or demand excessive sensor data. Here, we introduce TranTac, a data-efficient and low-cost tactile sensing and control framework that integrates a single contact-sensitive 6-axis inertial measurement unit within the elastomeric tips of a robotic gripper for completing fine insertion tasks. Our customized sensing system can detect dynamic translational and torsional deformations at the micrometer scale, enabling the tracking of visually imperceptible pose changes of the grasped object. By leveraging transformer-based",2025,arXiv,Yinghao Wu; Shuhong Hou; Haowen Zheng; Yichen Li; Weiyi Lu; Xun Zhou; Yitian Shao,,2509.16550v1,http://arxiv.org/abs/2509.16550v1,arxiv,Gaussian splatting robot perception contact rich manipulation,concept,architecture_x_embodiment,,,diffusion policy; Gaussian splatting robot perception; contact rich manipulation,2026-06-12T15:07:36Z,21.850,21.850
doi:10.1109/robot.1996.509203,A full tactile sensing suite for dextrous robot hands and use in contact force control,"A full tactile sensing suite for the finger segments and palm of the Utah/MIT dextrous hand is presented. The rubber-based sensors employ capacitance sensing and floating electrodes in the top layer, and contain local electronics for excitation, filtering, analog-to-digital conversion, and serial communication. Experimental results on static, dynamic, and spatial properties are presented. Use of the tactile sensor in contact force control is demonstrated.",2002,,D N Johnston; Ping Zhang; John M. Hollerbach; S.C. Jacobsen,10.1109/robot.1996.509203,,https://doi.org/10.1109/robot.1996.509203,openalex,robotics,concept,openalex_bulk_robotics,,78,robot hand; force control,2026-06-12T18:57:17Z,19.885,19.885
doi:10.1109/icra48891.2023.10161158,Simultaneous Tactile Estimation and Control of Extrinsic Contact,,2023,2023 IEEE International Conference on Robotics and Automation (ICRA),Sangwoon Kim; Devesh K. Jha; Diego Romeres; Parag Patre; Alberto Rodriguez,10.1109/icra48891.2023.10161158,,https://doi.org/10.1109/icra48891.2023.10161158,crossref,tactile language action robotics,concept,tactile,,25,,2026-06-12T15:07:36Z,19.829,19.829
doi:10.1109/robot.1989.100211,Human/robot interaction via the transfer of power and information signals. I. Dynamics and control analysis,"Extenders, a class of robot manipulators worn by humans to increase human mechanical strength while the wearer's intellect remains the central intelligent control system for manipulating the extender, are characterized, with a focus on the issues of the dynamics and control of human-machine interaction in the sense of the transfer of power and information signals. General models of the human, the extender, and the interaction between the human and the extender are developed. Unstructured modeling is chosen to include all the dynamics in the systems and to avoid specific models. The stability of the system of human, extender, and object being manipulated is analyzed, and the conditions for stable maneuvers derived. An expression for the performance of the extender is defined as a means to quantify the force augmentation. The tradeoff between stability and performance is described. >",2003,,H. Kazerooni,10.1109/robot.1989.100211,,https://doi.org/10.1109/robot.1989.100211,openalex,robotics,concept,openalex_bulk_robotics,,63,human robot interaction,2026-06-12T18:57:17Z,19.779,19.779
doi:10.1109/lra.2024.3475052,Whole-Body Multi-Contact Motion Control for Humanoid Robots Based on Distributed Tactile Sensors,,2024,IEEE Robotics and Automation Letters,Masaki Murooka; Kensuke Fukumitsu; Marwan Hamze; Mitsuharu Morisawa; Hiroshi Kaminaga; Fumio Kanehiro; Eiichi Yoshida,10.1109/lra.2024.3475052,,https://doi.org/10.1109/lra.2024.3475052,crossref,whole body manipulation humanoid,concept,humanoid,,11,humanoid robot,2026-06-12T14:45:03Z,19.642,19.642
doi:10.1109/icra55743.2025.11128094,Canonical Representation and Force-Based Pretraining of 3D Tactile for Dexterous Visuo-Tactile Policy Learning,,2025,2025 IEEE International Conference on Robotics and Automation (ICRA),Tianhao Wu; Jinzhou Li; Jiyao Zhang; Mingdong Wu; Hao Dong,10.1109/icra55743.2025.11128094,,https://doi.org/10.1109/icra55743.2025.11128094,crossref,tactile language action robotics,concept,tactile,,6,,2026-06-12T14:45:03Z,19.573,19.573
doi:10.1109/lra.2023.3303830,Improving the Representation and Extraction of Contact Information in Vision-Based Tactile Sensors Using Continuous Marker Pattern,,2023,IEEE Robotics and Automation Letters,Mingxuan Li; Yen Hang Zhou; Tiemin Li; Yao Jiang,10.1109/lra.2023.3303830,,https://doi.org/10.1109/lra.2023.3303830,crossref,tactile language action robotics,concept,tactile,,14,,2026-06-12T15:07:36Z,19.554,19.554
doi:10.1109/lra.2021.3084880,Zero-Shot Sim-to-Real Transfer of Tactile Control Policies for Aggressive Swing-Up Manipulation,,2021,IEEE Robotics and Automation Letters,Thomas Bi; Carmelo Sferrazza; Raffaello D’Andrea,10.1109/lra.2021.3084880,,https://doi.org/10.1109/lra.2021.3084880,crossref,sim to real robot manipulation,concept,sim2real,,30,robot manipulation; sim to real transfer,2026-06-12T14:45:03Z,19.517,20.517
arxiv:2602.00514v2,A Low-Cost Vision-Based Tactile Gripper with Pretraining Learning for Contact-Rich Manipulation,"Robotic manipulation in contact-rich environments remains challenging, particularly when relying on conventional tactile sensors that suffer from limited sensing range, reliability, and cost-effectiveness. In this work, we present LVTG, a low-cost visuo-tactile gripper designed for stable, robust, and efficient physical interaction. Unlike existing visuo-tactile sensors, LVTG enables more effective and stable grasping of larger and heavier everyday objects, thanks to its enhanced tactile sensing area and greater opening angle. Its surface skin is made of highly wear-resistant material, significantly improving durability and extending operational lifespan. The integration of vision and tactile feedback allows LVTG to provide rich, high-fidelity sensory data, facilitating reliable perception during complex manipulation tasks. Furthermore, LVTG features a modular design that supports rapid ",2026,arXiv,Yaohua Liu; Binkai Ou; Zicheng Qiu; Ce Hao; Hengjun Zhang,,2602.00514v2,http://arxiv.org/abs/2602.00514v2,arxiv,contact rich manipulation learning,concept,contact,,,contact rich manipulation; tactile perception,2026-06-12T14:45:03Z,19.500,19.500
doi:10.1109/lra.2023.3329764,Self-Supervised Regression of sEMG Signals Combining Non-Negative Matrix Factorization With Deep Neural Networks for Robot Hand Multiple Grasping Motion Control,,2023,IEEE Robotics and Automation Letters,Roberto Meattini; Alessio Caporali; Alessandra Bernardini; Gianluca Palli; Claudio Melchiorri,10.1109/lra.2023.3329764,,https://doi.org/10.1109/lra.2023.3329764,crossref,EBM transformer robotics robot hand,concept,architecture_x_embodiment,,9,EBM transformer robotics; robot hand,2026-06-12T15:07:36Z,19.351,20.351
doi:10.1126/scirobotics.ady2869,Visual-tactile pretraining and online multitask learning for humanlike manipulation dexterity,"Achieving humanlike dexterity with anthropomorphic multifingered robotic hands requires precise finger coordination. However, dexterous manipulation remains highly challenging because of high-dimensional action-observation spaces, complex hand-object contact dynamics, and frequent occlusions. To address this, we drew inspiration from the human learning paradigm of observation and practice and propose a two-stage learning framework by learning visual-tactile integration representations via self-supervised learning from human demonstrations. We trained a unified multitask policy through reinforcement learning and online imitation learning. This decoupled learning enabled the robot to acquire generalizable manipulation skills using only monocular images and simple binary tactile signals. With the unified policy, we built a multifingered hand manipulation system that performs multiple compli",2026,Science Robotics,Qi Ye; Qingtao Liu; Siyun Wang; Jiaying Chen; Yu Cui; Ke Jin; Huajin Chen; Xuan Cai; Gaofeng Li; Jiming Chen,10.1126/scirobotics.ady2869,,https://doi.org/10.1126/scirobotics.ady2869,crossref,robot world models manipulation,concept,world_models,,3,robot world model; dexterous manipulation; contact dynamics; imitation learning; self supervised learning; human demonstration; occlusion,2026-06-12T15:07:36Z,19.343,19.343
doi:10.15607/rss.2024.xx.135,Tactile-Driven Non-Prehensile Object Manipulation via Extrinsic Contact Mode Control,,2024,Robotics: Science and Systems XX,Miquel Oller; Dmitry Berenson; Nima Fazeli,10.15607/rss.2024.xx.135,,https://doi.org/10.15607/rss.2024.xx.135,crossref,contact rich manipulation learning,concept,contact,,5,contact rich manipulation,2026-06-12T14:45:03Z,19.296,19.296
doi:10.15607/rss.2025.xxi.054,ViTaSCOPE: Visuo-tactile Implicit Representation for In-hand Pose and Extrinsic Contact Estimation,,2025,Robotics: Science and Systems XXI,Jayjun Lee; Nima Fazeli,10.15607/rss.2025.xxi.054,,https://doi.org/10.15607/rss.2025.xxi.054,crossref,tactile language action robotics,concept,tactile,,3,,2026-06-12T14:45:03Z,19.293,19.293
arxiv:2603.19201v2,OmniVTA: Visuo-Tactile World Modeling for Contact-Rich Robotic Manipulation,"Contact-rich manipulation tasks, such as wiping and assembly, require accurate perception of contact forces, friction changes, and state transitions that cannot be reliably inferred from vision alone. Despite growing interest in visuo-tactile manipulation, progress is constrained by two persistent limitations: existing datasets are small in scale and narrow in task coverage, and current methods treat tactile signals as passive observations rather than using them to model contact dynamics or enable closed-loop control explicitly. In this paper, we present \textbf{OmniViTac}, a large-scale visuo-tactile-action dataset comprising $21{,}000+$ trajectories across $86$ tasks and $100+$ objects, organized into six physics-grounded interaction patterns. Building on this dataset, we propose \textbf{OmniVTA}, a world-model-based visuo-tactile manipulation framework that integrates four tightly cou",2026,arXiv,Yuhang Zheng; Songen Gu; Weize Li; Yupeng Zheng; Yujie Zang; Shuai Tian; Xiang Li; Ce Hao; Chen Gao; Si Liu; Haoran Li; Yilun Chen; Shuicheng Yan; Wenchao Ding,,2603.19201v2,http://arxiv.org/abs/2603.19201v2,arxiv,world action model robotics,concept,wam,,,world action model; contact rich manipulation; contact dynamics; limitation,2026-06-12T14:45:03Z,19.200,20.200
arxiv:2606.06281v1,Multi-Resolution Tactile Imitation Learning for Contact-Rich Robotic Manipulation,"Touch sensing is beneficial for solving a wide variety of manipulation tasks. While there exists a wide range of tactile sensors with different properties, exploiting the fusion of multiple heterogeneous tactile sensors to improve manipulation learning remains underexplored. We present Multi-Resolution Tactile Sensing (MiTaS), a representation framework that leverages multiple tactile sensors operating at different temporal resolutions in order to solve complex contact-rich manipulation tasks. We propose a novel architecture using modality-specific convolutional stems and transformer-based fusion that effectively fuses information from an RGB camera stream, a vision-based GelSight Mini sensor and a high-frequency event-based Evetac sensor. This multi-sensor representation then conditions a flow-matching policy for solving downstream tasks. Experimental results across five contact-rich ma",2026,arXiv,Rickmer Krohn; Erik Helmut; Niklas Funk; Jan Peters; Vignesh Prasad; Georgia Chalvatzaki,,2606.06281v1,http://arxiv.org/abs/2606.06281v1,arxiv,contact rich manipulation learning,concept,contact,,,flow matching policy; contact rich manipulation; imitation learning,2026-06-12T14:45:03Z,19.200,19.200
arxiv:2606.11184v1,TacForeSight: Force-Guided Tactile World Model for Contact-Rich Manipulation,"Contact-rich manipulation requires robots to continuously perceive and regulate evolving physical interactions under dynamic contact transitions or complex surface geometries. Recent imitation learning methods improve contact-aware control by incorporating tactile or force feedback, but they rarely model the asymmetric spatiotemporal roles of global force and local tactile sensing. To address this, we propose TacForeSight, a lightweight force-conditioned tactile foresight framework for real-time manipulation. The core component is TacForceWM, a tactile world model that predicts short-horizon tactile latent dynamics from dual-finger tactile observations conditioned on high-frequency wrist force and torque signals. Another key component, the Predictive Tactile-Conditioned Policy, leverages the predicted latents as anticipatory contact priors, models the current-to-future tactile evolution ",2026,arXiv,Yujie Zang; Yuhang Zheng; Xian Nie; Yupeng Zheng; Shuai Tian; Songen Gu; Chen Gao; Zining Wang; Shuicheng Yan; Wenchao Ding,,2606.11184v1,http://arxiv.org/abs/2606.11184v1,arxiv,contact rich manipulation learning,concept,contact,,,contact rich manipulation; imitation learning,2026-06-12T14:45:03Z,19.200,19.200
arxiv:2603.17851v1,DexViTac: Collecting Human Visuo-Tactile-Kinematic Demonstrations for Contact-Rich Dexterous Manipulation,"Large-scale, high-quality multimodal demonstrations are essential for robot learning of contact-rich dexterous manipulation. While human-centric data collection systems lower the barrier to scaling, they struggle to capture the tactile information during physical interactions. Motivated by this, we present DexViTac, a portable, human-centric data collection system tailored for contact-rich dexterous manipulation. The system enables the high-fidelity acquisition of first-person vision, high-density tactile sensing, end-effector poses, and hand kinematics within unstructured, in-the-wild environments. Building upon this hardware, we propose a kinematics-grounded tactile representation learning algorithm that effectively resolves semantic ambiguities within tactile signals. Leveraging the efficiency of DexViTac, we construct a multimodal dataset comprising over 2,400 visuo-tactile-kinematic",2026,arXiv,Xitong Chen; Yifeng Pan; Min Li; Xiaotian Ding,,2603.17851v1,http://arxiv.org/abs/2603.17851v1,arxiv,contact rich manipulation learning,concept,contact,,,contact rich manipulation; dexterous manipulation; occlusion; deployment,2026-06-12T14:45:03Z,19.200,21.200
arxiv:2503.17501v1,Shear-based Grasp Control for Multi-fingered Underactuated Tactile Robotic Hands,"This paper presents a shear-based control scheme for grasping and manipulating delicate objects with a Pisa/IIT anthropomorphic SoftHand equipped with soft biomimetic tactile sensors on all five fingertips. These `microTac' tactile sensors are miniature versions of the TacTip vision-based tactile sensor, and can extract precise contact geometry and force information at each fingertip for use as feedback into a controller to modulate the grasp while a held object is manipulated. Using a parallel processing pipeline, we asynchronously capture tactile images and predict contact pose and force from multiple tactile sensors. Consistent pose and force models across all sensors are developed using supervised deep learning with transfer learning techniques. We then develop a grasp control framework that uses contact force feedback from all fingertip sensors simultaneously, allowing the hand to s",2025,arXiv,Christopher J. Ford; Haoran Li; Manuel G. Catalano; Matteo Bianchi; Efi Psomopoulou; Nathan F. Lepora,,2503.17501v1,http://arxiv.org/abs/2503.17501v1,arxiv,tactile language action robotics,concept,tactile,,,,2026-06-12T14:45:03Z,19.200,19.200
arxiv:2509.14688v1,exUMI: Extensible Robot Teaching System with Action-aware Task-agnostic Tactile Representation,"Tactile-aware robot learning faces critical challenges in data collection and representation due to data scarcity and sparsity, and the absence of force feedback in existing systems. To address these limitations, we introduce a tactile robot learning system with both hardware and algorithm innovations. We present exUMI, an extensible data collection device that enhances the vanilla UMI with robust proprioception (via AR MoCap and rotary encoder), modular visuo-tactile sensing, and automated calibration, achieving 100% data usability. Building on an efficient collection of over 1 M tactile frames, we propose Tactile Prediction Pretraining (TPP), a representation learning framework through action-aware temporal tactile prediction, capturing contact dynamics and mitigating tactile sparsity. Real-world experiments show that TPP outperforms traditional tactile imitation learning. Our work bri",2025,arXiv,Yue Xu; Litao Wei; Pengyu An; Qingyu Zhang; Yong-Lu Li,,2509.14688v1,http://arxiv.org/abs/2509.14688v1,arxiv,tactile language action robotics,concept,tactile,,,contact rich manipulation; contact dynamics; proprioception; imitation learning; limitation,2026-06-12T14:45:03Z,19.200,21.200
doi:10.1002/rcs.2325,SuP‐Ring: A pneumatic tactile display with substitutional representation of contact force components using normal indentation,"Abstract Background Shear force is important for tumour detection and can contribute to minimally invasive surgery (MIS). A popular method uses lateral skin stretch to produce shear force but has some limitations. Methods We have developed a ring‐type pneumatic tactile display that employs normal indentation substituted for lateral skin stretch to represent normal and shear feedback, called SuP‐Ring. Psychophysical experiments were conducted to evaluate how users perceive the provided feedback and the effectiveness of SuP‐Ring in tumour localisation. Results The experimental results show that the participants could perceive the provided normal and shear feedback well. Shear feedback enables users to enhance their performance in localising the tumour and normal feedback could contribute to ensuring the safety requirements in MIS. Conclusions The proposed tactile display could be useful fo",2021,The International Journal of Medical Robotics and Computer Assisted Surgery,Hoang Hiep Ly; Yoshihiro Tanaka; Michitaka Fujiwara,10.1002/rcs.2325,,https://doi.org/10.1002/rcs.2325,crossref,tactile language action robotics,concept,tactile,,5,limitation,2026-06-12T15:07:36Z,19.046,20.046
doi:10.1089/soro.2016.0028,Tactile Sensing with Whiskers of Various Shapes: Determining the Three-Dimensional Location of Object Contact Based on Mechanical Signals at the Whisker Base,,2017,Soft Robotics,Lucie A. Huet; John W. Rudnicki; Mitra J.Z. Hartmann,10.1089/soro.2016.0028,,https://doi.org/10.1089/soro.2016.0028,crossref,tactile language action robotics,concept,tactile,,50,,2026-06-12T15:07:36Z,18.966,18.966
doi:10.1109/iros58592.2024.10801764,RTTF: Rapid Tactile Transfer Framework for Contact-Rich Manipulation Tasks,,2024,2024 IEEE/RSJ International Conference on Intelligent Robots and Systems (IROS),Qiwei Wu; Xuanbin Peng; Jiayu Zhou; Zhuoran Sun; Xiaogang Xiong; Yunjiang Lou,10.1109/iros58592.2024.10801764,,https://doi.org/10.1109/iros58592.2024.10801764,crossref,contact rich manipulation learning,concept,contact,,2,contact rich manipulation,2026-06-12T14:45:03Z,18.949,18.949
arxiv:2509.19047v1,ManipForce: Force-Guided Policy Learning with Frequency-Aware Representation for Contact-Rich Manipulation,"Contact-rich manipulation tasks such as precision assembly require precise control of interaction forces, yet existing imitation learning methods rely mainly on vision-only demonstrations. We propose ManipForce, a handheld system designed to capture high-frequency force-torque (F/T) and RGB data during natural human demonstrations for contact-rich manipulation. Building on these demonstrations, we introduce the Frequency-Aware Multimodal Transformer (FMT). FMT encodes asynchronous RGB and F/T signals using frequency- and modality-aware embeddings and fuses them via bi-directional cross-attention within a transformer diffusion policy. Through extensive experiments on six real-world contact-rich manipulation tasks - such as gear assembly, box flipping, and battery insertion - FMT trained on ManipForce demonstrations achieves robust performance with an average success rate of 83% across all",2025,arXiv,Geonhyup Lee; Yeongjin Lee; Kangmin Kim; Seongju Lee; Sangjun Noh; Seunghyeok Back; Kyoobin Lee,,2509.19047v1,http://arxiv.org/abs/2509.19047v1,arxiv,contact rich manipulation learning,concept,contact,,,diffusion policy; contact rich manipulation; imitation learning; human demonstration; ablation,2026-06-12T14:45:03Z,18.850,20.850
doi:10.1109/robot.2004.1308042,Control of thermal tactile display based on prediction of contact temperature,,2004,"IEEE International Conference on Robotics and Automation, 2004. Proceedings. ICRA '04. 2004",A. Yamamoto; B. Cros; H. Hashimoto; T. Higuchi,10.1109/robot.2004.1308042,,https://doi.org/10.1109/robot.2004.1308042,crossref,tactile language action robotics,concept,tactile,,75,,2026-06-12T15:07:36Z,18.765,18.765
doi:10.1109/iros58592.2024.10802386,Zero-Shot Transfer of a Tactile-based Continuous Force Control Policy from Simulation to Robot,,2024,2024 IEEE/RSJ International Conference on Intelligent Robots and Systems (IROS),Luca Lach; Robert Haschke; Davide Tateo; Jan Peters; Helge Ritter; Júlia Borràs; Carme Torras,10.1109/iros58592.2024.10802386,,https://doi.org/10.1109/iros58592.2024.10802386,crossref,recurrent robot policy,concept,architecture,,1,recurrent robot policy; force control,2026-06-12T15:07:36Z,18.747,18.747
doi:10.48550/arxiv.2307.15818,RT-2: Vision-Language-Action Models Transfer Web Knowledge to Robotic Control,"We study how vision-language models trained on Internet-scale data can be incorporated directly into end-to-end robotic control to boost generalization and enable emergent semantic reasoning. Our goal is to enable a single end-to-end trained model to both learn to map robot observations to actions and enjoy the benefits of large-scale pretraining on language and vision-language data from the web. To this end, we propose to co-fine-tune state-of-the-art vision-language models on both robotic trajectory data and Internet-scale vision-language tasks, such as visual question answering. In contrast to other approaches, we propose a simple, general recipe to achieve this goal: in order to fit both natural language responses and robotic actions into the same format, we express the actions as text tokens and incorporate them directly into the training set of the model in the same way as natural ",2023,arXiv (Cornell University),Anthony Brohan; Noah Brown; Justice Carbajal; Yevgen Chebotar; Xi Chen; Krzysztof Choromański; Tianli Ding; Danny Driess; Avinava Dubey; Chelsea Finn; Pete Florence; Chuyuan Fu; Montse Gonzalez Arenas; Keerthana Gopalakrishnan; Kehang Han; Karol Hausman; Alexander Herzog; Jasmine Hsu; Brian Ichter; Alex Irpan,10.48550/arxiv.2307.15818,,https://doi.org/10.48550/arxiv.2307.15818,openalex,robotics,concept,openalex_bulk_robotics,,267,vision language action model; generalization,2026-06-12T18:57:17Z,18.745,19.745
doi:10.1109/70.880799,Control of contact via tactile sensing,,2000,IEEE Transactions on Robotics and Automation,H. Zhang; N.N. Chen,10.1109/70.880799,,https://doi.org/10.1109/70.880799,crossref,contact dynamics robot learning,concept,contact,,65,contact dynamics,2026-06-12T15:07:36Z,18.695,18.695
doi:10.1146/annurev.neuro.26.041002.131032,SENSORY SIGNALS IN NEURAL POPULATIONS UNDERLYING TACTILE PERCEPTION AND MANIPULATION,"▪ Abstract For humans to manipulate an object successfully, the motor control system must have accurate information about parameters such as the shape of the stimulus, its position of contact on the skin, and the magnitude and direction of contact force. The same information is required for perception during haptic exploration of an object. Much of these data are relayed by the mechanoreceptive afferents innervating the glabrous skin of the digits. Single afferent responses are modulated by all the relevant stimulus parameters. Thus, only in complete population reconstructions is it clear how each of the parameters can be signaled to the brain independently when many are changing simultaneously, as occurs in most normal movements or haptic exploration. Modeling population responses reveals how resolution is affected by neural noise and intrinsic properties of the population such as the p",2004,Annual Review of Neuroscience,Antony W. Goodwin; Heather E. Wheat,10.1146/annurev.neuro.26.041002.131032,,https://doi.org/10.1146/annurev.neuro.26.041002.131032,crossref,Gaussian splatting robot perception bimanual manipulation,concept,architecture_x_embodiment,,116,Gaussian splatting robot perception; bimanual manipulation; tactile perception,2026-06-12T15:07:36Z,18.681,18.681
arxiv:2210.03836v1,Learning the Dynamics of Compliant Tool-Environment Interaction for Visuo-Tactile Contact Servoing,"Many manipulation tasks require the robot to control the contact between a grasped compliant tool and the environment, e.g. scraping a frying pan with a spatula. However, modeling tool-environment interaction is difficult, especially when the tool is compliant, and the robot cannot be expected to have the full geometry and physical properties (e.g., mass, stiffness, and friction) of all the tools it must use. We propose a framework that learns to predict the effects of a robot's actions on the contact between the tool and the environment given visuo-tactile perception. Key to our framework is a novel contact feature representation that consists of a binary contact value, the line of contact, and an end-effector wrench. We propose a method to learn the dynamics of these contact features from real world data that does not require predicting the geometry of the compliant tool. We then propo",2022,arXiv,Mark Van der Merwe; Dmitry Berenson; Nima Fazeli,,2210.03836v1,http://arxiv.org/abs/2210.03836v1,arxiv,contact dynamics robot learning,concept,contact,,,contact dynamics; tactile perception,2026-06-12T14:45:03Z,18.600,19.600
doi:10.1109/iros60139.2025.11246218,Semantic-Geometric-Physical-Driven Robot Manipulation Skill Transfer via Skill Library and Tactile Representation,,2025,2025 IEEE/RSJ International Conference on Intelligent Robots and Systems (IROS),Mingchao Qi; Yuanjin Li; Xing Liu; Zhengxiong Liu; Panfeng Huang,10.1109/iros60139.2025.11246218,,https://doi.org/10.1109/iros60139.2025.11246218,crossref,robot world models manipulation,concept,world_models,,,robot world model; robot manipulation,2026-06-12T15:07:36Z,18.600,18.600
doi:10.1109/icassp55912.2026.11460391,CARE: Multi-Task Pretraining For Latent Continuous Action Representation in Robot Control,,2026,"ICASSP 2026 - 2026 IEEE International Conference on Acoustics, Speech and Signal Processing (ICASSP)",Jiaqi Shi; Xulong Zhang; Xiaoyang Qu; Jianzong Wang,10.1109/icassp55912.2026.11460391,,https://doi.org/10.1109/icassp55912.2026.11460391,crossref,latent dynamics model robot control,concept,latent_dynamics,,,,2026-06-12T15:07:36Z,18.600,18.600
doi:10.1007/978-1-4615-0713-0_45,Dynamic Use of Tactile Afferent Signals in Control of Dexterous Manipulation,,2002,Advances in Experimental Medicine and Biology Sensorimotor Control of Movement and Posture,Roland S. Johansson,10.1007/978-1-4615-0713-0_45,,https://doi.org/10.1007/978-1-4615-0713-0_45,crossref,EBM transformer robotics dexterous manipulation,concept,architecture_x_embodiment,,43,EBM transformer robotics; dexterous manipulation,2026-06-12T15:07:36Z,18.492,18.492
doi:10.3390/s20041050,Grasping Force Control of Multi-Fingered Robotic Hands through Tactile Sensing for Object Stabilization,"Grasping force control is important for multi-fingered robotic hands to stabilize the grasped object. Humans are able to adjust their grasping force and react quickly to instabilities through tactile sensing. However, grasping force control through tactile sensing with robotic hands is still relatively unexplored. In this paper, we make use of tactile sensing for multi-fingered robot hands to adjust the grasping force to stabilize unknown objects without prior knowledge of their shape or physical properties. In particular, an online detection module based on Deep Neural Network (DNN) is designed to detect contact events and object material simultaneously from tactile data. In addition, a force estimation method based on Gaussian Mixture Model (GMM) is proposed to compute the contact information (i.e., contact force and contact location) from tactile data. According to the results of tact",2020,Sensors,Zhen Deng; Yannick Jonetzko; Liwei Zhang; Jianwei Zhang,10.3390/s20041050,,https://doi.org/10.3390/s20041050,crossref,analytical grasping,anti_myopia,anti_thesis,,77,robot hand; force control; analytical grasping,2026-06-12T15:07:36Z,18.428,21.428
arxiv:2103.00410v2,Sim-to-Real Transfer for Robotic Manipulation with Tactile Sensory,"Reinforcement Learning (RL) methods have been widely applied for robotic manipulations via sim-to-real transfer, typically with proprioceptive and visual information. However, the incorporation of tactile sensing into RL for contact-rich tasks lacks investigation. In this paper, we model a tactile sensor in simulation and study the effects of its feedback in RL-based robotic control via a zero-shot sim-to-real approach with domain randomization. We demonstrate that learning and controlling with feedback from tactile sensor arrays at the gripper, both in simulation and reality, can enhance grasping stability, which leads to a significant improvement in robotic manipulation performance for a door opening task. In real-world experiments, the door open angle was increased by 45% on average for transferred policies with tactile sensing over those without it.",2021,arXiv,Zihan Ding; Ya-Yen Tsai; Wang Wei Lee; Bidan Huang,,2103.00410v2,http://arxiv.org/abs/2103.00410v2,arxiv,sim to real robot manipulation,concept,sim2real,,,robot manipulation; sim to real transfer; domain randomization,2026-06-12T14:45:03Z,18.400,20.400
doi:10.1109/icarm62033.2024.10715919,Visual-Tactile Based Manipulation Control for Complex Robot Manipulation Process via Geometric and Contact State Modeling,,2024,2024 International Conference on Advanced Robotics and Mechatronics (ICARM),Gaozhao Wang; Xing Liu; Zhengxiong Liu; Yizhai Zhang; Panfeng Huang,10.1109/icarm62033.2024.10715919,,https://doi.org/10.1109/icarm62033.2024.10715919,crossref,robot world models manipulation,concept,world_models,,,robot world model; robot manipulation,2026-06-12T14:45:03Z,18.400,18.400
doi:10.1016/j.robot.2014.09.011,Towards the creation of tactile maps for robots and their use in robot contact motion control,,2015,Robotics and Autonomous Systems,S. Denei; F. Mastrogiovanni; G. Cannata,10.1016/j.robot.2014.09.011,,https://doi.org/10.1016/j.robot.2014.09.011,crossref,tactile language action robotics,concept,tactile,,32,,2026-06-12T14:45:03Z,18.348,18.348
doi:10.1145/3294109.3302958,Tangible Signals - Physical Representation of Sound and Haptic Control Feedback,,2019,"Proceedings of the Thirteenth International Conference on Tangible, Embedded, and Embodied Interaction",Jens Vetter,10.1145/3294109.3302958,,https://doi.org/10.1145/3294109.3302958,crossref,embodied world model planning control,concept,world_models,,4,,2026-06-12T15:07:36Z,18.205,18.205
arxiv:2504.19341v1,PolyTouch: A Robust Multi-Modal Tactile Sensor for Contact-rich Manipulation Using Tactile-Diffusion Policies,"Achieving robust dexterous manipulation in unstructured domestic environments remains a significant challenge in robotics. Even with state-of-the-art robot learning methods, haptic-oblivious control strategies (i.e. those relying only on external vision and/or proprioception) often fall short due to occlusions, visual complexities, and the need for precise contact interaction control. To address these limitations, we introduce PolyTouch, a novel robot finger that integrates camera-based tactile sensing, acoustic sensing, and peripheral visual sensing into a single design that is compact and durable. PolyTouch provides high-resolution tactile feedback across multiple temporal scales, which is essential for efficiently learning complex manipulation tasks. Experiments demonstrate an at least 20-fold increase in lifespan over commercial tactile sensors, with a design that is both easy to man",2025,arXiv,Jialiang Zhao; Naveen Kuppuswamy; Siyuan Feng; Benjamin Burchfiel; Edward Adelson,,2504.19341v1,http://arxiv.org/abs/2504.19341v1,arxiv,diffusion policy limitation robot manipulation,hostile,failure,,,diffusion policy; robot manipulation; contact rich manipulation; dexterous manipulation; proprioception; human demonstration; limitation; occlusion; diffusion policy limitation,2026-06-12T15:07:36Z,17.850,22.850
doi:10.1109/tnsre.2024.3358491,Cross-Subject Motor Imagery Decoding by Transfer Learning of Tactile ERD,"For Brain-Computer Interface (BCI) based on motor imagery (MI), the MI task is abstract and spontaneous, presenting challenges in measurement and control and resulting in a lower signal-to-noise ratio. The quality of the collected MI data significantly impacts the cross-subject calibration results. To address this challenge, we introduce a novel cross-subject calibration method based on passive tactile afferent stimulation, in which data induced by tactile stimulation is utilized to calibrate transfer learning models for cross-subject decoding. During the experiments, tactile stimulation was applied to either the left or right hand, with subjects only required to sense tactile stimulation. Data from these tactile tasks were used to train or fine-tune models and subsequently applied to decode pure MI data. We evaluated BCI performance using both the classical Common Spatial Pattern (CSP) ",2024,IEEE Transactions on Neural Systems and Rehabilitation Engineering,Yucun Zhong; Lin Yao; Gang Pan; Yueming Wang,10.1109/tnsre.2024.3358491,,https://doi.org/10.1109/tnsre.2024.3358491,openalex,energy based model robot learning,concept,ebm,,12,,2026-06-12T18:26:24Z,17.782,18.782
doi:10.1109/sii.2019.8700383,Control System Based on Contact Force Distribution for Wearable Robot with Tactile Sensor,,2019,2019 IEEE/SICE International Symposium on System Integration (SII),Daiki Ito; Yuki Funabora; Shinji Doki; Kae Doki,10.1109/sii.2019.8700383,,https://doi.org/10.1109/sii.2019.8700383,crossref,contact dynamics robot learning,concept,contact,,1,contact dynamics,2026-06-12T15:07:36Z,17.747,17.747
doi:10.1177/0142331215583327,Identification of a vertical hopping robot model via harmonic transfer functions,"A common approach to understanding and controlling robotic legged locomotion is the construction and analysis of simplified mathematical models that capture essential features of locomotor behaviours. However, the representational power of such simple mathematical models is inevitably limited due to the non-linear and complex nature of biological locomotor systems. Attempting to identify and explicitly incorporate key non-linearities into the model is challenging, increases complexity, and decreases the analytic utility of the resulting models. In this paper, we adopt a data-driven approach, with the goal of furnishing an input–output representation of a locomotor system. Our method is based on approximating the hybrid dynamics of a legged locomotion model around its limit cycle as a Linear Time Periodic (LTP) system. Perturbing inputs to the locomotor system with small chirp signals yie",2016,Transactions of the Institute of Measurement and Control,İsmail Uyanık; Mustafa M. Ankaralı; Noah J. Cowan; Uluç Saranlı; Ömer Morgül,10.1177/0142331215583327,,https://doi.org/10.1177/0142331215583327,crossref,control barrier functions robot learning,anti_myopia,control,,12,system identification; control barrier function,2026-06-12T15:07:36Z,17.732,20.732
doi:10.1109/jsen.2019.2959311,Soft Sensitive Skin for Safety Control of a Nursing Robot Using Proximity and Tactile Sensors,"This article presents a novel robot skin that integrates both proximity and tactile sensors in a nursing robot to maximize the safety of patient transfer tasks. Two types of sensors are mounted on a honeycomb substrate made of flexible photosensitive resin. The proximity sensor consists of several distance sensor arrays, each with 16 laser sensors connected to a microprocessor via an inter-integrated circuit bus. The sensor array is made of a flexible printed circuit, and the distance between the robotic arm and object is measured based on the time-of-flight principle. The tactile sensor consists of multiple 125 mm $\times125$ mm pressure sensor patches, each integrating 64 piezoresistive pressure sensors. This article presents the design and manufacture of the sensitive skin and proposes the safety control strategies of a nursing robotic arm using sensor information. In particular, by e",2019,IEEE Sensors Journal,Jiale Liang; Jiahao Wu; Hailin Huang; Wenfu Xu; Bing Li; Fengfeng Xi,10.1109/jsen.2019.2959311,,https://doi.org/10.1109/jsen.2019.2959311,openalex,robotics,concept,openalex_bulk_robotics,,76,,2026-06-12T18:57:17Z,17.672,17.672
doi:10.20965/jrm.1997.p0412,Study on Non-Contact Hold and Transfer Control of Spherical Magnetic Body by Magnetic Robot Hand with Prototype Gap Sensor System,"In the exploitation of magnetic robot hands, it is extremely important to develop a gap sensor with high and stable performance for the relative motion in three-dimensional space between the held body and the magnetic robot hand. In this study, first, a prototype gap sensor system is developed for the instrument of the gap between a magnetic robot hand and a spherical magnetic body held and transferred without contact. The prototype gap sensor system consists of a magnetic flux sensor, an exciting current sensor and a data base calculation system. The data base calculation system is constructed using instrument data obtained in previous experiments for the gap, the magnetic flux and the exciting current. The magnetic robot hand is composed of a prototype gap sensor system and an electromagnet. Second, experiments on the noncontact hold and transfer control of the spherical magnetic body ",1997,Journal of Robotics and Mechatronics,Hiroyuki Kojima; Osamu Itagaki; Toshikazu Okabe; Toshio Kobayashi,10.20965/jrm.1997.p0412,,https://doi.org/10.20965/jrm.1997.p0412,crossref,contact dynamics robot learning,concept,contact,,,robot hand; contact dynamics,2026-06-12T15:07:36Z,17.650,17.650
doi:10.1177/02783649211047634,Interpreting and predicting tactile signals for the SynTouch BioTac,"In the human hand, high-density contact information provided by afferent neurons is essential for many human grasping and manipulation capabilities. In contrast, robotic tactile sensors, including the state-of-the-art SynTouch BioTac, are typically used to provide low-density contact information, such as contact location, center of pressure, and net force. Although useful, these data do not convey or leverage the rich information content that some tactile sensors naturally measure. This research extends robotic tactile sensing beyond reduced-order models through (1) the automated creation of a precise experimental tactile dataset for the BioTac over a diverse range of physical interactions, (2) a 3D finite-element (FE) model of the BioTac, which complements the experimental dataset with high-density, distributed contact data, (3) neural-network-based mappings from raw BioTac signals to n",2021,The International Journal of Robotics Research,Yashraj S. Narang; Balakumar Sundaralingam; Karl Van Wyk; Arsalan Mousavian; Dieter Fox,10.1177/02783649211047634,,https://doi.org/10.1177/02783649211047634,crossref,tactile language action robotics,concept,tactile,,32,,2026-06-12T15:07:36Z,17.598,17.598
doi:10.1049/csy2.12009,Phantom motion intent decoding for transhumeral prosthesis control with fused neuromuscular and brain wave signals,"Abstract In recent years, the electroencephalography (EEG) brain–computer interface (BCI) has been researched in the area of upper‐limb prosthesis control due to the promise of being able to record neurological signals which follow activation patterns in the cortex directly from the brain with non‐invasive electrodes. This is seen as a way of bypassing the limitation posed by acquiring neuromuscular signals predominantly with electromyography (EMG) directly from the stump, which possesses residual limb anatomy post‐amputation. In this study, the sequential forward selection algorithm to form a 10‐optimal‐channel representation, alongside an extended signal feature vector was applied, to investigate the motion intent decoding performance of EMG‐only, EEG‐only, and a fused EMG–EEG sensing configuration for four transhumeral amputees with varying stump lengths. The results showed a consider",2021,IET Cyber-Systems and Robotics,Ejay Nsugbe; Oluwarotimi Williams Samuel; Mojisola Grace Asogbon; Guanglin Li,10.1049/csy2.12009,,https://doi.org/10.1049/csy2.12009,crossref,robotics,concept,crossref_bulk_robotics,,30,limitation,2026-06-12T19:29:26Z,17.567,18.567
doi:10.1109/ascc.2017.8287372,Contact force distribution predictive control system for wearable robot with tactile sensors,,2017,2017 11th Asian Control Conference (ASCC),Asuka Sato; Yuki Funabora; Shinji Doki; Kae Doki,10.1109/ascc.2017.8287372,,https://doi.org/10.1109/ascc.2017.8287372,crossref,contact dynamics robot learning,concept,contact,,2,contact dynamics,2026-06-12T15:07:36Z,17.549,17.549
doi:10.3390/s25133892,"Emerging Frontiers in Robotic Upper-Limb Prostheses: Mechanisms, Materials, Tactile Sensors and Machine Learning-Based EMG Control: A Comprehensive Review","Hands are central to nearly every aspect of daily life, so losing an upper limb due to amputation can severely affect a person's independence. Robotic prostheses offer a promising solution by mimicking many of the functions of a natural arm, leading to an increasing need for advanced prosthetic designs. However, developing an effective robotic hand prosthesis is far from straightforward. It involves several critical steps, including creating accurate models, choosing materials that balance biocompatibility with durability, integrating electronic and sensory components, and perfecting control systems before final production. A key factor in ensuring smooth, natural movements lies in the method of control. One popular approach is to use electromyography (EMG), which relies on electrical signals from the user's remaining muscle activity to direct the prosthesis. By decoding these signals, w",2025,Sensors,Beibit Abdikenov; Darkhan Zholtayev; Kanat Suleimenov; Nazgul Assan; Кassymbek Ozhikenov; Aiman Ozhikenova; Nurbek Nadirov; Akim Kapsalyamov,10.3390/s25133892,,https://doi.org/10.3390/s25133892,openalex,transformer energy based model robotics,concept,ebm_transformer,,10,energy based model robotics,2026-06-12T18:05:07Z,17.549,17.549
doi:10.3390/electronics9010174,Motor Imagery Based Continuous Teleoperation Robot Control with Tactile Feedback,"Brain computer interface (BCI) adopts human brain signals to control external devices directly without using normal neural pathway. Recent study has explored many applications, such as controlling a teleoperation robot by electroencephalography (EEG) signals. However, utilizing the motor imagery EEG-based BCI to perform teleoperation for reach and grasp task still has many difficulties, especially in continuous multidimensional control of robot and tactile feedback. In this research, a motor imagery EEG-based continuous teleoperation robot control system with tactile feedback was proposed. Firstly, mental imagination of different hand movements was translated into continuous command to control the remote robotic arm to reach the hover area of the target through a wireless local area network (LAN). Then, the robotic arm automatically completed the task of grasping the target. Meanwhile, t",2020,Electronics,Baoguo Xu; Wenlong Li; Xiaohang He; Zhiwei Wei; Dalin Zhang; Changcheng Wu; Aiguo Song,10.3390/electronics9010174,,https://doi.org/10.3390/electronics9010174,crossref,teleoperation data robot foundation model,concept,human_data,,41,robot foundation model; teleoperation,2026-06-12T15:07:36Z,17.519,17.519
doi:10.3390/robotics8040091,Control of the Sit-To-Stand Transfer of a Biped Robotic Device for Postural Rehabilitation,"This paper deals with the control of the sit-to-stand transfer of a biped robotic device (either an autonomous biped robot or a haptic assistive exoskeleton for postural rehabilitation). The control has been synthesized, instead of considering the physiology, analyzing the basic laws of dynamics. The transfer of a human from sitting on a chair to an erect posture is an interesting case study, because it treats biped balance in a two-phase dynamic setting, with an external force disturbance (the chair–pelvis contact) affecting the center of pressure under the feet. At the beginning, a body is sitting, with a fixed pelvis moving with the hips going toward the supporting feet and, contemporaneously, releasing the load from the chair with ankles and knee torques. Then, after lift-off, it reaches and maintains an erect posture. The paper objectives are threefold: identifying the major dynamic",2019,Robotics,Giuseppe Menga; Marco Ghirardi,10.3390/robotics8040091,,https://doi.org/10.3390/robotics8040091,crossref,classical control robotics,anti_myopia,anti_thesis,,15,classical control robotics,2026-06-12T15:07:36Z,17.436,21.436
doi:10.3389/fnbot.2019.00008,Tactile Sensing and Control of Robotic Manipulator Integrating Fiber Bragg Grating Strain-Sensor,"Tactile sensing is an instrumental modality of robotic manipulation, as it provides information that is not accessible via remote sensors such as cameras or lidars. Touch is particularly crucial in unstructured environments, where the robot's internal representation of manipulated objects is uncertain. In this study we present the sensorization of an existing artificial hand, with the aim to achieve fine control of robotic limbs and perception of object's physical properties. Tactile feedback is conveyed by means of a soft sensor integrated at the fingertip of a robotic hand. The sensor consists of an optical fiber, housing Fiber Bragg Gratings (FBGs) transducers, embedded into a soft polymeric material integrated on a rigid hand. Through several tasks involving grasps of different objects in various conditions, the ability of the system to acquire information is assessed. Results show t",2019,Frontiers in Neurorobotics,Luca Massari; Calogero Maria Oddo; Edoardo Sinibaldi; Renaud Detry; Joseph Bowkett; Kalind Carpenter,10.3389/fnbot.2019.00008,,https://doi.org/10.3389/fnbot.2019.00008,openalex,robotics,concept,openalex_bulk_robotics,,46,,2026-06-12T18:57:17Z,17.425,17.425
doi:10.1109/tase.2017.2691136,Motor-Current-Based Estimation of Cartesian Contact Forces and Torques for Robotic Manipulators and Its Application to Force Control,"We present a Kalman filter-based approach for estimating external forces and torques relying on a dynamic model of a serial-chain robotic manipulator where only motor signals (currents, joint angles, and joint speeds) are measurable. The method does not require any additional sensing compared to standard robot control systems. The approach exploits redundancy in 7DOF arms, but also applies to traditional 6DOF manipulators. Automatic filter calibration routines are presented minimizing the number of parameters that must be tuned in order to successfully apply the proposed scheme and to optimize estimation quality. The approach is verified by measurement data gathered from an ABB YuMi, a dual-arm collaborative robot with 7DOF each arm. Furthermore, measurement results are presented employing force and torque estimates in a compliance control scheme, verifying that the estimation quality ac",2017,IEEE Transactions on Automation Science and Engineering,Arne Wahrburg; J.F.T. Bos; Kim D. Listmann; Fan Dai; Björn Matthias; Hao Ding,10.1109/tase.2017.2691136,,https://doi.org/10.1109/tase.2017.2691136,openalex,robotics,concept,openalex_bulk_robotics,,181,force control,2026-06-12T18:57:17Z,17.352,17.352
doi:10.1109/jsen.2019.2912968,CNN-Based Methods for Object Recognition With High-Resolution Tactile Sensors,"Novel high-resolution pressure-sensor arrays allow treating pressure readings as standard images. Computer vision algorithms and methods such as convolutional neural networks (CNN) can be used to identify contact objects. In this paper, a high-resolution tactile sensor has been attached to a robotic end-effector to identify contacted objects. Two CNN-based approaches have been employed to classify pressure images. These methods include a transfer learning approach using a pre-trained CNN on an RGB-images dataset and a custom-made CNN (TactNet) trained from scratch with tactile information. The transfer learning approach can be carried out by retraining the classification layers of the network or replacing these layers with an SVM. Overall, 11 configurations based on these methods have been tested: eight transfer learning-based, and three TactNet-based. Moreover, a study of the performanc",2019,IEEE Sensors Journal,Juan M. Gandarías; Alfonso García-Cerezo; Jesús M. Gómez-de-Gabriel,10.1109/jsen.2019.2912968,,https://doi.org/10.1109/jsen.2019.2912968,openalex,energy based model robot learning,concept,ebm,,137,,2026-06-12T18:05:07Z,17.314,17.314
doi:10.1109/cdc.2010.5717306,Contact based robot control through tactile maps,,2010,49th IEEE Conference on Decision and Control (CDC),Giorgio Cannata; Simone Denei; Fulvio Mastrogiovanni,10.1109/cdc.2010.5717306,,https://doi.org/10.1109/cdc.2010.5717306,crossref,contact dynamics robot learning,concept,contact,,3,contact dynamics,2026-06-12T15:07:36Z,17.293,17.293
doi:10.1109/iros.2012.6385899,Parallel Force-Position control mediated by tactile maps for robot contact tasks,,2012,2012 IEEE/RSJ International Conference on Intelligent Robots and Systems,Simone Denei; Fulvio Mastrogiovanni; Giorgio Cannata,10.1109/iros.2012.6385899,,https://doi.org/10.1109/iros.2012.6385899,crossref,contact dynamics robot learning,concept,contact,,3,contact dynamics,2026-06-12T15:07:36Z,17.293,17.293
doi:10.1089/soro.2018.0172,A Machine-Learning-Based Approach to Solve Both Contact Location and Force in Soft Material Tactile Sensors,"This study addresses a design and calibration methodology based on numerical finite element method (FEM) modeling for the development of a soft tactile sensor able to simultaneously solve the magnitude and the application location of a normal load exerted onto its surface. The sensor entails the integration of a Bragg grating fiber optic sensor in a Dragon Skin 10 polymer brick (110 mm length, 24 mm width). The soft polymer mediates the transmission of the applied load to the buried fiber Bragg gratings (FBGs), and we also investigated the effect of sensor thickness on receptive field and sensitivity, both with the developed model and experimentally. Force-controlled indentations of the sensor (up to 2.5 N) were carried out through a cylindrical probe applied along the direction of the optical fiber (over an ∼90 mm span in length). A finite element model of the sensor was built and exper",2020,Soft Robotics,Luca Massari; Emiliano Schena; Carlo Massaroni; Paola Saccomandi; Arianna Menciassi; Edoardo Sinibaldi; Calogero Maria Oddo,10.1089/soro.2018.0172,,https://doi.org/10.1089/soro.2018.0172,crossref,tactile language action robotics,concept,tactile,,102,force control,2026-06-12T15:07:36Z,17.267,17.267
doi:10.3390/jmse12071126,Development of a Control System for Underwater Vehicles with Multilink Manipulators Performing Contact Manipulation Operations,"This article proposes a new method for the synthesis of autonomous underwater vehicles (AUVs) with a multilink manipulators control system, which provides for the automatic execution of contact manipulation operations by AUVs in stabilized hovering mode near or above target objects. To achieve the desired magnitude of the working tool’s force effect on the object surface, the force vector exerted by this tool is calculated. Next, control signals providing additional movements of the manipulator’s tool in the direction of the desired force vector are generated. Simultaneously, based on the calculated effects from the manipulator on the AUV, the thrusts of the latter’s thrusters create the necessary pull at the manipulator’s attachment point, which allows it to exert the desired force effects on the object surface. To compensate for the inevitable AUV stabilization system errors, leading t",2024,Journal of Marine Science and Engineering,Alexander Konoplin; Nikita Krasavin; Alexander Yurmanov; Pavel Piatavin; Roman Vasilenko; Maxim Panchuk,10.3390/jmse12071126,,https://doi.org/10.3390/jmse12071126,crossref,contact rich manipulation learning,concept,contact,,4,contact rich manipulation,2026-06-12T15:07:36Z,17.255,17.255
doi:10.1007/s40747-023-01246-6,Assist-as-needed control with a soft robotic glove based on human-object contact estimation,"Abstract Assist-as-needed control with a soft robotic hand glove for active rehabilitation is studied in this work. There are two resources of the grasping force, the robotic glove and the subject. Compared with traditional passive rehabilitation where the grasping force is merely provided by a robotic hand rehabilitation device (such as hand exoskeleton, robotic glove), assist-as-needed control accounts for the user contribute to performing grasping tasks collaboratively. In this control method, the human muscle strength for grasping is estimated through the myoelectrical signals of the human forearm collected by the MYO armband. A neural network is used for the recognition of human-object contact estimation. The assist-as-needed control is finally implemented to assist humans in grasping tasks. Experiment results on a soft robotic glove show the effectiveness of the proposed assistive ",2023,Complex & Intelligent Systems,Chi Sun; Xianhe Wang; Long Teng; Zhijun Zhang; Chak Yin Tang,10.1007/s40747-023-01246-6,,https://doi.org/10.1007/s40747-023-01246-6,openalex,energy based model robot learning,concept,ebm,,5,,2026-06-12T18:26:24Z,17.196,17.196
doi:10.1109/tro.2023.3278455,Tactile and Chemical Sensing With Haptic Feedback for a Telepresence Explosive Ordnance Disposal Robot,"Robots can be used to mitigate risks in unsafe and austere settings. In recent years, explosive ordnance disposal robots have reduced the technician's time-on-target, and thus, reduce the direct risk of exposure. This article focuses on the study and development of innovative techniques as the foundational work for a new robot platform. The proposed system includes an organic electrochemical transistor device to detect the existence of explosive residues, and lead to decisions for safe-removal progress. Taurus' surgical gripper facilitates object tactile exploration, and manipulation with control precision to the millimeter range. The highly sensitive triboelectric tactile sensor could reduce intrusiveness during contact, and mitigate the risk of detonation. Haptic devices and visual displays are used to convey important signals, in order to improve the situational awareness of the teleo",2023,IEEE Transactions on Robotics,Chenxi Xiao; Aaron B. Woeppel; Gina Marie Clepper; Shengjie Gao; Shujia Xu; Johannes F. Rueschen; Daniel Kruse; Wenzhuo Wu; Hong Z. Tan; Thomas Low; Stephen P. Beaudoin; Bryan W. Boudouris; William G. Haris; Juan Wachs,10.1109/tro.2023.3278455,,https://doi.org/10.1109/tro.2023.3278455,openalex,robotics,concept,openalex_bulk_robotics,,18,,2026-06-12T18:57:17Z,17.122,17.122
arxiv:2509.15876v1,High-Bandwidth Tactile-Reactive Control for Grasp Adjustment,"Vision-only grasping systems are fundamentally constrained by calibration errors, sensor noise, and grasp pose prediction inaccuracies, leading to unavoidable contact uncertainty in the final stage of grasping. High-bandwidth tactile feedback, when paired with a well-designed tactile-reactive controller, can significantly improve robustness in the presence of perception errors. This paper contributes to controller design by proposing a purely tactile-feedback grasp-adjustment algorithm. The proposed controller requires neither prior knowledge of the object's geometry nor an accurate grasp pose, and is capable of refining a grasp even when starting from a crude, imprecise initial configuration and uncertain contact points. Through simulation studies and real-world experiments on a 15-DoF arm-hand system (featuring an 8-DoF hand) equipped with fingertip tactile sensors operating at 200 Hz,",2025,arXiv,Yonghyeon Lee; Tzu-Yuan Lin; Alexander Alexiev; Sangbae Kim,,2509.15876v1,http://arxiv.org/abs/2509.15876v1,arxiv,analytical grasping,anti_myopia,anti_thesis,,,robustness; analytical grasping,2026-06-12T15:07:36Z,17.100,23.100
doi:10.1142/s0219843618500019,Active Tactile Transfer Learning for Object Discrimination in an Unstructured Environment Using Multimodal Robotic Skin,"In this paper, we propose a probabilistic active tactile transfer learning (ATTL) method to enable robotic systems to exploit their prior tactile knowledge while discriminating among objects via their physical properties (surface texture, stiffness, and thermal conductivity). Using the proposed method, the robot autonomously selects and exploits its most relevant prior tactile knowledge to efficiently learn about new unknown objects with a few training samples or even one. The experimental results show that using our proposed method, the robot successfully discriminated among new objects with [Formula: see text] discrimination accuracy using only one training sample (on-shot-tactile-learning). Furthermore, the results demonstrate that our method is robust against transferring irrelevant prior tactile knowledge (negative tactile knowledge transfer).",2018,International Journal of Humanoid Robotics,Mohsen Kaboli; Di Feng; Gordon Cheng,10.1142/s0219843618500019,,https://doi.org/10.1142/s0219843618500019,crossref,tactile language action robotics,concept,tactile,,37,,2026-06-12T15:07:36Z,17.069,18.069
doi:10.3390/s22249569,Classification of Heart Sounds Using Chaogram Transform and Deep Convolutional Neural Network Transfer Learning,"Heart sounds convey important information regarding potential heart diseases. Currently, heart sound classification attracts many researchers from the fields of telemedicine, digital signal processing, and machine learning-among others-mainly to identify cardiac pathology as quickly as possible. This article proposes chaogram as a new transform to convert heart sound signals to colour images. In the proposed approach, the output image is, therefore, the projection of the reconstructed phase space representation of the phonocardiogram (PCG) signal on three coordinate planes. This has two major benefits: (1) it makes possible to apply deep convolutional neural networks to heart sounds and (2) it is also possible to employ a transfer learning scheme by converting a heart sound signal to an image. The performance of the proposed approach was verified on the PhysioNet dataset. Due to the imba",2022,Sensors,Ali Harimi; Yahya Majd; Abdorreza Alavi Gharahbagh; Vahid Hajihashemi; Zeynab Esmaileyan; José J. M. Machado; João Manuel R. S. Tavares,10.3390/s22249569,,https://doi.org/10.3390/s22249569,openalex,energy based model robot learning,concept,ebm,,24,,2026-06-12T18:26:24Z,17.059,17.059
doi:10.3390/jmse14040384,System-Level Optimization of AUV Swarm Control and Perception: An Energy-Aware Federated Meta-Transfer Learning Framework with Digital Twin Validation,"Deep-sea exploration increasingly relies on Autonomous Underwater Vehicles (AUVs) to enable persistent, wide-area surveying in harsh and uncertain environments. In practice, however, deployments are constrained by tight energy budgets and bandwidth-limited, intermittent acoustic links, which complicate mission-level coordination. Moreover, many existing systems treat perception and control as loosely coupled modules, often resulting in redundant sensing, inefficient communication, and degraded overall performance—particularly under heterogeneous sensing modalities and shifting geological conditions. To address these challenges, we propose a hierarchical Federated Meta-Transfer Learning (FMTL) framework that tightly integrates collaborative perception with adaptive control for swarm optimization. The framework operates at three levels: (1) Representation Learning aligns heterogeneous sens",2026,Journal of Marine Science and Engineering,Zinan Nie; Hongjun Tian; Yijie Yin; Yuhan Zhou; Wei Li; Yang Xiong; Yuyi Wang; Z. Zhang; Yang Yang; Dongxiao Xie; Manlin Wang; Shijie Huang,10.3390/jmse14040384,,https://doi.org/10.3390/jmse14040384,openalex,energy based transformer robot policy,concept,ebm_transformer,,1,energy based transformer robot policy; deployment,2026-06-12T18:05:07Z,17.047,18.047
doi:10.1109/sii.2017.8279340,Impedance control system based on contact force distribution for wearable robot with tactile sensors,,2017,2017 IEEE/SICE International Symposium on System Integration (SII),Asuka Sato; Yuki Funabora; Shinji Doki; Kae Doki,10.1109/sii.2017.8279340,,https://doi.org/10.1109/sii.2017.8279340,crossref,contact dynamics robot learning,concept,contact,,,contact dynamics; impedance control,2026-06-12T15:07:36Z,17.000,17.000
doi:10.3390/aerospace11050390,Speech Recognition for Air Traffic Control Utilizing a Multi-Head State-Space Model and Transfer Learning,"In the present study, a novel end-to-end automatic speech recognition (ASR) framework, namely, ResNeXt-Mssm-CTC, has been developed for air traffic control (ATC) systems. This framework is built upon the Multi-Head State-Space Model (Mssm) and incorporates transfer learning techniques. Residual Networks with Cardinality (ResNeXt) employ multi-layered convolutions with residual connections to augment the extraction of intricate feature representations from speech signals. The Mssm is endowed with specialized gating mechanisms, which incorporate parallel heads that acquire knowledge of both local and global temporal dynamics in sequence data. Connectionist temporal classification (CTC) is utilized in the context of sequence labeling, eliminating the requirement for forced alignment and accommodating labels of varying lengths. Moreover, the utilization of transfer learning has been shown to",2024,Aerospace,Haijun Liang; Hanwen Chang; Jianguo Kong,10.3390/aerospace11050390,,https://doi.org/10.3390/aerospace11050390,crossref,state space model robot policy,concept,architecture,,2,state space model robot policy,2026-06-12T15:07:36Z,16.999,16.999
doi:10.1142/s0219843622500141,Whole-Body Compliant Control of Robot Arms Based on Distributed Flexible Tactile Electronic Skin,"Robots are now working outside of industrial fences more and more closely with humans. Safety is the primary requirement for intimate human–robot interactions. Contacts could happen at any and multipoints of robot. Tactile sensors have great potentials for contact sensing. However, their implementation for the whole-body compliance of robots upon unknown contacts is still challenging. In this work, a systematic solution is proposed. A dual-arm humanoid platform is constructed with distributed tactile sensors on its arms and body. Cheap and easy accessed resistive flexible tactile sensors are used. A data collection and signal processing system is developed for the sensing system with scalable capabilities. External contacts on the robot can be monitored by a visualized system. The multipoint contact force is calculated with the sensor positions taken into consideration. A PD controller-b",2023,International Journal of Humanoid Robotics,Bin He; Hao Liu; Caiyue Xu; Yafei Wang; Ping Lu; Yanmin Zhou,10.1142/s0219843622500141,,https://doi.org/10.1142/s0219843622500141,crossref,whole body manipulation humanoid,concept,humanoid,,8,force control; human robot interaction,2026-06-12T14:45:03Z,16.999,16.999
doi:10.3390/app13127154,Design and Development of an Optimal Control Model in System Dynamics through State-Space Representation,"Control engineering and state-space representation are valuable tools in the analysis and design of dynamic systems. In this research, a methodology is proposed that uses these approaches to transform a system-dynamics simulation model into a mathematical model. This is achieved by expressing input, output and state variables as input, output and state vectors, respectively, allowing the representation of the model in matrix form. The resulting model is linear and time-invariant, facilitating its analysis and design. Through the use of this methodology, the system transfer matrix is obtained, which allows the analysis and design of the optimal control of the simulation model. The Ackermann gain-control technique is used to determine the optimal control of the system, which results in a shorter settlement time. This research proposal seeks to mathematically strengthen simulation models an",2023,Applied Sciences,Jorge Manuel Barrios Sánchez; Roberto Baeza Serrato,10.3390/app13127154,,https://doi.org/10.3390/app13127154,crossref,state space model robot policy,concept,architecture,,3,state space model robot policy,2026-06-12T15:07:36Z,16.943,17.943
doi:10.3390/s18020634,Active Prior Tactile Knowledge Transfer for Learning Tactual Properties of New Objects,"Reusing the tactile knowledge of some previously-explored objects (prior objects) helps us to easily recognize the tactual properties of new objects. In this paper, we enable a robotic arm equipped with multi-modal artificial skin, like humans, to actively transfer the prior tactile exploratory action experiences when it learns the detailed physical properties of new objects. These experiences, or prior tactile knowledge, are built by the feature observations that the robot perceives from multiple sensory modalities, when it applies the pressing, sliding, and static contact movements on objects with different action parameters. We call our method Active Prior Tactile Knowledge Transfer (APTKT), and systematically evaluated its performance by several experiments. Results show that the robot improved the discrimination accuracy by around 10 % when it used only one training sample with the ",2018,Sensors,Di Feng; Mohsen Kaboli; Gordon Cheng,10.3390/s18020634,,https://doi.org/10.3390/s18020634,openalex,energy based model robot learning,concept,ebm,,25,,2026-06-12T18:26:24Z,16.929,16.929
doi:10.1609/aaai.v38i19.30169,Physics-Informed Representation and Learning: Control and Risk Quantification,"Optimal and safety-critical control are fundamental problems for stochastic systems, and are widely considered in real-world scenarios such as robotic manipulation and autonomous driving. In this paper, we consider the problem of efficiently finding optimal and safe control for high-dimensional systems. Specifically, we propose to use dimensionality reduction techniques from a comparison theorem for stochastic differential equations together with a generalizable physics-informed neural network to estimate the optimal value function and the safety probability of the system. The proposed framework results in substantial sample efficiency improvement compared to existing methods. We further develop an autoencoder-like neural network to automatically identify the low-dimensional features in the system to enhance the ease of design for system integration. We also provide experiments and quant",2024,Proceedings of the AAAI Conference on Artificial Intelligence,Zhuoyuan Wang; Reece Keller; Xiyu Deng; Kenta Hoshino; Takashi Tanaka; Yorie Nakahira,10.1609/aaai.v38i19.30169,,https://doi.org/10.1609/aaai.v38i19.30169,crossref,physics informed robot learning,concept,architecture,,4,physics informed robot learning; sample efficiency,2026-06-12T15:07:36Z,16.905,17.905
arxiv:2509.17812v2,Tac2Motion: Contact-Aware Reinforcement Learning with Tactile Feedback for Robotic Hand Manipulation,"This paper proposes Tac2Motion, a contact-aware reinforcement learning framework to facilitate the learning of contact-rich in-hand manipulation tasks, such as removing a lid. To this end, we propose tactile sensing-based reward shaping and incorporate the sensing into the observation space through embedding. The designed rewards encourage an agent to ensure firm grasping and smooth finger gaiting at the same time, leading to higher data efficiency and robust performance compared to the baseline. We verify the proposed framework on the opening a lid scenario, showing generalization of the trained policy into a couple of object types and various dynamics such as torsional friction. Lastly, the learned policy is demonstrated on the multi-fingered robot, Shadow Robot, showing that the control policy can be transferred to the real world. The video is available: https://youtu.be/poeJBPR7urQ.",2025,arXiv,Yitaek Kim; Casper Hewson Rask; Christoffer Sloth,,2509.17812v2,http://arxiv.org/abs/2509.17812v2,arxiv,robot world models manipulation,concept,world_models,,,robot world model; generalization; data efficiency,2026-06-12T14:45:03Z,16.850,18.850
arxiv:2604.23609v1,Tube Diffusion Policy: Reactive Visual-Tactile Policy Learning for Contact-rich Manipulation,"Contact-rich manipulation is central to many everyday human activities, requiring continuous adaptation to contact uncertainty and external disturbances through multi-modal perception, particularly vision and tactile feedback. While imitation learning has shown strong potential for learning complex manipulation behaviors, most existing approaches rely on action chunking, which fundamentally limits their ability to react to unforeseen observations during execution. This limitation becomes especially critical in contact-rich scenarios, where physical uncertainty and high-frequency tactile feedback demand rapid, reactive control. To address this challenge, we propose Tube Diffusion Policy (TDP), a novel reactive visual-tactile policy learning framework that bridges diffusion-based imitation learning with tube-based feedback control. By leveraging the expressive power of generative models, T",2026,arXiv,Teng Xue; Alberto Rigo; Bingjian Huang; Jiayi Shen; Zhengtong Xu; Nick Colonnese; Amirhossein H. Memar,,2604.23609v1,http://arxiv.org/abs/2604.23609v1,arxiv,contact rich manipulation learning,concept,contact,,,diffusion policy; contact rich manipulation; dexterous manipulation; imitation learning; limitation; benchmark,2026-06-12T14:45:03Z,16.850,19.850
arxiv:2503.02881v3,Reactive Diffusion Policy: Slow-Fast Visual-Tactile Policy Learning for Contact-Rich Manipulation,"Humans can accomplish complex contact-rich tasks using vision and touch, with highly reactive capabilities such as fast response to external changes and adaptive control of contact forces; however, this remains challenging for robots. Existing visual imitation learning (IL) approaches rely on action chunking to model complex behaviors, which lacks the ability to respond instantly to real-time tactile feedback during the chunk execution. Furthermore, most teleoperation systems struggle to provide fine-grained tactile / force feedback, which limits the range of tasks that can be performed. To address these challenges, we introduce TactAR, a low-cost teleoperation system that provides real-time tactile feedback through Augmented Reality (AR), along with Reactive Diffusion Policy (RDP), a novel slow-fast visual-tactile imitation learning algorithm for learning contact-rich manipulation skill",2025,arXiv,Han Xue; Jieji Ren; Wendi Chen; Gu Zhang; Yuan Fang; Guoying Gu; Huazhe Xu; Cewu Lu,,2503.02881v3,http://arxiv.org/abs/2503.02881v3,arxiv,contact rich manipulation learning,concept,contact,,,diffusion policy; contact rich manipulation; imitation learning; teleoperation,2026-06-12T14:45:03Z,16.850,16.850
arxiv:2504.06156v2,ViTaMIn: Learning Contact-Rich Tasks Through Robot-Free Visuo-Tactile Manipulation Interface,"Tactile information plays a crucial role for humans and robots to interact effectively with their environment, particularly for tasks requiring the understanding of contact properties. Solving such dexterous manipulation tasks often relies on imitation learning from demonstration datasets, which are typically collected via teleoperation systems and often demand substantial time and effort. To address these challenges, we present ViTaMIn, an embodiment-free manipulation interface that seamlessly integrates visual and tactile sensing into a hand-held gripper, enabling data collection without the need for teleoperation. Our design employs a compliant Fin Ray gripper with tactile sensing, allowing operators to perceive force feedback during manipulation for more intuitive operation. Additionally, we propose a multimodal representation learning strategy to obtain pre-trained tactile represent",2025,arXiv,Fangchen Liu; Chuanyu Li; Yihua Qin; Jing Xu; Pieter Abbeel; Rui Chen,,2504.06156v2,http://arxiv.org/abs/2504.06156v2,arxiv,contact rich manipulation learning,concept,contact,,,contact rich manipulation; dexterous manipulation; imitation learning; teleoperation; robustness; data efficiency,2026-06-12T14:45:03Z,16.850,17.850
arxiv:2510.25725v2,A Humanoid Visual-Tactile-Action Dataset for Contact-Rich Manipulation,"Contact-rich manipulation has become increasingly important in robot learning. However, previous studies on robot learning datasets have focused on rigid objects and underrepresented the diversity of pressure conditions for real-world manipulation. To address this gap, we present a humanoid visual-tactile-action dataset designed for manipulating deformable soft objects. The dataset was collected via teleoperation using a humanoid robot equipped with dexterous hands, capturing multi-modal interactions under varying pressure conditions. This work also motivates future research on models with advanced optimization strategies capable of effectively leveraging the complexity and diversity of tactile signals.",2025,arXiv,Eunju Kwon; Seungwon Oh; In-Chang Baek; Yucheon Park; Gyungbo Kim; JaeYoung Moon; Yunho Choi; Kyung-Joong Kim,,2510.25725v2,http://arxiv.org/abs/2510.25725v2,arxiv,contact rich manipulation learning,concept,contact,,,contact rich manipulation; humanoid robot; teleoperation,2026-06-12T14:45:03Z,16.850,17.850
arxiv:2606.08737v1,Dream-Tac: A Unified Tactile World Action Model for Contact-Rich Robot Manipulation,"World action models inherit the predictive capability of world models, enabling action generation to be guided by anticipated future observations. However, they rely primarily on vision and often fail in contact-rich manipulation, where critical cues arise from physical interaction. In this paper, we propose Dream-Tac, a unified Tactile-World Action Model that jointly models actions, future visual observations, and tactile dynamics. Specifically, Dream-Tac introduces (i) contact-gated visuotactile fusion to selectively integrate tactile signals and (ii) a contact-aware attention bias to better regulate cross-modal interactions during manipulation. To support real-time deployment, we further design a dual-level acceleration strategy, reformulating the contact-aware bias to preserve the fused attention path during training and introducing cache-based diffusion acceleration at inference, ac",2026,arXiv,Yunfan Lou; Yifan Ye; Yankai Fu; Jun Cen; Xiaowei Chi; Yaoxu Lyu; Peidong Jia; Sirui Han; Zhihe Lu; Shanghang Zhang,,2606.08737v1,http://arxiv.org/abs/2606.08737v1,arxiv,contact rich manipulation learning,concept,contact,,,world action model; robot manipulation; contact rich manipulation; deployment,2026-06-12T14:45:03Z,16.850,17.850
arxiv:2603.10871v1,FG-CLTP: Fine-Grained Contrastive Language Tactile Pretraining for Robotic Manipulation,"Recent advancements in integrating tactile sensing into vision-language-action (VLA) models have demonstrated transformative potential for robotic perception. However, existing tactile representations predominantly rely on qualitative descriptors (e.g., texture), neglecting quantitative contact states such as force magnitude, contact geometry, and principal axis orientation, which are indispensable for fine-grained manipulation. To bridge this gap, we propose FG-CLTP, a fine-grained contrastive language tactile pretraining framework. We first introduce a novel dataset comprising over 100k tactile 3D point cloud-language pairs that explicitly capture multidimensional contact states from the sensor's perspective. We then implement a discretized numerical tokenization mechanism to achieve quantitative-semantic alignment, effectively injecting explicit physical metrics into the multimodal fe",2026,arXiv,Wenxuan Ma; Chaofan Zhang; Yinghao Cai; Guocai Yao; Shaowei Cui; Shuo Wang,,2603.10871v1,http://arxiv.org/abs/2603.10871v1,arxiv,tactile language action robotics,concept,tactile,,,flow matching policy; contact rich manipulation,2026-06-12T14:45:03Z,16.850,16.850
arxiv:2501.09468v2,Sensorimotor Control Strategies for Tactile Robotics,"How are robots becoming smarter at interacting with their surroundings? Recent advances have reshaped how robots use tactile sensing to perceive and engage with the world. Tactile sensing is a game-changer, allowing robots to embed sensorimotor control strategies to interact with complex environments and skillfully handle heterogeneous objects. Such control frameworks plan contact-driven motions while staying responsive to sudden changes. We review the latest methods for building perception and control systems in tactile robotics while offering practical guidelines for their design and implementation. We also address key challenges to shape the future of intelligent robots.",2025,arXiv,Enrico Donato; Matteo Lo Preti; Lucia Beccai; Egidio Falotico,,2501.09468v2,http://arxiv.org/abs/2501.09468v2,arxiv,tactile language action robotics,concept,tactile,,,,2026-06-12T14:45:03Z,16.850,16.850
arxiv:2506.01941v4,FreeTacMan: Robot-free Visuo-Tactile Data Collection System for Contact-rich Manipulation,"Enabling robots with contact-rich manipulation remains a pivotal challenge in robot learning, which is substantially hindered by the data collection gap, including its inefficiency and limited sensor setup. While prior work has explored handheld paradigms, their rod-based mechanical structures remain rigid and unintuitive, providing limited tactile feedback and posing challenges for operators. Motivated by the dexterity and force feedback of human motion, we propose FreeTacMan, a human-centric and robot-free data collection system for accurate and efficient robot manipulation. Concretely, we design a wearable gripper with visuo-tactile sensors for data collection, which can be worn by human fingers for intuitive control. A high-precision optical tracking system is introduced to capture end-effector poses while synchronizing visual and tactile feedback simultaneously. We leverage FreeTacM",2025,arXiv,Longyan Wu; Checheng Yu; Jieji Ren; Li Chen; Yufei Jiang; Ran Huang; Guoying Gu; Hongyang Li,,2506.01941v4,http://arxiv.org/abs/2506.01941v4,arxiv,EBM transformer robotics contact rich manipulation,concept,architecture_x_embodiment,,,EBM transformer robotics; robot manipulation; contact rich manipulation; reproducibility,2026-06-12T15:07:36Z,16.850,16.850
doi:10.1609/aaai.v38i12.29288,Jointly Modeling Spatio-Temporal Features of Tactile Signals for Action Classification,"Tactile signals collected by wearable electronics are essential in modeling and understanding human behavior. One of the main applications of tactile signals is action classification, especially in healthcare and robotics. However, existing tactile classification methods fail to capture the spatial and temporal features of tactile signals simultaneously, which results in sub-optimal performances. In this paper, we design Spatio-Temporal Aware tactility Transformer (STAT) to utilize continuous tactile signals for action classification. We propose spatial and temporal embeddings along with a new temporal pretraining task in our model, which aims to enhance the transformer in modeling the spatio-temporal features of tactile signals. Specially, the designed temporal pretraining task is to differentiate the time order of tubelet inputs to model the temporal properties explicitly. Experimental",2024,Proceedings of the AAAI Conference on Artificial Intelligence,Jimmy Lin; Junkai Li; Jiasi Gao; Weizhi Ma; Yang Liu,10.1609/aaai.v38i12.29288,,https://doi.org/10.1609/aaai.v38i12.29288,crossref,tactile language action robotics,concept,tactile,,1,,2026-06-12T15:07:36Z,16.797,16.797
doi:10.3389/frobt.2021.672315,Optical-Tactile Sensor for Lump Detection Using Pneumatic Control,"Soft tactile sensors are an attractive solution when robotic systems must interact with delicate objects in unstructured and obscured environments, such as most medical robotics applications. The soft nature of such a system increases both comfort and safety, while the addition of simultaneous soft active actuation provides additional features and can also improve the sensing range. This paper presents the development of a compact soft tactile sensor which is able to measure the profile of objects and, through an integrated pneumatic system, actuate and change the effective stiffness of its tactile contact surface. We report experimental results which demonstrate the sensor’s ability to detect lumps on the surface of objects or embedded within a silicone matrix. These results show the potential of this approach as a versatile method of tactile sensing with potential application in medica",2021,Frontiers in Robotics and AI,Jonathan Bewley; George P. Jenkinson; Antonia Tzemanaki,10.3389/frobt.2021.672315,,https://doi.org/10.3389/frobt.2021.672315,crossref,tactile language action robotics,concept,tactile,,12,,2026-06-12T15:07:36Z,16.782,16.782
doi:10.15607/rss.2016.xii.005,An Inverse Optimal Control Approach for the Transfer of Human Walking Motions in Constrained Environment to Humanoid Robots,"In this paper we present an inverse optimal control based transfer of motions from human experiments to humanoid robots and apply it to walking in constrained environments. To this end we introduce a 3D template model, which describes motion on the basis of center of mass trajectory, foot trajectories, upper body orientation and phase duration. Despite of its abstract architecture with prismatic joints combined with damped series elastic actuators instead of knees, the model (including dynamics and constraints) is suitable to describe both, human and humanoid locomotion with appropriate parameters. We present and apply an inverse optimal control approach to identify optimality criteria based on human motion capture experiments. The identified optimal strategy is then transferred to the humanoid robot for gait generation by solving an optimal control problem, which takes into account the ",2016,,Debora Clever; Katja Mombaur,10.15607/rss.2016.xii.005,,https://doi.org/10.15607/rss.2016.xii.005,openalex,robotics,concept,openalex_bulk_robotics,,35,humanoid robot,2026-06-12T18:57:17Z,16.692,17.692
arxiv:2404.05051v1,Skill Transfer and Discovery for Sim-to-Real Learning: A Representation-Based Viewpoint,"We study sim-to-real skill transfer and discovery in the context of robotics control using representation learning. We draw inspiration from spectral decomposition of Markov decision processes. The spectral decomposition brings about representation that can linearly represent the state-action value function induced by any policies, thus can be regarded as skills. The skill representations are transferable across arbitrary tasks with the same transition dynamics. Moreover, to handle the sim-to-real gap in the dynamics, we propose a skill discovery algorithm that learns new skills caused by the sim-to-real gap from real-world data. We promote the discovery of new skills by enforcing orthogonal constraints between the skills to learn and the skills from simulators, and then synthesize the policy using the enlarged skill sets. We demonstrate our methodology by transferring quadrotor controll",2024,arXiv,Haitong Ma; Zhaolin Ren; Bo Dai; Na Li,,2404.05051v1,http://arxiv.org/abs/2404.05051v1,arxiv,sim to real robot manipulation,concept,sim2real,,,robot manipulation,2026-06-12T14:45:03Z,16.650,18.650
doi:10.1108/ir-11-2024-0510,3D tactile servo control: a peg-in-hole strategy for hole with dynamic random motion,"Purpose In space robot assembly scenarios, the microgravity environment causes target components to move randomly, making traditional peg-in-hole assembly methods in static scenario ineffective. The purpose of this paper is to develop a robot assisted peg-in-hole assembly strategy for holes in random motion, which is a primary step for in-space assembly. Design/methodology/approach The proposed 3D tactile servo control based dynamic hole assembly strategy includes three main parts. First, by using the in-hand tactile information of the grasped peg, i.e. curl and the center of pressure, a tactile servo controller is developed for the real-time tracking of the random motion of the hole platform. Then, a hole searching method which includes active contact exploration and the exponentially growing sinusoidal search trajectory is designed toward dynamic hole searching. Lastly, they design ext",2026,Industrial Robot: the international journal of robotics research and application,Haoxun Lin; Yu Xie; Haibo Zhang; Minghang Liu; Yiwei Chen; Yi Zhang; Wei Zhou,10.1108/ir-11-2024-0510,,https://doi.org/10.1108/ir-11-2024-0510,crossref,tactile language action robotics,concept,tactile,,,industrial robot; ablation,2026-06-12T15:07:36Z,16.650,17.650
arxiv:2405.07237v1,Soft Contact Simulation and Manipulation Learning of Deformable Objects with Vision-based Tactile Sensor,"Deformable object manipulation is a classical and challenging research area in robotics. Compared with rigid object manipulation, this problem is more complex due to the deformation properties including elastic, plastic, and elastoplastic deformation. In this paper, we describe a new deformable object manipulation method including soft contact simulation, manipulation learning, and sim-to-real transfer. We propose a novel approach utilizing Vision-Based Tactile Sensors (VBTSs) as the end-effector in simulation to produce observations like relative position, squeezed area, and object contour, which are transferable to real robots. For a more realistic contact simulation, a new simulation environment including elastic, plastic, and elastoplastic deformations is created. We utilize RL strategies to train agents in the simulation, and expert demonstrations are applied for challenging tasks. ",2024,arXiv,Jianhua Shan; Yuhao Sun; Shixin Zhang; Fuchun Sun; Zixi Chen; Zirong Shen; Cesare Stefanini; Yiyong Yang; Shan Luo; Bin Fang,,2405.07237v1,http://arxiv.org/abs/2405.07237v1,arxiv,deformable object manipulation robot learning,concept,deformable,,,deformable object manipulation; sim to real transfer; robustness,2026-06-12T15:07:36Z,16.650,19.650
doi:10.1515/amcs-2016-0002,"An integrodifferential approach to modeling, control, state estimation and optimization for heat transfer systems","Abstract In this paper, control-oriented modeling approaches are presented for distributed parameter systems. These systems, which are in the focus of this contribution, are assumed to be described by suitable partial differential equations. They arise naturally during the modeling of dynamic heat transfer processes. The presented approaches aim at developing finite-dimensional system descriptions for the design of various open-loop, closed-loop, and optimal control strategies as well as state, disturbance, and parameter estimation techniques. Here, the modeling is based on the method of integrodifferential relations, which can be employed to determine accurate, finite-dimensional sets of state equations by using projection techniques. These lead to a finite element representation of the distributed parameter system. Where applicable, these finite element models are combined with finite ",2016,International Journal of Applied Mathematics and Computer Science,Andreas Rauh; Luise Senkel; Harald Aschemann; Vasily Saurin; Georgy Kostin,10.1515/amcs-2016-0002,,https://doi.org/10.1515/amcs-2016-0002,openalex,energy based model robot learning,concept,ebm,,32,state estimation; benchmark,2026-06-12T18:26:24Z,16.648,18.648
doi:10.1126/science.abd0380,A brain-computer interface that evokes tactile sensations improves robotic arm control,"Prosthetic arms controlled by a brain-computer interface can enable people with tetraplegia to perform functional movements. However, vision provides limited feedback because information about grasping objects is best relayed through tactile feedback. We supplemented vision with tactile percepts evoked using a bidirectional brain-computer interface that records neural activity from the motor cortex and generates tactile sensations through intracortical microstimulation of the somatosensory cortex. This enabled a person with tetraplegia to substantially improve performance with a robotic limb; trial times on a clinical upper-limb assessment were reduced by half, from a median time of 20.9 to 10.2 seconds. Faster times were primarily due to less time spent attempting to grasp objects, revealing that mimicking known biological control principles results in task performance that is closer to",2021,Science,Sharlene N. Flesher; John E. Downey; Jeffrey M. Weiss; Christopher Hughes; Angelica J. Herrera; Elizabeth C. Tyler‐Kabara; Michael L. Boninger; Jennifer L. Collinger; Robert A. Gaunt,10.1126/science.abd0380,,https://doi.org/10.1126/science.abd0380,openalex,robotics,concept,openalex_bulk_robotics,,581,,2026-06-12T18:57:17Z,16.550,16.550
arxiv:2310.16917v4,MimicTouch: Leveraging Multi-modal Human Tactile Demonstrations for Contact-rich Manipulation,"Tactile sensing is critical to fine-grained, contact-rich manipulation tasks, such as insertion and assembly. Prior research has shown the possibility of learning tactile-guided policy from teleoperated demonstration data. However, to provide the demonstration, human users often rely on visual feedback to control the robot. This creates a gap between the sensing modality used for controlling the robot (visual) and the modality of interest (tactile). To bridge this gap, we introduce ""MimicTouch"", a novel framework for learning policies directly from demonstrations provided by human users with their hands. The key innovations are i) a human tactile data collection system which collects multi-modal tactile dataset for learning human's tactile-guided control strategy, ii) an imitation learning-based framework for learning human's tactile-guided control strategy through such data, and iii) an",2023,arXiv,Kelin Yu; Yunhai Han; Qixian Wang; Vaibhav Saxena; Danfei Xu; Ye Zhao,,2310.16917v4,http://arxiv.org/abs/2310.16917v4,arxiv,contact rich manipulation learning,concept,contact,,,contact rich manipulation; imitation learning,2026-06-12T14:45:03Z,16.450,16.450
doi:10.1155/2019/5802453,Disturbance Observer‐Based Robot End Constant Contact Force‐Tracking Control,"A disturbance observer‐based hybrid sliding mode impedance control method is proposed in this paper, which is able to achieve robot end constant contact force‐tracking control without force/torque sensors. The method requires only the values of joint torque, joint angle, and joint angular velocity, which are converted by robot servo motor signals, to implement the control. The control scheme consists of two parts: one is a disturbance observer and the other is a hybrid sliding mode impedance controller. The disturbance observer, which takes robot internal signals mentioned above as the inputs to estimate the robot end contact force, is designed based on generalized momentum, thus improving the estimation accuracy. The hybrid sliding mode impedance controller, which uses the values estimated by the disturbance observer and the robot internal signals as the inputs to calculate the correspo",2019,Complexity,Tie Zhang; Xiaohong Liang,10.1155/2019/5802453,,https://doi.org/10.1155/2019/5802453,crossref,contact dynamics robot learning,concept,contact,,6,contact dynamics; impedance control; robustness,2026-06-12T15:07:36Z,16.423,17.423
doi:10.1177/0278364917693690,A shared control method for obstacle avoidance with mobile robots and its interaction with communication delay,Teleoperation allows human operators to safely extend themselves to remote environments that are typically difficult or dangerous to access. The remote environments are often unstructured (i.e. not having clear roads or paths to follow) and only accessible by wireless communication (introducing factors such as degraded signals and communication delay). Teleoperated driving under these conditions can result in slow operation speeds and unintended collisions with obstacles. Automating portions of the teleoperation task can help mitigate some of the negative effects of wireless communication. Shared control is used to combine inputs from the human teleoperator and automation. This work presents a new model predictive control based shared control method. We introduce a new representation for obstacle free regions that works well with unstructured robot environments and allows for an model pr,2017,The International Journal of Robotics Research,Justin Storms; Kevin Chen; Dawn M. Tilbury,10.1177/0278364917693690,,https://doi.org/10.1177/0278364917693690,openalex,robotics,concept,openalex_bulk_robotics,,48,model predictive control; teleoperation,2026-06-12T18:57:17Z,16.396,18.396
doi:10.3390/s91209689,Survey of Visual and Force/Tactile Control of Robots for Physical Interaction in Spain,"Sensors provide robotic systems with the information required to perceive the changes that happen in unstructured environments and modify their actions accordingly. The robotic controllers which process and analyze this sensory information are usually based on three types of sensors (visual, force/torque and tactile) which identify the most widespread robotic control strategies: visual servoing control, force control and tactile control. This paper presents a detailed review on the sensor architectures, algorithmic techniques and applications which have been developed by Spanish researchers in order to implement these mono-sensor and multi-sensor controllers which combine several sensors.",2009,Sensors,Gabriel J. García; Juan Antonio Corrales Ramón; Jorge Pomares; Fernando Torres,10.3390/s91209689,,https://doi.org/10.3390/s91209689,openalex,robotics,concept,openalex_bulk_robotics,,24,force control; visual servoing,2026-06-12T18:57:17Z,16.309,16.309
doi:10.1109/icra55743.2025.11127851,ACROSS: A Deformation-Based Cross-Modal Representation for Robotic Tactile Perception,"Tactile perception is essential for human interaction with the environment and is becoming increasingly crucial in robotics. Tactile sensors like the BioTac mimic human fingertips and provide detailed interaction data. Despite its utility in applications like slip detection and object identification, this sensor is now deprecated, making many valuable datasets obsolete. However, recreating similar datasets with newer sensor technologies is both tedious and time-consuming. Therefore, adapting these existing datasets for use with new setups and modalities is crucial. In response, we introduce ACROSS, a novel framework for translating data between tactile sensors by exploiting sensor deformation information. We demonstrate the approach by translating BioTac signals into the DIGIT sensor. Our framework consists of first converting the input signals into 3D deformation meshes. We then transit",2024,arXiv,Wadhah Zai El Amri; Malte Kuhlmann; Nicolás Navarro-Guerrero,10.1109/icra55743.2025.11127851,2411.08533v2,http://arxiv.org/abs/2411.08533v2,arxiv,tactile language action robotics,concept,tactile,,,tactile perception,2026-06-12T14:45:03Z,16.300,16.300
doi:10.1609/aaai.v40i47.41424,TactGen: Tactile Sensory Data Generation via Zero-Shot Sim-to-Real Transfer (Abstract Reprint),"Recent advances in machine learning have driven a step-change in robot perception with modalities such as vision, where large amounts of training data are readily available or cheap to collect. However, in tactile perception, the relatively high cost of data collection still largely impedes the adoption of such data-driven learning solutions. In this article, we introduce TactGen, a novel, cross-modal framework to tackle this challenge. In particular, using a two-step data generation pipeline, we leverage easily accessible vision data to synthesise artificial tactile data for downstream classifier training. Specifically, we use readily collected video data of objects of interest to efficiently learn neural radiance field (NeRF) representations. The NeRF models are then used to render red–green–blue-depth (RGBD) images from any desired vantage points. In the second stage, the RGBD images ",2026,Proceedings of the AAAI Conference on Artificial Intelligence,Shaohong Zhong; Alessandro Albini; Perla Maiolino; Ingmar Posner,10.1609/aaai.v40i47.41424,,https://doi.org/10.1609/aaai.v40i47.41424,crossref,sim to real robot manipulation,concept,sim2real,,,robot manipulation; tactile perception; sim to real transfer,2026-06-12T15:07:36Z,16.300,17.300
doi:10.1109/roman.1993.367756,Extender: a case study for human-robot interaction via transfer of power and information signals,"A human's ability to perform physical tasks is limited by physical strength, not by intelligence. The author defines ""extenders"" as a class of robot manipulators worn by humans to augment human mechanical strength, while the wearer's intellect remains the central control system for manipulating the extender. The author's research objective is to determine the ground rules for the control of robotic systems worn by humans through the design, construction, and control of several prototype experimental direct-drive/non-direct-drive multi-degree-of-freedom hydraulic/electric extenders. The design of extenders is different from the design of conventional robots because the extender interfaces with the human on a physical level. Two sets of force sensors measure the forces imposed on the extender by the human and by the environment (i.e., the load). The extender's compliances in response to su",2002,,H. Kazerooni,10.1109/roman.1993.367756,,https://doi.org/10.1109/roman.1993.367756,openalex,robotics,concept,openalex_bulk_robotics,,98,human robot interaction,2026-06-12T18:57:17Z,16.298,16.298
arxiv:2512.23864v3,Learning to Feel the Future: DreamTacVLA for Contact-Rich Manipulation,"Vision-Language-Action (VLA) models have shown remarkable generalization by mapping web-scale knowledge to robotic control, yet they remain blind to physical contact. Consequently, they struggle with contact-rich manipulation tasks that require reasoning about force, texture, and slip. While some approaches incorporate low-dimensional tactile signals, they fail to capture the high-resolution dynamics essential for such interactions. To address this limitation, we introduce DreamTacVLA, a framework that grounds VLA models in contact physics by learning to feel the future. Our model adopts a hierarchical perception scheme in which high-resolution tactile images serve as micro-vision inputs coupled with wrist-camera local vision and third-person macro vision. To reconcile these multi-scale sensory streams, we first train a unified policy with a Hierarchical Spatial Alignment (HSA) loss that",2025,arXiv,Guo Ye; Zexi Zhang; Xu Zhao; Shang Wu; Haoran Lu; Shihan Lu; Han Liu,,2512.23864v3,http://arxiv.org/abs/2512.23864v3,arxiv,contact rich manipulation learning,concept,contact,,,contact rich manipulation; contact dynamics; limitation; generalization,2026-06-12T14:45:03Z,16.200,18.200
doi:10.1109/tro.2024.3351554,Fast Contact-Implicit Model Predictive Control,,2024,IEEE Transactions on Robotics,Simon Le Cleac'h; Taylor A. Howell; Shuo Yang; Chi-Yen Lee; John Zhang; Arun Bishop; Mac Schwager; Zachary Manchester,10.1109/tro.2024.3351554,,https://doi.org/10.1109/tro.2024.3351554,crossref,model predictive control robot learning,anti_myopia,control,,80,model predictive control,2026-06-12T15:07:36Z,16.197,20.197
doi:10.1109/tits.2023.3276416,CoTV: Cooperative Control for Traffic Light Signals and Connected Autonomous Vehicles Using Deep Reinforcement Learning,"The target of reducing travel time only is insufficient to support the development of future smart transportation systems. To align with the United Nations Sustainable Development Goals (UN-SDG), a further reduction of fuel and emissions, improvements of traffic safety, and the ease of infrastructure deployment and maintenance should also be considered. Different from existing work focusing on optimizing the control in either traffic light signal (to improve the intersection throughput), or vehicle speed (to stabilize the traffic), this paper presents a multi-agent Deep Reinforcement Learning (DRL) system called CoTV, which Cooperatively controls both Traffic light signals and Connected Autonomous Vehicles (CAV). Therefore, our CoTV can well balance the reduction of travel time, fuel, and emissions. CoTV is also scalable to complex urban scenarios by cooperating with only one CAV that is",2023,IEEE Transactions on Intelligent Transportation Systems,Jiaying Guo; Long Cheng; Shen Wang,10.1109/tits.2023.3276416,,https://doi.org/10.1109/tits.2023.3276416,openalex,energy based model robot learning,concept,ebm,,77,deployment,2026-06-12T18:26:24Z,16.128,17.128
doi:10.1109/robot.1995.525393,Robot manipulator contact force control application of fuzzy-neural network,"A lot of researches have been done on fuzzy-neural control, the combination of neural networks control which has a learning ability from experiments and fuzzy control which has an ability of dealing with human knowledge, in order to make up for each other's weak points. In this paper, fuzzy-neural controller is introduced for robot manipulator contact force control to an unknown environment. A robot manipulator controller, which approaches, contacts and applies force to the environment, is designed using fuzzy logic in order to realize human like control and then modeled as a neural network to adjust membership functions and rules in order to achieve desired contact force control. Error between desired force and measured force and momentum of robot manipulator are used as input signals of the controller. Simulation has done using a 3DOF planar robot manipulator to confirm the effectivene",2002,,Kazuo Kiguchi; Toshio Fukuda,10.1109/robot.1995.525393,,https://doi.org/10.1109/robot.1995.525393,openalex,robotics,concept,openalex_bulk_robotics,,16,force control,2026-06-12T18:57:17Z,16.117,16.117
doi:10.1002/inf2.12424,Advanced polymer materials‐based electronic skins for tactile and non‐contact sensing applications,"Abstract Recently, polymer materials have been at the forefront of other materials in building high‐performance flexible electronic skin (e‐skin) devices due to conspicuous advantages including excellent mechanical flexibility, good compatibility, and high plasticity. However, most research works just paid considerable attention and effort to the design, construction, and possible application of e‐skins that reproduce the tactile perception of the human skin sensory system. Compared with tactile sensing devices, e‐skins that aim to imitate the non‐contact sensing features in the sensory system of human skin tend to avoid undesired issues such as bacteria spreading and mechanical wear. To further promote the development of e‐skins to the human skin sensory system where tactile perception and non‐contact sensing complement each other, significant progress and advances have been achieved in",2023,InfoMat,F Yin; Hongsen Niu; Eun‐Seong Kim; Young Kee Shin; Yang Li; Nam‐Young Kim,10.1002/inf2.12424,,https://doi.org/10.1002/inf2.12424,openalex,energy based model robot learning,concept,ebm,,75,tactile perception,2026-06-12T18:26:24Z,16.115,16.115
arxiv:2307.15818v1,RT-2: Vision-Language-Action Models Transfer Web Knowledge to Robotic Control,"We study how vision-language models trained on Internet-scale data can be incorporated directly into end-to-end robotic control to boost generalization and enable emergent semantic reasoning. Our goal is to enable a single end-to-end trained model to both learn to map robot observations to actions and enjoy the benefits of large-scale pretraining on language and vision-language data from the web. To this end, we propose to co-fine-tune state-of-the-art vision-language models on both robotic trajectory data and Internet-scale vision-language tasks, such as visual question answering. In contrast to other approaches, we propose a simple, general recipe to achieve this goal: in order to fit both natural language responses and robotic actions into the same format, we express the actions as text tokens and incorporate them directly into the training set of the model in the same way as natural ",2023,arXiv,Anthony Brohan; Noah Brown; Justice Carbajal; Yevgen Chebotar; Xi Chen; Krzysztof Choromanski; Tianli Ding; Danny Driess; Avinava Dubey; Chelsea Finn; Pete Florence; Chuyuan Fu; Montse Gonzalez Arenas; Keerthana Gopalakrishnan; Kehang Han; Karol Hausman; Alexander Herzog; Jasmine Hsu; Brian Ichter; Alex Irpan,,2307.15818v1,http://arxiv.org/abs/2307.15818v1,arxiv,world action model robotics,concept,wam,,,world action model; vision language action model; generalization,2026-06-12T14:45:03Z,16.100,17.100
arxiv:2310.10509v1,Efficient Sim-to-real Transfer of Contact-Rich Manipulation Skills with Online Admittance Residual Learning,"Learning contact-rich manipulation skills is essential. Such skills require the robots to interact with the environment with feasible manipulation trajectories and suitable compliance control parameters to enable safe and stable contact. However, learning these skills is challenging due to data inefficiency in the real world and the sim-to-real gap in simulation. In this paper, we introduce a hybrid offline-online framework to learn robust manipulation skills. We employ model-free reinforcement learning for the offline phase to obtain the robot motion and compliance control parameters in simulation \RV{with domain randomization}. Subsequently, in the online phase, we learn the residual of the compliance control parameters to maximize robot performance-related criteria with force sensor measurements in real time. To demonstrate the effectiveness and robustness of our approach, we provide ",2023,arXiv,Xiang Zhang; Changhao Wang; Lingfeng Sun; Zheng Wu; Xinghao Zhu; Masayoshi Tomizuka,,2310.10509v1,http://arxiv.org/abs/2310.10509v1,arxiv,online adaptation robot learning,concept,adaptation,,,contact rich manipulation; sim to real transfer; domain randomization; online adaptation; robustness,2026-06-12T14:45:03Z,16.100,19.100
doi:10.1109/robot.2000.844084,Control algorithm for grasping and manipulation by multifingered robot hands using virtual truss model representation of internal force,"A unified control algorithm for grasping and manipulation of rigid objects by multifingered robot hands with fixed, rolling and/or sliding point contacts is established. Control algorithms have been proposed in the past for the cases of fixed contacts, rolling contacts, or sliding contacts separately. However, force control part of these control algorithms was not given enough consideration with respect to making clear the essential force variables that can be arbitrarily controlled. Also the sliding contact case was formulated only for 2D work space. Adopting the virtual truss model characterization of the internal force, this paper formulates a dynamic control algorithm that has a clear feedback structure in a general 3D setting. Some examples of bases of internal force parameter vectors are also given that are useful for determining the desired internal force vector in the control alg",2002,,T. Yoshikawa,10.1109/robot.2000.844084,,https://doi.org/10.1109/robot.2000.844084,openalex,robotics,concept,openalex_bulk_robotics,,30,robot hand; force control,2026-06-12T18:57:17Z,16.067,16.067
arxiv:2407.07885v2,Learning In-Hand Translation Using Tactile Skin With Shear and Normal Force Sensing,"Recent progress in reinforcement learning (RL) and tactile sensing has significantly advanced dexterous manipulation. However, these methods often utilize simplified tactile signals due to the gap between tactile simulation and the real world. We introduce a sensor model for tactile skin that enables zero-shot sim-to-real transfer of ternary shear and binary normal forces. Using this model, we develop an RL policy that leverages sliding contact for dexterous in-hand translation. We conduct extensive real-world experiments to assess how tactile sensing facilitates policy adaptation to various unseen object properties and robot hand orientations. We demonstrate that our 3-axis tactile policies consistently outperform baselines that use only shear forces, only normal forces, or only proprioception. Website: https://jessicayin.github.io/tactile-skin-rl/",2024,arXiv,Jessica Yin; Haozhi Qi; Jitendra Malik; James Pikul; Mark Yim; Tess Hellebrekers,,2407.07885v2,http://arxiv.org/abs/2407.07885v2,arxiv,tactile language action robotics,concept,tactile,,,dexterous manipulation; robot hand; proprioception; sim to real transfer,2026-06-12T14:45:03Z,16.000,18.000
doi:10.1371/journal.pone.0335922,Quantum-topological meta-learning for tire-road contact stability and multi-modal road prediction in autonomous driving,"This paper addresses the critical challenge of tire-road contact dynamics in intelligent transportation systems, particularly for Level 4 autonomous driving. Traditional empirical models fail to accurately predict tire behavior on unstructured road surfaces, especially under low-adhesion conditions, leading to control delays and safety risks. To address these issues, we propose a novel dual-drive architecture that integrates Quantum Topological Field Theory with meta-learning techniques. A differential homeomorphism model is developed for tire contact stability, using Seiberg-Witten instanton decomposition to create a quantized representation of the contact stress field. Additionally, a multi-modal road prediction system is introduced, combining CBAM-LSTM quantum feature extraction with MAML meta-learning to generalize acceleration signals across different road conditions. Experimental v",2025,PLOS One,Na Wang,10.1371/journal.pone.0335922,,https://doi.org/10.1371/journal.pone.0335922,crossref,contact rich manipulation learning,concept,contact,,,contact rich manipulation; contact dynamics,2026-06-12T15:07:36Z,16.000,16.000
doi:10.1109/tro.2020.3046415,Representation-Free Model Predictive Control for Dynamic Motions in Quadrupeds,,2021,IEEE Transactions on Robotics,Yanran Ding; Abhishek Pandala; Chuanzheng Li; Young-Ha Shin; Hae-Won Park,10.1109/tro.2020.3046415,,https://doi.org/10.1109/tro.2020.3046415,crossref,model predictive control robot learning,anti_myopia,control,,171,model predictive control,2026-06-12T15:07:36Z,15.974,19.974
doi:10.1109/tcyb.2020.2999556,Efficient Representation and Approximation of Model Predictive Control Laws via Deep Learning,,2020,IEEE Transactions on Cybernetics,Benjamin Karg; Sergio Lucia,10.1109/tcyb.2020.2999556,,https://doi.org/10.1109/tcyb.2020.2999556,crossref,model predictive control robot learning,anti_myopia,control,,253,model predictive control,2026-06-12T15:07:36Z,15.969,19.969
doi:10.1177/02783649241273645,Contact-implicit Model Predictive Control: Controlling diverse quadruped motions without pre-planned contact modes or trajectories,"This paper presents a contact-implicit model predictive control (MPC) framework for the real-time discovery of multi-contact motions, without predefined contact mode sequences or foothold positions. This approach utilizes the contact-implicit differential dynamic programming (DDP) framework, merging the hard contact model with a linear complementarity constraint. We propose the analytical gradient of the contact impulse based on relaxed complementarity constraints to further the exploration of a variety of contact modes. By leveraging a hard contact model-based simulation and computation of search direction through a smooth gradient, our methodology identifies dynamically feasible state trajectories, control inputs, and contact forces while simultaneously unveiling new contact mode sequences. However, the broadened scope of contact modes does not always ensure real-world applicability. R",2025,The International Journal of Robotics Research,Gijeong Kim; Dongyun Kang; Joon-Ha Kim; Seungwoo Hong; Hae-Won Park,10.1177/02783649241273645,,https://doi.org/10.1177/02783649241273645,crossref,EBM transformer robotics contact rich manipulation,concept,architecture_x_embodiment,,27,EBM transformer robotics; contact rich manipulation; model predictive control,2026-06-12T15:07:36Z,15.966,17.966
doi:10.1109/robot.2002.1014313,Reactive motion control for human-robot tactile interaction,"In the field of service robotics, robots serve and assist human beings. It is natural for humans to directly interact with the robot via tactile interfaces. This paper introduces several kinds of tactile interactions between a user and the robot as well as interactions of the robot with the environment. All interactions are implemented in a single paradigm: Forces measured from tactile sensors result in motion vectors at the contact points. The motion vectors from different sensors are superimposed and then determine the robot's joint velocities. We present results from our experimental setup consisting of an 8 degrees of freedom manipulator arm mounted on a mobile platform. In the illustrated example, a human interacts with the robot using only the tactile interface.",2003,,T. Wosch; Wendelin Feiten,10.1109/robot.2002.1014313,,https://doi.org/10.1109/robot.2002.1014313,openalex,robotics,concept,openalex_bulk_robotics,,24,,2026-06-12T18:57:17Z,15.959,15.959
doi:10.1109/iccrt63554.2025.11072742,Tactile Contact Patterns for Robotic Grasping: A Dataset of Real and Simulated Data,,2025,2025 3rd International Conference on Control and Robot Technology (ICCRT),Berith Atemoztli De la Cruz Sánchez; Jennifer Kwiatkowski; Jean-Philippe Roberge,10.1109/iccrt63554.2025.11072742,,https://doi.org/10.1109/iccrt63554.2025.11072742,crossref,contact dynamics robot learning,concept,contact,,1,contact dynamics,2026-06-12T15:07:36Z,15.947,15.947
doi:10.1109/tim.2024.3372209,Optimization-Based Variable Impedance Control of Robotic Manipulator for Medical Contact Tasks,"This work presents an optimization-based variable impedance control strategy for controlling a robotic manipulator in medical contact tasks. Specifically, the optimal robot stiffness for performing the medical contact task is obtained using online Quadratic Programming (QP). In the meantime, an energy tank approach is incorporated into the control loop to regulate the system’s passivity. To verify the performance of the proposed strategy, experiments are conducted on both “ static ” and “ scanning ” medical contact tasks, utilizing materials with different properties, different magnitudes of contact forces, as well as uneven conditions with a human torso phantom model and slope surface. The maximum Root Mean Square Error (RMSE) of force tracking with the proposed method in the “ static ” and “ scanning ” tasks , across all setups, is 0.88 N and 0.5 N, respectively. The experiment results",2024,IEEE Transactions on Instrumentation and Measurement,Junling Fu; Ilaria Burzo; Elisa Iovene; Jianzhuang Zhao; Giancarlo Ferrigno; Elena De Momi,10.1109/tim.2024.3372209,,https://doi.org/10.1109/tim.2024.3372209,openalex,energy based model robot learning,concept,ebm,,32,impedance control,2026-06-12T18:05:07Z,15.898,15.898
arxiv:2004.00136v1,Sim-to-Real Transfer for Optical Tactile Sensing,"Deep learning and reinforcement learning methods have been shown to enable learning of flexible and complex robot controllers. However, the reliance on large amounts of training data often requires data collection to be carried out in simulation, with a number of sim-to-real transfer methods being developed in recent years. In this paper, we study these techniques for tactile sensing using the TacTip optical tactile sensor, which consists of a deformable tip with a camera observing the positions of pins inside this tip. We designed a model for soft body simulation which was implemented using the Unity physics engine, and trained a neural network to predict the locations and angles of edges when in contact with the sensor. Using domain randomisation techniques for sim-to-real transfer, we show how this framework can be used to accurately predict edges with less than 1 mm prediction error ",2020,arXiv,Zihan Ding; Nathan F. Lepora; Edward Johns,,2004.00136v1,http://arxiv.org/abs/2004.00136v1,arxiv,sim to real robot manipulation,concept,sim2real,,,robot manipulation; sim to real transfer,2026-06-12T14:45:03Z,15.850,16.850
doi:10.3390/pr11010197,Deep Transfer Learning for Approximate Model Predictive Control,"Transfer learning is a machine learning technique that takes a pre-trained model that has already been trained on a related task, and adapts it for use on a new, related task. This is particularly useful in the context of model predictive control (MPC), where deep transfer learning is used to improve the training of the MPC by leveraging the knowledge gained from related controllers. One way in which transfer learning is applied in the context of MPC is by using a pre-trained deep learning model of the MPC, and then fine-tuning the controller training for a new process automation task. This is similar to how an equipment operator quickly learns to manually control a new processing unit because of related skills learned from controlling the prior unit. This reduces the amount of data required to train the approximate MPC controller, and also improves the performance on the target system. ",2023,Processes,Samuel Arce Munoz; Junho Park; Cristina M. Stewart; Adam M. Martin; John D. Hedengren,10.3390/pr11010197,,https://doi.org/10.3390/pr11010197,crossref,model predictive control robot learning,anti_myopia,control,,13,model predictive control,2026-06-12T15:07:36Z,15.820,19.820
arxiv:2311.03855v1,Terrain Recognition and Contact Force Estimation through a Sensorized Paw for Legged Robots,"This paper introduces the Terrain Recognition And Contact Force Estimation Paw, a compact and sensorized shoe designed for legged robots. The paw end-effector is made of silicon that deforms upon the application of contact forces, while an embedded micro camera is utilized to capture images of the deformed inner surface inside the shoe, and a microphone picks up audio signals. Processed through machine learning techniques, the images are mapped to compute an accurate estimate of the cumulative 3D force vector, while the audio signals are analyzed to identify the terrain class (e.g., gravel, snow). By leveraging its on-edge computation ability, the paw enhances the capabilities of legged robots by providing key information in real-time that can be used to adapt locomotion control strategies. To assess the performance of this novel sensorized paw, we conducted experiments on the data colle",2023,arXiv,Aleksander Vangen; Tejal Barnwal; Jørgen Anker Olsen; Kostas Alexis,,2311.03855v1,http://arxiv.org/abs/2311.03855v1,arxiv,EBM transformer robotics legged manipulation,concept,architecture_x_embodiment,,,EBM transformer robotics; legged manipulation,2026-06-12T15:07:36Z,15.800,15.800
doi:10.1017/s0263574722000625,Generalization in transfer learning: robust control of robot locomotion,"Abstract In this paper, we propose a set of robust training methods for deep reinforcement learning to transfer learning acquired in one control task to a set of previously unseen control tasks. We improve generalization in commonly used transfer learning benchmarks by a novel sample elimination technique, early stopping, and maximum entropy adversarial reinforcement learning. To generate robust policies, we use sample elimination during training via a method we call strict clipping. We apply early stopping, a method previously used in supervised learning, to deep reinforcement learning. Subsequently, we introduce maximum entropy adversarial reinforcement learning to increase the domain randomization during training for a better target task performance. Finally, we evaluate the robustness of these methods compared to previous work on simulated robots in target environments where the grav",2022,Robotica,Suzan Ece Ada; Emre Ugur; H. Levent Akin,10.1017/s0263574722000625,,https://doi.org/10.1017/s0263574722000625,crossref,control barrier functions robot learning,anti_myopia,control,,19,domain randomization; control barrier function; benchmark; generalization; robustness,2026-06-12T15:07:36Z,15.798,21.798
doi:10.1088/2516-1091/ac8193,A review on interaction control for contact robots through intent detection,"Abstract Interaction control presents opportunities for contact robots physically interacting with their human user, such as assistance targeted to each human user, communication of goals to enable effective teamwork, and task-directed motion resistance in physical training and rehabilitation contexts. Here we review the burgeoning field of interaction control in the control theory and machine learning communities, by analysing the exchange of haptic information between the robot and its human user, and how they share the task effort. We first review the estimation and learning methods to predict the human user intent with the large uncertainty, variability and noise and limited observation of human motion. Based on this motion intent core, typical interaction control strategies are described using a homotopy of shared control parameters. Recent methods of haptic communication and game t",2022,Progress in Biomedical Engineering,Yanan Li; Aran Sena; Ziwei Wang; Xueyan Xing; Jan Babič; Edwin van Asseldonk; Etienne Burdet,10.1088/2516-1091/ac8193,,https://doi.org/10.1088/2516-1091/ac8193,openalex,energy based model robot learning,concept,ebm,,54,limitation,2026-06-12T18:05:07Z,15.754,17.754
doi:10.1016/j.rcim.2023.102573,Precise and smooth contact force control for a hybrid mobile robot used in polishing,,2023,Robotics and Computer-Integrated Manufacturing,Fugui Xie; Zenghui Chong; Xin-Jun Liu; Huichan Zhao; Jinsong Wang,10.1016/j.rcim.2023.102573,,https://doi.org/10.1016/j.rcim.2023.102573,crossref,non smooth mechanics robotics,anti_myopia,anti_thesis,,45,force control; non smooth mechanics robotics,2026-06-12T15:07:36Z,15.714,18.714
doi:10.1109/tmech.2022.3216314,Robotic Polishing of Unknown-Model Workpieces With Constant Normal Contact Force Control,"Industrial robots are increasingly being considered for application in performing polishing operations. Most research has been performed on workpieces with a priori (CAD) model, and used impedance control or hybrid force-position control to achieve constant force operation. For workpieces without priori models, it is still difficult to maintain a constant normal contact force during the polishing process. To address this challenge, this paper proposes a cooperative force-position control method consisting of three parts: constructing a model between contact forces and robotic poses during polishing operations and obtaining a real-time pose deviation of the current tool-workpiece contact state and the desired (normal) contact state; based on the deviation, a method of real-time adjustment of 2D predefined polishing paths to 3D actual polishing paths is proposed; finally, constant normal c",2022,IEEE/ASME Transactions on Mechatronics,Jian Li; Yisheng Guan; Hao Chen; Bing Wang; Tao Zhang,10.1109/tmech.2022.3216314,,https://doi.org/10.1109/tmech.2022.3216314,openalex,robotics,concept,openalex_bulk_robotics,,48,industrial robot; force control; impedance control,2026-06-12T18:57:17Z,15.696,15.696
doi:10.1109/iccar55106.2022.9782665,Coupling Analysis of EEG and EMG Signals Based on Transfer Entropy after Consistent Empirical Fourier Decomposition,,2022,"2022 8th International Conference on Control, Automation and Robotics (ICCAR)",Zhengyi Shi; Yurong Li; Heng Lin; Feifei Zhu,10.1109/iccar55106.2022.9782665,,https://doi.org/10.1109/iccar55106.2022.9782665,crossref,robotics,concept,crossref_bulk_robotics,,3,,2026-06-12T19:29:26Z,15.693,15.693
doi:10.1109/robot.1989.100212,Human/robot interaction via the transfer of power and information signals. II. An experimental analysis,"For pt.I see ibid., vol.3, p.1632-40. The author presents concepts involving constrained motion of a class of human-controlled robotic manipulators called extenders. Extenders amplify the strength of the human operator, while utilizing the intelligence of the operator to generate spontaneously the command signal to the system. A single-degree-of-freedom extender has been built for theoretical and experimental verification of the dynamics and control involved in this hardware. The system performance is defined as the amplification of the human power. It is shown that the more amplification is required, the smaller is the stability range of the system. >",2003,,H. Kazerooni,10.1109/robot.1989.100212,,https://doi.org/10.1109/robot.1989.100212,openalex,robotics,concept,openalex_bulk_robotics,,28,human robot interaction,2026-06-12T18:57:17Z,15.684,15.684
doi:10.1109/tim.2023.3343795,A Nonarray Soft Capacitive Tactile Sensor With Simultaneous Contact Force and Location Measurement for Intelligent Robotic Grippers,"Tactile sensing is essential for robotic manipulations and human–machine interactions. It is vital to provide contact location and force information between the robotic gripper and objects for safe and effective operation. Many existing tactile sensors deploy an array of sensing units for pressure mapping and contact location recognition. However, it is still challenging to utilize such array sensors in robotic grippers for real-world applications due to the complex wiring and electronics, high cost, and low reliability. In this work, we propose a nonarray soft tactile sensor (NA-STS) that utilizes two triangle textile electrodes and a rectangle electrode to form a pair of soft capacitive pressure sensors in a differential configuration along its length. The sum of the two capacitance variations represents the amplitude of the force, whereas the difference between them represents the con",2023,IEEE Transactions on Instrumentation and Measurement,Chao Tang; Xinxin Chang; Jinxing Wang; Yulian Peng; Houping Wu; Hongbo Wang,10.1109/tim.2023.3343795,,https://doi.org/10.1109/tim.2023.3343795,openalex,robotics,concept,openalex_bulk_robotics,,29,,2026-06-12T18:57:17Z,15.651,16.651
arxiv:1910.03973v1,Towards Learning to Detect and Predict Contact Events on Vision-based Tactile Sensors,"In essence, successful grasp boils down to correct responses to multiple contact events between fingertips and objects. In most scenarios, tactile sensing is adequate to distinguish contact events. Due to the nature of high dimensionality of tactile information, classifying spatiotemporal tactile signals using conventional model-based methods is difficult. In this work, we propose to predict and classify tactile signal using deep learning methods, seeking to enhance the adaptability of the robotic grasp system to external event changes that may lead to grasping failure. We develop a deep learning framework and collect 6650 tactile image sequences with a vision-based tactile sensor, and the neural network is integrated into a contact-event-based robotic grasping system. In grasping experiments, we achieved 52% increase in terms of object lifting success rate with contact detection, signif",2019,arXiv,Yazhan Zhang; Weihao Yuan; Zicheng Kan; Michael Yu Wang,,1910.03973v1,http://arxiv.org/abs/1910.03973v1,arxiv,contact dynamics robot learning,concept,contact,,,contact dynamics; robustness,2026-06-12T14:45:03Z,15.650,17.650
doi:10.1177/02783649251344635,Inverse dynamics trajectory optimization for contact-implicit model predictive control,"Robots must make and break contact with the environment to perform useful tasks, but planning and control through contact remains a formidable challenge. In this work, we achieve real-time contact-implicit model predictive control with a surprisingly simple method: inverse dynamics trajectory optimization. While trajectory optimization with inverse dynamics is not new, we introduce a series of incremental innovations that collectively enable fast model predictive control on a variety of challenging manipulation and locomotion tasks. We implement these innovations in an open-source solver and present simulation examples to support the effectiveness of the proposed approach. Additionally, we demonstrate contact-implicit model predictive control on hardware at over 100 Hz for a 20-degree-of-freedom bi-manual manipulation task. Video and code are available at https://idto.github.io .",2026,The International Journal of Robotics Research,Vince Kurtz; Alejandro Castro; Aykut Özgün Önol; Hai Lin,10.1177/02783649251344635,,https://doi.org/10.1177/02783649251344635,crossref,latent dynamics model robotics,concept,architecture,,13,latent dynamics model robotics; model predictive control,2026-06-12T14:45:03Z,15.620,16.620
doi:10.1109/rpic68328.2026.11518489,Cooperative Optimization Method for Intersection Signals Based on Transformer-BEV Representation and QMIX Value Decomposition Reinforcement Learning,,2026,2026 International Conference on Robot Perception and Intelligent Control (RPIC),Shun Li,10.1109/rpic68328.2026.11518489,,https://doi.org/10.1109/rpic68328.2026.11518489,crossref,energy based transformer robot policy,concept,ebm_transformer,,,energy based transformer robot policy,2026-06-12T14:45:03Z,15.600,15.600
doi:10.1109/icra55743.2025.11127230,UpViTaL: Unpaired Visual-Tactile Self-Supervised Representation Learning for Dexterous Robotic Manipulation,,2025,2025 IEEE International Conference on Robotics and Automation (ICRA),Guwen Han; Qingtao Liu; Yu Cui; Anjun Chen; Jiming Chen; Qi Ye,10.1109/icra55743.2025.11127230,,https://doi.org/10.1109/icra55743.2025.11127230,crossref,contact rich manipulation learning,concept,contact,,,contact rich manipulation,2026-06-12T15:07:36Z,15.600,15.600
doi:10.3390/s17061384,Instrumented Compliant Wrist with Proximity and Contact Sensing for Close Robot Interaction Control,"Compliance has been exploited in various forms in robotic systems to allow rigid mechanisms to come into contact with fragile objects, or with complex shapes that cannot be accurately modeled. Force feedback control has been the classical approach for providing compliance in robotic systems. However, by integrating other forms of instrumentation with compliance into a single device, it is possible to extend close monitoring of nearby objects before and after contact occurs. As a result, safer and smoother robot control can be achieved both while approaching and while touching surfaces. This paper presents the design and extensive experimental evaluation of a versatile, lightweight, and low-cost instrumented compliant wrist mechanism which can be mounted on any rigid robotic manipulator in order to introduce a layer of compliance while providing the controller with extra sensing signals d",2017,Sensors,Pascal Laferrière; Pierre Payeur,10.3390/s17061384,,https://doi.org/10.3390/s17061384,crossref,contact dynamics robot learning,concept,contact,,2,industrial robot; contact dynamics; human robot interaction,2026-06-12T15:07:36Z,15.599,17.599
doi:10.1109/tsg.2023.3267069,Physics-Informed Graphical Representation-Enabled Deep Reinforcement Learning for Robust Distribution System Voltage Control,,2024,IEEE Transactions on Smart Grid,Di Cao; Junbo Zhao; Jiaxiang Hu; Yansong Pei; Qi Huang; Zhe Chen; Weihao Hu,10.1109/tsg.2023.3267069,,https://doi.org/10.1109/tsg.2023.3267069,crossref,physics informed robot learning,concept,architecture,,80,physics informed robot learning,2026-06-12T15:07:36Z,15.597,15.597
doi:10.1089/soro.2020.0213,Sim-to-Real for High-Resolution Optical Tactile Sensing: From Images to Three-Dimensional Contact Force Distributions,"The images captured by vision-based tactile sensors carry information about high-resolution tactile fields, such as the distribution of the contact forces applied to their soft sensing surface. However, extracting the information encoded in the images is challenging and often addressed with learning-based approaches, which generally require a large amount of training data. This article proposes a strategy to generate tactile images in simulation for a vision-based tactile sensor based on an internal camera that tracks the motion of spherical particles within a soft material. The deformation of the material is simulated in a finite element environment under a diverse set of contact conditions, and spherical particles are projected to a simulated image. Features extracted from the images are mapped to the three-dimensional contact force distribution, with the ground truth also obtained usi",2022,Soft Robotics,Carmelo Sferrazza; Raffaello D'Andrea,10.1089/soro.2020.0213,,https://doi.org/10.1089/soro.2020.0213,crossref,tactile language action robotics,concept,tactile,,40,,2026-06-12T14:45:03Z,15.557,16.557
arxiv:2603.00110v2,Learning Physics from Pretrained Video Models: A Multimodal Continuous and Sequential World Interaction Models for Robotic Manipulation,"The scarcity of large-scale robotic data has motivated the repurposing of foundation models from other modalities for policy learning. In this work, we introduce PhysGen (Learning Physics from Pretrained Video Generation Models), a scalable continuous and sequential world interaction framework that leverages autoregressive video generation to solve robotic manipulation tasks. By treating the pretrained video model as a proxy for a physics simulator, PhysGen models the dynamic interplay between the external environment and robot actions. We introduce a multimodal continuous representation that unifies video and action into shared physical tokens, bridging the gap between discrete video generation and continuous robotic control. This approach enables the seamless transfer of implicit physical knowledge-such as object permanence and dynamics-from video pretraining to downstream manipulation",2026,arXiv,Zijian Song; Qichang Li; Sihan Qin; Yuhao Chen; Tianshui Chen; Liang Lin; Guangrun Wang,,2603.00110v2,http://arxiv.org/abs/2603.00110v2,arxiv,robot world models manipulation,concept,world_models,,,robot world model; benchmark,2026-06-12T14:45:03Z,15.550,16.550
doi:10.1089/soro.2022.0221,Compliant Grasping Control for a Tactile Self-Sensing Soft Gripper,"Soft grippers with good passive compliance can effectively adapt to the shape of a target object and have better safe grasping performance than rigid grippers. However, for soft or fragile objects, passive compliance is insufficient to prevent grippers from crushing the target. Thus, to complete nondestructive grasping tasks, precision force sensing and control are immensely important for soft grippers. In this article, we proposed an online learning self-tuning nonlinearity impedance controller for a tactile self-sensing two-finger soft gripper so that its grasping force can be controlled accurately. For the soft gripper, its grasping force is sensed by a liquid lens-based optical tactile sensing unit that contains a self-sensing fingertip and a liquid lens module and has many advantages of a rapid response time (about 0.04 s), stable output, good sensitivity (>0.4985 V/N), resolution (",2024,Soft Robotics,Hui Yang; Jiaqi Liu; Wenbo Liu; Weirui Liu; Zilong Deng; Yunzhi Ling; Changan Wang; Meixia Wu; Lihui Wang; Li Wen,10.1089/soro.2022.0221,,https://doi.org/10.1089/soro.2022.0221,crossref,tactile language action robotics,concept,tactile,,17,impedance control,2026-06-12T15:07:36Z,15.545,15.545
doi:10.1016/j.automatica.2022.110235,Robust formation control for networked robotic systems using Negative Imaginary dynamics,This paper proposes a consensus-based formation tracking scheme for multi-robot systems utilizing the Negative Imaginary (NI) theory. The proposed scheme applies to a class of networked robotic systems that can be modelled as a group of single integrator agents with stable uncertainties connected via an undirected graph. NI/SNI property of networked agents facilitates the design of a distributed Strictly Negative Imaginary (SNI) controller to achieve the desired formation tracking. A new theoretical proof of asymptotic convergence of the formation tracking trajectories is derived based on the integral controllability of a networked SNI systems. The proposed scheme is an alternative to the conventional Lyapunov-based formation tracking schemes. It offers robustness to NI/SNI-type model uncertainties and fault-tolerance to a sudden loss of robots due to hardware/communication fault. The fe,2022,Automatica,Junyan Hu; Barry Lennox; Farshad Arvin,10.1016/j.automatica.2022.110235,,https://doi.org/10.1016/j.automatica.2022.110235,openalex,robotics,concept,openalex_bulk_robotics,,67,multi robot system; robustness,2026-06-12T18:57:17Z,15.510,17.510
doi:10.1007/s40820-023-01216-0,Intelligent Recognition Using Ultralight Multifunctional Nano-Layered Carbon Aerogel Sensors with Human-Like Tactile Perception,"Abstract Humans can perceive our complex world through multi-sensory fusion. Under limited visual conditions, people can sense a variety of tactile signals to identify objects accurately and rapidly. However, replicating this unique capability in robots remains a significant challenge. Here, we present a new form of ultralight multifunctional tactile nano-layered carbon aerogel sensor that provides pressure, temperature, material recognition and 3D location capabilities, which is combined with multimodal supervised learning algorithms for object recognition. The sensor exhibits human-like pressure (0.04–100 kPa) and temperature (21.5–66.2 °C) detection, millisecond response times (11 ms), a pressure sensitivity of 92.22 kPa −1 and triboelectric durability of over 6000 cycles. The devised algorithm has universality and can accommodate a range of application scenarios. The tactile system c",2023,Nano-Micro Letters,Huiqi Zhao; Yizheng Zhang; Lei Han; Weiqi Qian; Jiabin Wang; Heting Wu; Jingchen Li; Yuan Dai; Zhengyou Zhang; Chris Bowen; Ya Yang,10.1007/s40820-023-01216-0,,https://doi.org/10.1007/s40820-023-01216-0,openalex,energy based model robot learning,concept,ebm,,82,tactile perception,2026-06-12T18:26:24Z,15.509,15.509
doi:10.1126/sciadv.adk5260,"Skin preparation–free, stretchable microneedle adhesive patches for reliable electrophysiological sensing and exoskeleton robot control","High-fidelity and comfortable recording of electrophysiological (EP) signals with on-the-fly setup is essential for health care and human-machine interfaces (HMIs). Microneedle electrodes allow direct access to the epidermis and eliminate time-consuming skin preparation. However, existing microneedle electrodes lack elasticity and reliability required for robust skin interfacing, thereby making long-term, high-quality EP sensing challenging during body movement. Here, we introduce a stretchable microneedle adhesive patch (SNAP) providing excellent skin penetrability and a robust electromechanical skin interface for prolonged and reliable EP monitoring under varying skin conditions. Results demonstrate that the SNAP can substantially reduce skin contact impedance under skin contamination and enhance wearing comfort during motion, outperforming gel and flexible microneedle electrodes. Our ",2024,Science Advances,Hee‐Soo Kim; Juhyun Lee; Ung Heo; Dhileep Kumar Jayashankar; Karen‐Christian Agno; Yeji Kim; Choong Yeon Kim; Youngjun Oh; Sanghyuk Byun; Bohyung Choi; Hwayeong Jeong; Woon‐Hong Yeo; Zhuo Li; Seongjun Park; Jianliang Xiao; Jung Kim; Jae‐Woong Jeong,10.1126/sciadv.adk5260,,https://doi.org/10.1126/sciadv.adk5260,openalex,energy based model robot learning,concept,ebm,,102,,2026-06-12T18:05:07Z,15.467,15.467
doi:10.1609/aaai.v38i1.27758,Prompt to Transfer: Sim-to-Real Transfer for Traffic Signal Control with Prompt Learning,"Numerous solutions are proposed for the Traffic Signal Control (TSC) tasks aiming to provide efficient transportation and alleviate traffic congestion. Recently, promising results have been attained by Reinforcement Learning (RL) methods through trial and error in simulators, bringing confidence in solving cities' congestion problems. However, performance gaps still exist when simulator-trained policies are deployed to the real world. This issue is mainly introduced by the system dynamic difference between the training simulators and the real-world environments. In this work, we leverage the knowledge of Large Language Models (LLMs) to understand and profile the system dynamics by a prompt-based grounded action transformation to bridge the performance gap. Specifically, this paper exploits the pre-trained LLM's inference ability to understand how traffic dynamics change with weather cond",2024,Proceedings of the AAAI Conference on Artificial Intelligence,Longchao Da; Minquan Gao; Hao Mei; Hua Wei,10.1609/aaai.v38i1.27758,,https://doi.org/10.1609/aaai.v38i1.27758,crossref,sim to real robot manipulation,concept,sim2real,,30,robot manipulation; sim to real transfer,2026-06-12T15:07:36Z,15.467,17.467
doi:10.1038/s41467-023-40426-3,Deep transfer learning for inter-chain contact predictions of transmembrane protein complexes,"Abstract Membrane proteins are encoded by approximately a quarter of human genes. Inter-chain residue-residue contact information is important for structure prediction of membrane protein complexes and valuable for understanding their molecular mechanism. Although many deep learning methods have been proposed to predict the intra-protein contacts or helix-helix interactions in membrane proteins, it is still challenging to accurately predict their inter-chain contacts due to the limited number of transmembrane proteins. Addressing the challenge, here we develop a deep transfer learning method for predicting inter-chain contacts of transmembrane protein complexes, named DeepTMP, by taking advantage of the knowledge pre-trained from a large data set of non-transmembrane proteins. DeepTMP utilizes a geometric triangle-aware module to capture the correct inter-chain interaction from the coevo",2023,Nature Communications,Peicong Lin; Yumeng Yan; Huanyu Tao; Sheng-You Huang,10.1038/s41467-023-40426-3,,https://doi.org/10.1038/s41467-023-40426-3,crossref,contact rich manipulation learning,concept,contact,,21,contact rich manipulation; robustness,2026-06-12T15:07:36Z,15.446,16.446
doi:10.1109/iros.1993.583198,Development of a multi-fingered robot hand with fingertip tactile sensors,"The authors are developing a multifingered robot hand which is modeled on a human hand. The aim is to identify the technologies necessary for this type of robot hand. The hand consists of 4 fingers, each with 4 joints actuated by DC motors via wires. The hand is attached to the tip of a 6-degree-of-freedom arm. The fingers and the arm are controlled by 6 32-bit microprocessor boards. Each finger has a tactile sensor on the fingertip. This consisting of a silicone rubber cap with a cavity filled with an incompressible fluid. Using these sensors and potentiometers mounted at one side of each joint, contact forces and positions of the fingertips are controlled. Three or four fingers grasp an object cooperatively when each finger is force-controlled using the tactile sensors independently. Evaluation tests of the position and the force control were executed, and experiments requiring the rob",2002,,Hideki Hashimoto; Hideki Ogawa; Masao Obama; Toshiya Umeda; Kyoichi Tatuno; Tomonari Furukawa,10.1109/iros.1993.583198,,https://doi.org/10.1109/iros.1993.583198,openalex,robotics,concept,openalex_bulk_robotics,,15,robot hand; force control,2026-06-12T18:57:17Z,15.436,16.436
doi:10.1109/tie.2016.2538741,Adaptive Impedance Control for an Upper Limb Robotic Exoskeleton Using Biological Signals,"This paper presents adaptive impedance control of an upper limb robotic exoskeleton using biological signals. First, we develop a reference musculoskeletal model of the human upper limb and experimentally calibrate the model to match the operator's motion behavior. Then, the proposed novel impedance algorithm transfers stiffness from human operator through the surface electromyography (sEMG) signals, being utilized to design the optimal reference impedance model. Considering the unknown deadzone effects in the robot joints and the absence of the precise knowledge of the robot's dynamics, an adaptive neural network control incorporating with a high-gain observer is developed to approximate the deadzone effect and robot's dynamics and drive the robot tracking desired trajectories without velocity measurements. In order to verify the robustness of the proposed approach, the actual implement",2016,IEEE Transactions on Industrial Electronics,Zhijun Li; Zhicong Huang; Wei He; Chun‐Yi Su,10.1109/tie.2016.2538741,,https://doi.org/10.1109/tie.2016.2538741,openalex,robotics,concept,openalex_bulk_robotics,,320,impedance control; robustness,2026-06-12T18:57:17Z,15.436,16.436
doi:10.1109/tmech.2023.3264650,GTac-Hand: A Robotic Hand With Integrated Tactile Sensing and Extrinsic Contact Sensing Capabilities,"In many interaction and manipulation tasks, robots need to estimate the state or properties, such as extrinsic contact states (ECSs), on the object being manipulated. Tactile sensing is an essential sensor modality for robots to acquire this relevant information. In this article, we present a robotic hand integrated with tactile sensors that combine two force sensing principles as skin-like heterogeneity, piezoresistive, and Hall effect, and can obtain normal and shear contact force feedback simultaneously from the fingers and palm, resulting in 285 tactile sensing measurements at a rate of 150 Hz. In the contact-rich manipulation task, there would be complicatedly coupled contact relationships between the robotic hand and the grasped objects during external contact. Sectionwise features (SWFs) are implemented to leverage these tactile features by means of incorporating distributed force",2023,IEEE/ASME Transactions on Mechatronics,Zeyu Lu; Haoyong Yu,10.1109/tmech.2023.3264650,,https://doi.org/10.1109/tmech.2023.3264650,openalex,robotics,concept,openalex_bulk_robotics,,18,contact rich manipulation,2026-06-12T18:57:17Z,15.422,15.422
doi:10.3390/robotics10010032,Adaptive Position/Force Control of a Robotic Manipulator in Contact with a Flexible and Uncertain Environment,"The present paper concerns the synthesis of robot movement control systems in the cases of disturbances of natural position constraints, which are the result of surface susceptibility and inaccuracies in its description. The study contains the synthesis of control laws, in which the knowledge of parameters of the susceptible environment is not required, and which guarantee stability of the system in the case of an inaccurately described contact surface. The novelty of the presented solution is based on introducing an additional module to the control law in directions normal to the interaction surface, which allows for a fluent change of control strategy in the case of occurrence of distortions in the surface. An additional module in the control law is perceived as a virtual viscotic resistance force and resilient environment acting upon the robot. This interpretation facilitates intuitiv",2021,Robotics,Piotr Gierlak,10.3390/robotics10010032,,https://doi.org/10.3390/robotics10010032,crossref,classical control robotics,anti_myopia,anti_thesis,,13,force control; classical control robotics,2026-06-12T15:07:36Z,15.420,19.420
doi:10.1109/tase.2022.3162207,Image-Based Visual Impedance Force Control for Contact Aerial Manipulation,,2023,IEEE Transactions on Automation Science and Engineering,Mengxin Xu; An Hu; Hesheng Wang,10.1109/tase.2022.3162207,,https://doi.org/10.1109/tase.2022.3162207,crossref,contact rich manipulation learning,concept,contact,,83,contact rich manipulation; force control,2026-06-12T15:07:36Z,15.415,15.415
doi:10.1109/icra46639.2022.9811957,Real-Time Multi-Contact Model Predictive Control via ADMM,,2022,2022 International Conference on Robotics and Automation (ICRA),Alp Aydinoglu; Michael Posa,10.1109/icra46639.2022.9811957,,https://doi.org/10.1109/icra46639.2022.9811957,crossref,foundation model limitation robotics,anti_myopia,anti_thesis,,36,model predictive control; limitation; foundation model limitation robotics,2026-06-12T15:07:36Z,15.405,20.405
doi:10.1109/iccma63715.2024.10843928,Sim-to-Real Transfer for Cable Manipulation with Tactile Sensing and Homotopy-Constrained Path Planning,,2024,"2024 12th International Conference on Control, Mechatronics and Automation (ICCMA)",Haegu Lee; Victor Melbye Staven; Christoffer Sloth,10.1109/iccma63715.2024.10843928,,https://doi.org/10.1109/iccma63715.2024.10843928,crossref,sim to real robot manipulation,concept,sim2real,,,robot manipulation; sim to real transfer,2026-06-12T14:45:03Z,15.400,16.400
arxiv:2103.14359v1,A Tactile Sensing Foot for Single Robot Leg Stabilization,"Tactile sensing on human feet is crucial for motion control, however, has not been explored in robotic counterparts. This work is dedicated to endowing tactile sensing to legged robot's feet and showing that a single-legged robot can be stabilized with only tactile sensing signals from its foot. We propose a robot leg with a novel vision-based tactile sensing foot system and implement a processing algorithm to extract contact information for feedback control in stabilizing tasks. A pipeline to convert images of the foot skin into high-level contact information using a deep learning framework is presented. The leg was quantitatively evaluated in a stabilization task on a tilting surface to show that the tactile foot was able to estimate both the surface tilting angle and the foot poses. Feasibility and effectiveness of the tactile system were investigated qualitatively in comparison with ",2021,arXiv,Guanlan Zhang; Yipai Du; Yazhan Zhan; Michael Yu Wang,,2103.14359v1,http://arxiv.org/abs/2103.14359v1,arxiv,tactile language action robotics,concept,tactile,,,humanoid robot,2026-06-12T14:45:03Z,15.400,15.400
doi:10.1109/lra.2021.3139675,Unified Method for Task-Space Motion/Force/Impedance Control of Manipulator With Unknown Contact Reaction Strategy,,2022,IEEE Robotics and Automation Letters,Yinjie Lin; Zheng Chen; Bin Yao,10.1109/lra.2021.3139675,,https://doi.org/10.1109/lra.2021.3139675,crossref,task and motion planning robotics,anti_myopia,classic,,35,impedance control; motion planning; task and motion planning,2026-06-12T15:07:36Z,15.392,19.392
doi:10.48550/arxiv.1904.05240,Compare Contact Model-based Control and Contact Model-free Learning: A Survey of Robotic Peg-in-hole Assembly Strategies,"In this paper, we present an overview of robotic peg-in-hole assembly and analyze two main strategies: contact model-based and contact model-free strategies. More specifically, we first introduce the contact model control approaches, including contact state recognition and compliant control two steps. Additionally, we focus on a comprehensive analysis of the whole robotic assembly system. Second, without the contact state recognition process, we decompose the contact model-free learning algorithms into two main subfields: learning from demonstrations and learning from environments (mainly based on reinforcement learning). For each subfield, we survey the landmark studies and ongoing research to compare the different categories. We hope to strengthen the relation between these two research communities by revealing the underlying links. Ultimately, the remaining challenges and open questio",2019,arXiv (Cornell University),Jing Xu; Zhimin Hou; Zhi Liu; Hong Qiao,10.48550/arxiv.1904.05240,,https://doi.org/10.48550/arxiv.1904.05240,openalex,robotics,concept,openalex_bulk_robotics,,84,,2026-06-12T18:57:17Z,15.371,15.371
doi:10.3390/brainsci11060734,Improved Transfer-Learning-Based Facial Recognition Framework to Detect Autistic Children at an Early Stage,"Autism spectrum disorder (ASD) is a complex neuro-developmental disorder that affects social skills, language, speech and communication. Early detection of ASD individuals, especially children, could help to devise and strategize right therapeutic plan at right time. Human faces encode important markers that can be used to identify ASD by analyzing facial features, eye contact, and so on. In this work, an improved transfer-learning-based autism face recognition framework is proposed to identify kids with ASD in the early stages more precisely. Therefore, we have collected face images of children with ASD from the Kaggle data repository, and various machine learning and deep learning classifiers and other transfer-learning-based pre-trained models were applied. We observed that our improved MobileNet-V1 model demonstrates the best accuracy of 90.67% and the lowest 9.33% value of both fall",2021,Brain Sciences,Tania Akter; Mohammad Hanif Ali; Md. Imran Khan; Md. Shahriare Satu; Md. Jamal Uddin; Salem A. Alyami; S. Syed Ali; AKM Azad; Mohammad Ali Moni,10.3390/brainsci11060734,,https://doi.org/10.3390/brainsci11060734,openalex,energy based model robot learning,concept,ebm,,138,,2026-06-12T18:05:07Z,15.367,15.367
doi:10.1017/s0140525x04000093,"The emulation theory of representation: Motor control, imagery, and perception","The emulation theory of representation is developed and explored as a framework that can revealingly synthesize a wide variety of representational functions of the brain. The framework is based on constructs from control theory (forward models) and signal processing (Kalman filters). The idea is that in addition to simply engaging with the body and environment, the brain constructs neural circuits that act as models of the body and environment. During overt sensorimotor engagement, these models are driven by efference copies in parallel with the body and environment, in order to provide expectations of the sensory feedback, and to enhance and process sensory information. These models can also be run off-line in order to produce imagery, estimate outcomes of different actions, and evaluate and develop motor plans. The framework is initially developed within the context of motor control, w",2004,Behavioral and Brain Sciences,Rick Grush,10.1017/s0140525x04000093,,https://doi.org/10.1017/s0140525x04000093,openalex,energy based model robot learning,concept,ebm,,1382,,2026-06-12T18:05:07Z,15.350,15.350
doi:10.1109/jestpe.2014.2382569,Primary-Side Power Flow Control of Wireless Power Transfer for Electric Vehicle Charging,"Various noncontacting methods of plug-in electric vehicle charging are either under development or now deployed as aftermarket options in the light-duty automotive market. Wireless power transfer (WPT) is now the accepted term for wireless charging and is used synonymously for inductive power transfer and magnetic resonance coupling. WPT technology is in its infancy; standardization is lacking, especially on interoperability, center frequency selection, magnetic fringe field suppression, and the methods employed for power flow regulation. This paper proposes a new analysis concept for power flow in WPT in which the primary provides frequency selection and the tuned secondary, with its resemblance to a power transmission network having a reactive power voltage control, is analyzed as a transmission network. Analysis is supported with experimental data taken from Oak Ridge National Laborat",2014,IEEE Journal of Emerging and Selected Topics in Power Electronics,John M. Miller; Omer C. Onar; Madhu Chinthavali,10.1109/jestpe.2014.2382569,,https://doi.org/10.1109/jestpe.2014.2382569,openalex,transformer energy based model robotics,concept,ebm_transformer,,516,energy based model robotics; latency,2026-06-12T18:05:07Z,15.350,15.350
doi:10.1177/02783649241272115,Sim-to-real transfer of adaptive control parameters for AUV stabilisation under current disturbance,"Learning-based adaptive control methods hold the potential to empower autonomous agents in mitigating the impact of process variations with minimal human intervention. However, their application to autonomous underwater vehicles (AUVs) has been constrained by two main challenges: (1) the presence of unknown dynamics in the form of sea current disturbances, which cannot be modelled or measured due to limited sensor capability, particularly on smaller low-cost AUVs, and (2) the nonlinearity of AUV tasks, where the controller response at certain operating points must be excessively conservative to meet specifications at other points. Deep Reinforcement Learning (DRL) offers a solution to these challenges by training versatile neural network policies. Nevertheless, the application of DRL algorithms to AUVs has been predominantly limited to simulated environments due to their inherent high sa",2025,The International Journal of Robotics Research,Thomas Chaffre; Jonathan Wheare; Andrew Lammas; Paulo Santos; Gilles Le Chenadec; Karl Sammut; Benoit Clement,10.1177/02783649241272115,,https://doi.org/10.1177/02783649241272115,crossref,robotics,concept,crossref_bulk_robotics,,15,sim to real transfer; distribution shift,2026-06-12T19:29:26Z,15.336,16.336
doi:10.3389/fnins.2022.1000716,Emotion recognition based on multi-modal physiological signals and transfer learning,"In emotion recognition based on physiological signals, collecting enough labeled data of a single subject for training is time-consuming and expensive. The physiological signals' individual differences and the inherent noise will significantly affect emotion recognition accuracy. To overcome the difference in subject physiological signals, we propose a joint probability domain adaptation with the bi-projection matrix algorithm (JPDA-BPM). The bi-projection matrix method fully considers the source and target domain's different feature distributions. It can better project the source and target domains into the feature space, thereby increasing the algorithm's performance. We propose a substructure-based joint probability domain adaptation algorithm (SSJPDA) to overcome physiological signals' noise effect. This method can avoid the shortcomings that the domain level matching is too rough an",2022,Frontiers in Neuroscience,Zhongzheng Fu; Boning Zhang; Xinrun He; Yixuan Li; Haoyuan Wang; Jian Huang,10.3389/fnins.2022.1000716,,https://doi.org/10.3389/fnins.2022.1000716,openalex,energy based model robot learning,concept,ebm,,47,,2026-06-12T18:05:07Z,15.336,15.336
doi:10.1109/tcyb.2018.2838573,Adaptive Fuzzy Control for Coordinated Multiple Robots With Constraint Using Impedance Learning,"In this paper, we investigate fuzzy neural network (FNN) control using impedance learning for coordinated multiple constrained robots carrying a common object in the presence of the unknown robotic dynamics and the unknown environment with which the robot comes into contact. First, an FNN learning algorithm is developed to identify the unknown plant model. Second, impedance learning is introduced to regulate the control input in order to improve the environment-robot interaction, and the robot can track the desired trajectory generated by impedance learning. Third, in light of the condition requiring the robot to move in a finite space or to move at a limited velocity in a finite space, the algorithm based on the position constraint and the velocity constraint are proposed, respectively. To guarantee the position constraint and the velocity constraint, an integral barrier Lyapunov functi",2019,IEEE Transactions on Cybernetics,Linghuan Kong; Wei He; Chenguang Yang; Zhijun Li; Changyin Sun,10.1109/tcyb.2018.2838573,,https://doi.org/10.1109/tcyb.2018.2838573,openalex,robotics,concept,openalex_bulk_robotics,,285,,2026-06-12T18:57:17Z,15.328,15.328
doi:10.1016/j.enbuild.2024.114135,Application of transfer learning to overcome data imbalance and extrapolation for model predictive control: A real-life case,,2024,Energy and Buildings,Seongkwon Cho; Seonjung Ra; Seohee Choi; Cheol Soo Park,10.1016/j.enbuild.2024.114135,,https://doi.org/10.1016/j.enbuild.2024.114135,crossref,model predictive control robot learning,anti_myopia,control,,13,model predictive control,2026-06-12T15:07:36Z,15.320,19.320
doi:10.1109/tnsre.2023.3299350,Shared Three-Dimensional Robotic Arm Control Based on Asynchronous BCI and Computer Vision,"OBJECTIVE: A brain-computer interface (BCI) can be used to translate neuronal activity into commands to control external devices. However, using noninvasive BCI to control a robotic arm for movements in three-dimensional (3D) environments and accomplish complicated daily tasks, such as grasping and drinking, remains a challenge. APPROACH: In this study, a shared robotic arm control system based on hybrid asynchronous BCI and computer vision was presented. The BCI model, which combines steady-state visual evoked potentials (SSVEPs) and blink-related electrooculography (EOG) signals, allows users to freely choose from fifteen commands in an asynchronous mode corresponding to robot actions in a 3D workspace and reach targets with a wide movement range, while computer vision can identify objects and assist a robotic arm in completing more precise tasks, such as grasping a target automaticall",2023,IEEE Transactions on Neural Systems and Rehabilitation Engineering,Yajun Zhou; Tianyou Yu; Wei Gao; Weichen Huang; Zilin Lu; Qiyun Huang; Yuanqing Li,10.1109/tnsre.2023.3299350,,https://doi.org/10.1109/tnsre.2023.3299350,openalex,energy based model robot learning,concept,ebm,,55,,2026-06-12T18:05:07Z,15.313,15.313
doi:10.1177/02783649241273565,Transfer learning in robotics: An upcoming breakthrough? A review of promises and challenges,"Transfer learning is a conceptually-enticing paradigm in pursuit of truly intelligent embodied agents. The core concept—reusing prior knowledge to learn in and from novel situations—is successfully leveraged by humans to handle novel situations. In recent years, transfer learning has received renewed interest from the community from different perspectives, including imitation learning, domain adaptation, and transfer of experience from simulation to the real world, among others. In this paper, we unify the concept of transfer learning in robotics and provide the first taxonomy of its kind considering the key concepts of robot, task, and environment. Through a review of the promises and challenges in the field, we identify the need of transferring at different abstraction levels, the need of quantifying the transfer gap and the quality of transfer, as well as the dangers of negative trans",2024,The International Journal of Robotics Research,Noémie Jaquier; Michael C. Welle; Andrej Gams; Kunpeng Yao; Bernardo Fichera; Aude Billard; Aleš Ude; Tamim Asfour; Danica Kragic,10.1177/02783649241273565,,https://doi.org/10.1177/02783649241273565,openalex,robotics,concept,openalex_bulk_robotics,,36,embodied agent; imitation learning,2026-06-12T18:57:17Z,15.305,17.305
doi:10.1145/3527660,DiffCloth: Differentiable Cloth Simulation with Dry Frictional Contact,"Cloth simulation has wide applications in computer animation, garment design, and robot-assisted dressing. This work presents a differentiable cloth simulator whose additional gradient information facilitates cloth-related applications. Our differentiable simulator extends a state-of-the-art cloth simulator based on Projective Dynamics (PD) and with dry frictional contact [Ly et al. 2020 ]. We draw inspiration from previous work [Du et al. 2021 ] to propose a fast and novel method for deriving gradients in PD-based cloth simulation with dry frictional contact. Furthermore, we conduct a comprehensive analysis and evaluation of the usefulness of gradients in contact-rich cloth simulation. Finally, we demonstrate the efficacy of our simulator in a number of downstream applications, including system identification, trajectory optimization for assisted dressing, closed-loop control, inverse d",2022,ACM Transactions on Graphics,Yifei Li; Tao Du; Kui Wu; Jie Xu; Wojciech Matusik,10.1145/3527660,,https://doi.org/10.1145/3527660,openalex,energy based policy robotics,concept,ebm,,80,system identification,2026-06-12T18:43:24Z,15.297,16.297
doi:10.1089/soro.2020.0051,Parasitic Capacitance-Free Flexible Tactile Sensor with a Real-Contact Trigger,"In this study, a parasitic capacitance-free tactile sensor with a floating electrode that is capable of identifying actual physical contact pressure by distinguishing from parasitic effects and applicable to sensor arrays is presented. Although capacitive pressure sensors are known for their excellent pressure sensing capabilities in wide range with high sensitivity, they tend to suffer from a parasitic capacitance noise and unwanted proximity effects. Electromagnetic interference shielding was conventionally used to prevent this noise; however, it was not entirely successful in multicell array sensors. Parasitic capacitance-free method involves the use of a floating electrode, which functions as a contact trigger by causing sudden changes in capacitance only when the actual physical contact pressure has been applied or removed. The proposed method is robust, consistent, and precise. Exp",2022,Soft Robotics,Seonggi Kim; Youngdo Jung; Sunjong Oh; Hyungpil Moon; Hyuneui Lim,10.1089/soro.2020.0051,,https://doi.org/10.1089/soro.2020.0051,crossref,tactile language action robotics,concept,tactile,,23,hysteresis,2026-06-12T14:45:03Z,15.289,15.289
doi:10.15607/rss.2025.xxi.052,Reactive Diffusion Policy: Slow-Fast Visual-Tactile Policy Learning for Contact-Rich Manipulation,,2025,Robotics: Science and Systems XXI,Han Xue; Jieji Ren; Wendi Chen; Gu Zhang; Fang Yuan; Guoying Gu; Huazhe Xu; Cewu Lu,10.15607/rss.2025.xxi.052,,https://doi.org/10.15607/rss.2025.xxi.052,crossref,contact rich manipulation learning,concept,contact,,28,diffusion policy; contact rich manipulation,2026-06-12T14:45:03Z,15.284,15.284
doi:10.1002/aisy.202100047,Interactive Force Control Based on Multimodal Robot Skin for Physical Human−Robot Collaboration,"This work proposes and realizes a control architecture that can support the deployment of a large‐scale robot skin in a Human‐Robot Collaboration scenario. It is shown, how whole‐body tactile feedback can extend the capabilities of robots during dynamic interactions by providing information about multiple contacts across the robot's surface. Specifically, an uncalibrated skin system is used to implement stable force control while simultaneously handling the multi‐contact interactions of a user. The system formulates control tasks for force control, tactile guidance, collision avoidance, and compliance, and fuses them with a multi‐priority redundancy resolution strategy. The approach is evaluated on an omnidirectional mobile‐manipulator with dual arms covered with robot skin. Results are assessed under dynamic conditions, showing that multi‐modal tactile information enables robust force c",2022,Advanced Intelligent Systems,Simon Armleder; Emmanuel Dean-Leon; Florian Bergner; Gordon Cheng,10.1002/aisy.202100047,,https://doi.org/10.1002/aisy.202100047,crossref,hybrid systems robot control manipulation,anti_myopia,control,,25,force control; hybrid systems; deployment,2026-06-12T15:07:36Z,15.279,19.279
doi:10.47852/bonviewswt52025770,Flexible Tactile Sensors for Enhancing Robotic Perception,"As robotic technology advances towards autonomy and intelligence, tactile sensing systems have become a key technology for overcoming the bottleneck of environmental interaction. Unlike visual perception, which captures macroscopic information, tactile sensing provides precise mechanical feedback for robotic manipulation by real-time analysis of microscopic physical parameters such as contact force, material properties, and surface morphology. This is particularly important in application scenarios that require high precision in force control, such as minimally invasive surgery and precision assembly, where the sensitivity, multimodal perception capabilities, and environmental adaptability of tactile sensors directly determine the operational performance of the robotic system. However, traditional tactile sensors are limited by rigid structures, limited sensitivity, and a single percepti",2025,Smart Wearable Technology,Huiwen Ren; Wangyang Li; Yanan Ding; Yuming Feng; Hexin Li; Jianyang Li; Jia Zhang; Haiying Xiao; Jialu Li; Shuai Wang; Cong Huang; Li Jiang; PingAn Hu,10.47852/bonviewswt52025770,,https://doi.org/10.47852/bonviewswt52025770,openalex,energy based model robot learning,concept,ebm,,22,force control,2026-06-12T18:26:24Z,15.268,15.268
doi:10.3390/machines11080778,Transfer Learning Based Fault Detection for Suspension System Using Vibrational Analysis and Radar Plots,"The suspension system is of paramount importance in any automobile. Thanks to the suspension system, every journey benefits from pleasant rides, stable driving and precise handling. However, the suspension system is prone to faults that can significantly impact the driving quality of the vehicle. This makes it essential to find and diagnose any faults in the suspension system and rectify them immediately. Numerous techniques have been used to identify and diagnose suspension faults, each with drawbacks. This paper’s proposed suspension fault detection system aims to detect these faults using deep transfer learning techniques instead of the time-consuming and expensive conventional methods. This paper used pre-trained networks such as Alex Net, ResNet-50, Google Net and VGG16 to identify the faults using radar plots of the vibration signals generated by the suspension system in eight case",2023,Machines,Samavedam Aditya Sai; Sridharan Naveen Venkatesh; Seshathiri Dhanasekaran; Parameshwaran Arun Balaji; V. Sugumaran; Natrayan Lakshmaiya; Prabhu Paramasivam,10.3390/machines11080778,,https://doi.org/10.3390/machines11080778,openalex,energy based model robot learning,concept,ebm,,50,,2026-06-12T18:05:07Z,15.266,15.266
doi:10.1109/tnnls.2018.2869375,Adaptive Neural Network Tracking Control for Robotic Manipulators With Dead Zone,"In this paper, the adaptive neural network (NN) tracking control problem is addressed for robot manipulators subject to dead-zone input. The control objective is to design an adaptive NN controller to guarantee the stability of the systems and obtain good performance. Different from the existing results, which used NN to approximate the nonlinearities directly, NNs are employed to identify the originally designed virtual control signals with unknown nonlinear items in this paper. Moreover, a sequence of virtual control signals and real controller are designed. The adaptive backstepping control method and Lyapunov stability theory are used to prove the proposed controller can ensure all the signals in the systems are semiglobally uniformly ultimately bounded, and the output of the systems can track the reference signal closely. Finally, the proposed adaptive control strategy is applied to",2018,IEEE Transactions on Neural Networks and Learning Systems,Qi Zhou; Shiyi Zhao; Hongyi Li; Renquan Lu; Chengwei Wu,10.1109/tnnls.2018.2869375,,https://doi.org/10.1109/tnnls.2018.2869375,openalex,robotics,concept,openalex_bulk_robotics,,374,,2026-06-12T18:57:17Z,15.263,15.263
doi:10.1115/dscc2018-8945,Contact and Tracking Hybrid Control With Impulse-Momentum Sliding Surface and Terminal Sliding Mode,"The control system proposed in the paper is motivated by robotic testing of prosthetic legs, where a test robot is used to emulate the mechanics of walking. Previously, robust trajectory tracking of walking profiles was used on the test robot’s hip axes, both for swing and stance phases. For the stance phase, a tracking controller does not reproduce the dynamics of weight transfer and release during the swing-stance transitions of human walking. To address this problem, a novel contact mode controller is proposed which allows the test robot to emulate weight transfer and momentum exchange in the stance phase. The swing phase controller is still designed for tracking, but introduces a fast terminal sliding mode controller for rapid convergence to reference swing trajectories with small chattering. This paper introduces the concept of an impulse-momentum sliding surface and develops the co",2018,"Volume 1: Advances in Control Design Methods; Advances in Nonlinear Control; Advances in Robotics; Assistive and Rehabilitation Robotics; Automotive Dynamics and Emerging Powertrain Technologies; Automotive Systems; Bio Engineering Applications; Bio-Mechatronics and Physical Human Robot Interaction; Biomedical and Neural Systems; Biomedical and Neural Systems Modeling, Diagnostics, and Healthcare",Hanz Richter; Saleh Mobayen; Dan Simon,10.1115/dscc2018-8945,,https://doi.org/10.1115/dscc2018-8945,crossref,contact dynamics robot learning,concept,contact,,,contact dynamics,2026-06-12T15:07:36Z,15.250,15.250
doi:10.3390/sym16091180,Transfer Learning-Based Steering Angle Prediction and Control with Fuzzy Signatures-Enhanced Fuzzy Systems for Autonomous Vehicles,"This research introduces an innovative approach for End-to-End steering angle prediction and its control in electric power steering (EPS) systems. The methodology integrates transfer learning-based computer vision techniques for prediction and control with fuzzy signatures-enhanced fuzzy systems. Fuzzy signatures are unique multidimensional data structures that represent data symbolically. This enhancement enables the fuzzy systems to effectively manage the inherent imprecision and uncertainty in various driving scenarios. The ultimate goal of this work is to assess the efficiency and performance of this combined approach by highlighting the pivotal role of steering angle prediction and control in the field of autonomous driving systems. Specifically, within EPS systems, the control of the motor directly influences the vehicle’s path and maneuverability. A significant breakthrough of thi",2024,Symmetry,Ahmet Mehmet Karadeniz; Áron Ballagi; László T. Kóczy,10.3390/sym16091180,,https://doi.org/10.3390/sym16091180,openalex,energy based model robot learning,concept,ebm,,8,,2026-06-12T18:26:24Z,15.249,16.249
doi:10.3390/robotics14120180,Sim2Real Transfer of Imitation Learning of Motion Control for Car-like Mobile Robots Using Digital Twin Testbed,"Reliable transfer of control policies from simulation to real-world robotic systems remains a central challenge in robotics, particularly for car-like mobile robots. Digital Twin (DT) technology provides a robust framework for high-fidelity replication of physical platforms and bi-directional synchronization between virtual and real environments. In this study, a DT-based testbed is developed to train and evaluate an imitation learning (IL) control framework in which a neural network policy learns to replicate the behavior of a hybrid Model Predictive Control (MPC)–Backstepping expert controller. The DT framework ensures consistent benchmarking between simulated and physical execution, supporting a structured and safe process for policy validation and deployment. Experimental analysis demonstrates that the learned policy effectively reproduces expert behavior, achieving bounded trajector",2025,Robotics,Narges Mohaghegh; Hai Wang; Amirmehdi Yazdani,10.3390/robotics14120180,,https://doi.org/10.3390/robotics14120180,crossref,task and motion planning robotics,anti_myopia,classic,,1,model predictive control; motion planning; task and motion planning; imitation learning; benchmark; deployment,2026-06-12T15:07:36Z,15.247,23.247
doi:10.3390/s21175882,Human–Machine Interface: Multiclass Classification by Machine Learning on 1D EOG Signals for the Control of an Omnidirectional Robot,"People with severe disabilities require assistance to perform their routine activities; a Human-Machine Interface (HMI) will allow them to activate devices that respond according to their needs. In this work, an HMI based on electrooculography (EOG) is presented, the instrumentation is placed on portable glasses that have the task of acquiring both horizontal and vertical EOG signals. The registration of each eye movement is identified by a class and categorized using the one hot encoding technique to test precision and sensitivity of different machine learning classification algorithms capable of identifying new data from the eye registration; the algorithm allows to discriminate blinks in order not to disturb the acquisition of the eyeball position commands. The implementation of the classifier consists of the control of a three-wheeled omnidirectional robot to validate the response of",2021,Sensors,Francisco David Pérez-Reynoso; Liliam Rodríguez‐Guerrero; Julio C. Salgado-Ramírez; R. Ortega-Palacios,10.3390/s21175882,,https://doi.org/10.3390/s21175882,openalex,energy based model robot learning,concept,ebm,,28,,2026-06-12T18:05:07Z,15.234,15.234
doi:10.1108/ir-09-2019-0191,Smooth adaptive hybrid impedance control for robotic contact force tracking in dynamic environments,"Purpose The purpose of this paper is to take transient contact force response, overshoots and steady-state force tracking error problems into account to form an excellent force controller. Design/methodology/approach The basic impedance function with a pre-PID tuner is designed to improve the force response. A dynamic adaptive adjustment function that combines the advantages of hybrid impedance and adaptive hybrid impedance control is presented to achieve both force overshoots suppressing and tracking ability. Findings The introduced pre-PID tuner impedance function can achieve more than the pure impedance function in aspects of converging to the desired value and reducing the force overshoots. The performance of force overshoots suppression and force tracking error are maintained by introducing the dynamic adaptive sigma adjustment function. The simulation and experimental results both ",2020,Industrial Robot: the international journal of robotics research and application,Hongli Cao; Ye He; Xiaoan Chen; Xue Zhao,10.1108/ir-09-2019-0191,,https://doi.org/10.1108/ir-09-2019-0191,crossref,EBM transformer robotics industrial robot,concept,architecture_x_embodiment,,46,EBM transformer robotics; industrial robot; force control; impedance control,2026-06-12T15:07:36Z,15.225,15.225
doi:10.1016/j.ijmecsci.2022.107449,Contact force plan and control of robotic grinding towards ensuring contour accuracy of curved surfaces,,2022,International Journal of Mechanical Sciences,Dingwei Li; Jixiang Yang; Huan Zhao; Han Ding,10.1016/j.ijmecsci.2022.107449,,https://doi.org/10.1016/j.ijmecsci.2022.107449,openalex,robotics,concept,openalex_bulk_robotics,,76,,2026-06-12T18:57:17Z,15.222,15.222
doi:10.1016/j.nahs.2022.101327,Time and switching signal scheduled bumpless transfer control for switched systems with application to aero-engines,,2023,Nonlinear Analysis: Hybrid Systems,Weizhong Chen; Yan Shi; Zhongyang Fei,10.1016/j.nahs.2022.101327,,https://doi.org/10.1016/j.nahs.2022.101327,crossref,hybrid systems robot control manipulation,anti_myopia,control,,16,hybrid systems,2026-06-12T15:07:36Z,15.217,18.217
doi:10.1109/icra.2018.8460528,Sim-to-Real Transfer of Robotic Control with Dynamics Randomization,,2018,2018 IEEE International Conference on Robotics and Automation (ICRA),Xue Bin Peng; Marcin Andrychowicz; Wojciech Zaremba; Pieter Abbeel,10.1109/icra.2018.8460528,,https://doi.org/10.1109/icra.2018.8460528,crossref,sim to real robot manipulation,concept,sim2real,,782,robot manipulation; sim to real transfer,2026-06-12T15:07:36Z,15.200,16.200
doi:10.1109/robosoft60065.2024.10522000,Safe Control for Soft-Rigid Robots with Self-Contact Using Control Barrier Functions,,2024,2024 IEEE 7th International Conference on Soft Robotics (RoboSoft),Zach J. Patterson; Wei Xiao; Emily Sologuren; Daniela Rus,10.1109/robosoft60065.2024.10522000,,https://doi.org/10.1109/robosoft60065.2024.10522000,crossref,control barrier functions robot learning,anti_myopia,control,,10,control barrier function,2026-06-12T15:07:36Z,15.199,18.199
doi:10.3390/app15169193,RBF Neural Network-Based Anti-Disturbance Trajectory Tracking Control for Wafer Transfer Robot Under Variable Payload Conditions,"Variations in the drive motor’s load inertia during wafer transfer robot arm motion critically degrade end-effector trajectory accuracy. To address this challenge, this study proposes an anti-disturbance control strategy integrating Radial Basis Function Neural Network (RBFNN) and event-triggered mechanisms. Firstly, dynamic simulations reveal that nonlinear load inertia growth increases joint reaction forces and diminishes trajectory precision. The RBFNN dynamically approximates system nonlinearities, while an adaptive law updates its weights online to compensate for load variations and external disturbances. Secondly, an event-triggered mechanism is introduced, updating the controller only when specific conditions are met, thereby reducing communication burden and actuator wear. Subsequently, Lyapunov stability analysis proves the closed-loop system is Uniformly Ultimately Bounded (UUB",2025,Applied Sciences,Bo Xu; Luyao Yuan; Hao Yu,10.3390/app15169193,,https://doi.org/10.3390/app15169193,crossref,trajectory transformer robot control,concept,transformers,,5,trajectory transformer,2026-06-12T15:07:36Z,15.196,15.196
doi:10.3390/act12040147,Negative-Stiffness Structure Vibration-Isolation Design and Impedance Control for a Lower Limb Exoskeleton Robot,"The series elastic actuator (SEA) is generally used as the torque source of the exoskeleton robot for human–robot interaction (HRI). In this paper, an impedance control method for lower limb exoskeleton robots driven by SEA is presented. First, considering the low-frequency vibrations generated by the lower limb exoskeleton robot during walking, the displacement generated by the robot is regarded as an external disturbance to the SEA motor. An SEA structure with negative stiffness structure (NSS) is designed to achieve vibration isolation in the low-frequency excitation region. Second, the dynamics model of the SEA-driven exoskeleton robot system is proposed, and the impedance control strategy is integrated into the proposed system. In addition, the numerical responses of the vibration-isolation system in both time and frequency domains are given, and the designed NSS is designed to achi",2023,Actuators,Yaohui Sun; Jiangping Hu; Rui Huang,10.3390/act12040147,,https://doi.org/10.3390/act12040147,openalex,energy based policy robotics,concept,ebm,,11,impedance control; human robot interaction,2026-06-12T18:05:07Z,15.192,16.192
doi:10.1063/5.0147190,Policy transfer of reinforcement learning-based flow control: From two- to three-dimensional environment,"In the current paper, the zero-mass synthetic jet flow control combined with a proximal policy optimization (PPO) algorithm in deep reinforcement learning is constructed, and a policy transfer strategy which is trained in two-dimensional (2D) environment and migrated to three-dimensional (3D) environment is proposed and analyzed. By policy, we mean the flow control strategy of the agent learned by interacting with environment through deep reinforcement learning (DRL) algorithm. Through comprehensive evaluations of vortex separation in the cylindrical boundary layer and wake region at different Reynolds (Re) numbers, the PPO model trained in the 2D environment can reduce the drag coefficient by approximately 6.3%, 18.6%, and 23.7% at Re = 100, 200, and 300, respectively, when the spanwise length of the 3D environment is equal to the cylinder's diameter. Moreover, when the spanwise length ",2023,Physics of Fluids,,10.1063/5.0147190,,https://doi.org/10.1063/5.0147190,crossref,flow matching policy,concept,architecture,,12,flow matching policy,2026-06-12T15:07:36Z,15.182,16.182
doi:10.3390/s22239102,Applying Self-Supervised Representation Learning for Emotion Recognition Using Physiological Signals,"The use of machine learning (ML) techniques in affective computing applications focuses on improving the user experience in emotion recognition. The collection of input data (e.g., physiological signals), together with expert annotations are part of the established standard supervised learning methodology used to train human emotion recognition models. However, these models generally require large amounts of labeled data, which is expensive and impractical in the healthcare context, in which data annotation requires even more expert knowledge. To address this problem, this paper explores the use of the self-supervised learning (SSL) paradigm in the development of emotion recognition methods. This approach makes it possible to learn representations directly from unlabeled signals and subsequently use them to classify affective states. This paper presents the key concepts of emotions and h",2022,Sensors,Kevin G. Montero Quispe; Daniel M. S. Utyiama; Eulanda M. dos Santos; Horácio A.B.F. Oliveira; Eduardo Souto,10.3390/s22239102,,https://doi.org/10.3390/s22239102,openalex,energy based model robot learning,concept,ebm,,34,self supervised learning; data efficiency,2026-06-12T18:26:24Z,15.178,15.178
doi:10.1016/j.robot.2018.01.009,Adaptive variable impedance control for dynamic contact force tracking in uncertain environment,,2018,Robotics and Autonomous Systems,Jinjun Duan; Yahui Gan; Ming Chen; Xianzhong Dai,10.1016/j.robot.2018.01.009,,https://doi.org/10.1016/j.robot.2018.01.009,crossref,EBM transformer robotics contact rich manipulation,concept,architecture_x_embodiment,,383,EBM transformer robotics; contact rich manipulation; impedance control,2026-06-12T15:07:36Z,15.175,15.175
doi:10.1109/lra.2025.3621965,Contact-Aware Safety in Soft Robots Using High-Order Control Barrier and Lyapunov Functions,,2025,IEEE Robotics and Automation Letters,Kiwan Wong; Maximilian Stölzle; Wei Xiao; Cosimo Della Santina; Daniela Rus; Gioele Zardini,10.1109/lra.2025.3621965,,https://doi.org/10.1109/lra.2025.3621965,crossref,control barrier functions robot learning,anti_myopia,control,,6,control barrier function,2026-06-12T15:07:36Z,15.173,18.173
doi:10.1109/lra.2025.3609669,Safe Autonomous Environmental Contact for Soft Robots Using Control Barrier Functions,,2025,IEEE Robotics and Automation Letters,Akua K. Dickson; Juan C. Pacheco Garcia; Meredith L. Anderson; Ran Jing; Sarah Alizadeh-Shabdiz; Audrey X. Wang; Charles DeLorey; Zach J. Patterson; Andrew P. Sabelhaus,10.1109/lra.2025.3609669,,https://doi.org/10.1109/lra.2025.3609669,crossref,control barrier functions robot learning,anti_myopia,control,,6,control barrier function,2026-06-12T15:07:36Z,15.173,18.173
doi:10.3389/frobt.2024.1344367,Safe contact-based robot active search using Bayesian optimization and control barrier functions,"In robotics, active exploration and learning in uncertain environments must take into account safety, as the robot may otherwise damage itself or its surroundings. This paper presents a method for safe active search using Bayesian optimization and control barrier functions. As robot paths undertaken during sampling are continuous, we consider an informative continuous expected improvement acquisition function. To safely bound the contact forces between the robot and its surroundings, we leverage exponential control barrier functions, utilizing the derivative of the force in the contact model to increase robustness to uncertainty in the contact boundary. Our approach is demonstrated on a fully autonomous robot for ultrasound scanning of rheumatoid arthritis (RA). Here, active search is a critical component of ensuring high image quality. Furthermore, bounded contact forces between the ult",2024,Frontiers in Robotics and AI,Frederik Vinter-Hviid; Christoffer Sloth; Thiusius Rajeeth Savarimuthu; Iñigo Iturrate,10.3389/frobt.2024.1344367,,https://doi.org/10.3389/frobt.2024.1344367,crossref,contact dynamics robot learning,concept,contact,,7,contact dynamics; control barrier function; robustness,2026-06-12T14:45:03Z,15.140,17.140
doi:10.1108/ria-01-2023-0002,A novel human-robot skill transfer method for contact-rich manipulation task,"Purpose The purpose of this paper is to enhance the robot’s ability to complete multi-step contact tasks in unknown or dynamic environments, as well as the generalization ability of the same task in different environments. Design/methodology/approach This paper proposes a framework that combines learning from demonstration (LfD), behavior tree (BT) and broad learning system (BLS). First, the original dynamic motion primitive is modified to have a better generalization ability for representing motion primitives. Then, a BT based on tasks is constructed, which will select appropriate motion primitives according to the environment state and robot ontology state, and then the BLS will generate specific parameters of the motion primitives based on the state. The weights of the BLS can also be optimized after each successful execution. Findings The authors carried out the tasks of cleaning the",2023,Robotic Intelligence and Automation,Jiale Dong; Weiyong Si; Chenguang Yang,10.1108/ria-01-2023-0002,,https://doi.org/10.1108/ria-01-2023-0002,crossref,contact rich manipulation learning,concept,contact,,22,contact rich manipulation; generalization,2026-06-12T14:45:03Z,15.118,16.118
doi:10.1002/rob.22464,Robust Shared Control With Stable Contact Servoing for Enhanced Object Transportation by Telerobotic Bimanual Mobile Manipulators,"ABSTRACT Bimanual mobile manipulation significantly enhances the capabilities of field robots that interact with diverse dynamic environments and expands the range of possible manipulation actions. This paper introduces a robust shared control architecture for remote manipulation of the Collaborative Dual‐arm Robot Manipulator (CURI), aimed at stable object transportation. Given that stable contact is pivotal for successful object transportation, our focus is on stabilizing the contact between the robot end‐effectors and the object using a contact servoing strategy. To maintain stable contact, it is essential that the contact wrenches consistently stay within the predefined friction cones throughout the task. We propose a novel shared control strategy to stabilize the contact using the contact parameterization model. This model formulates the contact stability manifold using a set of unc",2025,Journal of Field Robotics,Tao Teng; Xi Wu; Zhihao Li; Darwin Caldwell; Fei Chen,10.1002/rob.22464,,https://doi.org/10.1002/rob.22464,crossref,neural radiance field robotics,concept,architecture,,4,neural radiance field robotics; mobile manipulation; robustness,2026-06-12T15:07:36Z,15.105,16.105
doi:10.1109/humanoids.2011.6100882,Posture and balance control for biped robots based on contact force optimization,"This paper presents a new balancing control approach for regulating the center of mass position and trunk orientation of a bipedal robot in a compliant way. The controller computes a desired wrench (force and torque) required to recover the posture when an unknown external perturbation has changed the posture of the robot. This wrench is later distributed as forces at predefined contact points via a constrained optimization, which aims at achieving the desired wrench while minimizing the Euclidean norm of the contact forces. The formulation of the force distribution as an optimization problem adopted from the grasping literature and allows to consider restrictions coming from the friction between the contact points and the ground.",2011,,Christian Ott; Máximo A. Roa; Gerd Hirzinger,10.1109/humanoids.2011.6100882,,https://doi.org/10.1109/humanoids.2011.6100882,openalex,robotics,concept,openalex_bulk_robotics,,245,,2026-06-12T18:57:17Z,15.103,15.103
arxiv:2511.03002v2,Robust reduced-order model predictive control using peak-to-peak analysis of filtered signals,"We address the design of a model predictive control (MPC) scheme for large-scale linear systems using reduced-order models (ROMs). Our approach uses a ROM, leverages tools from robust control, and integrates them into an MPC framework to achieve computational tractability with robust constraint satisfaction. Our key contribution is a method to obtain guaranteed bounds on the predicted outputs of the full-order system by predicting a (scalar) error-bounding system alongside the ROM. This bound is then used to formulate a robust ROM-based MPC that guarantees constraint satisfaction and robust performance. Our method is developed step-by-step by (i) analysing the error, (ii) bounding the peak-to-peak gain, an (iii) using filtered signals. We demonstrate our method on a 100-dimensional mass-spring-damper system, achieving over four orders of magnitude reduction in conservatism relative to ex",2025,arXiv,Johannes Köhler; Carlo Scholz; Melanie Zeilinger,,2511.03002v2,http://arxiv.org/abs/2511.03002v2,arxiv,model predictive control manipulation,anti_myopia,anti_thesis,,,model predictive control; model predictive control manipulation,2026-06-12T15:07:36Z,15.100,19.100
arxiv:1812.03399v1,Efficient transfer learning and online adaptation with latent variable models for continuous control,"Traditional model-based RL relies on hand-specified or learned models of transition dynamics of the environment. These methods are sample efficient and facilitate learning in the real world but fail to generalize to subtle variations in the underlying dynamics, e.g., due to differences in mass, friction, or actuators across robotic agents or across time. We propose using variational inference to learn an explicit latent representation of unknown environment properties that accelerates learning and facilitates generalization on novel environments at test time. We use Online Bayesian Inference of these learned latents to rapidly adapt online to changes in environments without retaining large replay buffers of recent data. Combined with a neural network ensemble that models dynamics and captures uncertainty over dynamics, our approach demonstrates positive transfer during training and onlin",2018,arXiv,Christian F. Perez; Felipe Petroski Such; Theofanis Karaletsos,,1812.03399v1,http://arxiv.org/abs/1812.03399v1,arxiv,online adaptation robot learning,concept,adaptation,,,online adaptation; generalization,2026-06-12T14:45:03Z,15.100,18.100
doi:10.1115/dscc2020-3210,An Online Transfer Learning Approach for Identification and Predictive Control Design With Application to RCCI Engines,"Abstract This paper presents a framework to refine identified artificial neural networks (ANN) based state-space linear parameter-varying (LPV-SS) models with closed-loop data using online transfer learning. An LPV-SS model is assumed to be first identified offline using inputs/outputs data and a model predictive controller (MPC) designed based on this model. Using collected closed-loop batch data, the model is further refined using online transfer learning and thus the control performance is improved. Specifically, fine-tuning, a transfer learning technique, is employed to improve the model. Furthermore, the scenario where the offline identified model and the online controlled system are “similar but not identitical” is discussed. The proposed method is verified by testing on an experimentally validated high-fidelity reactivity controlled compression ignition (RCCI) engine model. The ve",2020,Volume 1: Adaptive/Intelligent Sys. Control; Driver Assistance/Autonomous Tech.; Control Design Methods; Nonlinear Control; Robotics; Assistive/Rehabilitation Devices; Biomedical/Neural Systems; Building Energy Systems; Connected Vehicle Systems; Control/Estimation of Energy Systems; Control Apps.; Smart Buildings/Microgrids; Education; Human-Robot Systems; Soft Mechatronics/Robotic Components/Systems; Energy/Power Systems; Energy Storage; Estimation/Identification; Vehicle Efficiency/Emissions,Yajie Bao; Javad Mohammadpour Velni; Mahdi Shahbakhti,10.1115/dscc2020-3210,,https://doi.org/10.1115/dscc2020-3210,crossref,hybrid systems robot control manipulation,anti_myopia,control,,10,model predictive control; hybrid systems,2026-06-12T15:07:36Z,15.099,19.099
doi:10.1109/tmech.2024.3461968,Unified Contact Model and Hybrid Motion/force Control for Teleoperated Manipulation in Unknown Environments,,2025,IEEE/ASME Transactions on Mechatronics,Fanghao Huang; Xiao Yang; Deqing Mei; Zheng Chen,10.1109/tmech.2024.3461968,,https://doi.org/10.1109/tmech.2024.3461968,crossref,contact rich manipulation learning,concept,contact,,19,contact rich manipulation; force control,2026-06-12T15:07:36Z,15.098,15.098
doi:10.1177/02783649231225811,Pose-and-shear-based tactile servoing,"Tactile servoing is an important technique because it enables robots to manipulate objects with precision and accuracy while adapting to changes in their environments in real-time. One approach for tactile servo control with high-resolution soft tactile sensors is to estimate the contact pose relative to an object surface using a convolutional neural network (CNN) for use as a feedback signal. In this paper, we investigate how the surface pose estimation model can be extended to include shear, and utilise these combined pose-and-shear models to develop a tactile robotic system that can be programmed for diverse non-prehensile manipulation tasks, such as object tracking, surface-following, single-arm object pushing and dual-arm object pushing. In doing this, two technical challenges had to be overcome. Firstly, the use of tactile data that includes shear-induced slippage can lead to error",2024,The International Journal of Robotics Research,John Lloyd; Nathan F. Lepora,10.1177/02783649231225811,,https://doi.org/10.1177/02783649231225811,crossref,tactile language action robotics,concept,tactile,,25,robot hand,2026-06-12T14:45:03Z,15.079,15.079
doi:10.1109/lra.2020.3010739,Learning Force Control for Contact-Rich Manipulation Tasks With Rigid Position-Controlled Robots,,2020,IEEE Robotics and Automation Letters,Cristian Camilo Beltran-Hernandez; Damien Petit; Ixchel Georgina Ramirez-Alpizar; Takayuki Nishi; Shinichi Kikuchi; Takamitsu Matsubara; Kensuke Harada,10.1109/lra.2020.3010739,,https://doi.org/10.1109/lra.2020.3010739,crossref,contact rich manipulation learning,concept,contact,,139,contact rich manipulation; force control,2026-06-12T14:45:03Z,15.071,15.071
doi:10.1016/j.enbuild.2021.110860,Reinforcement learning of occupant behavior model for cross-building transfer learning to various HVAC control systems,,2021,Energy and Buildings,Zhipeng Deng; Qingyan Chen,10.1016/j.enbuild.2021.110860,,https://doi.org/10.1016/j.enbuild.2021.110860,crossref,energy based model robot learning,concept,ebm,,92,,2026-06-12T15:07:36Z,15.066,15.066
doi:10.1038/s41598-023-34540-x,A Deep Q-Network based hand gesture recognition system for control of robotic platforms,"Hand gesture recognition (HGR) based on electromyography signals (EMGs) and inertial measurement unit signals (IMUs) has been investigated for human-machine applications in the last few years. The information obtained from the HGR systems has the potential to be helpful to control machines such as video games, vehicles, and even robots. Therefore, the key idea of the HGR system is to identify the moment in which a hand gesture was performed and it's class. Several human-machine state-of-the-art approaches use supervised machine learning (ML) techniques for the HGR system. However, the use of reinforcement learning (RL) approaches to build HGR systems for human-machine interfaces is still an open problem. This work presents a reinforcement learning (RL) approach to classify EMG-IMU signals obtained using a Myo Armband sensor. For this, we create an agent based on the Deep Q-learning algor",2023,Scientific Reports,Patricio J. Cruz; Juan Pablo Vásconez; Ricardo Romero; Alex Chico; Marco E. Benalcázar; Robin Álvarez; Lorena Isabel Barona López; Ángel Leonardo Valdivieso Caraguay,10.1038/s41598-023-34540-x,,https://doi.org/10.1038/s41598-023-34540-x,openalex,energy based model robot learning,concept,ebm,,33,,2026-06-12T18:05:07Z,15.063,15.063
doi:10.1109/tro.2023.3308773,Hybrid iLQR Model Predictive Control for Contact Implicit Stabilization on Legged Robots,,2023,IEEE Transactions on Robotics,Nathan J. Kong; Chuanzheng Li; George Council; Aaron M. Johnson,10.1109/tro.2023.3308773,,https://doi.org/10.1109/tro.2023.3308773,crossref,contact dynamics robot learning,concept,contact,,40,contact dynamics; model predictive control,2026-06-12T15:07:36Z,15.057,16.057
doi:10.1021/acs.iecr.3c01435,Modeling and Control of a Chemical Process Network Using Physics-Informed Transfer Learning,,2023,Industrial & Engineering Chemistry Research,Ming Xiao; Zhe Wu,10.1021/acs.iecr.3c01435,,https://doi.org/10.1021/acs.iecr.3c01435,crossref,physics informed robot learning,concept,architecture,,40,physics informed robot learning,2026-06-12T15:07:36Z,15.057,15.057
doi:10.1115/dscc2016-9920,Hysteresis Compensation for Ground Contact Force Measurement With Shoe-Embedded Air Pressure Sensors,"This paper reviews the design of smart shoes, a wearable device that measures ground contact forces (GCFs) for gait analysis. Smart shoes utilize four coils of silicone tubes adhered directly underneath the shoe insole at key points of interest. Air pressure sensors connect to each tube coil to measure pressure changes caused by compression. This paper presents static and dynamic calibration performed on each sensing coil to establish a model of internal pressure and the GCF. Based on the model, a phase lead filter is designed to account for the hysteresis effect and visco-elastic properties of the silicone tube in order to provide accurate GCF measurements. To design this filter, the air bladder is modeled using a standard linear solid (SLS) model. The prediction error minimization (PEM) algorithm is then implemented to identify the continuous-time transfer function of this SLS model, w",2016,"Volume 1: Advances in Control Design Methods, Nonlinear and Optimal Control, Robotics, and Wind Energy Systems; Aerospace Applications; Assistive and Rehabilitation Robotics; Assistive Robotics; Battery and Oil and Gas Systems; Bioengineering Applications; Biomedical and Neural Systems Modeling, Diagnostics and Healthcare; Control and Monitoring of Vibratory Systems; Diagnostics and Detection; Energy Harvesting; Estimation and Identification; Fuel Cells/Energy Storage; Intelligent Transportation",Prudhvi Tej Chinimilli; Sean Wolfgang Wachtel; Panagiotis Polygerinos; Wenlong Zhang,10.1115/dscc2016-9920,,https://doi.org/10.1115/dscc2016-9920,crossref,EBM transformer robotics assistive robot,concept,architecture_x_embodiment,,10,EBM transformer robotics; assistive robot; hysteresis,2026-06-12T15:07:36Z,15.049,16.049
doi:10.1088/1741-2552/ac5757,Corticomuscular integrated representation of voluntary motor effort in robotic control for wrist-hand rehabilitation after stroke,"Abstract Objective. The central-to-peripheral voluntary motor effort (VME) in the affected limb is a dominant force for driving the functional neuroplasticity on motor restoration post-stroke. However, current rehabilitation robots isolated the central and peripheral involvements in the control design, resulting in limited rehabilitation effectiveness. This study was to design a corticomuscular coherence (CMC) and electromyography (EMG)-driven control to integrate the central and peripheral VMEs in neuromuscular systems in stroke survivors. Approach. The CMC-EMG-driven control was developed in a neuromuscular electrical stimulation (NMES)-robot system, i.e. CMC-EMG-driven NMES-robot system, to instruct and assist the wrist-hand extension and flexion in persons after stroke. A pilot single-group trial of 20 training sessions was conducted with the developed system to assess the feasibilit",2022,Journal of Neural Engineering,Ziqi Guo; Sa Zhou; Kailai Ji; Yongqi Zhuang; Jie Song; Chingyi Nam; Xiaoling Hu; Yong‐Ping Zheng,10.1088/1741-2552/ac5757,,https://doi.org/10.1088/1741-2552/ac5757,openalex,robotics,concept,openalex_bulk_robotics,,26,,2026-06-12T18:57:17Z,15.048,15.048
doi:10.1002/aisy.202400175,A Bioinspired Robotic Finger for Multimodal Tactile Sensing Powered by Fiber Optic Sensors,"The rapid advancement of soft robotic technology emphasizes the growing importance of tactile perception. Soft grippers, equipped with tactile sensing, can gather interactive information crucial for safe human–robot interaction, wearable devices, and dexterous manipulation. However, most soft grippers with tactile sensing abilities have limited modes of tactile perception, restricting their dexterity and safety. In addition, existing tactile systems are often complicated, leading to unstable perception signals. Inspired by various organisms, a novel multimodal tactile‐sensing soft robotic finger is proposed. This finger, based on a modified fin ray structure, integrates a distributed fiber optic sensing system as part of its tactile sensory neural system. It replicates human finger capabilities, discerning contact forces as low as 0.01 N with exceptional sensitivity (106.96 mN nm −1 ). T",2024,Advanced Intelligent Systems,Baijin Mao; Kunyu Zhou; Yuyaocen Xiang; Yuzhu Zhang; Qiangjing Yuan; Hongwei Hao; Yaozhen Chen; Houde Liu; Xueqian Wang; Xiaohao Wang; Juntian Qu,10.1002/aisy.202400175,,https://doi.org/10.1002/aisy.202400175,openalex,energy based model robot learning,concept,ebm,,21,dexterous manipulation; tactile perception; human robot interaction; limitation,2026-06-12T18:26:24Z,15.046,16.046
doi:10.1186/s40648-024-00273-3,Tactile sensor-less fingertip contact detection and force estimation for stable grasping with an under-actuated hand,"Abstract Detecting contact when fingers are approaching an object and estimating the magnitude of the force the fingers are exerting on the object after contact are important tasks for a multi-fingered robotic hand to stably grasp objects. However, for a linkage-based under-actuated robotic hand with a self-locking mechanism to realize stable grasping without using external sensors, such tasks are difficult to perform when only analyzing the robot model or only applying data-driven methods. Therefore, in this paper, a hybrid of previous approaches is used to find a solution for realizing stable grasping with an under-actuated hand. First, data from the internal sensors of a robotic hand are collected during its operation. Subsequently, using the robot model to analyze the collected data, the differences between the model and real data are explained. From the analysis, novel data-driven-b",2024,ROBOMECH Journal,Ha Thang Long Doan; Hikaru Arita; Kenji Tahara,10.1186/s40648-024-00273-3,,https://doi.org/10.1186/s40648-024-00273-3,crossref,analytical grasping,anti_myopia,anti_thesis,,3,dexterous manipulation; analytical grasping,2026-06-12T15:07:36Z,15.043,18.043
doi:10.1109/icra57147.2024.10610228,Multimodal Visual-Tactile Representation Learning through Self-Supervised Contrastive Pre-Training,,2024,2024 IEEE International Conference on Robotics and Automation (ICRA),Vedant Dave; Fotios Lygerakis; Elmar Rueckert,10.1109/icra57147.2024.10610228,,https://doi.org/10.1109/icra57147.2024.10610228,crossref,tactile language action robotics,concept,tactile,,25,,2026-06-12T15:07:36Z,15.029,15.029
doi:10.1109/lra.2024.3387111,BioTacTip: A Soft Biomimetic Optical Tactile Sensor for Efficient 3D Contact Localization and 3D Force Estimation,,2024,IEEE Robotics and Automation Letters,Haoran Li; Saekwang Nam; Zhenyu Lu; Chenguang Yang; Efi Psomopoulou; Nathan F. Lepora,10.1109/lra.2024.3387111,,https://doi.org/10.1109/lra.2024.3387111,crossref,tactile language action robotics,concept,tactile,,25,,2026-06-12T15:07:36Z,15.029,15.029
doi:10.1109/lra.2021.3066974,Bilateral Teleoperation With Adaptive Impedance Control for Contact Tasks,,2021,IEEE Robotics and Automation Letters,Youssef Michel; Rahaf Rahal; Claudio Pacchierotti; Paolo Robuffo Giordano; Dongheui Lee,10.1109/lra.2021.3066974,,https://doi.org/10.1109/lra.2021.3066974,crossref,contact dynamics robot learning,concept,contact,,83,contact dynamics; impedance control; teleoperation,2026-06-12T15:07:36Z,15.015,15.015
doi:10.3389/fnbot.2021.711047,Control of Newly-Designed Wearable Robotic Hand Exoskeleton Based on Surface Electromyographic Signals,"The human hand plays a role in a variety of daily activities. This intricate instrument is vulnerable to trauma or neuromuscular disorders. Wearable robotic exoskeletons are an advanced technology with the potential to remarkably promote the recovery of hand function. However, the still face persistent challenges in mechanical and functional integration, with real-time control of the multiactuators in accordance with the motion intentions of the user being a particular sticking point. In this study, we demonstrated a newly-designed wearable robotic hand exoskeleton with multijoints, more degrees of freedom (DOFs), and a larger range of motion (ROM). The exoskeleton hand comprises six linear actuators (two for the thumb and the other four for the fingers) and can realize both independent movements of each digit and coordinative movement involving multiple fingers for grasp and pinch. The ",2021,Frontiers in Neurorobotics,Ke Li; Zhengzhen Li; Haibin Zeng; Na Wei,10.3389/fnbot.2021.711047,,https://doi.org/10.3389/fnbot.2021.711047,openalex,energy based model robot learning,concept,ebm,,36,,2026-06-12T18:05:07Z,15.005,15.005
doi:10.1016/b978-0-32-390445-2.00025-8,"Key components of dexterous manipulation: tactile sensing, skill learning, and adaptive control",,2022,"Tactile Sensing, Skill Learning, and Robotic Dexterous Manipulation",Qiang Li; Shan Luo; Zhaopeng Chen; Chenguang Yang; Jianwei Zhang,10.1016/b978-0-32-390445-2.00025-8,,https://doi.org/10.1016/b978-0-32-390445-2.00025-8,crossref,contact rich manipulation learning,concept,contact,,,contact rich manipulation; dexterous manipulation; skill learning,2026-06-12T14:45:03Z,15.000,15.000
doi:10.1002/rcs.2617,"i‐MYO: A multi‐grasp prosthetic hand control system based on gaze movements, augmented reality, and myoelectric signals","Abstract Background Controlling a multi‐grasp prosthetic hand still remains a challenge. This study explores the influence of merging gaze movements and augmented reality in bionics on improving prosthetic hand control. Methods A control system based on gaze movements, augmented reality, and myoelectric signals (i‐MYO) was proposed. In the i‐MYO, the GazeButton was introduced into the controller to detect the grasp‐type intention from the eye‐tracking signals, and the proportional velocity scheme based on the i‐MYO was used to control hand movement. Results The able‐bodied subjects with no prior training successfully transferred objects in 91.6% of the cases and switched the optimal grasp types in 97.5%. The patient could successfully trigger the EMG to control the hand holding the objects in 98.7% of trials in around 3.2 s and spend around 1.3 s switching the optimal grasp types in 99.2",2024,The International Journal of Medical Robotics and Computer Assisted Surgery,Chunyuan Shi; Jingdong Zhao; Dapeng Yang; Li Jiang,10.1002/rcs.2617,,https://doi.org/10.1002/rcs.2617,crossref,robotics,concept,crossref_bulk_robotics,,5,,2026-06-12T19:29:26Z,14.996,14.996
doi:10.1016/j.mechmachtheory.2022.105199,Whole-body stability control with high contact redundancy for wheel-legged hexapod robot driving over rough terrain,,2023,Mechanism and Machine Theory,Kang Xu; Yanqun Lu; Lei Shi; Jianyong Li; Shoukun Wang; Tao Lei,10.1016/j.mechmachtheory.2022.105199,,https://doi.org/10.1016/j.mechmachtheory.2022.105199,crossref,Gaussian splatting robot perception legged manipulation,concept,architecture_x_embodiment,,35,Gaussian splatting robot perception; legged manipulation,2026-06-12T15:07:36Z,14.992,14.992
doi:10.1109/humanoids47582.2021.9555775,MPC-based Locomotion Control of Bipedal Robots with Line-Feet Contact using Centroidal Dynamics,"Recently we have seen a lot of progress done in dynamic locomotion with quadrupedal robots using the Single-Rigid Body Model, which contains simplified dynamics that considers the robot a single “potato”. This approach performs poorly when the robot contains heavy links, because those links take a considerable momentum to move and because they also change the overall inertia of the robot. In this paper, we generalize the SRBM using the Centroidal Dynamics model plus an orientation variable, whose dynamics contain the linearized effects of other links’ momentum and variable inertia. We are designing this Enhanced Centroidal Dynamics using the Full-Body Dynamics, so the trajectories we obtain are instantaneously dynamically feasible. We show our approach in a full-body dynamic simulation of the MIT Humanoid, a biped with line-feet contact, and we show a simplification in the modeling of th",2021,,Gabriel J. García; Robert J. Griffin; Jerry Pratt,10.1109/humanoids47582.2021.9555775,,https://doi.org/10.1109/humanoids47582.2021.9555775,openalex,robotics,concept,openalex_bulk_robotics,,35,,2026-06-12T18:57:17Z,14.992,14.992
doi:10.1109/lra.2022.3186635,Generalizable Task Planning Through Representation Pretraining,,2022,IEEE Robotics and Automation Letters,Chen Wang; Danfei Xu; Li Fei-Fei,10.1109/lra.2022.3186635,,https://doi.org/10.1109/lra.2022.3186635,crossref,task and motion planning robotics,anti_myopia,classic,,15,motion planning; task and motion planning,2026-06-12T15:07:36Z,14.986,18.986
doi:10.1007/s10796-023-10371-z,Transfer Learning Enabled Bearing Fault Detection Methods Based on Image Representations of Single-Dimensional Signals,"Abstract Bearings are vital components in rotating machinery. Undetected bearing faults may result not only in financial loss, but also in the loss of lives. Hence, there exists an abundance of studies working on the early detection of bearing faults. The rising use of deep learning in recent years increased the number of imaging types/neural network architectures used for bearing fault classification, making it challenging to choose the most suitable 2-D imaging method and neural network. This study aims to address this challenge, by sharing the results of the training of eighteen imaging methods with four different networks using the same vibration data and training metrics. To further strengthen the results, the validation dataset size was taken as five times the training dataset size. The best results obtained is 99.89% accuracy by using Scattergram Filter Bank 1 as the image input, ",2023,Information Systems Frontiers,Bilgin Umut Deveci; Mert Celtikoglu; Özlem Albayrak; Perin Ünal; Pınar Kirci,10.1007/s10796-023-10371-z,,https://doi.org/10.1007/s10796-023-10371-z,openalex,energy based model robot learning,concept,ebm,,31,,2026-06-12T18:26:24Z,14.983,14.983
doi:10.3390/mi13122051,"MEMS-Based Tactile Sensors: Materials, Processes and Applications in Robotics","Commonly encountered problems in the manipulation of objects with robotic hands are the contact force control and the setting of approaching motion. Microelectromechanical systems (MEMS) sensors on robots offer several solutions to these problems along with new capabilities. In this review, we analyze tactile, force and/or pressure sensors produced by MEMS technologies including off-the-shelf products such as MEMS barometric sensors. Alone or in conjunction with other sensors, MEMS platforms are considered very promising for robots to detect the contact forces, slippage and the distance to the objects for effective dexterous manipulation. We briefly reviewed several sensing mechanisms and principles, such as capacitive, resistive, piezoresistive and triboelectric, combined with new flexible materials technologies including polymers processing and MEMS-embedded textiles for flexible and s",2022,Micromachines,Ilker S. Bayer,10.3390/mi13122051,,https://doi.org/10.3390/mi13122051,crossref,tactile language action robotics,concept,tactile,,46,dexterous manipulation; force control,2026-06-12T14:45:03Z,14.975,14.975
doi:10.3390/app10051555,Real–Sim–Real Transfer for Real-World Robot Control Policy Learning with Deep Reinforcement Learning,"Compared to traditional data-driven learning methods, recently developed deep reinforcement learning (DRL) approaches can be employed to train robot agents to obtain control policies with appealing performance. However, learning control policies for real-world robots through DRL is costly and cumbersome. A promising alternative is to train policies in simulated environments and transfer the learned policies to real-world scenarios. Unfortunately, due to the reality gap between simulated and real-world environments, the policies learned in simulated environments often cannot be generalized well to the real world. Bridging the reality gap is still a challenging problem. In this paper, we propose a novel real–sim–real (RSR) transfer method that includes a real-to-sim training phase and a sim-to-real inference phase. In the real-to-sim training phase, a task-relevant simulated environment is",2020,Applied Sciences,Naijun Liu; Yinghao Cai; Tao Lu; Rui Wang; Shuo Wang,10.3390/app10051555,,https://doi.org/10.3390/app10051555,crossref,sim to real robot manipulation,concept,sim2real,,27,robot manipulation; generalization,2026-06-12T14:45:03Z,14.966,17.966
doi:10.1016/j.enbuild.2023.113637,Transfer learning for occupancy-based HVAC control: A data-driven approach using unsupervised learning of occupancy profiles and deep reinforcement learning,,2023,Energy and Buildings,Mohammad Esrafilian-Najafabadi; Fariborz Haghighat,10.1016/j.enbuild.2023.113637,,https://doi.org/10.1016/j.enbuild.2023.113637,crossref,energy based model robot learning,concept,ebm,,33,,2026-06-12T15:07:36Z,14.963,14.963
doi:10.1089/soro.2019.0095,Modal-Based Kinematics and Contact Detection of Soft Robots,"Soft robots offer an alternative approach to manipulate within a constrained space while maintaining a safe interaction with the external environment. Owing to its adaptable compliance characteristic, external contact force can easily deform the robot shapes and lead to undesired robot kinematic and dynamic properties. Accurate contact detection and contact location estimation are of critical importance for soft robot modeling, control, trajectory planning, and eventually affect the success of task completion. In this article, we focus on the investigation of a one degree of freedom (1-DoF) soft pneumatic bending robot, which is regarded as one of the fundamental components to construct complex, multi-DoFs soft robots. This 1-DoF soft robot is modeled through the integral representation of the spatial curve, where direct and instantaneous kinematics are calculated explicitly through a mo",2021,Soft Robotics,Yue Chen; Long Wang; Kevin Galloway; Isuru Godage; Nabil Simaan; Eric Barth,10.1089/soro.2019.0095,,https://doi.org/10.1089/soro.2019.0095,crossref,score based policy robotics,concept,diffusion,,67,,2026-06-12T15:07:36Z,14.960,14.960
doi:10.1016/j.rcim.2024.102896,Variable impedance control on contact-rich manipulation of a collaborative industrial mobile manipulator: An imitation learning approach,,2025,Robotics and Computer-Integrated Manufacturing,Zhengxue Zhou; Xingyu Yang; Xuping Zhang,10.1016/j.rcim.2024.102896,,https://doi.org/10.1016/j.rcim.2024.102896,crossref,contact rich manipulation learning,concept,contact,,14,contact rich manipulation; impedance control; imitation learning,2026-06-12T14:45:03Z,14.954,14.954
doi:10.1109/tro.2025.3548493,Human-Inspired Active Compliant and Passive Shared Control Framework for Robotic Contact-Rich Tasks in Medical Applications,,2025,IEEE Transactions on Robotics,Junling Fu; Giorgia Maimone; Elisa Iovene; Jianzhuang Zhao; Alberto Redaelli; Giancarlo Ferrigno; Elena De Momi,10.1109/tro.2025.3548493,,https://doi.org/10.1109/tro.2025.3548493,crossref,contact rich manipulation learning,concept,contact,,14,contact rich manipulation,2026-06-12T15:07:36Z,14.954,14.954
doi:10.1016/j.rcim.2018.12.019,Contact force control and vibration suppression in robotic polishing with a smart end effector,,2019,Robotics and Computer-Integrated Manufacturing,Fan Chen; Huan Zhao; Dingwei Li; Lin Chen; Chao Tan; Han Ding,10.1016/j.rcim.2018.12.019,,https://doi.org/10.1016/j.rcim.2018.12.019,crossref,EBM transformer robotics contact rich manipulation,concept,architecture_x_embodiment,,164,EBM transformer robotics; contact rich manipulation; force control,2026-06-12T15:07:36Z,14.953,14.953
doi:10.3389/fnhum.2024.1320457,A comprehensive dataset for home appliance control using ERP-based BCIs with the application of inter-subject transfer learning,"Brain-computer interfaces (BCIs) have a potential to revolutionize human-computer interaction by enabling direct links between the brain and computer systems. Recent studies are increasingly focusing on practical applications of BCIs-e.g., home appliance control just by thoughts. One of the non-invasive BCIs using electroencephalography (EEG) capitalizes on event-related potentials (ERPs) in response to target stimuli and have shown promise in controlling home appliance. In this paper, we present a comprehensive dataset of online ERP-based BCIs for controlling various home appliances in diverse stimulus presentation environments. We collected online BCI data from a total of 84 subjects among whom 60 subjects controlled three types of appliances (TV: 30, door lock: 15, and electric light: 15) with 4 functions per appliance, 14 subjects controlled a Bluetooth speaker with 6 functions via a",2024,Frontiers in Human Neuroscience,Jong‐Min Lee; Minju Kim; Dojin Heo; Jongsu Kim; Min‐Ki Kim; Taejun Lee; Jong-Woo Park; Hyun‐Young Kim; Minho Hwang; Laehyun Kim; Sung-Phil Kim,10.3389/fnhum.2024.1320457,,https://doi.org/10.3389/fnhum.2024.1320457,openalex,energy based model robot learning,concept,ebm,,9,,2026-06-12T18:26:24Z,14.951,14.951
doi:10.1163/9789004395169,"Ten Lectures on the Representation of Events in Language, Perception, Memory, and Action Control",,2019,,Jeffrey M. Zacks,10.1163/9789004395169,,https://doi.org/10.1163/9789004395169,crossref,tactile language action robotics,concept,tactile,,2,,2026-06-12T15:07:36Z,14.949,14.949
doi:10.3390/info12020063,Fall Detection from Electrocardiogram (ECG) Signals and Classification by Deep Transfer Learning,"Fall is a prominent issue due to its severe consequences both physically and mentally. Fall detection and prevention is a critical area of research because it can help elderly people to depend less on caregivers and allow them to live and move more independently. Using electrocardiograms (ECG) signals independently for fall detection and activity classification is a novel approach used in this paper. An algorithm has been proposed which uses pre-trained convolutional neural networks AlexNet and GoogLeNet as a classifier between the fall and no fall scenarios using electrocardiogram signals. The ECGs for both falling and no falling cases were obtained as part of the study using eight volunteers. The signals are pre-processed using an elliptical filter for signal noises such as baseline wander and power-line interface. As feature extractors, frequency-time representations (scalograms) were",2021,Information,Fatima Sajid Butt; Luigi La Blunda; Matthias Wagner; Jörg Schäfer; Inmaculada Medina‐Bulo; David Gómez‐Ullate,10.3390/info12020063,,https://doi.org/10.3390/info12020063,openalex,energy based model robot learning,concept,ebm,,32,robustness,2026-06-12T18:26:24Z,14.948,15.948
doi:10.1109/tfuzz.2004.832525,Neuro-Fuzzy Control of a Robotic Exoskeleton With EMG Signals,"We have been developing robotic exoskeletons to assist motion of physically weak persons such as elderly, disabled, and injured persons. The robotic exoskeleton is controlled basically based on the electromyogram (EMG) signals, since the EMG signals of human muscles are important signals to understand how the user intends to move. Even though the EMG signals contain very important information, however, it is not very easy to predict the user's upper-limb motion (elbow and shoulder motion) based on the EMG signals in real-time because of the difficulty in using the EMG signals as the controller input signals. In this paper, we propose a robotic exoskeleton for human upper-limb motion assist, a hierarchical neuro-fuzzy controller for the robotic exoskeleton, and its adaptation method.",2004,IEEE Transactions on Fuzzy Systems,Kazuo Kiguchi; Toru Tanaka; Toshio Fukuda,10.1109/tfuzz.2004.832525,,https://doi.org/10.1109/tfuzz.2004.832525,openalex,robotics,concept,openalex_bulk_robotics,,361,,2026-06-12T18:57:17Z,14.946,14.946
doi:10.1145/3610977.3634975,Feel the Bite: Robot-Assisted Inside-Mouth Bite Transfer using Robust Mouth Perception and Physical Interaction-Aware Control,,2024,Proceedings of the 2024 ACM/IEEE International Conference on Human-Robot Interaction,Rajat Kumar Jenamani; Daniel Stabile; Ziang Liu; Abrar Anwar; Katherine Dimitropoulou; Tapomayukh Bhattacharjee,10.1145/3610977.3634975,,https://doi.org/10.1145/3610977.3634975,crossref,Gaussian splatting robot perception,concept,architecture,,21,Gaussian splatting robot perception,2026-06-12T15:07:36Z,14.946,14.946
doi:10.1017/s0263574723000103,Contact force cancelation in robot impedance control by target impedance modification,"Abstract A force sensorless impedance controller is proposed in this paper for robot manipulators without using force estimators. From the observation of the impedance control law, the force feedback term can be canceled if the inertia matrix in the target impedance is the same as the robot inertia matrix. However, the inertia matrix in the target impedance is almost always a constant matrix, while the robot inertia matrix is a function of the robot configuration, and hence, they may not be identical in general. A modification of the coefficient matrix for the contact force term in the target impedance is suggested in this paper to enable cancelation of the force feedback term in the impedance control law so that a force sensorless impedance controller without using force estimators can be obtained. The tracking performance in the free space phase and the motion trajectory in the complia",2023,Robotica,An-Chyau Huang; Kun-Ju Lee; Wei-Lin Du,10.1017/s0263574723000103,,https://doi.org/10.1017/s0263574723000103,crossref,contact dynamics robot learning,concept,contact,,7,contact dynamics; impedance control,2026-06-12T15:07:36Z,14.940,14.940
doi:10.1109/lra.2023.3306670,TIRgel: A Visuo-Tactile Sensor With Total Internal Reflection Mechanism for External Observation and Contact Detection,,2023,IEEE Robotics and Automation Letters,Shixin Zhang; Yuhao Sun; Jianhua Shan; Zixi Chen; Fuchun Sun; Yiyong Yang; Bin Fang,10.1109/lra.2023.3306670,,https://doi.org/10.1109/lra.2023.3306670,crossref,tactile language action robotics,concept,tactile,,31,,2026-06-12T15:07:36Z,14.933,14.933
doi:10.1109/tii.2023.3256369,Tactile Perception-Based Depth and Angle Control During Robot-Assisted Bent Bone Grinding,,2024,IEEE Transactions on Industrial Informatics,Guangming Xia; Jinggang Wang; Bin Yao; Yu Dai; Yuan Xue; Jianxun Zhang,10.1109/tii.2023.3256369,,https://doi.org/10.1109/tii.2023.3256369,crossref,Gaussian splatting robot perception,concept,architecture,,20,Gaussian splatting robot perception; tactile perception,2026-06-12T15:07:36Z,14.922,14.922
doi:10.1109/iros45743.2020.9341203,Towards Vision-Based Impedance Control for the Contact Inspection of Unknown Generically-Shaped Surfaces with a Fully-Actuated UAV,"The integration of computer vision techniques for the accomplishment of autonomous interaction tasks represents a challenging research direction in the context of aerial robotics. In this paper, we consider the problem of contact-based inspection of a textured target of unknown geometry and pose. Exploiting state of the art techniques in computer graphics, tuned and improved for the task at hand, we designed a framework for the projection of a desired trajectory for the robot end-effector on a generically-shaped surface to be inspected. Combining these results with previous work on energy-based interaction control, we are laying the basis of what we call vision-based impedance control paradigm. To demonstrate the feasibility and the effectiveness of our methodology, we present the results of both realistic ROS/Gazebo simulations and preliminary experiments with a fully-actuated hexarotor",2020,,Ramy Rashad; Davide Bicego; Ran Jiao; Santiago Sanchez-Escalonilla; Stefano Stramigioli,10.1109/iros45743.2020.9341203,,https://doi.org/10.1109/iros45743.2020.9341203,openalex,energy based model robot learning,concept,ebm,,22,impedance control,2026-06-12T18:26:24Z,14.918,14.918
doi:10.1007/s10489-022-04148-1,Sim-to-real transfer and reality gap modeling in model predictive control for autonomous driving,"Abstract The main challenge for the adoption of autonomous driving is to ensure an adequate level of safety. Considering the almost infinite variability of possible scenarios that autonomous vehicles would have to face, the use of autonomous driving simulators is becoming of utmost importance. Simulation suites allow the used of automated validation techniques in a wide variety of scenarios, and enable the development of closed-loop validation methods, such as machine learning and reinforcement learning approaches. However, simulation tools suffer from a standing flaw in that there is a noticeable gap between the simulation conditions and real-world scenarios. Although the use of simulators powers most of the research around autonomous driving, and is generally used within all domains it is divided into, there is an inherent source of error given the stochastic nature of activities perfo",2023,Applied Intelligence,Iván García Daza; Rubén Izquierdo; Luis Miguel Martínez; Ola Benderius; David Fernández Llorca,10.1007/s10489-022-04148-1,,https://doi.org/10.1007/s10489-022-04148-1,crossref,sim to real robot manipulation,concept,sim2real,,30,robot manipulation; sim to real transfer; model predictive control,2026-06-12T15:07:36Z,14.917,17.917
doi:10.1177/02783649211017642,Contact-initiated shared control strategies for four-arm supernumerary manipulation with foot interfaces,"In industrial or surgical settings, to achieve many tasks successfully, at least two people are needed. To this end, robotic assistance could be used to enable a single person to perform such tasks alone, with the help of robots through direct, shared, or autonomous control. We are interested in four-arm manipulation scenarios, where both feet are used to control two robotic arms via bi-pedal haptic interfaces. The robotic arms complement the tasks of the biological arms, for instance, in supporting and moving an object while working on it (using both hands). To reduce fatigue, cognitive workload, and to ease the execution of the foot manipulation, we propose two types of assistance that can be enabled upon contact with the object (i.e., based on the interaction forces): autonomous-contact force generation and auto-coordination of the robotic arms. The latter relates to controlling both ",2021,The International Journal of Robotics Research,Walid Amanhoud; Jacob Hernandez Sanchez; Mohamed Bouri; Aude Billard,10.1177/02783649211017642,,https://doi.org/10.1177/02783649211017642,crossref,contact rich manipulation learning,concept,contact,,16,contact rich manipulation,2026-06-12T15:07:36Z,14.917,14.917
doi:10.1109/tcds.2023.3237734,A Sim-to-Real Learning-Based Framework for Contact-Rich Assembly by Utilizing CycleGAN and Force Control,,2023,IEEE Transactions on Cognitive and Developmental Systems,Yunlei Shi; Chengjie Yuan; Athanasios Tsitos; Lin Cong; Hamid Hadjar; Zhaopeng Chen; Jianwei Zhang,10.1109/tcds.2023.3237734,,https://doi.org/10.1109/tcds.2023.3237734,crossref,contact rich manipulation learning,concept,contact,,29,contact rich manipulation; force control,2026-06-12T14:45:03Z,14.901,15.901
arxiv:2403.16046v1,Digital control of negative imaginary systems: a discrete-time hybrid integrator-gain system approach,"A hybrid integrator-gain system (HIGS) is a control element that switches between an integrator and a gain, which overcomes some inherent limitations of linear controllers. In this paper, we consider using discrete-time HIGS controllers for the digital control of negative imaginary (NI) systems. We show that the discrete-time HIGS themselves are step-advanced negative imaginary systems. For a minimal linear NI system, there always exists a HIGS controller that can asymptotically stablize it. An illustrative example is provided, where we use the proposed HIGS control method to stabilize a discrete-time mass-spring system.",2024,arXiv,Kanghong Shi; Ian R. Petersen,,2403.16046v1,http://arxiv.org/abs/2403.16046v1,arxiv,hybrid systems robot control manipulation,anti_myopia,control,,,hybrid systems; limitation,2026-06-12T15:07:36Z,14.900,19.900
doi:10.1002/asjc.70001,Output‐constrained adaptive optimal control for physical human–robot interaction using electromyography signals,"Abstract This paper investigates the output‐constrained control problem for physical human–robot interaction using electromyography signals. An interaction force estimation method based on surface electromyography (sEMG) signals is introduced, where random forest is provided to extract interaction force information from sEMG signals. Using sEMG, the interaction force between the robotic and human operator can be separated from that in the environment. An adaptive optimal tracking controller based on robot velocity prediction error feedback is designed, in which an asymmetric time‐varying integral barrier Lyapunov function is used to deal with dynamic spatial constraints. Finally, stability analysis is provided, and the effectiveness is verified by experiments based on a 7‐degree‐of‐freedom Franka Panda robot.",2025,Asian Journal of Control,Yan Wei; Mingshuang Hao; Kehong Jin; Xinyi Yu; Linlin Ou,10.1002/asjc.70001,,https://doi.org/10.1002/asjc.70001,crossref,optimal control robot manipulation,anti_myopia,anti_thesis,,,robot manipulation; human robot interaction; optimal control robot manipulation,2026-06-12T15:07:36Z,14.900,18.900
doi:10.3390/s22093424,Pattern Recognition of EMG Signals by Machine Learning for the Control of a Manipulator Robot,"Human Machine Interfaces (HMI) principles are for the development of interfaces for assistance or support systems in physiotherapy or rehabilitation processes. One of the main problems is the degree of customization when applying some rehabilitation therapy or when adapting an assistance system to the individual characteristics of the users. To solve this inconvenience, it is proposed to implement a database of surface Electromyography (sEMG) of a channel in healthy individuals for pattern recognition through Neural Networks of contraction in the muscular region of the biceps brachii. Each movement is labeled using the One-Hot Encoding technique, which activates a state machine to control the position of an anthropomorphic manipulator robot and validate the response time of the designed HMI. Preliminary results show that the learning curve decreases when customizing the interface. The de",2022,Sensors,Francisco David Pérez-Reynoso; Neín Farrera Vázquez; César Capetillo; Néstor Méndez‐Lozano; Carlos Alberto González-Gutiérrez; Emmanuel López-Neri,10.3390/s22093424,,https://doi.org/10.3390/s22093424,openalex,energy based model robot learning,concept,ebm,,19,,2026-06-12T18:05:07Z,14.898,14.898
doi:10.1002/asjc.3768,Hybrid FOPID and DL on EMG signals for gait phases classification to rehabilitation robot control: A comparative study,"Abstract Rehabilitation after neurological or musculoskeletal impairments requires accurate detection and prediction of gait phases to support motor recovery and ensure safe, adaptive assistance. However, traditional assessment techniques often depend on subjective clinical evaluations, lacking the precision and responsiveness needed for real‐time robotic interventions. To overcome these limitations, we propose a hybrid intelligent rehabilitation system that combines machine learning (ML) models with fractional order proportional‐integral‐derivative (FOPID) controllers for enhanced gait phase classification and trajectory correction. The proposed methodology integrates electromyography (EMG) signals, joint angle kinematics (hip and knee), and foot pressure data of 1000 samples to train and evaluate three machine learning models: random forest (RF), support vector machine (SVM), and long ",2026,Asian Journal of Control,Intissar Zaway,10.1002/asjc.3768,,https://doi.org/10.1002/asjc.3768,crossref,hybrid systems robot control manipulation,anti_myopia,control,,1,hybrid systems; limitation; robustness,2026-06-12T15:07:36Z,14.897,20.897
doi:10.1016/j.sysconle.2025.106103,Representation of practical nonsmooth control Lyapunov functions by piecewise affine functions and neural networks,,2025,Systems & Control Letters,Lars Grüne; Mario Sperl; Debasish Chatterjee,10.1016/j.sysconle.2025.106103,,https://doi.org/10.1016/j.sysconle.2025.106103,crossref,control barrier functions robot learning,anti_myopia,control,,3,control barrier function,2026-06-12T15:07:36Z,14.893,17.893
doi:10.1109/icra55743.2025.11127605,Reduced-Order Model Guided Contact-Implicit Model Predictive Control for Humanoid Locomotion,,2025,2025 IEEE International Conference on Robotics and Automation (ICRA),Sergio A. Esteban; Vince Kurtz; Adrian B. Ghansah; Aaron D. Ames,10.1109/icra55743.2025.11127605,,https://doi.org/10.1109/icra55743.2025.11127605,crossref,foundation model limitation robotics,anti_myopia,anti_thesis,,3,model predictive control; limitation; foundation model limitation robotics,2026-06-12T15:07:36Z,14.893,19.893
doi:10.1109/icarcv.2018.8581233,Prototype of Wearable Robot with Tactile Sensor Measurable Contact Force Distribution with User,,2018,"2018 15th International Conference on Control, Automation, Robotics and Vision (ICARCV)",Daiki Ito; Yuki Funabora; Shinji Doki; Kae Doki,10.1109/icarcv.2018.8581233,,https://doi.org/10.1109/icarcv.2018.8581233,crossref,contact dynamics robot learning,concept,contact,,3,contact dynamics,2026-06-12T15:07:36Z,14.893,14.893
doi:10.1088/2632-2153/ad7228,"Accelerating scientific discovery with generative knowledge extraction, graph-based representation, and multimodal intelligent graph reasoning","Abstract Leveraging generative Artificial Intelligence (AI), we have transformed a dataset comprising 1000 scientific papers focused on biological materials into a comprehensive ontological knowledge graph. Through an in-depth structural analysis of this graph, we have calculated node degrees, identified communities along with their connectivities, and evaluated clustering coefficients and betweenness centrality of pivotal nodes, uncovering fascinating knowledge architectures. We find that the graph has an inherently scale-free nature, shows a high level of connectedness, and can be used as a rich source for downstream graph reasoning by taking advantage of transitive and isomorphic properties to reveal insights into unprecedented interdisciplinary relationships that can be used to answer queries, identify gaps in knowledge, propose never-before-seen material designs, and predict materia",2024,Machine Learning: Science and Technology,Markus J Buehler,10.1088/2632-2153/ad7228,,https://doi.org/10.1088/2632-2153/ad7228,crossref,scene graph robot learning,concept,architecture,,35,scene graph robot learning,2026-06-12T15:07:36Z,14.892,14.892
doi:10.1109/tcyb.2023.3310505,Multimodality Driven Impedance-Based Sim2Real Transfer Learning for Robotic Multiple Peg-in-Hole Assembly,"Robotic rigid contact-rich manipulation in an unstructured dynamic environment requires an effective resolution for smart manufacturing. As the most common use case for the intelligence industry, a lot of studies based on reinforcement learning (RL) algorithms have been conducted to improve the performances of single peg-in-hole assembly. However, existing RL methods are difficult to apply to multiple peg-in-hole issues due to more complicated geometric and physical constraints. In addition, previously limited solutions for multiple peg-in-hole assembly are hard to transfer into real industrial scenarios flexibly. To effectively address these issues, this work designs a novel and more challenging multiple peg-in-hole assembly setup by using the advantage of the Industrial Metaverse. We propose a detailed solution scheme to solve this task. Specifically, multiple modalities, including vis",2023,IEEE Transactions on Cybernetics,Wenkai Chen; Chao Zeng; Hongzhuo Liang; Fuchun Sun; Jianwei Zhang,10.1109/tcyb.2023.3310505,,https://doi.org/10.1109/tcyb.2023.3310505,openalex,robotics,concept,openalex_bulk_robotics,,47,contact rich manipulation; impedance control; proprioception; domain randomization; generalization; sample efficiency,2026-06-12T18:57:17Z,14.886,15.886
doi:10.1109/lra.2021.3131750,Model Predictive Control and Transfer Learning of Hybrid Systems Using Lifting Linearization Applied to Cable Suspension Systems,,2022,IEEE Robotics and Automation Letters,Jerry Ng; Harry Asada,10.1109/lra.2021.3131750,,https://doi.org/10.1109/lra.2021.3131750,crossref,control barrier functions robot learning,anti_myopia,control,,12,control barrier function; model predictive control; hybrid systems,2026-06-12T15:07:36Z,14.882,18.882
doi:10.1109/tro.2025.3563046,Shear-Based Grasp Control for Multifingered Underactuated Tactile Robotic Hands,,2025,IEEE Transactions on Robotics,Christopher J. Ford; Haoran Li; Manuel G. Catalano; Matteo Bianchi; Efi Psomopoulou; Nathan F. Lepora,10.1109/tro.2025.3563046,,https://doi.org/10.1109/tro.2025.3563046,crossref,tactile language action robotics,concept,tactile,,12,,2026-06-12T15:07:36Z,14.882,14.882
doi:10.1016/j.rcim.2025.102966,A novel dynamic observer-based contact force control strategy in robotic grinding to improve blade profile accuracy,,2025,Robotics and Computer-Integrated Manufacturing,Yilin Mu; Lai Zou; Ziling Wang; Heng Li; Shengbo Yan; Wenxi Wang,10.1016/j.rcim.2025.102966,,https://doi.org/10.1016/j.rcim.2025.102966,crossref,EBM transformer robotics contact rich manipulation,concept,architecture_x_embodiment,,12,EBM transformer robotics; contact rich manipulation; force control,2026-06-12T15:07:36Z,14.882,14.882
doi:10.1109/iros40897.2019.8968201,Variable Impedance Control in End-Effector Space: An Action Space for Reinforcement Learning in Contact-Rich Tasks,,2019,2019 IEEE/RSJ International Conference on Intelligent Robots and Systems (IROS),Roberto Martin-Martin; Michelle A. Lee; Rachel Gardner; Silvio Savarese; Jeannette Bohg; Animesh Garg,10.1109/iros40897.2019.8968201,,https://doi.org/10.1109/iros40897.2019.8968201,crossref,contact rich manipulation learning,concept,contact,,142,contact rich manipulation; impedance control,2026-06-12T14:45:03Z,14.881,14.881
doi:10.1016/j.robot.2024.104731,Sim-to-real transfer of active suspension control using deep reinforcement learning,,2024,Robotics and Autonomous Systems,Viktor Wiberg; Erik Wallin; Arvid Fälldin; Tobias Semberg; Morgan Rossander; Eddie Wadbro; Martin Servin,10.1016/j.robot.2024.104731,,https://doi.org/10.1016/j.robot.2024.104731,crossref,sim to real robot manipulation,concept,sim2real,,18,robot manipulation; sim to real transfer,2026-06-12T15:07:36Z,14.872,15.872
doi:10.1109/lra.2020.3011379,Learning Variable Impedance Control for Contact Sensitive Tasks,,2020,IEEE Robotics and Automation Letters,Miroslav Bogdanovic; Majid Khadiv; Ludovic Righetti,10.1109/lra.2020.3011379,,https://doi.org/10.1109/lra.2020.3011379,crossref,contact dynamics robot learning,concept,contact,,90,contact dynamics; impedance control,2026-06-12T14:45:03Z,14.855,14.855
doi:10.3390/s22176470,Model-Based 3D Contact Geometry Perception for Visual Tactile Sensor,"Tactile sensing plays an important role for robots’ perception, but the existing tactile technologies have multiple limitations. Visual-tactile sensor (VTS) is a newly developed tactile detector; it perceives the contacting surface shape, or even more refined texture, by way of the contact deformation image captured by a camera. A conventional visual perception is usually formulated as a data processing. It suffers issues of cumbersome training set and complicated calibration procedures. A novel model-based depth perceptual scheme is proposed where a mapping from the image intensity to the contact geometry is mathematically formulated with an associated tailored fast solver. The hardware calibration requires single image only, leading to an outstanding algorithmic robustness. The non-uniformity of the illumination condition is embodied by the stereo model, resulting in a robust depth per",2022,Sensors,Jingjing Ji; Yuting Liu; Huan Ma,10.3390/s22176470,,https://doi.org/10.3390/s22176470,crossref,Gaussian splatting robot perception contact rich manipulation,concept,architecture_x_embodiment,,9,Gaussian splatting robot perception; contact rich manipulation; limitation; robustness,2026-06-12T15:07:36Z,14.851,16.851
doi:10.3390/biomimetics10040214,"Myoelectric Control in Rehabilitative and Assistive Soft Exoskeletons: A Comprehensive Review of Trends, Challenges, and Integration with Soft Robotic Devices","Soft robotic exoskeletons have emerged as a transformative solution for rehabilitation and assistance, offering greater adaptability and comfort than rigid designs. Myoelectric control, based on electromyography (EMG) signals, plays a key role in enabling intuitive and adaptive interaction between the user and the exoskeleton. This review analyzes recent advancements in myoelectric control strategies, emphasizing their integration into soft robotic exoskeletons. Unlike previous studies, this work highlights the unique challenges posed by the deformability and compliance of soft structures, requiring novel approaches to motion intention estimation and control. Key contributions include critically evaluating machine learning-based motion prediction, model-free adaptive control methods, and real-time validation strategies to enhance rehabilitation outcomes. Additionally, we identify persist",2025,Biomimetics,Alejandro Toro-Ossaba; Juan C. Tejada; Daniel Sanín-Villa,10.3390/biomimetics10040214,,https://doi.org/10.3390/biomimetics10040214,openalex,energy based model robot learning,concept,ebm,,9,,2026-06-12T18:26:24Z,14.851,14.851
doi:10.3390/app16042026,Industrial Robotics and Adaptive Control Systems in STEM Education: Systematic Review of Technology Transfer from Industry to Classroom and Competency Development Framework,"The Fourth Industrial Revolution reshapes manufacturing and workforce demands, yet a persistent gap remains between industry needs and engineering education. While proficiency in industrial robotics, adaptive control, and automation becomes critical, traditional education struggles to bridge the theory–practice divide. This systematic review examines technology transfer from factory to classroom to develop authentic Industry 4.0 competencies. Following PRISMA 2020 guidelines, we synthesized 52 empirical studies (2019–2025) focusing on technology complexity, pedagogical approaches, and learning outcomes. Random-effects meta-analysis of 12 representative studies reveals large positive effects: Hedges’ g of 0.786 (95% CI: 0.726–0.846, p",2026,Applied Sciences,Claudio Urrea,10.3390/app16042026,,https://doi.org/10.3390/app16042026,crossref,robotics,concept,crossref_bulk_robotics,,2,industrial robot,2026-06-12T19:29:26Z,14.849,14.849
doi:10.1002/rnc.4880,High‐gain nonlinear observer‐based impedance control for deformable object cooperative teleoperation with nonlinear contact model,"Summary Unmeasurable object deformation and local communication time delays between the slave robots influence the manipulation effect for multirobot multioperator teleoperation. In this article, a distributed control method based on high‐gain nonlinear observer, interactive identification, and impedance control is proposed for this problem. First, we use Hunt‐Crossley contact model and deduce the desired synchronizing object state in cooperative teleoperation. Second, an impedance item expressed by the internal position errors is presented to decrease object position tracking errors. For the unmeasurable object deformation, an interactive identification method is proposed for estimating unknown variables. Third, we consider both varying communication time delays and local time delays in the slave side. Two mirror high‐gain nonlinear observers are designed for estimating other slave robo",2020,International Journal of Robust and Nonlinear Control,Zhenyu Lu; Panfeng Huang; Zhengxiong Liu,10.1002/rnc.4880,,https://doi.org/10.1002/rnc.4880,crossref,teleoperation data robot foundation model,concept,human_data,,21,robot foundation model; impedance control; teleoperation,2026-06-12T15:07:36Z,14.846,14.846
doi:10.1002/advs.202300935,A Soft Reconfigurable Circulator Enabled by Magnetic Liquid Metal Droplet for Multifunctional Control of Soft Robots,"Integrated control circuits with multiple computation functions are essential for soft robots to achieve diverse complex real tasks. However, designing compliant yet simple circuits to embed multiple computation functions in soft electronic systems above the centimeter scale is still a tough challenge. Herein, utilizing smooth cyclic motions of magnetic liquid metal droplets (MLMD) in specially designed and surface-modified circulating channels, a soft reconfigurable circulator (SRC) consisting of three simple and reconfigurable basic modules is described. Through these modules, MLMD can utilize their conductivity and extreme deformation capabilities to transfer their simple cyclic motions as input signals to programmable electrical output signals carrying computing information. The obtained SRCs make it possible for soft robots to perform complex computing tasks, such as logic, programm",2023,Advanced Science,Yi Xu; Jiaqi Zhu; Han Chen; Haochen Yong; Zhigang Wu,10.1002/advs.202300935,,https://doi.org/10.1002/advs.202300935,openalex,robotics,concept,openalex_bulk_robotics,,21,,2026-06-12T18:57:17Z,14.846,14.846
doi:10.1109/tro.2024.3463470,LeTac-MPC: Learning Model Predictive Control for Tactile-Reactive Grasping,,2024,IEEE Transactions on Robotics,Zhengtong Xu; Yu She,10.1109/tro.2024.3463470,,https://doi.org/10.1109/tro.2024.3463470,crossref,energy based model robot learning,concept,ebm,,17,model predictive control,2026-06-12T15:07:36Z,14.845,15.845
doi:10.1007/s11071-024-09894-0,Dynamics analysis and control of positive–negative information propagation model considering individual conformity psychology,,2024,Nonlinear Dynamics,Yutao Yan; Shuzhen Yu; Zhiyong Yu; Haijun Jiang,10.1007/s11071-024-09894-0,,https://doi.org/10.1007/s11071-024-09894-0,crossref,latent dynamics model robot control,concept,latent_dynamics,,17,,2026-06-12T15:07:36Z,14.845,15.845
doi:10.1177/0278364912469821,Optimal distribution of contact forces with inverse-dynamics control,"The development of legged robots for complex environments requires controllers that guarantee both high tracking performance and compliance with the environment. More specifically the control of the contact interaction with the environment is of crucial importance to ensure stable, robust and safe motions. In this contribution we develop an inverse-dynamics controller for floating-base robots under contact constraints that can minimize any combination of linear and quadratic costs in the contact constraints and the commands. Our main result is the exact analytical derivation of the controller. Such a result is particularly relevant for legged robots as it allows us to use torque redundancy to directly optimize contact interactions. For example, given a desired locomotion behavior, we can guarantee the minimization of contact forces to reduce slipping on difficult terrains while ensuring ",2013,The International Journal of Robotics Research,Ludovic Righetti; Jonas Buchli; Michael Mistry; Mrinal Kalakrishnan; Stefan Schaal,10.1177/0278364912469821,,https://doi.org/10.1177/0278364912469821,crossref,latent dynamics model robotics,concept,architecture,,161,latent dynamics model robotics; robustness,2026-06-12T15:07:36Z,14.844,15.844
doi:10.1109/icra55743.2025.11128816,PolyTouch: A Robust Multi-Modal Tactile Sensor for Contact-Rich Manipulation Using Tactile-Diffusion Policies,,2025,2025 IEEE International Conference on Robotics and Automation (ICRA),Jialiang Zhao; Naveen Kuppuswamy; Siyuan Feng; Benjamin Burchfiel; Edward Adelson,10.1109/icra55743.2025.11128816,,https://doi.org/10.1109/icra55743.2025.11128816,crossref,contact rich manipulation learning,concept,contact,,11,contact rich manipulation,2026-06-12T14:45:03Z,14.842,14.842
doi:10.1109/tro.2024.3502197,iFEM2.0: Dense 3-D Contact Force Field Reconstruction and Assessment for Vision-Based Tactile Sensors,,2025,IEEE Transactions on Robotics,Can Zhao; Jin Liu; Daolin Ma,10.1109/tro.2024.3502197,,https://doi.org/10.1109/tro.2024.3502197,crossref,contact dynamics robot learning,concept,contact,,11,contact dynamics,2026-06-12T15:07:36Z,14.842,14.842
doi:10.1109/tmech.2023.3287789,A Variable Impedance Scheme Based on Power-Shaping Signals and Partial Knowledge of Link-Side Dynamics for Flexible-Joint Robot Interaction and Tracking Control,"This article proposes a novel scheme—based on power-shaping control (PSC)—that can endow flexible-joint robots with both tracking, and interactional, capabilities. In virtue of relying upon the PSC method, this approach entails modest modeling requirements restricted to computation of the gravitational torque vector, and motor-side dynamics terms (typically available in manufacturer datasheets). Hence, it distinguishes itself by obviating the need for calculation of computationally cumbersome link-side dynamics elements, such as the Coriolis and link inertia matrices. In contrast to analogous schemes, the highest order term required by the proposed design is the third derivative of the motor position vector; it therefore avoids the usage of link-jerk feedback that can be detrimental to interactional performance. Moreover, the propounded framework enables utilisation of noncollocated feed",2023,IEEE/ASME Transactions on Mechatronics,Emmanouil Spyrakos-Papastavridis; Jian S. Dai,10.1109/tmech.2023.3287789,,https://doi.org/10.1109/tmech.2023.3287789,openalex,energy based model robot learning,concept,ebm,,11,impedance control,2026-06-12T18:26:24Z,14.842,14.842
doi:10.3390/act13010031,"Research on Some Control Algorithms to Compensate for the Negative Effects of Model Uncertainty Parameters, External Interference, and Wheeled Slip for Mobile Robot","In this article, the research team systematically developed a method to model the kinematics and dynamics of a 3-wheeled robot subjected to external disturbances and sideways wheel sliding. These models will be used to design control laws that compensate for wheel slippage, model uncertainties, and external disturbances. These control algorithms were developed based on dynamic surface control (DSC). An adaptive trajectory tracking DSC algorithm using a fuzzy logic system (AFDSC) and a radial neural network (RBFNN) with a fuzzy logic system were used to overcome the disadvantages of DSC and expand the application domain for non-holonomic wheeled mobile robots with lateral slip (WMR). However, this adaptive fuzzy neural network dynamic surface control (AFNNDSC) adaptive controller ensures the closed system is stable, follows the preset trajectory in the presence of wheel slippage model unc",2024,Actuators,Vo Thu Hà; Thân Thị Thương; Nguyễn Thị Thanh; Vo Quang Vinh,10.3390/act13010031,,https://doi.org/10.3390/act13010031,openalex,energy based model robot learning,concept,ebm,,7,,2026-06-12T18:26:24Z,14.840,16.840
doi:10.1109/lra.2022.3167064,Bidirectional Sim-to-Real Transfer for GelSight Tactile Sensors With CycleGAN,,2022,IEEE Robotics and Automation Letters,Weihang Chen; Yuan Xu; Zhenyang Chen; Peiyu Zeng; Renjun Dang; Rui Chen; Jing Xu,10.1109/lra.2022.3167064,,https://doi.org/10.1109/lra.2022.3167064,crossref,sim to real robot manipulation,concept,sim2real,,38,robot manipulation; sim to real transfer,2026-06-12T14:45:03Z,14.832,15.832
doi:10.1016/j.compag.2022.107026,Contact force modeling and variable damping impedance control of apple harvesting robot,,2022,Computers and Electronics in Agriculture,Wei Ji; Chencheng Tang; Bo Xu; Guozhi He,10.1016/j.compag.2022.107026,,https://doi.org/10.1016/j.compag.2022.107026,crossref,contact dynamics robot learning,concept,contact,,38,contact dynamics; impedance control,2026-06-12T15:07:36Z,14.832,14.832
doi:10.3390/biomimetics8050398,Modeling Contact Stiffness of Soft Fingertips for Grasping Applications,"Soft fingertips have distinct intrinsic features that allow robotic hands to offer adjustable and manageable stiffness for grasping. The stability of the grasp is determined by the contact stiffness between the soft fingertip and the object. Within this work, we proposed a line vector representation method based on the Winkler Model and investigated the contact stiffness between soft fingertips and objects to achieve control over the gripping force and fingertip displacement of the gripper without the need for sensors integrated in the fingertip. First, we derived the stiffness matrix of the soft fingertip, analyzed the contact stiffness, and constructed the global stiffness matrix; then, we established the grasp stiffness matrix based on the contact stiffness model, allowing for the analysis and evaluation of the soft fingertip’s manipulating process. Finally, our experiment demonstrate",2023,Biomimetics,Xiaolong Ma; Lingfeng Chen; Yanfeng Gao; Daliang Liu; Binrui Wang,10.3390/biomimetics8050398,,https://doi.org/10.3390/biomimetics8050398,crossref,analytical grasping,anti_myopia,anti_thesis,,6,analytical grasping,2026-06-12T15:07:36Z,14.823,18.823
doi:10.15607/rss.2023.xix.018,Self-Supervised Visuo-Tactile Pretraining to Locate and Follow Garment Features,,2023,Robotics: Science and Systems XIX,Justin Kerr; Huang Huang; Albert Wilcox; Ryan Hoque; Jeffrey Ichnowski; Roberto Calandra; Ken Goldberg,10.15607/rss.2023.xix.018,,https://doi.org/10.15607/rss.2023.xix.018,crossref,tactile language action robotics,concept,tactile,,24,,2026-06-12T15:07:36Z,14.809,14.809
doi:10.1002/aisy.202300042,Minsight: A Fingertip‐Sized Vision‐Based Tactile Sensor for Robotic Manipulation,"Intelligent interaction with the physical world requires perceptual abilities beyond vision and hearing; vibrant tactile sensing is essential for autonomous robots to dexterously manipulate unfamiliar objects or safely contact humans. Therefore, robotic manipulators need high‐resolution touch sensors that are compact, robust, inexpensive, and efficient. The soft vision‐based haptic sensor presented herein is a miniaturized and optimized version of the previously published sensor Insight. Minsight has the size and shape of a human fingertip and uses machine learning methods to output high‐resolution maps of 3D contact force vectors at 60 Hz. Experiments confirm its excellent sensing performance, with a mean absolute force error of 0.07 N and contact location error of 0.6 mm across its surface area. Minsight's utility is shown in two robotic tasks on a 3‐DoF manipulator. First, closed‐loop",2023,Advanced Intelligent Systems,Iris Andrussow; Huanbo Sun; Katherine J. Kuchenbecker; Georg Martius,10.1002/aisy.202300042,,https://doi.org/10.1002/aisy.202300042,openalex,robotics,concept,openalex_bulk_robotics,,40,dexterous manipulation; force control; human robot interaction,2026-06-12T18:57:17Z,14.807,14.807
doi:10.1109/crc.2017.49,Design of a Two-Point-Contact Fingertip Tactile Force Feedback Device,,2017,"2017 2nd International Conference on Cybernetics, Robotics and Control (CRC)",Zhen Zhang; Adiljan Yimit; Xin Lu; Yoshihiro Hagihara,10.1109/crc.2017.49,,https://doi.org/10.1109/crc.2017.49,crossref,tactile language action robotics,concept,tactile,,4,,2026-06-12T15:07:36Z,14.805,14.805
doi:10.1201/9781003119173-3,Human-Robot Stiffness Transfer-Based on sEMG Signals,,2021,Robot Learning Human Skills and Intelligent Control Design,Chenguang Yang; Chao Zeng; Jianwei Zhang,10.1201/9781003119173-3,,https://doi.org/10.1201/9781003119173-3,crossref,energy based model robot learning,concept,ebm,,,,2026-06-12T14:45:03Z,14.800,14.800
doi:10.1109/tase.2017.2743000,Interface Design of a Physical Human–Robot Interaction System for Human Impedance Adaptive Skill Transfer,"It has been established that the transfer of human adaptive impedance is of great significance for physical human-robot interaction (pHRI). By processing the electromyography (EMG) signals collected from human muscles, the limb impedance could be extracted and transferred to robots. The existing impedance transfer interfaces rely only on visual feedback and, thus, may be insufficient for skill transfer in a sophisticated environment. In this paper, physical haptic feedback mechanism is introduced to result in muscle activity that would generate EMG signals in a natural manner, in order to achieve intuitive human impedance transfer through a designed coupling interface. Relevant processing methods are integrated into the system, including the spectral collaborative representation-based classifications method used for hand motion recognition; fast smooth envelop and dimensionality reductio",2017,IEEE Transactions on Automation Science and Engineering,Chenguang Yang; Chao Zeng; Peidong Liang; Zhijun Li; Ruifeng Li; Chun‐Yi Su,10.1109/tase.2017.2743000,,https://doi.org/10.1109/tase.2017.2743000,openalex,robotics,concept,openalex_bulk_robotics,,220,skill learning; human robot interaction,2026-06-12T18:57:17Z,14.799,14.799
doi:10.1109/lra.2025.3568570,A Novel Robust Adaptive Impedance Control Scheme for Contact Force Tracking With Unknown Environment,,2025,IEEE Robotics and Automation Letters,Tangzhong Song; Lijin Fang; Yian Qian,10.1109/lra.2025.3568570,,https://doi.org/10.1109/lra.2025.3568570,crossref,contact dynamics robot learning,concept,contact,,10,contact dynamics; impedance control,2026-06-12T15:07:36Z,14.799,14.799
doi:10.1109/tie.2023.3323695,Enhancing Robotic Tactile Exploration With Multireceptive Graph Convolutional Networks,"While robotic tactile sensors have been developed to help robots to perceive and interact effectively with their surrounding environment by mimicking the structure and function of human skin, most of them overlook the role of near-contact behavior and data structure modeling in robotic perception, which limits robotic exploration capabilities. To address this problem, this article presents a novel proximity-tactile fingertip (PT-TIP) sensor, and a new multireceptive graph convolutional network (MR-GCN) that seamlessly integrates near-contact behavior and tactile perception in rich sensory data. Moreover, MR-GCN utilizes two graph structures, including topology graph and affinity graph, to capture temporal and spatial connections and differences among sensing units on PT-TIP, and it learns a robust feature representation from different receptive fields with attention mechanisms. The perfo",2023,IEEE Transactions on Industrial Electronics,Junjie Liao; Pengwen Xiong; Peter Liu; Zhijun Li; Aiguo Song,10.1109/tie.2023.3323695,,https://doi.org/10.1109/tie.2023.3323695,openalex,robotics,concept,openalex_bulk_robotics,,19,tactile perception,2026-06-12T18:57:17Z,14.798,14.798
doi:10.3390/robotics12010017,Based on the Foot–Ground Contact Mechanics Model and Velocity Planning Buffer Control,"In order to reduce the impact of the leg joint motors and body electric devices of a falling robot, active flexible control based on force and velocity is proposed. A velocity planning buffer method based on a virtual model is proposed. We established a mechanical model of leg and ground contact. Then, we controlled the knee joint angular velocity change after the robot contacted the ground to reduce the collision impact force and to protect the robot’s joint motors and body’s internal parts. First, the relationship between contact force and velocity was analyzed through the contact mechanical model between leg and ground, and the target was determined. Then, by planning the velocity of the robot’s thigh and hip joint, the velocity mutation during contact was reduced so that the impact on the robot was reduced. This method can avoid complex accurate physics model building and complex tor",2023,Robotics,Boxuan Zhang; Lichao Wang; Yangwei Wang; Zehao Yuan,10.3390/robotics12010017,,https://doi.org/10.3390/robotics12010017,crossref,energy based model robotics,concept,architecture,,5,energy based model robotics,2026-06-12T14:45:03Z,14.796,14.796
doi:10.3390/coatings13010081,Convective Heat Transfer Coefficient of Insulation Paper–Oil Contact Surface of Transformer Vertical Oil Channel,"Insulation paper is the primary inter-turn insulation material for transformer windings. However, insulation paper is a poor conductor of heat and seriously impacts the natural convective heat dissipation in the winding oil channels. In order to study the convective heat transfer performance of the transformer vertical oil channel, the heat transfer characteristics of the two-dimensional boundary layer of the insulation paper–oil contact surface were analysed, and a characteristic number equation with a roughness correction factor was established. Based on the similarity principle and modelling theory, an experimental apparatus was designed to determine the convective heat transfer coefficient of the insulation paper–oil contact surface. Coefficients were obtained for different qualitative temperatures and characteristic lengths. Parametric fitting of the experimental data was carried ou",2023,Coatings,Chuan Luo; Chuan Li; Xiaorong Wan; Zhengang Zhao,10.3390/coatings13010081,,https://doi.org/10.3390/coatings13010081,crossref,EBM transformer robotics contact rich manipulation,concept,architecture_x_embodiment,,5,EBM transformer robotics; contact rich manipulation,2026-06-12T15:07:36Z,14.796,14.796
doi:10.1007/s10514-024-10164-6,Guiding real-world reinforcement learning for in-contact manipulation tasks with Shared Control Templates,"Abstract The requirement for a high number of training episodes has been a major limiting factor for the application of Reinforcement Learning (RL) in robotics. Learning skills directly on real robots requires time, causes wear and tear and can lead to damage to the robot and environment due to unsafe exploratory actions. The success of learning skills in simulation and transferring them to real robots has also been limited by the gap between reality and simulation. This is particularly problematic for tasks involving contact with the environment as contact dynamics are hard to model and simulate. In this paper we propose a framework which leverages a shared control framework for modeling known constraints defined by object interactions and task geometry to reduce the state and action spaces and hence the overall dimensionality of the reinforcement learning problem. The unknown task know",2024,Autonomous Robots,Abhishek Padalkar; Gabriel Quere; Antonin Raffin; João Silvério; Freek Stulp,10.1007/s10514-024-10164-6,,https://doi.org/10.1007/s10514-024-10164-6,crossref,robot world models manipulation,concept,world_models,,3,robot world model; contact dynamics,2026-06-12T14:45:03Z,14.793,15.793
doi:10.3389/fnbot.2024.1349752,Deep learning-based control framework for dynamic contact processes in humanoid grasping,"Humanoid grasping is a critical ability for anthropomorphic hand, and plays a significant role in the development of humanoid robots. In this article, we present a deep learning-based control framework for humanoid grasping, incorporating the dynamic contact process among the anthropomorphic hand, the object, and the environment. This method efficiently eliminates the constraints imposed by inaccessible grasping points on both the contact surface of the object and the table surface. To mimic human-like grasping movements, an underactuated anthropomorphic hand is utilized, which is designed based on human hand data. The utilization of hand gestures, rather than controlling each motor separately, has significantly decreased the control dimensionality. Additionally, a deep learning framework is used to select gestures and grasp actions. Our methodology, proven both in simulation and on real",2024,Frontiers in Neurorobotics,Shaowen Cheng; Yongbin Jin; Hongtao Wang,10.3389/fnbot.2024.1349752,,https://doi.org/10.3389/fnbot.2024.1349752,crossref,contact rich manipulation learning,concept,contact,,3,contact rich manipulation; humanoid robot,2026-06-12T15:07:36Z,14.793,14.793
doi:10.1115/1.4052700,Design and Compliant Control of a Piggyback Transfer Robot,"Abstract Patient transfer, such as lifting and moving a bedridden patient from a bed to a wheelchair or a pedestal pan, is one of the most physically challenging tasks in nursing care. Although many transfer devices have been developed, they are rarely used because of the large time consumption in performing transfer tasks and the lack of safety and comfortableness. We developed a piggyback transfer robot that can conduct patient transfer by imitating the motion when a person holds another person on his/her back. The robot consisted of a chest holder that moves like a human back. In this paper, we present an active stiffness control approach for the motion control of the chest holder, combined with a passive cushion, for lifting a care-receiver comfortably. A human-robot dynamic model was built and a subjective evaluation was conducted to optimize the parameters of both the active stiffn",2021,Journal of Mechanisms and Robotics,Yuxin Liu; Shijie Guo; Yuting Yin; Zhiwen Jiang; Teng Liu,10.1115/1.4052700,,https://doi.org/10.1115/1.4052700,openalex,robotics,concept,openalex_bulk_robotics,,11,,2026-06-12T18:57:17Z,14.792,15.792
doi:10.1109/lra.2022.3150051,Towards High-Payload Admittance Control for Manual Guidance With Environmental Contact,,2022,IEEE Robotics and Automation Letters,Kevin Haninger; Marcel Radke; Axel Vick; Jorg Kruger,10.1109/lra.2022.3150051,,https://doi.org/10.1109/lra.2022.3150051,crossref,contact dynamics robot learning,concept,contact,,35,contact dynamics,2026-06-12T15:07:36Z,14.792,14.792
doi:10.1109/lra.2022.3205768,A Soft Barometric Tactile Sensor to Simultaneously Localize Contact and Estimate Normal Force With Validation to Detect Slip in a Robotic Gripper,,2022,IEEE Robotics and Automation Letters,Thomas De Clercq; Anatolii Sianov; Guillaume Crevecoeur,10.1109/lra.2022.3205768,,https://doi.org/10.1109/lra.2022.3205768,crossref,tactile language action robotics,concept,tactile,,35,,2026-06-12T15:07:36Z,14.792,14.792
doi:10.1038/s41598-024-79606-6,Sensorless contact force estimation and robust impedance control for a quadrotor manipulation system,"Abstract The research on aerial manipulation systems has been increased rapidly in recent years. These systems are very attractive for a wide range of applications due to their unique features. However, dynamics, control and manipulation tasks of such systems are quite challenging because they are naturally unstable, have very fast dynamics, have strong nonlinearities, are very susceptible to parameters variations due to carrying a payload besides the external disturbances, and have complex inverse kinematics. In addition, the manipulation tasks require estimating (applying) a certain force of (at) the end-effector as well as the accurate positioning of it. Thus, in this article, a robust force estimation and impedance control scheme is proposed to address these issues. The robustness is achieved based on the Disturbance Observer (DOb) technique. Then, a tracking and performance low comp",2024,Scientific Reports,Alaa Khalifa; Mohamed Fanni; Ahmed Khalifa,10.1038/s41598-024-79606-6,,https://doi.org/10.1038/s41598-024-79606-6,crossref,contact rich manipulation learning,concept,contact,,7,contact rich manipulation; impedance control; teleoperation; limitation; robustness,2026-06-12T14:45:03Z,14.790,16.790
doi:10.1109/tro.2023.3286070,Real-Time Deformable-Contact-Aware Model Predictive Control for Force-Modulated Manipulation,,2023,IEEE Transactions on Robotics,Lasitha Wijayarathne; Ziyi Zhou; Ye Zhao; Frank L. Hammond,10.1109/tro.2023.3286070,,https://doi.org/10.1109/tro.2023.3286070,crossref,sim to real robot manipulation,concept,sim2real,,23,robot manipulation; model predictive control,2026-06-12T14:45:03Z,14.789,16.789
title:robust adaptive learning control of space robot for target capturing using neural network,Robust adaptive learning control of space robot for target capturing using neural network,"This article investigates the robust adaptive learning control for space robots with target capturing. Based on the momentum conservation theory, the impact dynamics is constructed to derive the relationship of generalized velocity in the pre-impact and post-impact phase. Considering the nonlinear dynamics with contact impact, the robust control using nonsingular terminal sliding mode (NTSM) and fast NTSM is designed to achieve the fast realization of the desired states. Furthermore, for the unknown dynamics of the combination system after capturing a target, the adaptive learning control is developed based on neural network and disturbance observer. Through the serial-parallel estimation model, the prediction error is constructed for the update of adaptive law. The system signals involved in the Lyapunov function are proved to be bounded and the sliding mode surface converges in finite ",2022,Murdoch Research Repository (Murdoch University),"Wang, X.; Xu, B.; Cheng, Y.; Wang, H.; Sun, F.",,,https://openalex.org/W4213297191,openalex,robotics,concept,openalex_bulk_robotics,,28,,2026-06-12T18:57:17Z,14.784,14.784
doi:10.1109/tim.2023.3268458,Unsupervised Adversarial Domain Adaptation for Sim-to-Real Transfer of Tactile Images,,2023,IEEE Transactions on Instrumentation and Measurement,Xingshuo Jing; Kun Qian; Tudor Jianu; Shan Luo,10.1109/tim.2023.3268458,,https://doi.org/10.1109/tim.2023.3268458,crossref,sim to real robot manipulation,concept,sim2real,,22,robot manipulation; sim to real transfer,2026-06-12T15:07:36Z,14.768,15.768
doi:10.3390/en16217238,Novel Control Approach for Resonant Class-DE Inverters Applied in Wireless Power Transfer Systems,"Regulating the load voltage is of major importance for ensuring high transmission efficiency in wireless power transfer (WPT) systems. In this context, this work presents a novel control strategy applied in the dc-ac converter used in the primary side of a WPT system. The performance of a class-DE resonant inverter is investigated considering that such topology presents inherent soft-switching characteristics, thus implying reduced switching losses. The controller relies on an autoregressive with exogenous output (ARX) model based on an adaptive linear neuron (ADALINE) network, which allows for determining the turn-on time of the active switches accurately while providing the system with the ability to adapt to distinct alignment conditions. The performance of the proposed controller is compared with that of a linear controller, which does not prove to be an effective solution if misalig",2023,Energies,Juan Avilés; Fernando Lessa Tofoli; Ênio Roberto Ribeiro,10.3390/en16217238,,https://doi.org/10.3390/en16217238,openalex,energy based transformer robot policy,concept,ebm_transformer,,4,energy based transformer robot policy,2026-06-12T18:05:07Z,14.755,14.755
doi:10.1109/lra.2024.3486236,Flying Calligrapher: Contact-Aware Motion and Force Planning and Control for Aerial Manipulation,,2024,IEEE Robotics and Automation Letters,Xiaofeng Guo; Guanqi He; Jiahe Xu; Mohammadreza Mousaei; Junyi Geng; Sebastian Scherer; Guanya Shi,10.1109/lra.2024.3486236,,https://doi.org/10.1109/lra.2024.3486236,crossref,robot world models manipulation,concept,world_models,,14,robot world model,2026-06-12T15:07:36Z,14.754,14.754
doi:10.1109/icra55743.2025.11128834,Motion Tracks: A Unified Representation for Human-Robot Transfer in Few-Shot Imitation Learning,,2025,2025 IEEE International Conference on Robotics and Automation (ICRA),Juntao Ren; Priya Sundaresan; Dorsa Sadigh; Sanjiban Choudhury; Jeannette Bohg,10.1109/icra55743.2025.11128834,,https://doi.org/10.1109/icra55743.2025.11128834,crossref,robotics,concept,crossref_bulk_robotics,,9,imitation learning,2026-06-12T19:29:26Z,14.751,14.751
doi:10.1007/s12206-022-0142-6,Climbing control of autonomous mobile robot with estimation of wheel slip and wheel-ground contact angle,,2022,Journal of Mechanical Science and Technology,Nabih Pico; Hong-ryul Jung; Juan Medrano; Meseret Abayebas; Dong Yeop Kim; Jung-Hoon Hwang; Hyungpil Moon,10.1007/s12206-022-0142-6,,https://doi.org/10.1007/s12206-022-0142-6,openalex,robotics,concept,openalex_bulk_robotics,,29,,2026-06-12T18:57:17Z,14.751,14.751
doi:10.1016/j.jobe.2025.113341,Transfer learning for cross-building forecasting of building energy and indoor air temperature in model predictive control applications,,2025,Journal of Building Engineering,Hongwen Dou; Kun Zhang,10.1016/j.jobe.2025.113341,,https://doi.org/10.1016/j.jobe.2025.113341,crossref,model predictive control robot learning,anti_myopia,control,,2,model predictive control,2026-06-12T15:07:36Z,14.749,18.749
doi:10.3389/frobt.2023.1164660,Control and evaluation of a humanoid robot with rolling contact joints on its lower body,"In this paper, we introduce a new teen-sized humanoid platform dubbed DRACO 3, custom-built by Apptronik and altered for practical use by the Human Centered Robotics Laboratory at The University of Texas at Austin. The form factor of DRACO 3 is such that it can operate safely in human environments while reaching objects at human heights. To approximate the range of motion of humans, this robot features proximal actuation and mechanical artifacts to provide a high range of hip, knee, and ankle motions. In particular, rolling contact mechanisms on the lower body are incorporated using a proximal actuation principle to provide an extensive vertical pose workspace. To enable DRACO 3 to perform dexterous tasks while dealing with these complex transmissions, we introduce a novel whole-body controller (WBC) incorporating internal constraints to model the rolling motion behavior. In addition, de",2023,Frontiers in Robotics and AI,Seung Hyeon Bang; Carlos Gonzalez; Junhyeok Ahn; Nicholas Paine; Luis Sentis,10.3389/frobt.2023.1164660,,https://doi.org/10.3389/frobt.2023.1164660,crossref,contact dynamics robot learning,concept,contact,,10,humanoid robot; contact dynamics,2026-06-12T15:07:36Z,14.749,15.749
doi:10.1109/mra.2022.3198372,Contact Shape and Pose Recognition: Utilizing a Multipole Magnetic Tactile Sensor With a Metalearning Model,,2022,IEEE Robotics & Automation Magazine,Ziwei Xia; Bin Fang; Fuchun Sun; Huaping Liu; Weifeng Xu; Ling Fu; Yiyong Yang,10.1109/mra.2022.3198372,,https://doi.org/10.1109/mra.2022.3198372,crossref,tactile language action robotics,concept,tactile,,32,,2026-06-12T15:07:36Z,14.748,14.748
doi:10.1109/lra.2022.3191563,"Tactile Robotic Telemedicine for Safe Remote Diagnostics in Times of Corona: System Design, Feasibility and Usability Study","The current crisis surrounding the COVID-19 pandemic demonstrates the amount of responsibility and the workload on our healthcare system and, above all, on the medical staff around the world. In this work, we propose a promising approach to overcome this problem using robot-assisted telediagnostics, which allows medical experts to examine patients from distance. The designed telediagnostic system consists of two robotic arms. Each robot is located at the doctor and patient sites. Such a system enables the doctor to have a direct conversation via telepresence and to examine patients through robot-assisted inspection (guided tactile and audiovisual contact). The proposed bilateral teleoperation system is redundant in terms of teleoperation control algorithms and visual feedback. Specifically, we implemented two main control modes: joint-based and displacement-based teleoperation. The joint",2022,IEEE Robotics and Automation Letters,Abdeldjallil Naceri; Jean Elsner; Mario Tröbinger; Hamid Sadeghian; Lars Johannsmeier; Florian Voigt; Xiao Chen; Daniela Macari; Christoph Jahne; Maximilian Berlet; Jonas Fuchtmann; Luis Figueredo; Hubertus Feusner; Dirk Wilhelm; Sami Haddadin,10.1109/lra.2022.3191563,,https://doi.org/10.1109/lra.2022.3191563,openalex,energy based model robot learning,concept,ebm,,26,teleoperation,2026-06-12T18:26:24Z,14.748,14.748
doi:10.1109/icra48891.2023.10160507,Contact Optimization for Non-Prehensile Loco-Manipulation via Hierarchical Model Predictive Control,,2023,2023 IEEE International Conference on Robotics and Automation (ICRA),Alberto Rigo; Yiyu Chen; Satyandra K. Gupta; Quan Nguyen,10.1109/icra48891.2023.10160507,,https://doi.org/10.1109/icra48891.2023.10160507,crossref,contact rich manipulation learning,concept,contact,,21,contact rich manipulation; model predictive control,2026-06-12T14:45:03Z,14.746,15.746
doi:10.1109/tro.2019.2935336,Tactile Sensing and Terrain-Based Gait Control for Small Legged Robots,,2020,IEEE Transactions on Robotics,X. Alice Wu; Tae Myung Huh; Aaron Sabin; Srinivasan A. Suresh; Mark R. Cutkosky,10.1109/tro.2019.2935336,,https://doi.org/10.1109/tro.2019.2935336,crossref,tactile language action robotics,concept,tactile,,71,,2026-06-12T15:07:36Z,14.738,14.738
doi:10.1109/lra.2022.3194315,Learning Variable Impedance Control for Aerial Sliding on Uneven Heterogeneous Surfaces by Proprioceptive and Tactile Sensing,,2022,IEEE Robotics and Automation Letters,Weixuan Zhang; Lionel Ott; Marco Tognon; Roland Siegwart,10.1109/lra.2022.3194315,,https://doi.org/10.1109/lra.2022.3194315,crossref,tactile language action robotics,concept,tactile,,31,impedance control,2026-06-12T15:07:36Z,14.733,14.733
doi:10.3390/s22114083,Large-Area and Low-Cost Force/Tactile Capacitive Sensor for Soft Robotic Applications,"This paper presents a novel design and development of a low-cost and multi-touch sensor based on capacitive variations. This new sensor is very flexible and easy to fabricate, making it an appropriate choice for soft robot applications. Materials (conductive ink, silicone, and control boards) used in this sensor are inexpensive and easily found in the market. The proposed sensor is made of a wafer of different layers, silicone layers with electrically conductive ink, and a pressure-sensitive conductive paper sheet. Previous approaches like e-skin can measure the contact point or pressure of conductive objects like the human body or finger, while the proposed design enables the sensor to detect the object's contact point and the applied force without considering the material conductivity of the object. The sensor can detect five multi-touch points at the same time. A neural network archit",2022,Sensors,Amir Pagoli; Frédéric Chapelle; Juan Antonio Corrales Ramón; Youcef Mezouar; Yuri Lapusta,10.3390/s22114083,,https://doi.org/10.3390/s22114083,openalex,robotics,concept,openalex_bulk_robotics,,51,,2026-06-12T18:57:17Z,14.726,14.726
title:real time classification of electromyographic signals for robotic control,Real-time classification of electromyographic signals for robotic control,"Advances in bioengineering have led to increasingly sophisticated prosthetic devices for amputees and paralyzed individuals. Control of such devices necessitates real-time classification of biosignals, e.g., electromyographic (EMG) signals recorded from intact muscles. In this paper, we show that a 4-degrees-of-freedom robotic arm can be controlled in real-time using non-invasive surface EMG signals recorded from the forearm. The innovative features of our system include a physiologically-informed selection of forearm muscles for recording EMG signals, intelligent choice of hand gestures for easy classification, and fast, simple feature extraction from EMG signals. Our selection of gestures is meant to intuitively map to appropriate degrees of freedom in the robotic arm. These design decisions allow us to build fast accurate classifiers online, and control a 4-DOF robotic arm in real-tim",2005,,Beau Crawford; Kai J. Miller; Pradeep Shenoy; Rajesh P. N. Rao,,,https://openalex.org/W2155981274,openalex,robotics,concept,openalex_bulk_robotics,,114,,2026-06-12T18:57:17Z,14.722,14.722
doi:10.1109/access.2023.3259539,Robotic Manipulation System Design and Control for Non-Contact Remote Diagnosis in Otolaryngology: Digital Twin Approach,,2023,IEEE Access,Sho-Hyun Lee; Dong-Woo Lee; Hwa-Seob Song; Seonmin Jeong; Yongbae Ji; Ji-Sung Song; Jiyoung Kim; Byung-Ju Yi,10.1109/access.2023.3259539,,https://doi.org/10.1109/access.2023.3259539,crossref,contact rich manipulation learning,concept,contact,,20,contact rich manipulation,2026-06-12T15:07:36Z,14.722,14.722
doi:10.1016/j.robot.2023.104448,Multi-contact planning and control for humanoid robots: Design and validation of a complete framework,,2023,Robotics and Autonomous Systems,Paolo Ferrari; Luca Rossini; Francesco Ruscelli; Arturo Laurenzi; Giuseppe Oriolo; Nikos G. Tsagarakis; Enrico Mingo Hoffman,10.1016/j.robot.2023.104448,,https://doi.org/10.1016/j.robot.2023.104448,crossref,EBM transformer robotics contact rich manipulation,concept,architecture_x_embodiment,,20,EBM transformer robotics; contact rich manipulation; humanoid robot,2026-06-12T15:07:36Z,14.722,14.722
doi:10.1016/j.desal.2024.117557,Transfer learning and pretraining enhanced physics-informed machine learning for closed-circuit reverse osmosis modeling,,2024,Desalination,Yunquan Chen; Zhiqiang Wu; Bingjian Zhang; Jingzheng Ren; Chang He; Qinglin Chen,10.1016/j.desal.2024.117557,,https://doi.org/10.1016/j.desal.2024.117557,crossref,physics informed robot learning,concept,architecture,,13,physics informed robot learning,2026-06-12T15:07:36Z,14.720,14.720
doi:10.1002/aisy.202200408,Persistent Human–Machine Interfaces for Robotic Arm Control Via Gaze and Eye Direction Tracking,"Recent advances in sensors and electronics have enabled electrooculogram (EOG) detection systems for capturing eye movements. However, EOG signals are susceptible to the sensor's skin‐contact quality, limiting the precise detection of eye angles and gaze. Herein, a two‐camera eye‐tracking system and a data classification method for persistent human–machine interfaces (HMIs) are introduced. Machine‐learning technology is used for a continuous real‐time classification of gaze and eye directions, to precisely control a robotic arm. In addition, a deep‐learning algorithm for classifying eye directions is developed and the pupil center‐corneal reflection method of an eye tracker for gaze tracking is utilized. A supervisory control and data acquisition architecture that can be universally applied to any screen‐based HMI task are used by the system. It is shown in the study that the classificat",2023,Advanced Intelligent Systems,Seunghyeb Ban; Yoon Jae Lee; Ki Jun Yu; Jae Won Chang; Jong‐Hoon Kim; Woon‐Hong Yeo,10.1002/aisy.202200408,,https://doi.org/10.1002/aisy.202200408,openalex,energy based model robot learning,concept,ebm,,16,,2026-06-12T18:26:24Z,14.717,14.717
doi:10.1109/tsmc.2017.2706694,Coordination Control of a Dual-Arm Exoskeleton Robot Using Human Impedance Transfer Skills,"This paper has developed a coordination control method for a dual-arm exoskeleton robot based on human impedance transfer skills, where the left (master) robot arm extracts the human limb impedance stiffness and position profiles, and then transfers the information to the right (slave) arm of the exoskeleton. A computationally efficient model of the arm endpoint stiffness behavior is developed and a co-contraction index is defined using muscular activities of a dominant antagonistic muscle pair. A reference command consisting of the stiffness and position profiles of the operator is computed and realized by one robot in real-time. Considering the dynamics uncertainties of the robotic exoskeleton, an adaptive-robust impedance controller in task space is proposed to drive the slave arm tracking the desired trajectories with convergent errors. To verify the robustness of the developed appro",2017,IEEE Transactions on Systems Man and Cybernetics Systems,Bo Huang; Zhijun Li; Xinyu Wu; Arash Ajoudani; Antonio Bicchi; Junqiang Liu,10.1109/tsmc.2017.2706694,,https://doi.org/10.1109/tsmc.2017.2706694,openalex,robotics,concept,openalex_bulk_robotics,,50,impedance control; robustness,2026-06-12T18:57:17Z,14.716,15.716
doi:10.1016/j.segy.2021.100044,Transfer learning applied to DRL-Based heat pump control to leverage microgrid energy efficiency,,2021,Smart Energy,Paulo Lissa; Michael Schukat; Marcus Keane; Enda Barrett,10.1016/j.segy.2021.100044,,https://doi.org/10.1016/j.segy.2021.100044,crossref,energy based model robot learning,concept,ebm,,45,,2026-06-12T15:07:36Z,14.714,14.714
doi:10.1016/j.rcim.2018.05.003,Adaptive robust control and admittance control for contact-driven robotic surface conditioning,,2018,Robotics and Computer-Integrated Manufacturing,J. Ernesto Solanes; Luis Gracia; Pau Muñoz-Benavent; Alicia Esparza; Jaime Valls Miro; Josep Tornero,10.1016/j.rcim.2018.05.003,,https://doi.org/10.1016/j.rcim.2018.05.003,crossref,classical control robotics,anti_myopia,anti_thesis,,44,classical control robotics,2026-06-12T15:07:36Z,14.703,18.703
doi:10.1109/lra.2022.3186515,Centroidal Trajectory Generation and Stabilization Based on Preview Control for Humanoid Multi-Contact Motion,,2022,IEEE Robotics and Automation Letters,Masaki Murooka; Mitsuharu Morisawa; Fumio Kanehiro,10.1109/lra.2022.3186515,,https://doi.org/10.1109/lra.2022.3186515,crossref,contact dynamics robot learning,concept,contact,,29,contact dynamics,2026-06-12T15:07:36Z,14.701,14.701
doi:10.1109/iros47612.2022.9981863,Grasp Stability Prediction with Sim-to-Real Transfer from Tactile Sensing,,2022,2022 IEEE/RSJ International Conference on Intelligent Robots and Systems (IROS),Zilin Si; Zirui Zhu; Arpit Agarwal; Stuart Anderson; Wenzhen Yuan,10.1109/iros47612.2022.9981863,,https://doi.org/10.1109/iros47612.2022.9981863,crossref,sim to real robot manipulation,concept,sim2real,,29,robot manipulation; sim to real transfer,2026-06-12T15:07:36Z,14.701,15.701
arxiv:2310.15828v1,Negative Imaginary Control Using Hybrid Integrator-Gain Systems: Application to MEMS Nanopositioner,"In this paper, we propose a new approach to address the control problem for negative imaginary (NI) systems by using hybrid integrator-gain systems (HIGS). We investigate the single HIGS of its original form and its two variations, including a multi-HIGS and the serial cascade of two HIGS. A single HIGS is shown to be a nonlinear negative imaginary system, and so is the multi-HIGS and the cascade of two HIGS. We show that these three types of HIGS can be used as controllers to asymptotically stabilize linear NI systems. The results of this paper are then illustrated in a real-world experiment where a 2-DOF microelectromechanical system nanopositioner is stabilized by a multi-HIGS.",2023,arXiv,Kanghong Shi; Nastaran Nikooienejad; Ian R. Petersen; S. O. Reza Moheimani,,2310.15828v1,http://arxiv.org/abs/2310.15828v1,arxiv,hybrid systems robot control manipulation,anti_myopia,control,,,hybrid systems,2026-06-12T15:07:36Z,14.700,19.700
doi:10.1109/tmech.2024.3465018,Representation Reinforcement Learning-Based Dense Control for Point Following With State Sparse Sensing of 3-D Snake Robots,"During robot movements, the environmental states often fail to update in real-time due to interference from various factors, such as obstacle obstructions, communication disruptions, etc., which commonly results in interruptions or even failures in motion control. To achieve dense motion control under sparse state sensing, an important challenge is to predict future multiple actions based on sparse states, which is hindered by the large and complex action search space. Unfortunately, limited research has been dedicated to addressing this challenge. Therefore, this article proposes a representation reinforcement learning (RRL) based solution, called Sparse-State to Dense-Actions Latent Control , designed to realize dense motion control of 3-D snake robots subject to sparse environmental state sensing, which guarantees satisfactory point following performance. In particular, by introducing",2024,IEEE/ASME Transactions on Mechatronics,Lixing Liu; Jiashun Liu; Xian Guo; Wei Huang; Yongchun Fang; Jianye Hao,10.1109/tmech.2024.3465018,,https://doi.org/10.1109/tmech.2024.3465018,openalex,energy based policy robotics,concept,ebm,,2,robustness,2026-06-12T18:05:07Z,14.699,16.699
doi:10.1186/s12964-025-02106-1,Emerging functions of Plakophilin 4 in the control of cell contact dynamics,"Abstract Plakophilin 4 (PKP4, also called p0071) is a unique armadillo family protein localized at adherens junctions that acts as a scaffold protein capable of clustering cadherins. PKP4 also regulates cadherin recycling which is vital to enable junction dynamics. In addition, PKP4 controls the mechanical properties of cells by regulating actin filament organization through small Rho-GTPases. In this setting, PKP4 controls the localization and activity of specific guanine exchange factors (GEFs) and of their opponents, the GTPase activating proteins (GAPs). Through the formation of multiprotein complexes with Rho-GTPases, their regulators and their effectors, PKP4 controls the spatio-temporal activity of Rho signaling to regulate cell adhesion and cell mechanics. In keratinocytes, PKP4 prevents differentiation and at the same time dampens proliferation. This is, in part achieved through",2025,Cell Communication and Signaling,Lisa Müller; Mechthild Hatzfeld,10.1186/s12964-025-02106-1,,https://doi.org/10.1186/s12964-025-02106-1,crossref,contact dynamics robot learning,concept,contact,,8,contact dynamics,2026-06-12T15:07:36Z,14.699,14.699
doi:10.3390/biomimetics8010100,Central Pattern Generator with Defined Pulse Signals for Compliant-Resistant Control of Biped Robots,"For biped robots, the ability to maintain balance under external forces is an essential requirement. Inspired by human beings’ behaviors to resist external forces, a compliant-resistant balance-control method is proposed to keep the biped robot balance subjected to an external force. A model-free trajectory generator is designed based on the central pattern generator (CPG) to generate compliant-resistant human-like behavior. The CPG pattern generator generates the desired pulse signal utilizing Matsuoka’s CPG. The signal modulator applies the defined signal to the robot’s center of mass (CoM) to generate the workspace trajectory when standing on double feet. Moreover, when standing on single foot, the output signal of the CPG will directly act on the hip joint of the robot to generate the joint space trajectory. Furthermore, the motion engine calculates the workspace trajectory into join",2023,Biomimetics,Zihan Xu; Qin Fang; Chengju Liu; Qijun Chen,10.3390/biomimetics8010100,,https://doi.org/10.3390/biomimetics8010100,openalex,energy based model robot learning,concept,ebm,,8,,2026-06-12T18:26:24Z,14.699,14.699
doi:10.1007/s00170-020-05162-8,Contact force detection and control for robotic polishing based on joint torque sensors,,2020,The International Journal of Advanced Manufacturing Technology,Yunfei Dong; Tianyu Ren; Kui Hu; Dan Wu; Ken Chen,10.1007/s00170-020-05162-8,,https://doi.org/10.1007/s00170-020-05162-8,openalex,robotics,concept,openalex_bulk_robotics,,59,,2026-06-12T18:57:17Z,14.697,14.697
doi:10.1134/s1064230719050137,Wall-Climbing Robots with Permanent-Magnet Contact Devices: Design and Control Concept of the Contact Devices,"The basic types of wall-climbing robots that use permanent magnets as locking devices are reviewed. The robots that use various locomotion techniques, viz., walking, wheeled, and caterpillar robots are considered. Special attention is paid to the design and control concept of the magnetic contact devices.",2019,Journal of Computer and Systems Sciences International,Nikita Syrykh; В. Г. Чащухин,10.1134/s1064230719050137,,https://doi.org/10.1134/s1064230719050137,openalex,robotics,concept,openalex_bulk_robotics,,21,,2026-06-12T18:57:17Z,14.696,14.696
doi:10.1177/0278364917744035,Reduced-complexity representation of the human arm active endpoint stiffness for supervisory control of remote manipulation,"In this paper, a reduced-complexity model of the human arm endpoint stiffness is introduced and experimentally evaluated for the teleimpedance control of a compliant robotic arm. The modeling of the human arm endpoint stiffness behavior is inspired by human motor control principles on the predominant use of the arm configuration in directional adjustments of the endpoint stiffness profile, and the synergistic effect of muscular activations, which contributes to a coordinated modification of the task stiffness in all Cartesian directions. Calibration and identification of the model parameters are carried out experimentally, using perturbation-based arm endpoint stiffness measurements in different arm configurations and cocontraction levels of the chosen muscles. Consequently, the real-time model is used for the remote control of a compliant robotic arm while executing a drilling task, a r",2018,The International Journal of Robotics Research,Arash Ajoudani; Cheng Fang; Nikos Tsagarakis; Antonio Bicchi,10.1177/0278364917744035,,https://doi.org/10.1177/0278364917744035,crossref,physical reasoning robotics manipulation,concept,physical_reasoning,,72,impedance control,2026-06-12T15:07:36Z,14.695,14.695
doi:10.23919/ecc64448.2024.10590785,Digital Control of Negative Imaginary Systems: A Discrete-Time Hybrid Integrator-Gain System Approach,,2024,2024 European Control Conference (ECC),Kanghong Shi; Ian R. Petersen,10.23919/ecc64448.2024.10590785,,https://doi.org/10.23919/ecc64448.2024.10590785,crossref,hybrid systems robot control manipulation,anti_myopia,control,,3,hybrid systems,2026-06-12T15:07:36Z,14.693,18.693
doi:10.1109/tbme.2016.2634861,Using Contact Forces and Robot Arm Accelerations to Automatically Rate Surgeon Skill at Peg Transfer,"OBJECTIVE: Most trainees begin learning robotic minimally invasive surgery by performing inanimate practice tasks with clinical robots such as the Intuitive Surgical da Vinci. Expert surgeons are commonly asked to evaluate these performances using standardized five-point rating scales, but doing such ratings is time consuming, tedious, and somewhat subjective. This paper presents an automatic skill evaluation system that analyzes only the contact force with the task materials, the broad-bandwidth accelerations of the robotic instruments and camera, and the task completion time. METHODS: We recruited N = 38 participants of varying skill in robotic surgery to perform three trials of peg transfer with a da Vinci Standard robot instrumented with our Smart Task Board. After calibration, three individuals rated these trials on five domains of the Global Evaluative Assessment of Robotic Skill (",2016,IEEE Transactions on Biomedical Engineering,Jeremy D. Brown; Conor O’Brien; Sarah C. Leung; Kristoffel R. Dumon; David I. Lee; Katherine J. Kuchenbecker,10.1109/tbme.2016.2634861,,https://doi.org/10.1109/tbme.2016.2634861,openalex,robotics,concept,openalex_bulk_robotics,,71,surgical robot,2026-06-12T18:57:17Z,14.688,15.688
doi:10.1109/icra57147.2024.10610081,Self Model for Embodied Intelligence: Modeling Full-Body Human Musculoskeletal System and Locomotion Control with Hierarchical Low-Dimensional Representation,,2024,2024 IEEE International Conference on Robotics and Automation (ICRA),Chenhui Zuo; Kaibo He; Jing Shao; Yanan Sui,10.1109/icra57147.2024.10610081,,https://doi.org/10.1109/icra57147.2024.10610081,crossref,embodied world model planning control,concept,world_models,,12,,2026-06-12T15:07:36Z,14.682,14.682
doi:10.1007/s00170-022-09413-8,Modeling and force control of a pneumoelectric end-effector for robotic continuous contact operations,,2022,The International Journal of Advanced Manufacturing Technology,Guolong Zhang; Guilin Yang; Yimin Deng; Chin-Yin Chen; Renfeng Zhu; Kaisheng Yang,10.1007/s00170-022-09413-8,,https://doi.org/10.1007/s00170-022-09413-8,openalex,robotics,concept,openalex_bulk_robotics,,25,force control,2026-06-12T18:57:17Z,14.679,14.679
doi:10.1002/oca.984,Optimal control of radiative heat transfer in glass cooling with restrictions on the temperature gradient,"SUMMARY This paper is motivated by an optimal boundary control problem for the cooling process of molten and already formed glass down to room temperature. The high temperatures at which glass is processed demand to include radiative heat transfer in the computational model. Since the complete radiative heat transfer equations are too complex for optimization purposes, we use simplified approximations of spherical harmonics coupled with a practically relevant frequency bands model. The optimal control problem is considered as a partial differential algebraic equation (PDAE)‐constrained optimization problem with box constraints on the control. In this paper, we augment the objective by a functional depending on the state gradient, which forces a minimization of thermal stress inside the glass. To guarantee consistent and grid‐independent values of the reduced objective gradient at the end",2012,Optimal Control Applications and Methods,D. Clever; J. Lang,10.1002/oca.984,,https://doi.org/10.1002/oca.984,crossref,optimal control robot manipulation,anti_myopia,anti_thesis,,34,robot manipulation; optimal control robot manipulation,2026-06-12T15:07:36Z,14.678,18.678
doi:10.1109/tro.2024.3378178,Fiber-Optic Force Sensing of Modular Robotic Skin for Remote and Autonomous Robot Control,"Robots have taken the place of human operators in hazardous and challenging jobs requiring high dexterity in manipulation, and robots with skin for force and tactile sensing that mimics the function of mechanoreception in animals will be highly dexterous in performing complex tasks. In this study, we propose the design of modular robotic skin, capable of detecting the magnitude and the location of a contact force simultaneously. Each skin module needs three degrees of freedom in sensing in order to estimate the horizontal and the vertical locations of the contact force as well as its magnitude. Force sensing in the proposed skin is enabled by a custom-designed triangular beam structure underneath the skin cover. A force applied to the skin cover causes the bending of the beam, which is detected by fiber optic strain sensors. The result shows the resolutions of 1.45 N for force estimation",2024,IEEE Transactions on Robotics,Sudong Lee; Jae In Kim; Youngjoon Baek; Dongjune Chang; Jeong-Seob Lee; Young Soo Park; Dongjun Lee; Yong‐Lae Park,10.1109/tro.2024.3378178,,https://doi.org/10.1109/tro.2024.3378178,openalex,robotics,concept,openalex_bulk_robotics,,20,,2026-06-12T18:57:17Z,14.672,14.672
doi:10.1109/lra.2023.3264764,Learning Graph Dynamics With External Contact for Deformable Linear Objects Shape Control,,2023,IEEE Robotics and Automation Letters,Yichen Huang; Chongkun Xia; Xueqian Wang; Bin Liang,10.1109/lra.2023.3264764,,https://doi.org/10.1109/lra.2023.3264764,crossref,contact dynamics robot learning,concept,contact,,18,contact dynamics,2026-06-12T14:45:03Z,14.672,14.672
doi:10.1109/robot.2006.1641993,Contact consistent control framework for humanoid robots,"This paper presents a framework for the dynamical formulation and control of humanoid systems. In this framework unactuated virtual joints are used to describe the humanoid's configuration with respect to the inertial frame. The dynamics of the system are then formulated in a general manner that considers arbitrary contact with the environment. A control structure is implemented for both motion and contact forces that accounts for under-actuation due to the virtual joints. A strategy is also implemented to address transitions between different contact states. Simulation results are presented that demonstrate this overall framework for many behaviors such as standing, walking, jumping, and hand manipulation with walking",2006,,Jaeheung Park; Oussama Khatib,10.1109/robot.2006.1641993,,https://doi.org/10.1109/robot.2006.1641993,openalex,robotics,concept,openalex_bulk_robotics,,101,humanoid robot,2026-06-12T18:57:17Z,14.662,14.662
doi:10.1109/icra48506.2021.9561781,Extrinsic Contact Sensing with Relative-Motion Tracking from Distributed Tactile Measurements,,2021,2021 IEEE International Conference on Robotics and Automation (ICRA),Daolin Ma; Siyuan Dong; Alberto Rodriguez,10.1109/icra48506.2021.9561781,,https://doi.org/10.1109/icra48506.2021.9561781,crossref,tactile language action robotics,concept,tactile,,40,,2026-06-12T15:07:36Z,14.657,14.657
doi:10.1109/lra.2021.3064247,Real-Time Simulation for Control of Soft Robots With Self-Collisions Using Model Order Reduction for Contact Forces,,2021,IEEE Robotics and Automation Letters,Olivier Goury; Bruno Carrez; Christian Duriez,10.1109/lra.2021.3064247,,https://doi.org/10.1109/lra.2021.3064247,crossref,EBM transformer robotics soft robot manipulation,concept,architecture_x_embodiment,,40,EBM transformer robotics; robot manipulation; soft robot manipulation,2026-06-12T15:07:36Z,14.657,14.657
doi:10.3390/robotics9040083,Mapping Three Electromyography Signals Generated by Human Elbow and Shoulder Movements to Two Degree of Freedom Upper-Limb Robot Control,"This article sought to address issues related to human-robot cooperation tasks focusing especially on robotic operation using bio-signals. In particular, we propose to develop a control scheme for a robot arm based on electromyography (EMG) signal that allows a cooperative task between humans and robots that would enable teleoperations. A basic framework for achieving the task and conducting EMG signals analysis of the motion of upper limb muscles for mapping the hand motion is presented. The objective of this work is to investigate the application of a wearable EMG device to control a robot arm in real-time. Three EMG sensors are attached to the brachioradialis, biceps brachii, and anterior deltoid muscles as targeted muscles. Three motions were conducted by moving the arm about the elbow joint, shoulder joint, and a combination of the two joints giving a two degree of freedom. Five sub",2020,Robotics,Pringgo Widyo Laksono; Kojiro Matsushita; Muhammad Syaiful Amri bin Suhaimi; Takahide Kitamura; Waweru Njeri; Joseph Muguro; Minoru Sasaki,10.3390/robotics9040083,,https://doi.org/10.3390/robotics9040083,crossref,robotics,concept,crossref_bulk_robotics,,14,teleoperation,2026-06-12T19:29:26Z,14.654,14.654
doi:10.1115/imece1997-0851,Chaos Analysis and Contact Dynamics of Heat Transfer in a Gas-Fluidized Bed,"Abstract The present study examines fundamental aspects of the heat transfer and hydrodynamics in pulse-stabilized fluidization from a chaos perspective. The pulsed atmospheric fluidized bed combustor (PAFBC), a pulsed combustor coupled with an atmospheric bubbling fluidized bed, has technical advantages in energy efficiency and emissions. The flow in the tailpipe of the pulsed combustor was modeled in a laboratory scale fluidized bed by superimposing an oscillating component on a steady mean component. Time-varying local heat transfer was measured from a heated horizontal cylinder to the cold bed. Contact dynamics and spectral analysis of instantaneous heat flux signals clearly indicate that the bed hydrodynamics were significantly altered by the opposing secondary flow. The purpose of the present paper is to quantify these changes using chaos analysis and fractal measures. Specifically",1997,Heat Transfer: Volume 1,Deborah V. Pence; Donald E. Beasley,10.1115/imece1997-0851,,https://doi.org/10.1115/imece1997-0851,crossref,contact dynamics robot learning,concept,contact,,,contact dynamics,2026-06-12T15:07:36Z,14.650,14.650
doi:10.20965/jrm.1999.p0331,Noncontact Hold and Transfer Control by a Two-link Robot Arm with a Magnetic Robot Hand,We developed a two-link robot arm with a magnetic hand constructed from an electromagnet and a gap sensor. The sensor consists of an excitation current sensor and a Hall element. We then designed noncontact hold and transfer control consisting of a magnetic H ∞ robust levitation controller of the steel sphere using the robot hand and a high-precision tracking controller using a disturbance cancellation controller based on a disturbance observer. The magnetic H ∞ robust levitation controller is designed using normalized caprice factorization. We conducted an experiments on non contact hold and transfer control of the steel sphere and demonstrated the high performance of control using the 2-link robot arm and the magnetic robot hand.,1999,Journal of Robotics and Mechatronics,Hiroyuki Kojima; Osamu Itagaki; Toshio Kobayashi,10.20965/jrm.1999.p0331,,https://doi.org/10.20965/jrm.1999.p0331,crossref,EBM transformer robotics multi robot system,concept,architecture_x_embodiment,,,EBM transformer robotics; robot hand; multi robot system,2026-06-12T15:07:36Z,14.650,14.650
doi:10.1088/1402-4896/ad6512,Parameters identification and contact interaction control of redundant robot based on dynamic model,"Abstract Human-redundant robot contact interaction control based on joint current is conducted. This is a sensorless control method. The key issues involved are dynamic parameters identification and interaction control strategy of robot. Firstly, kinematics model and linear dynamic model of robot are established and dynamic parameter matrix to be identified is obtained. Pattern search method is adopted to optimize motion trajectory of robot. Dynamic parameters is obtained by using least square method. The results indicate that the calculated current has a consistent trend with actual measured value, and the current error is small. In order to achieve independent control in null space, motion decoupling model of robot is established, and impedance control is applied to null space. When the force is applied to robot, based on impedance control and joint current changes, robot can move alon",2024,Physica Scripta,Yu Li; Hao Bian; Liang Wang,10.1088/1402-4896/ad6512,,https://doi.org/10.1088/1402-4896/ad6512,crossref,contact dynamics robot learning,concept,contact,,2,contact dynamics; force control; impedance control,2026-06-12T15:07:36Z,14.649,14.649
doi:10.3390/math12142188,Balance and Walking Control for Biped Robot Based on Divergent Component of Motion and Contact Force Optimization,"This paper presents a complete planner and controller scheme to achieve balance and walking for a biped robot, which does not need to distinguish the robot’s dynamic model parameters. The high-level planner utilizes model predictive control to optimize both the foothold location and step duration based on the Divergent Component of Motion (DCM) model to enhance the robustness of generated gaits. For low-level control, we use quadratic programming (QP) to optimize the contact force distribution under the contact constraints to achieve the virtual wrench exerted on the base of the robot. Then, the joint torques sent to the robot are derived from three parts: first, the torques mapped from the contact force; second, the swing leg tracking; and third, the stance foot stabilization. The simulation and experiment on BRUCE, a miniature bipedal robot from Westwood Robotics (Los Angeles, CA, USA)",2024,Mathematics,Shuai Heng; Xizhe Zang; Chao Song; Boyang Chen; Yue Zhang; Yanhe Zhu; Jie Zhao,10.3390/math12142188,,https://doi.org/10.3390/math12142188,crossref,contact dynamics robot learning,concept,contact,,2,contact dynamics; model predictive control; robustness,2026-06-12T15:07:36Z,14.649,16.649
doi:10.1002/oca.2765,Optimal control of friction coefficient in Signorini contact problems,"Abstract The optimal control of friction coefficient in Signorini contact problem is handled. First, we give the Tikhonov regularized optimal control problem subject to quasivariational inequality of the second kind. Since the relation control‐state is weak, we introduce another penalized control problem based algorithm of Bensoussan–Lions type applied to the quasi‐variational inequality. In order to get the optimality condition, and since the cost function is not differentiable, the quasi‐variational inequality is regularized to be a variational equality.",2021,Optimal Control Applications and Methods,El‐Hassan Essoufi; Abderrahim Zafrar,10.1002/oca.2765,,https://doi.org/10.1002/oca.2765,crossref,optimal control robot manipulation,anti_myopia,anti_thesis,,2,robot manipulation; optimal control robot manipulation,2026-06-12T15:07:36Z,14.649,18.649
doi:10.1115/1.4063870,Active Control of Contact Force for a Quasi-Translational Flexible-Link Parallel Mechanism,"Abstract For practical applications of interactive manipulation, active contact control is one of the fundamental functions that flexible-link parallel mechanisms (FLPMs) should be equipped with. In this paper, a force control approach is proposed for FLPMs to make active adjustment toward their payload, which cannot be directly achieved by their intrinsic passive compliance. To begin with, at a starting configuration the Jacobian matrix is accurately calculated with the finite difference method, while at non-starting configurations it is deduced with an increment-based approach. The compliance model is derived through mapping from the joint stiffness within each elastic rod. On this basis, the differential relation among pose, payload, and actuation variables is constructed to form the control logic, whose correctness and feasibility are then verified with simulations. Finally, interact",2024,Journal of Mechanisms and Robotics,Hao Pan; Shujie Tang; Genliang Chen; Hao Wang,10.1115/1.4063870,,https://doi.org/10.1115/1.4063870,crossref,robotics,concept,crossref_bulk_robotics,,2,force control,2026-06-12T19:29:26Z,14.649,14.649
doi:10.3390/s24123956,Research on Foot Contact State Detection Technology of Wheel-Legged Robot,"The accurate perception of external environment information through the robot foot is crucial for the mobile robot to evaluate its ability to traverse terrain. Adequate foot-end contact signals can provide robust support for robot motion control and decision-making processes. The shape and uncertain rotation of the wheel-legged robot foot end represent a significant challenge to sensing the robot foot-end contact state, which current foot-end sensing schemes cannot solve. This paper presents a sensing method for the tire stress field of wheel-legged robots. A finite element analysis was conducted to study the deformation characteristics of the foot-end tire under force. Based on this analysis, a heuristic contact position estimator was designed that utilizes symmetrical deformation characteristics. Strain sensors, arranged in an array, extract the deformation information on the inner sur",2024,Sensors,Yaodong Wang; Meng Hong; Hui Chai; Yinglong Zhang; Guan Wang; Chaoqun Wu; Min Guo,10.3390/s24123956,,https://doi.org/10.3390/s24123956,crossref,contact dynamics robot learning,concept,contact,,10,contact dynamics,2026-06-12T15:07:36Z,14.649,14.649
doi:10.1109/access.2022.3215267,Malware Detection by Control-Flow Graph Level Representation Learning With Graph Isomorphism Network,,2022,IEEE Access,Yun Gao; Hirokazu Hasegawa; Yukiko Yamaguchi; Hajime Shimada,10.1109/access.2022.3215267,,https://doi.org/10.1109/access.2022.3215267,crossref,scene graph robot learning,concept,architecture,,26,scene graph robot learning,2026-06-12T15:07:36Z,14.648,14.648
doi:10.1109/romoco.2019.8787358,Cooperative Control of Integrator Negative Imaginary Systems with Application to Rendezvous Multiple Mobile Robots,"This paper contributes to the solution of mobile robots rendezvous problem via the negative imaginary (NI) systems theory. Cooperative control strategies are proposed for integrator NI systems. These control strategies are beneficial because they can be directly applied to wheeled mobile robots. First, we show that the NI property is preserved for multiple multi-input multi-output (MIMO) integrator systems with directional information flow that is balanced and strongly connected. Then, we derive conditions that guarantee output consensus and output tracking for strongly connected, balanced and directed networks of integrators subject to energy-bounded disturbances using the NI internal stability theorems. Finally, experimental and simulation results are provided to validate the effectiveness of the proposed NI cooperative tracking results to achieve rendezvous of multiple nonholonomic wh",2019,,Ola Skeik; Junyan Hu; Farshad Arvin; Alexander Lanzon,10.1109/romoco.2019.8787358,,https://doi.org/10.1109/romoco.2019.8787358,openalex,robotics,concept,openalex_bulk_robotics,,19,,2026-06-12T18:57:17Z,14.648,15.648
doi:10.1002/aisy.202500149,Real‐Time Control of a Humanoid Robot for Whole‐Body Tactile Interaction,"Enabling robots to interact physically with complex, unstructured environments remains a significant challenge. Methods relying solely on joint‐torque sensing suffer from ambiguity in multicontact scenarios, while vision is prone to occlusion. This article presents an approach using a whole‐body tactile skin sensor network to address these limitations by integrating feedback for compliance, force control, and collision avoidance. The control framework uses quadratic programming to integrate rich tactile and proximity feedback from the skin network. To maintain real‐time performance with this dense sensory data, the method clusters sensor activations into active regions. This enables the robot to generate whole‐body compliance, regulate interaction forces across various body parts, and transform proximity feedback into distance constraints to dynamically avoid collisions in unmodeled envi",2025,Advanced Intelligent Systems,Simon Armleder; Florian Bergner; Julio Rogelio Guadarrama‐Olvera; Jun Nakanishi; Gordon Cheng,10.1002/aisy.202500149,,https://doi.org/10.1002/aisy.202500149,crossref,whole body manipulation humanoid,concept,humanoid,,1,humanoid robot; force control; limitation; occlusion,2026-06-12T14:45:03Z,14.647,15.647
doi:10.1007/s11370-025-00628-8,A cross-task visuo-tactile representation using point clouds,"Abstract Combining visual and tactile cues has proven effective for object recognition, grasping, and manipulation tasks. However, integrating these modalities is challenging as tactile and visual data convey distinct information and differ structurally. Researchers have addressed this problem by proposing approaches that either do not consider mechanical properties conveyed by tactile sensors or cannot be deployed directly for diverse tasks. In this paper, we propose a cross-task visuo-tactile representation that encodes both the geometrical and mechanical properties of objects in a point cloud (PC) data structure. By physically exploring different areas of a given item, we collect tactile information to estimate the local compliance of the surface, encoding it as the color information of the PC in the probed areas. This color information is extended to the entire object assuming that n",2025,Intelligent Service Robotics,Giammarco Caroleo; Alessandro Albini; Perla Maiolino,10.1007/s11370-025-00628-8,,https://doi.org/10.1007/s11370-025-00628-8,crossref,tactile language action robotics,concept,tactile,,1,,2026-06-12T14:45:03Z,14.647,14.647
doi:10.3390/robotics15010022,Vision-Guided Grasp Planning for Prosthetic Hands with AABB-Based Object Representation,"Recent advancements in prosthetic technology have increasingly focused on enhancing dexterity and autonomy through intelligent control systems. Vision-based approaches offer promising results for enabling prosthetic hands to interact more naturally with diverse objects in dynamic environments. Building on this foundation, the paper presents a vision-guided grasping algorithm for a prosthetic hand, integrating perception, planning, and control for dexterous manipulation. A camera mounted on the set up captures the scene, and a Bounding Volume Hierarchy (BVH)-based vision algorithm is employed to segment an object for grasping and define its bounding box. Grasp contact points are then computed by generating candidate trajectories using Rapidly-exploring Random Tree Star (RRT*) algorithm, and selecting fingertip end poses based on the minimum Euclidean distance between these trajectories an",2026,Robotics,Shifa Sulaiman; Akash Bachhar; Ming Shen; Simon Bøgh,10.3390/robotics15010022,,https://doi.org/10.3390/robotics15010022,crossref,vision language action model limitation robotics,hostile,failure,,1,vision language action model; dexterous manipulation; limitation,2026-06-12T15:07:36Z,14.647,19.647
doi:10.65109/qczn2589,Discovery and Deployment of Emergent Robot Swarm Behaviors via Representation Learning and Real2Sim2Real Transfer,"Given a swarm of limited-capability robots, we seek to automatically discover the set of possible emergent behaviors. Prior approaches to behavior discovery rely on human feedback or hand-crafted behavior metrics to represent and evolve behaviors and only discover behaviors in simulation, without testing or considering the deployment of these new behaviors on real robot swarms. In this work, we present Real2Sim2Real Behavior Discovery via Self-Supervised Representation Learning, which combines representation learning and novelty search to discover possible emergent behaviors automatically in simulation and enable direct controller transfer to real robots. First, we evaluate our method in simulation and show that our proposed self-supervised representation learning approach outperforms previous hand-crafted metrics by more accurately representing the space of possible emergent behaviors. ",2025,International Joint Conference on Autonomous Agents and Multiagent Systems Proceedings of the Third International Joint Conference on Autonomous Agents and Multiagent Systems - Volume 1,Connor Mattson; Varun Raveendra; Ricardo Vega; Cameron Nowzari; Daniel S. Drew; Daniel S. Brown,10.65109/qczn2589,,https://doi.org/10.65109/qczn2589,crossref,real world robot learning deployment,concept,deployment,,1,deployment,2026-06-12T15:07:36Z,14.647,16.647
doi:10.1108/ir-04-2025-0131,Interaction force control for robotic manipulators in contact tasks via prescribed performance-enhanced impedance regulation,"Purpose Interaction force control is crucial for robotic manipulators in contact tasks. For different tasks, robotic manipulators are expected to possess adaptive capability to modulate interaction force performance. To this end, this paper aims to propose an interaction force control scheme for robotic contact tasks via prescribed performance-enhanced impedance regulation. Design/methodology/approach The proposed scheme integrates Dual Prescribed Performance boundary in impedance outer loop and position inner loop in parallel, named DPP-IC. Based on the performance boundary, the interaction force deviation is transformed into matching position adjustment compensation for enhancing impedance regulation in contact tasks. The compensation together with the output of the standard impedance model is then used as desired input in our designed prescribed performance PID controller (PPC-PID) in",2026,Industrial Robot: the international journal of robotics research and application,Zhengchun Hua; Hao Wu; Xi Yuan; Jie Chen,10.1108/ir-04-2025-0131,,https://doi.org/10.1108/ir-04-2025-0131,crossref,EBM transformer robotics industrial robot,concept,architecture_x_embodiment,,1,EBM transformer robotics; industrial robot; force control; impedance control,2026-06-12T15:07:36Z,14.647,14.647
doi:10.3390/ma17153695,State Space Representation of Jiles–Atherton Hysteresis Model and Application for Closed-Loop Control,"Hysteresis is a fundamental characteristic of magnetic materials. The Jiles–Atherton (J-A) hysteresis model, which is known for its few parameters and clear physical interpretations, has been widely employed in simulating hysteresis characteristics. To better analyze and compute hysteresis behavior, this study established a state space representation based on the primitive J-A model. First, based on the five fundamental equations of the J-A model, a state space representation was established through variable substitution and simplification. Furthermore, to address the singularity problem at zero crossings, local linearization was obtained through an approximation method based on the actual physical properties. Based on these, the state space model was implemented using the S-function. To validate the effectiveness of the state space model, the hysteresis loops were obtained through COMSO",2024,Materials,Jiye Zhao; Jiqiang Zhou; Lu Zhang; Jinji Sun,10.3390/ma17153695,,https://doi.org/10.3390/ma17153695,crossref,state space model robot policy,concept,architecture,,5,state space model robot policy; hysteresis,2026-06-12T15:07:36Z,14.646,14.646
doi:10.1109/iros55552.2023.10341811,Real2Sim2Real Transfer for Control of Cable-Driven Robots Via a Differentiable Physics Engine,,2023,2023 IEEE/RSJ International Conference on Intelligent Robots and Systems (IROS),Kun Wang; William R. Johnson; Shiyang Lu; Xiaonan Huang; Joran Booth; Rebecca Kramer-Bottiglio; Mridul Aanjaneya; Kostas Bekris,10.1109/iros55552.2023.10341811,,https://doi.org/10.1109/iros55552.2023.10341811,crossref,differentiable physics robot learning,concept,architecture,,17,differentiable physics robot learning,2026-06-12T15:07:36Z,14.645,14.645
doi:10.1126/scirobotics.adg5014,Versatile multicontact planning and control for legged loco-manipulation,"Loco-manipulation planning skills are pivotal for expanding the utility of robots in everyday environments. These skills can be assessed on the basis of a system’s ability to coordinate complex holistic movements and multiple contact interactions when solving different tasks. However, existing approaches have been merely able to shape such behaviors with hand-crafted state machines, densely engineered rewards, or prerecorded expert demonstrations. Here, we propose a minimally guided framework that automatically discovers whole-body trajectories jointly with contact schedules for solving general loco-manipulation tasks in premodeled environments. The key insight is that multimodal problems of this nature can be formulated and treated within the context of integrated task and motion planning (TAMP). An effective bilevel search strategy was achieved by incorporating domain-specific rules an",2023,Science Robotics,Jean-Pierre Sleiman; Farbod Farshidian; Marco Hutter,10.1126/scirobotics.adg5014,,https://doi.org/10.1126/scirobotics.adg5014,crossref,visuotactile robot manipulation,concept,tactile,,65,robot manipulation; motion planning; task and motion planning,2026-06-12T14:45:03Z,14.645,15.645
doi:10.1109/lra.2023.3346748,Contact-Rich SE(3) -Equivariant Robot Manipulation Task Learning via Geometric Impedance Control,,2024,IEEE Robotics and Automation Letters,Joohwan Seo; Nikhil P. S. Prakash; Xiang Zhang; Changhao Wang; Jongeun Choi; Masayoshi Tomizuka; Roberto Horowitz,10.1109/lra.2023.3346748,,https://doi.org/10.1109/lra.2023.3346748,crossref,contact dynamics robot learning,concept,contact,,11,robot manipulation; contact dynamics; impedance control,2026-06-12T14:45:03Z,14.642,14.642
doi:10.1109/iros58592.2024.10801751,Contact-Implicit Model Predictive Control for Dexterous In-hand Manipulation: A Long-Horizon and Robust Approach,,2024,2024 IEEE/RSJ International Conference on Intelligent Robots and Systems (IROS),Yongpeng Jiang; Mingrui Yu; Xinghao Zhu; Masayoshi Tomizuka; Xiang Li,10.1109/iros58592.2024.10801751,,https://doi.org/10.1109/iros58592.2024.10801751,crossref,contact rich manipulation learning,concept,contact,,11,contact rich manipulation; model predictive control; long horizon,2026-06-12T15:07:36Z,14.642,15.642
doi:10.1109/tro.2025.3593087,"Vision-Based Proximity and Tactile Sensing for Robot Arms: Design, Perception, and Control",,2025,IEEE Transactions on Robotics,Quan Khanh Luu; Dinh Quang Nguyen; Nhan Huu Nguyen; Nam Phuong Dam; Van Anh Ho,10.1109/tro.2025.3593087,,https://doi.org/10.1109/tro.2025.3593087,crossref,tactile language action robotics,concept,tactile,,7,,2026-06-12T15:07:36Z,14.640,14.640
doi:10.1016/j.egyr.2025.07.003,Deep reinforcement learning-based control of thermal energy storage for university classrooms: Co-Simulation with TRNSYS-Python and transfer learning across operational scenarios,,2025,Energy Reports,Giacomo Buscemi; Francesco Paolo Cuomo; Giuseppe Razzano; Francesco Liberato Cappiello; Silvio Brandi,10.1016/j.egyr.2025.07.003,,https://doi.org/10.1016/j.egyr.2025.07.003,crossref,energy based model robot learning,concept,ebm,,7,,2026-06-12T17:50:07Z,14.640,14.640
doi:10.1109/iros40897.2019.8967695,Sim-to-(Multi)-Real: Transfer of Low-Level Robust Control Policies to Multiple Quadrotors,,2019,2019 IEEE/RSJ International Conference on Intelligent Robots and Systems (IROS),Artem Molchanov; Tao Chen; Wolfgang Hönig; James A. Preiss; Nora Ayanian; Gaurav S. Sukhatme,10.1109/iros40897.2019.8967695,,https://doi.org/10.1109/iros40897.2019.8967695,crossref,sim to real robot manipulation,concept,sim2real,,87,robot manipulation,2026-06-12T15:07:36Z,14.639,15.639
doi:10.1109/tmech.2018.2866916,Damping and Transfer Control System With Parallel Linkage Mechanism-Based Active Vibration Reducer for Omnidirectional Wheeled Robots,"This paper proposes a damping and transfer control system with an active vibration reducer for omnidirectional wheeled robots. The active vibration reducer, which is installed on omnidirectional wheeled robots that use three omni wheels, employs a parallel linkage mechanism and three pneumatic actuators. A spherical pendulum, used as a tentative transfer object, is installed on the endplate of the reducer. The acceleration of the robot is shaped with a notch-filter, and the endplate is controlled by an optimal regulator to damp the swinging of the pendulum generated as the robot moves. The results of experiments conducted in which the robot travelled horizontally along a smooth straight path and a smooth circular path, respectively, and also along a straight path over uneven terrain indicate that the damping performance of the proposed system is effective and satisfactory.",2018,IEEE/ASME Transactions on Mechatronics,Masafumi HAMAGUCHI,10.1109/tmech.2018.2866916,,https://doi.org/10.1109/tmech.2018.2866916,openalex,robotics,concept,openalex_bulk_robotics,,28,,2026-06-12T18:57:17Z,14.634,14.634
doi:10.1016/j.mechatronics.2021.102545,Control of robotic object pivoting based on tactile sensing,,2021,Mechatronics,Marco Costanzo,10.1016/j.mechatronics.2021.102545,,https://doi.org/10.1016/j.mechatronics.2021.102545,openalex,robotics,concept,openalex_bulk_robotics,,34,,2026-06-12T18:57:17Z,14.628,14.628
doi:10.1177/02783649251379516,"Tactile SoftHand-A: 3D-printed, tactile, highly underactuated, anthropomorphic robot hand with an antagonistic tendon mechanism","A challenging and important problem for tendon-driven multi-fingered robotic hands is to ensure grasping adaptivity while minimizing the number of actuators needed to provide human-like functionality. Inspired by the Pisa/IIT SoftHand, this paper introduces a 3D-printed, highly underactuated, tactile-sensorized, five-finger robotic hand named the Tactile SoftHand-A, which features an antagonistic mechanism to actively open and close the hand. Our proposed dual-tendon design gives options that allow active control of specific (distal or proximal interphalangeal) joints; for example, to adjust from an enclosing to fingertip grasp or to manipulate an object with a fingertip. We also develop and integrate a new design of fully 3D-printed vision-based tactile sensor within the fingers that requires minimal hand assembly. A control scheme based on analytically extracting contact location and s",2026,The International Journal of Robotics Research,Haoran Li; Christopher J. Ford; Chenghua Lu; Yijiong Lin; Matteo Bianchi; Manuel G. Catalano; Efi Psomopoulou; Nathan F. Lepora,10.1177/02783649251379516,,https://doi.org/10.1177/02783649251379516,crossref,tactile language action robotics,concept,tactile,,6,robot hand,2026-06-12T14:45:03Z,14.623,14.623
doi:10.1109/icra48891.2023.10160526,Neural Contact Fields: Tracking Extrinsic Contact with Tactile Sensing,,2023,2023 IEEE International Conference on Robotics and Automation (ICRA),Carolina Higuera; Siyuan Dong; Byron Boots; Mustafa Mukadam,10.1109/icra48891.2023.10160526,,https://doi.org/10.1109/icra48891.2023.10160526,crossref,tactile language action robotics,concept,tactile,,16,,2026-06-12T15:07:36Z,14.617,14.617
doi:10.1001/jamainternmed.2020.2072,"Contact Tracing, Testing, and Control of COVID-19—Learning From Taiwan",,2020,JAMA Internal Medicine,Robert Steinbrook,10.1001/jamainternmed.2020.2072,,https://doi.org/10.1001/jamainternmed.2020.2072,crossref,contact rich manipulation learning,concept,contact,,55,contact rich manipulation,2026-06-12T15:07:36Z,14.613,14.613
doi:10.1145/1778765.1778865,Sampling-based contact-rich motion control,"Human motions are the product of internal and external forces, but these forces are very difficult to measure in a general setting. Given a motion capture trajectory, we propose a method to reconstruct its open-loop control and the implicit contact forces. The method employs a strategy based on randomized sampling of the control within user-specified bounds, coupled with forward dynamics simulation. Sampling-based techniques are well suited to this task because of their lack of dependence on derivatives, which are difficult to estimate in contact-rich scenarios. They are also easy to parallelize, which we exploit in our implementation on a compute cluster. We demonstrate reconstruction of a diverse set of captured motions, including walking, running, and contact rich tasks such as rolls and kip-up jumps. We further show how the method can be applied to physically based motion transformat",2010,ACM Transactions on Graphics,Libin Liu; KangKang Yin; Michiel van de Panne; Tianjia Shao; Weiwei Xu,10.1145/1778765.1778865,,https://doi.org/10.1145/1778765.1778865,crossref,contact rich manipulation learning,concept,contact,,100,contact rich manipulation; limitation,2026-06-12T15:07:36Z,14.608,15.608
doi:10.1177/0278364906065385,A Haptic Teleoperation Approach Based on Contact Force Control,"This paper presents a new teleoperation approach using a virtual spring, and local contact force control on the slave robot. The operational space framework provides the control structure needed to achieve decoupled task dynamics. A virtual spring connects the master and slave systems and a closed-loop force controller compensates for the dynamics of the slave system, rendering transparent the effector of the slave robotic system. The active force control approach allows the desired motion and contact forces to be combined in a single force command. The required performance and robustness of force control are achieved by a full state reconstruction using a modified Kalman estimator, which addresses disturbances and modeling uncertainties. The performance of both telepresence and force control are further improved by on-line stiffness estimation of the object in contact with the effector.",2006,The International Journal of Robotics Research,Jaeheung Park; Oussama Khatib,10.1177/0278364906065385,,https://doi.org/10.1177/0278364906065385,crossref,score based policy robotics,concept,diffusion,,100,mobile manipulation; force control; teleoperation; robustness,2026-06-12T15:07:36Z,14.608,15.608
doi:10.3390/en14041006,Virtual State Feedback Reference Tuning and Value Iteration Reinforcement Learning for Unknown Observable Systems Control,"In this paper, a novel Virtual State-feedback Reference Feedback Tuning (VSFRT) and Approximate Iterative Value Iteration Reinforcement Learning (AI-VIRL) are applied for learning linear reference model output (LRMO) tracking control of observable systems with unknown dynamics. For the observable system, a new state representation in terms of input/output (IO) data is derived. Consequently, the Virtual State Feedback Tuning (VRFT)-based solution is redefined to accommodate virtual state feedback control, leading to an original stability-certified Virtual State-Feedback Reference Tuning (VSFRT) concept. Both VSFRT and AI-VIRL use neural networks controllers. We find that AI-VIRL is significantly more computationally demanding and more sensitive to the exploration settings, while leading to inferior LRMO tracking performance when compared to VSFRT. It is not helped either by transfer learn",2021,Energies,Mircea‐Bogdan Rădac; Anamaria-Ioana Borlea,10.3390/en14041006,,https://doi.org/10.3390/en14041006,openalex,energy based model robot learning,concept,ebm,,29,,2026-06-12T18:26:24Z,14.601,14.601
doi:10.1038/nrn2621,Coding and use of tactile signals from the fingertips in object manipulation tasks,,2009,Nature Reviews Neuroscience,Roland S. Johansson; J. Randall Flanagan,10.1038/nrn2621,,https://doi.org/10.1038/nrn2621,crossref,deformable object manipulation robot learning,concept,deformable,,1848,deformable object manipulation,2026-06-12T15:07:36Z,14.600,14.600
doi:10.1109/icra57147.2024.10611305,Hearing Touch: Audio-Visual Pretraining for Contact-Rich Manipulation,,2024,2024 IEEE International Conference on Robotics and Automation (ICRA),Jared Mejia; Victoria Dean; Tess Hellebrekers; Abhinav Gupta,10.1109/icra57147.2024.10611305,,https://doi.org/10.1109/icra57147.2024.10611305,crossref,contact rich manipulation learning,concept,contact,,10,contact rich manipulation,2026-06-12T14:45:03Z,14.599,14.599
doi:10.1080/00207721.2024.2367711,A robust interpolated model predictive control based on recurrent neural networks for a nonholonomic differential-drive mobile robot with quasi-LPV representation: computational complexity and conservatism,,2024,International Journal of Systems Science,Mohsen Hadian; W. J. Zhang; Danial Etesami,10.1080/00207721.2024.2367711,,https://doi.org/10.1080/00207721.2024.2367711,crossref,recurrent robot policy,concept,architecture,,10,recurrent robot policy; model predictive control,2026-06-12T15:07:36Z,14.599,15.599
doi:10.46690/ager.2025.06.05,Multi-fidelity machine learning with knowledge transfer enhances geothermal energy system design and optimization,"Designing and optimizing the control schemes of geothermal energy systems is a challenging and time-consuming work due to the vast parameter space and computationally intensive simulations. Canonical evolutionary optimization approaches are laborious, slow to converge, and may not provide optimal well-control scheme for geothermal energy systems. To tackle these issues, this work reports a machine learning-guided real-time flow control optimization for enhanced geothermal systems. This approach fully leverages existing data throughout the optimization phase by creating multi-fidelity surrogate models, which comprise coarse and fine models. The coarse model strategically selects a subset of variables to develop a low-fidelity representation, while the fine model utilizes all available variables to construct a high-fidelity surrogate. Knowledge transfer from coarse surrogate can guide the ",2025,ADVANCES IN GEO-ENERGY RESEARCH,Guodong Chen; Jiu Jimmy Jiao; Zhongzheng Wang; Qinyang Dai,10.46690/ager.2025.06.05,,https://doi.org/10.46690/ager.2025.06.05,openalex,energy based model robot learning,concept,ebm,,5,benchmark,2026-06-12T18:26:24Z,14.596,15.596
doi:10.3390/en13112959,Energy Shaping Control for Wireless Power Transfer System in Automatic Guided Vehicles,"This paper proposes an energy shaping controller of a DC/DC converter for automatic guided vehicles (AGVs) wireless power transfer (WPT). A transformer is inserted after the LCC topology to improve the transfer power, and the DC/DC boost converter is added before this topology to obtain desired systematic power dynamically. The system power transfer model is derived based on the idea of voltage transformation and the desired power can be implemented indirectly through regulating desired output voltage of DC/DC converter. With the proposed controller, this WPT system will have a much better dynamic performance and the effective working time can be increased significantly. Furthermore, this paper proposes dynamical regulation strategy for output power to get real time target power according to the charging curve of the battery. Simulation and experimental results verified the control perfo",2020,Energies,Wenjie Chen; Jia Liu; Si Chen; Liyan Zhang,10.3390/en13112959,,https://doi.org/10.3390/en13112959,openalex,transformer energy based model robotics,concept,ebm_transformer,,11,energy based model robotics,2026-06-12T18:05:07Z,14.592,14.592
doi:10.1109/tie.2025.3558030,Sim-to-Real Transfer in Reinforcement Learning for Maneuver Control of a Variable-Pitch MAV,,2025,IEEE Transactions on Industrial Electronics,Zhikun Wang; Shiyu Zhao,10.1109/tie.2025.3558030,,https://doi.org/10.1109/tie.2025.3558030,crossref,sim to real robot manipulation,concept,sim2real,,6,robot manipulation; sim to real transfer,2026-06-12T15:07:36Z,14.573,15.573
doi:10.1109/tcsvt.2022.3206865,Lifelong Visual-Tactile Spectral Clustering for Robotic Object Perception,"This work presents a novel visual-tactile fused clustering framework, called L ifelong V isual- T actile S pectral C lustering (i.e., LVTSC), to effectively learn consecutive object clustering tasks for robotic perception. Lifelong learning has become an important and hot topic in recent studies on machine learning, aiming to imitate “human learning” and reduce the computational cost when consecutively learning new tasks. Our proposed LVTSC model explores the knowledge transfer and representation correlation from a local modality-invariant perspective under modality-consistent constraint guidance. For the modality-invariant part, we design a set of modality-invariant basis libraries to capture the latent clustering centers of each modality and a set of modality-invariant feature libraries to forcibly embed the manifold information of each modality. A modal-consistent constraint reinforce",2022,IEEE Transactions on Circuits and Systems for Video Technology,Yuyang Liu; Yang Cong; Gan Sun; Zhengming Ding,10.1109/tcsvt.2022.3206865,,https://doi.org/10.1109/tcsvt.2022.3206865,openalex,robotics,concept,openalex_bulk_robotics,,18,,2026-06-12T18:57:17Z,14.572,14.572
doi:10.1109/lra.2022.3191408,Deep Active Cross-Modal Visuo-Tactile Transfer Learning for Robotic Object Recognition,,2022,IEEE Robotics and Automation Letters,Prajval Kumar Murali; Cong Wang; Dongheui Lee; Ravinder Dahiya; Mohsen Kaboli,10.1109/lra.2022.3191408,,https://doi.org/10.1109/lra.2022.3191408,crossref,tactile language action robotics,concept,tactile,,22,,2026-06-12T15:07:36Z,14.568,14.568
doi:10.1109/access.2020.3021080,Contact Force Estimation Method of Legged-Robot and Its Application in Impedance Control,,2020,IEEE Access,Zhang Cong; An Honglei; Chengye Wu; Lin Lang; Qing Wei; Ma Hongxu,10.1109/access.2020.3021080,,https://doi.org/10.1109/access.2020.3021080,crossref,contact dynamics robot learning,concept,contact,,50,contact dynamics; impedance control,2026-06-12T15:07:36Z,14.566,14.566
doi:10.1109/tro.2011.2162271,Human-Inspired Robotic Grasp Control With Tactile Sensing,,2011,IEEE Transactions on Robotics,Joseph M. Romano; Kaijen Hsiao; Günter Niemeyer; Sachin Chitta; Katherine J. Kuchenbecker,10.1109/tro.2011.2162271,,https://doi.org/10.1109/tro.2011.2162271,crossref,tactile language action robotics,concept,tactile,,371,,2026-06-12T15:07:36Z,14.559,14.559
doi:10.1109/lra.2023.3302616,Nonlinear Subsystem-Based Adaptive Impedance Control of Physical Human-Robot-Environment Interaction in Contact-Rich Tasks,,2023,IEEE Robotics and Automation Letters,Mahdi Hejrati; Jouni Mattila,10.1109/lra.2023.3302616,,https://doi.org/10.1109/lra.2023.3302616,crossref,adaptive world action model robot,concept,wam,,14,world action model; adaptive world action model; impedance control,2026-06-12T15:07:36Z,14.554,14.554
doi:10.1109/tro.2022.3190790,Kinematics Modeling and Control of Spherical Rolling Contact Joint and Manipulator,,2023,IEEE Transactions on Robotics,Lijun Zong; Guanqi Liang; Tin Lun Lam,10.1109/tro.2022.3190790,,https://doi.org/10.1109/tro.2022.3190790,crossref,contact dynamics robot learning,concept,contact,,14,contact dynamics,2026-06-12T15:07:36Z,14.554,14.554
doi:10.64516/6fsz9h30,Model Predictive Control for Optimized Energy Exchange Between Model Predictive Control for Optimized Energy Transfer Between Two Renewable Energy Producers and Consumers,"This study investigates optimizing energy exchanges between two prosumers—entities that both produce and consume energy—equipped with renewable energy sources, loads, and storage. Leveraging a Model Predictive Control (MPC) framework, the system balances energy production and consumption, reducing dependency on the grid while promoting higher renewable energy utilization. The MPC method integrates future forecasts of renewable supply and demand, enabling real-time, proactive management of energy flows and promoting efficient usage of available resources. At each control interval, the MPC evaluates data and forecasts to optimize energy dispatch between renewable sources, batteries, and loads, as well as manage surplus energy exchanges between prosumers, reducing waste and increasing efficiency. This coordination led to an increase in renewable penetration from 71% to 84% in simulations, d",2025,Tobruk University Journal of Engineering Sciences,Ibrahim Aldaouab; Ahmad B.G. Abdalla; Saadia K Mousa,10.64516/6fsz9h30,,https://doi.org/10.64516/6fsz9h30,crossref,model predictive control robot learning,anti_myopia,control,,,model predictive control,2026-06-12T15:07:36Z,14.550,18.550
doi:10.1007/s00726-024-03422-5,LLM4THP: a computing tool to identify tumor homing peptides by molecular and sequence representation of large language model based on two-layer ensemble model strategy,,2024,Amino Acids,Sen Yang; Piao Xu,10.1007/s00726-024-03422-5,,https://doi.org/10.1007/s00726-024-03422-5,crossref,large language model limitation robot planning,anti_myopia,anti_thesis,,2,limitation; large language model limitation robot planning,2026-06-12T15:07:36Z,14.549,18.549
doi:10.1109/tfuzz.2015.2501438,Takagi–Sugeno–Kang Transfer Learning Fuzzy Logic System for the Adaptive Recognition of Epileptic Electroencephalogram Signals,"The intelligent recognition of electroencephalogram (EEG) signals has become an important approach to the detection of epilepsy. Among existing intelligent identification methods, fuzzy logic systems (FLSs) have shown a distinctive advantage in identifying epileptic EEG signals because of their strong learning abilities and interpretability. Like many conventional intelligent methods for recognizing EEG signals, in the training of FLS, it is assumed that the training dataset and test dataset are drawn from data that are identically distributed. However, this assumption is not necessarily valid in practice as it is not uncommon for the two datasets to have different distributions. To overcome this problem, a strategy is presented in this paper to construct a Takagi-Sugeno-Kang (TSK) FLS based on transductive transfer learning for identifying epileptic EEG signals. Two novel objective func",2015,IEEE Transactions on Fuzzy Systems,Changjian Yang; Zhaohong Deng; Kup‐Sze Choi; Shitong Wang,10.1109/tfuzz.2015.2501438,,https://doi.org/10.1109/tfuzz.2015.2501438,openalex,energy based model robot learning,concept,ebm,,80,,2026-06-12T18:26:24Z,14.547,14.547
doi:10.1016/j.nahs.2025.101597,Dynamic event-triggered control for nonlinear systems via differential algebraic representation,,2025,Nonlinear Analysis: Hybrid Systems,Gabriela Lígia Reis; Pedro Henrique Silva Coutinho; Iury Bessa; Rodrigo Farias Araújo,10.1016/j.nahs.2025.101597,,https://doi.org/10.1016/j.nahs.2025.101597,crossref,hybrid systems robot control manipulation,anti_myopia,control,,1,hybrid systems,2026-06-12T15:07:36Z,14.547,17.547
doi:10.1109/lra.2022.3214786,3D Contact Point Cloud Reconstruction From Vision-Based Tactile Flow,,2022,IEEE Robotics and Automation Letters,Yipai Du; Guanlan Zhang; Michael Yu Wang,10.1109/lra.2022.3214786,,https://doi.org/10.1109/lra.2022.3214786,crossref,contact dynamics robot learning,concept,contact,,21,contact dynamics,2026-06-12T15:07:36Z,14.546,14.546
doi:10.15607/rss.2022.xviii.062,Soft Robots Learn to Crawl: Jointly Optimizing Design and Control with Sim-to-Real Transfer,,2022,Robotics: Science and Systems XVIII,Charles Schaff; Audrey Sedal; Matthew R. Walter,10.15607/rss.2022.xviii.062,,https://doi.org/10.15607/rss.2022.xviii.062,crossref,sim to real robot manipulation,concept,sim2real,,21,robot manipulation; sim to real transfer,2026-06-12T15:07:36Z,14.546,15.546
doi:10.3389/fnbot.2022.808222,Fabric Classification Using a Finger-Shaped Tactile Sensor via Robotic Sliding,"Tactile sensing endows the robots to perceive certain physical properties of the object in contact. Robots with tactile perception can classify textures by touching. Interestingly, textures of fine micro-geometry beyond the nominal resolution of the tactile sensors can also be identified through exploratory robotic movements like sliding. To study the problem of fine texture classification, we design a robotic sliding experiment using a finger-shaped multi-channel capacitive tactile sensor. A feature extraction process is presented to encode the acquired tactile signals (in the form of time series) into a low dimensional (≤7D) feature vector. The feature vector captures the frequency signature of a fabric texture such that fabrics can be classified directly. The experiment includes multiple combinations of sliding parameters, i.e., speed and pressure, to investigate the correlation betwe",2022,Frontiers in Neurorobotics,Si Ao Wang; Alessandro Albini; Perla Maiolino; Fulvio Mastrogiovanni; Giorgio Cannata,10.3389/fnbot.2022.808222,,https://doi.org/10.3389/fnbot.2022.808222,openalex,robotics,concept,openalex_bulk_robotics,,17,tactile perception,2026-06-12T18:57:17Z,14.545,14.545
doi:10.1109/tmech.2023.3270527,A Closed-Loop Shared Control Framework for Legged Robots,"Shared control, as a combination of human and robot intelligence, has been deemed as a promising direction toward complementing the perception and learning capabilities of legged robots. However, previous works on human–robot control for legged robots are often limited to simple tasks, such as controlling movement direction, posture, or single-leg motion, yet extensive training of the operator is required. To facilitate the transfer of human intelligence to legged robots in unstructured environments, this article presents a user-friendly closed-loop shared control framework. The main novelty is that the operator only needs to make decisions based on the recommendations of the autonomous algorithm, without having to worry about operations or consider contact planning issues. Specifically, a rough navigation path from the operator is smoothed and optimized to generate a path with reduced t",2023,IEEE/ASME Transactions on Mechatronics,Peng Xu; Zhikai Wang; Liang Ding; Zhengyang Li; Junyi Shi; Haibo Gao; Guangjun Liu; Yanlong Huang,10.1109/tmech.2023.3270527,,https://doi.org/10.1109/tmech.2023.3270527,openalex,robotics,concept,openalex_bulk_robotics,,11,,2026-06-12T18:57:17Z,14.542,14.542
doi:10.1016/j.robot.2011.06.002,Smooth coverage path planning and control of mobile robots based on high-resolution grid map representation,,2011,Robotics and Autonomous Systems,Tae-Kyeong Lee; Sang-Hoon Baek; Young-Ho Choi; Se-Young Oh,10.1016/j.robot.2011.06.002,,https://doi.org/10.1016/j.robot.2011.06.002,crossref,non smooth mechanics robotics,anti_myopia,anti_thesis,,107,non smooth mechanics robotics,2026-06-12T15:07:36Z,14.541,17.541
doi:10.1080/01691864.2020.1769725,Tactile feedback system of high-frequency vibration signals for supporting delicate teleoperation of construction robots,,2020,Advanced Robotics,Hikaru Nagano; Hideto Takenouchi; Nan Cao; Masashi Konyo; Satoshi Tadokoro,10.1080/01691864.2020.1769725,,https://doi.org/10.1080/01691864.2020.1769725,crossref,tactile language action robotics,concept,tactile,,47,teleoperation,2026-06-12T14:45:03Z,14.536,14.536
doi:10.5465/amj.2019.1288,It’s Not Always Sunny in Relationally Rich Jobs: The Influence of Negative Beneficiary Contact,,2022,Academy of Management Journal,Jordan D. Nielsen; Amy E. Colbert,10.5465/amj.2019.1288,,https://doi.org/10.5465/amj.2019.1288,crossref,contact rich manipulation learning,concept,contact,,20,contact rich manipulation,2026-06-12T15:07:36Z,14.522,15.522
arxiv:2606.09337v2,TORL-VLA: Tactile Guided Online Reinforcement Learning for Contact-Rich Manipulation,"Vision-Language-Action (VLA) models have become a powerful framework for robotic manipulation, and recent studies have introduced tactile or force feedback into VLAs to address contact-rich tasks. However, these models are typically deployed as offline policies. When contact conditions shift from the training distribution, the policy cannot perform online adaptation, leading to problems such as inappropriate contact forces and inefficient retries. Therefore, we propose TORL-VLA, a tactile-guided online reinforcement learning framework that couples tactile feedback with policy refinement for contact-rich manipulation. Our method introduces a tactile-derived wrench-aware VLA to predict reference actions and future wrench sequences, while a lightweight online RL module is used to refine the reference actions. To stabilize learning from mixed exploratory policy-generated and human-interventi",2026,arXiv,Huaihang Zheng; Yi Yang; Kai Ma; Shenglin Xu; Tian Xie; Guozheng Li; Xiangyu Wang; Yiren Ma; Si Liu; Yinian Mao; Baoxu Liu,,2606.09337v2,http://arxiv.org/abs/2606.09337v2,arxiv,contact rich manipulation learning,concept,contact,,,contact rich manipulation; online adaptation; long horizon,2026-06-12T14:45:03Z,14.500,14.500
arxiv:2602.22088v2,Force Policy: Learning Hybrid Force-Position Control Policy under Interaction Frame for Contact-Rich Manipulation,"Contact-rich manipulation demands human-like integration of perception and force feedback: vision should guide task progress, while high-frequency interaction control must stabilize contact under uncertainty. Existing learning-based policies often entangle these roles in a monolithic network, trading off global generalization against stable local refinement, while control-centric approaches typically assume a known task structure or learn only controller parameters rather than the structure itself. In this paper, we formalize a physically grounded interaction frame, an instantaneous local basis that decouples force regulation from motion execution, and propose a method to recover it from demonstrations. Based on this, we address both issues by proposing Force Policy, a global-local vision-force policy in which a global policy guides free-space actions using vision, and upon contact, a hi",2026,arXiv,Hongjie Fang; Shirun Tang; Mingyu Mei; Haoxiang Qin; Zihao He; Jingjing Chen; Ying Feng; Chenxi Wang; Wanxi Liu; Zaixing He; Cewu Lu; Shiquan Wang,,2602.22088v2,http://arxiv.org/abs/2602.22088v2,arxiv,contact rich manipulation learning,concept,contact,,,contact rich manipulation; generalization,2026-06-12T14:45:03Z,14.500,16.500
arxiv:2509.17053v1,FILIC: Dual-Loop Force-Guided Imitation Learning with Impedance Torque Control for Contact-Rich Manipulation Tasks,"Contact-rich manipulation is crucial for robots to perform tasks requiring precise force control, such as insertion, assembly, and in-hand manipulation. However, most imitation learning (IL) policies remain position-centric and lack explicit force awareness, and adding force/torque sensors to collaborative robot arms is often costly and requires additional hardware design. To overcome these issues, we propose FILIC, a Force-guided Imitation Learning framework with impedance torque control. FILIC integrates a Transformer-based IL policy with an impedance controller in a dual-loop structure, enabling compliant force-informed, force-executed manipulation. For robots without force/torque sensors, we introduce a cost-effective end-effector force estimator using joint torque measurements through analytical Jacobian-based inversion while compensating with model-predicted torques from a digital ",2025,arXiv,Haizhou Ge; Yufei Jia; Zheng Li; Yue Li; Zhixing Chen; Ruqi Huang; Guyue Zhou,,2509.17053v1,http://arxiv.org/abs/2509.17053v1,arxiv,contact rich manipulation learning,concept,contact,,,contact rich manipulation; force control; impedance control; imitation learning,2026-06-12T14:45:03Z,14.500,14.500
arxiv:2603.15169v1,ForceVLA2: Unleashing Hybrid Force-Position Control with Force Awareness for Contact-Rich Manipulation,"Embodied intelligence for contact-rich manipulation has predominantly relied on position control, while explicit awareness and regulation of interaction forces remain under-explored, limiting stability, precision, and robustness in real-world tasks. We propose ForceVLA2, an end-to-end vision-language-action framework that equips robots with hybrid force-position control and explicit force awareness. ForceVLA2 introduces force-based prompts into the VLM expert to construct force-aware task concepts across stages, and employs a Cross-Scale Mixture-of-Experts (MoE) in the action expert to adaptively fuse these concepts with real-time interaction forces for closed-loop hybrid force-position regulation. To support learning and evaluation, we construct ForceVLA2-Dataset, containing 1,000 trajectories over 5 contact-rich tasks, including wiping, pressing, and assembling, with multi-view images,",2026,arXiv,Yang Li; Zhaxizhuoma; Hongru Jiang; Junjie Xia; Hongquan Zhang; Jinda Du; Yunsong Zhou; Jia Zeng; Ce Hao; Jieji Ren; Qiaojun Yu; Cewu Lu; Yu Qiao; Jiangmiao Pang,,2603.15169v1,http://arxiv.org/abs/2603.15169v1,arxiv,contact rich manipulation learning,concept,contact,,,contact rich manipulation; failure mode; robustness,2026-06-12T14:45:03Z,14.500,18.500
arxiv:2605.19029v1,Distributionally Robust Control via Stein Variational Inference for Contact-Rich Manipulation,"Reliable robotic manipulation requires control policies that can accurately represent and adapt to uncertainty arising from contact-rich interactions. Modern data-driven methods mitigate uncertainty through large-scale training and computation, and degrade significantly in performance with limited number of training samples. By contrast, classical model-based controllers are computationally efficient and reliable, but their limited ability to represent task-relevant uncertainty can hinder performance in contact-rich interactions. In this work, we propose to expand the capabilities of model-based manipulation control through more flexible uncertainty modeling that retains performance while exactly adapting to uncertainty. Our approach casts the manipulation problem as a distributionally robust control optimization and proposes a novel deterministic formulation based on Stein variational i",2026,arXiv,Hrishikesh Sathyanarayan; Victor Vantilborgh; Harish Ravichandar; Tom Lefebvre; Ian Abraham,,2605.19029v1,http://arxiv.org/abs/2605.19029v1,arxiv,contact rich manipulation learning,concept,contact,,,contact rich manipulation; robustness,2026-06-12T14:45:03Z,14.500,17.500
arxiv:2603.13315v2,Bi-HIL: Bilateral Control-Based Multimodal Hierarchical Imitation Learning via Subtask-Level Progress Rate and Keyframe Memory for Long-Horizon Contact-Rich Robotic Manipulation,"Long-horizon contact-rich robotic manipulation remains challenging due to partial observability and unstable subtask transitions under contact uncertainty. While hierarchical architectures improve temporal reasoning and bilateral imitation learning enables force-aware control, existing approaches often rely on flat policies that struggle with long-horizon coordination. We propose Bi-HIL, a bilateral control-based multimodal hierarchical imitation learning framework for long-horizon manipulation. Bi-HIL stabilizes hierarchical coordination by integrating keyframe memory with subtask-level progress rate that models phase progression within the active subtask and conditions both high- and low-level policies. We evaluate Bi-HIL on unimanual and bimanual real-robot tasks, demonstrating consistent improvements over flat and ablated variants. The results highlight the importance of explicitly m",2026,arXiv,Thanpimon Buamanee; Masato Kobayashi; Yuki Uranishi,,2603.13315v2,http://arxiv.org/abs/2603.13315v2,arxiv,contact rich manipulation learning,concept,contact,,,contact rich manipulation; imitation learning; partial observability; long horizon,2026-06-12T14:45:03Z,14.500,15.500
arxiv:2503.08548v1,TLA: Tactile-Language-Action Model for Contact-Rich Manipulation,"Significant progress has been made in vision-language models. However, language-conditioned robotic manipulation for contact-rich tasks remains underexplored, particularly in terms of tactile sensing. To address this gap, we introduce the Tactile-Language-Action (TLA) model, which effectively processes sequential tactile feedback via cross-modal language grounding to enable robust policy generation in contact-intensive scenarios. In addition, we construct a comprehensive dataset that contains 24k pairs of tactile action instruction data, customized for fingertip peg-in-hole assembly, providing essential resources for TLA training and evaluation. Our results show that TLA significantly outperforms traditional imitation learning methods (e.g., diffusion policy) in terms of effective action generation and action accuracy, while demonstrating strong generalization capabilities by achieving o",2025,arXiv,Peng Hao; Chaofan Zhang; Dingzhe Li; Xiaoge Cao; Xiaoshuai Hao; Shaowei Cui; Shuo Wang,,2503.08548v1,http://arxiv.org/abs/2503.08548v1,arxiv,contact rich manipulation learning,concept,contact,,,diffusion policy; contact rich manipulation; skill learning; imitation learning; generalization,2026-06-12T14:45:03Z,14.500,16.500
arxiv:2606.03536v1,Bionic Human-Motion Style Transfer for Physically Executable Whole-Body Control of Humanoid Robots,"Expressive whole-body motion is important for humanoid robots operating in human environments, where robots are expected to move stably while presenting readable and adjustable body behaviors. However, most expressive motions are still obtained from fixed demonstrations or manually designed scripts, making it difficult to reuse a demonstrated style across different motion contents. Inspired by the way human motion styles convey affective and intentional cues through gait rhythm, posture, arm swing and body sway, this paper proposes a bionic generation-to-control framework for exemplar-driven style transfer on humanoid robots. Given a short human style exemplar and a target content motion, the proposed framework generates a stylized whole-body reference that preserves the intended motion content while transferring the demonstrated style. A physics-aware multi-condition latent diffusion mo",2026,arXiv,Tianchen Huang; Mingkuan Zhao; Yang Gao; Feiyang Yuan; Junchi Gu; Xiaohu Zhang; Dongdong Zhao; Shi Yan; Yu Wang; Wei Gao; Shiwu Zhang,,2606.03536v1,http://arxiv.org/abs/2606.03536v1,arxiv,whole body manipulation humanoid,concept,humanoid,,,humanoid robot,2026-06-12T14:45:03Z,14.500,14.500
arxiv:2605.28412v1,Tactile-Proprioceptive Sensor Fusion for Contact Wrench Estimation in Whole-Body Physical Human-Robot Interaction,"Direct physical guidance is a natural means of teaching and interacting with robots, and robotic skins make a key contribution by enabling sensitive contact sensing and localization. This paper presents a tactile-proprioceptive sensor fusion framework for natural physical human-robot interaction. Tactile cues from pneumatic skin pads serve as contact indicators that bypass the ambiguity between frictional residues and applied external forces, enabling highly sensitive contact detection without explicit friction identification. We fuse these cues with motor-current-based proprioception to reconstruct multi-axis contact forces on the robot surface. To maintain accuracy during motion, we employ a temporal convolutional network (TCN) to mitigate friction hysteresis during stick-slip transitions, reducing uncertainty at contact onset and yielding smooth, responsive guidance. We validate the a",2026,arXiv,Junha Min; Junghyeon Ma; Jiwung Kwon; Sunggyu Bae; Joohyung Kim; Kyungseo Park,,2605.28412v1,http://arxiv.org/abs/2605.28412v1,arxiv,tactile language action robotics,concept,tactile,,,proprioception; human robot interaction; hysteresis,2026-06-12T14:45:03Z,14.500,15.500
arxiv:2603.14401v1,OCRA: Object-Centric Learning with 3D and Tactile Priors for Human-to-Robot Action Transfer,"We present OCRA, an Object-Centric framework for video-based human-to-Robot Action transfer that learns directly from human demonstration videos to enable robust manipulation. Object-centric learning emphasizes task-relevant objects and their interactions while filtering out irrelevant background, providing a natural and scalable way to teach robots. OCRA leverages multi-view RGB videos, the state-of-the-art 3D foundation model VGGT, and advanced detection and segmentation models to reconstruct object-centric 3D point clouds, capturing rich interactions between objects. To handle properties not easily perceived by vision alone, we incorporate tactile priors via a large-scale dataset of over one million tactile images. These 3D and tactile priors are fused through a multimodal module (ResFiLM) and fed into a Diffusion Policy to generate robust manipulation actions. Extensive experiments o",2026,arXiv,Kuanning Wang; Ke Fan; Yuqian Fu; Siyu Lin; Hu Luo; Daniel Seita; Yanwei Fu; Yu-Gang Jiang; Xiangyang Xue,,2603.14401v1,http://arxiv.org/abs/2603.14401v1,arxiv,tactile language action robotics,concept,tactile,,,diffusion policy; human demonstration; ablation,2026-06-12T14:45:03Z,14.500,15.500
arxiv:2602.08251v2,Aerial Manipulation with Contact-Aware Onboard Perception and Hybrid Control,"Aerial manipulation (AM) promises to move Unmanned Aerial Vehicles (UAVs) beyond passive inspection to contact-rich tasks such as grasping, assembly, and in-situ maintenance. Most prior AM demonstrations rely on external motion capture (MoCap) and emphasize position control for coarse interactions, limiting deployability. We present a fully onboard perception-control pipeline for contact-rich AM that achieves accurate motion tracking and regulated contact wrenches without MoCap. The main components are (1) an augmented visual-inertial odometry (VIO) estimator with contact-consistency factors that activate only during interaction, tightening uncertainty around the contact frame and reducing drift, and (2) image-based visual servoing (IBVS) to mitigate perception-control coupling, together with a hybrid force-motion controller that regulates contact wrenches and lateral motion for stable c",2026,arXiv,Yuanzhu Zhan; Yufei Jiang; Muqing Cao; Junyi Geng,,2602.08251v2,http://arxiv.org/abs/2602.08251v2,arxiv,Gaussian splatting robot perception contact rich manipulation,concept,architecture_x_embodiment,,,Gaussian splatting robot perception; contact rich manipulation; visual servoing,2026-06-12T15:07:36Z,14.500,15.500
arxiv:2512.10481v2,Contact SLAM: An Active Tactile Exploration Policy Based on Physical Reasoning Utilized in Robotic Fine Blind Manipulation Tasks,"Contact-rich manipulation is difficult for robots to execute and requires accurate perception of the environment. In some scenarios, vision is occluded. The robot can then no longer obtain real-time scene state information through visual feedback. This is called ``blind manipulation"". In this manuscript, a novel physically-driven contact cognition method, called ``Contact SLAM"", is proposed. It estimates the state of the environment and achieves manipulation using only tactile sensing and prior knowledge of the scene. To maximize exploration efficiency, this manuscript also designs an active exploration policy. The policy gradually reduces uncertainties in the manipulation scene. The experimental results demonstrated the effectiveness and accuracy of the proposed method in several contact-rich tasks, including the difficult and delicate socket assembly task and block-pushing task.",2025,arXiv,Gaozhao Wang; Xing Liu; Zhenduo Ye; Zhengxiong Liu; Panfeng Huang,,2512.10481v2,http://arxiv.org/abs/2512.10481v2,arxiv,Gaussian splatting robot perception contact rich manipulation,concept,architecture_x_embodiment,,,Gaussian splatting robot perception; contact rich manipulation; SLAM,2026-06-12T15:07:36Z,14.500,14.500
arxiv:2511.06515v1,Koopman global linearization of contact dynamics for robot locomotion and manipulation enables elaborate control,"Controlling robots that dynamically engage in contact with their environment is a pressing challenge. Whether a legged robot making-and-breaking contact with a floor, or a manipulator grasping objects, contact is everywhere. Unfortunately, the switching of dynamics at contact boundaries makes control difficult. Predictive controllers face non-convex optimization problems when contact is involved. Here, we overcome this difficulty by applying Koopman operators to subsume the segmented dynamics due to contact changes into a unified, globally-linear model in an embedding space. We show that viscoelastic contact at robot-environment interactions underpins the use of Koopman operators without approximation to control inputs. This methodology enables the convex Model Predictive Control of a legged robot, and the real-time control of a manipulator engaged in dynamic pushing. In this work, we sh",2025,arXiv,Cormac O'Neill; Jasmine Terrones; H. Harry Asada,,2511.06515v1,http://arxiv.org/abs/2511.06515v1,arxiv,Gaussian splatting robot perception contact rich manipulation,concept,architecture_x_embodiment,,,Gaussian splatting robot perception; contact rich manipulation; contact dynamics; model predictive control,2026-06-12T15:07:36Z,14.500,15.500
doi:10.1002/adrr.202500091,UTact: Underwater Vision‐Based Tactile Sensor with Geometry Reconstruction and Contact Force Estimation,"Soft robots offer potential advantages for underwater applications such as environmental exploration and delicate manipulation, thanks to their inherent flexibility and sustainability. Embedded sensing systems further enhance these capabilities by providing environmental information feedback. Until now, many flexible sensors integrated into soft robots suffer from slow response times and limited sensing stability. Vision‐based tactile sensing presents a promising solution to these challenges, yet its application underwater remains limited. In this work, we introduce a compact, reliable, and highly sensitive underwater vision‐based tactile sensor (UTact) featuring a simple fabrication process and low cost. UTact enables 3D reconstruction of the tactile surface, complemented by image enhancement algorithms optimized for underwater environments. A ResNet‐34 model is trained and validated fo",2025,Advanced Robotics Research,Qiyi Zhang; Zonghao Zuo; Haoxuan Wang; Bin Liu; Yilidusi Yilihamu; Li Wen,10.1002/adrr.202500091,,https://doi.org/10.1002/adrr.202500091,crossref,contact dynamics robot learning,concept,contact,,2,contact dynamics,2026-06-12T15:07:36Z,14.499,14.499
doi:10.3390/act14070323,Learning-Based Variable Admittance Control Combined with NMPC for Contact Force Tracking in Unknown Environments,"With the development of robotics, robots are playing an increasingly critical role in complex tasks such as flexible manufacturing, physical human–robot interaction, and intelligent assembly. These tasks place higher demands on the force control performance of robots, particularly in scenarios where the environment is unknown, making constant force control challenging. This study first analyzes the robot and its interaction model with the environment, highlighting the limitations of traditional force control methods in addressing unknown environmental stiffness. Based on this analysis, a variable admittance control strategy is proposed using the deep deterministic policy gradient algorithm, enabling the online tuning of admittance parameters through reinforcement learning. Furthermore, this strategy is integrated with a quaternion-based nonlinear model predictive control scheme, ensuring",2025,Actuators,Yikun Zhang; Jianjun Yao; Chen Qian,10.3390/act14070323,,https://doi.org/10.3390/act14070323,crossref,contact rich manipulation learning,concept,contact,,2,contact rich manipulation; force control; model predictive control; human robot interaction; limitation,2026-06-12T15:07:36Z,14.499,16.499
doi:10.1109/lra.2023.3334971,In-Hand Object Classification and Pose Estimation With Sim-to-Real Tactile Transfer for Robotic Manipulation,,2024,IEEE Robotics and Automation Letters,Sanghoon Yang; Won Dong Kim; Hyunkyu Park; Seojung Min; Hyonyoung Han; Jung Kim,10.1109/lra.2023.3334971,,https://doi.org/10.1109/lra.2023.3334971,crossref,sim to real robot manipulation,concept,sim2real,,8,robot manipulation,2026-06-12T14:45:03Z,14.499,15.499
doi:10.1109/access.2024.3458915,Contact Force Control of Robot Polishing System Based on Vision Control Algorithm,,2024,IEEE Access,Kai Liu,10.1109/access.2024.3458915,,https://doi.org/10.1109/access.2024.3458915,crossref,contact dynamics robot learning,concept,contact,,8,contact dynamics; force control,2026-06-12T15:07:36Z,14.499,14.499
doi:10.1109/lra.2024.3436334,Visual-Tactile Perception Based Control Strategy for Complex Robot Peg-in-Hole Process via Topological and Geometric Reasoning,,2024,IEEE Robotics and Automation Letters,Gaozhao Wang; Xing Liu; Zhengxiong Liu; Panfeng Huang; Yang Yang,10.1109/lra.2024.3436334,,https://doi.org/10.1109/lra.2024.3436334,crossref,tactile language action robotics,concept,tactile,,8,tactile perception,2026-06-12T15:07:36Z,14.499,14.499
doi:10.55092/rl20260001,TLA: tactile-language-action model for contact-rich manipulation,,2026,Robot Learning,Peng Hao; Chaofan Zhang; Dingzhe Li; Xiaoge Cao; Xiaoshuai Hao; Shaowei Cui; Shuo Wang,10.55092/rl20260001,,https://doi.org/10.55092/rl20260001,crossref,adaptive world action model robot,concept,wam,,5,world action model; adaptive world action model; contact rich manipulation,2026-06-12T14:45:03Z,14.496,14.496
doi:10.1109/tro.2024.3521967,TactGen: Tactile Sensory Data Generation via Zero-Shot Sim-to-Real Transfer,,2025,IEEE Transactions on Robotics,Shaohong Zhong; Alessandro Albini; Perla Maiolino; Ingmar Posner,10.1109/tro.2024.3521967,,https://doi.org/10.1109/tro.2024.3521967,crossref,sim to real robot manipulation,concept,sim2real,,5,robot manipulation; sim to real transfer,2026-06-12T14:45:03Z,14.496,15.496
doi:10.1109/icra55743.2025.11128336,VITaL Pretraining: Visuo-Tactile Pretraining for Tactile and Non-Tactile Manipulation Policies,,2025,2025 IEEE International Conference on Robotics and Automation (ICRA),Abraham George; Selam Gano; Pranav Katragadda; Amir Barati Farimani,10.1109/icra55743.2025.11128336,,https://doi.org/10.1109/icra55743.2025.11128336,crossref,tactile language action robotics,concept,tactile,,5,,2026-06-12T14:45:03Z,14.496,14.496
doi:10.1109/lra.2025.3564760,Whisker-Inspired Tactile Sensing: A Sim2Real Approach for Precise Underwater Contact Tracking,,2025,IEEE Robotics and Automation Letters,Hao Li; Chengyi Xing; Saad Khan; Miaoya Zhong; Mark R. Cutkosky,10.1109/lra.2025.3564760,,https://doi.org/10.1109/lra.2025.3564760,crossref,tactile language action robotics,concept,tactile,,5,,2026-06-12T15:07:36Z,14.496,14.496
doi:10.1109/lra.2025.3559835,UniT: Data Efficient Tactile Representation With Generalization to Unseen Objects,,2025,IEEE Robotics and Automation Letters,Zhengtong Xu; Raghava Uppuluri; Xinwei Zhang; Cael Fitch; Philip Glen Crandall; Wan Shou; Dongyi Wang; Yu She,10.1109/lra.2025.3559835,,https://doi.org/10.1109/lra.2025.3559835,crossref,tactile language action robotics,concept,tactile,,5,generalization,2026-06-12T15:07:36Z,14.496,15.496
doi:10.1016/j.bspc.2022.103754,Robotic arm control system based on brain-muscle mixed signals,,2022,Biomedical Signal Processing and Control,Liwei Cheng; Duanling Li; Gongjing Yu; Zhonghai Zhang; Shuyue Yu,10.1016/j.bspc.2022.103754,,https://doi.org/10.1016/j.bspc.2022.103754,openalex,robotics,concept,openalex_bulk_robotics,,17,,2026-06-12T18:57:17Z,14.495,14.495
doi:10.1109/lra.2020.2965906,Multi-Contact Heavy Object Pushing With a Centaur-Type Humanoid Robot: Planning and Control for a Real Demonstrator,,2020,IEEE Robotics and Automation Letters,Matteo Parigi Polverini; Arturo Laurenzi; Enrico Mingo Hoffman; Francesco Ruscelli; Nikos G. Tsagarakis,10.1109/lra.2020.2965906,,https://doi.org/10.1109/lra.2020.2965906,crossref,contact dynamics robot learning,concept,contact,,43,humanoid robot; contact dynamics,2026-06-12T15:07:36Z,14.492,14.492
doi:10.1115/1.4043043,A Force Control Joint for Robot–Environment Contact Application,"Accurate and robust force control is still a great challenge for robot–environment contact applications, such as in situ repair, polishing, and assembly. To tackle this problem, this paper proposes a force control joint with a parallel configuration, including two identical four-bar linkages driven by linear springs to push up the output end of the joint, and a parallel-connected pneumatic artificial muscle (PAM) to pull down its output end. In the new design, the link length of the linkages will be optimized to make the difference between the profile of the linkage and that of PAM constant within the limits of the joint given the force–displacement profile of PAM at a certain level of its input pressure. Furthermore, PAM's nonlinear hysteresis effect, which is believed to limit the accuracy of the joint's force control, will be represented by a new dynamics model that is to be developed",2019,Journal of Mechanisms and Robotics,Qilong Wang; Wei Wang; Xilun Ding; Chao Yun,10.1115/1.4043043,,https://doi.org/10.1115/1.4043043,crossref,contact dynamics robot learning,concept,contact,,15,industrial robot; contact dynamics; force control; hysteresis,2026-06-12T15:07:36Z,14.486,14.486
doi:10.1109/lra.2019.2930477,Effective Estimation of Contact Force and Torque for Vision-Based Tactile Sensors With Helmholtz–Hodge Decomposition,,2019,IEEE Robotics and Automation Letters,Yazhan Zhang; Zicheng Kan; Yang Yang; Yu Alexander Tse; Michael Yu Wang,10.1109/lra.2019.2930477,,https://doi.org/10.1109/lra.2019.2930477,crossref,tactile language action robotics,concept,tactile,,63,,2026-06-12T15:07:36Z,14.479,14.479
doi:10.1109/iros47612.2022.9982122,Whisker-Inspired Tactile Sensing for Contact Localization on Robot Manipulators,,2022,2022 IEEE/RSJ International Conference on Intelligent Robots and Systems (IROS),Michael A. Lin; Emilio Reyes; Jeannette Bohg; Mark R. Cutkosky,10.1109/iros47612.2022.9982122,,https://doi.org/10.1109/iros47612.2022.9982122,crossref,contact dynamics robot learning,concept,contact,,18,contact dynamics,2026-06-12T15:07:36Z,14.472,14.472
doi:10.1109/precede.2019.8753247,Finite-Control-Set Model Predictive Control for a Wireless Power Transfer System,,2019,2019 IEEE International Symposium on Predictive Control of Electrical Drives and Power Electronics (PRECEDE),Chen Qi; Zhengying Lang; Lijuan Su; Xiyou Chen; Han Miao,10.1109/precede.2019.8753247,,https://doi.org/10.1109/precede.2019.8753247,crossref,model predictive control robot learning,anti_myopia,control,,18,model predictive control,2026-06-12T15:07:36Z,14.472,18.472
doi:10.1109/iros51168.2021.9636259,Sim-to-Real Transfer for Robotic Manipulation with Tactile Sensory,,2021,2021 IEEE/RSJ International Conference on Intelligent Robots and Systems (IROS),Zihan Ding; Ya-Yen Tsai; Wang Wei Lee; Bidan Huang,10.1109/iros51168.2021.9636259,,https://doi.org/10.1109/iros51168.2021.9636259,crossref,sim to real robot manipulation,concept,sim2real,,27,robot manipulation; sim to real transfer,2026-06-12T14:45:03Z,14.466,15.466
doi:10.1109/lra.2021.3072035,Contact Feature Recognition Based on MFCC of Force Signals,,2021,IEEE Robotics and Automation Letters,Toshiaki Tsuji; Koyo Sato; Sho Sakaino,10.1109/lra.2021.3072035,,https://doi.org/10.1109/lra.2021.3072035,crossref,contact dynamics robot learning,concept,contact,,27,contact dynamics,2026-06-12T15:07:36Z,14.466,14.466
doi:10.1007/s00422-012-0512-8,Active inference and agency: optimal control without cost functions,"This paper describes a variational free-energy formulation of (partially observable) Markov decision problems in decision making under uncertainty. We show that optimal control can be cast as active inference. In active inference, both action and posterior beliefs about hidden states minimise a free energy bound on the negative log-likelihood of observed states, under a generative model. In this setting, reward or cost functions are absorbed into prior beliefs about state transitions and terminal states. Effectively, this converts optimal control into a pure inference problem, enabling the application of standard Bayesian filtering techniques. We then consider optimal trajectories that rest on posterior beliefs about hidden states in the future. Crucially, this entails modelling control as a hidden state that endows the generative model with a representation of agency. This leads to a di",2012,Biological Cybernetics,Karl Friston; Spyridon Samothrakis; Read Montague,10.1007/s00422-012-0512-8,,https://doi.org/10.1007/s00422-012-0512-8,openalex,energy based policy robotics,concept,ebm,,249,,2026-06-12T18:05:07Z,14.461,17.461
doi:10.1109/iros.2012.6386082,Impedance-based contact control of a free-flying space robot with a compliant wrist for non-cooperative satellite capture,"This paper presents the impedance-based contact control of a free-flying space robot utilizing a compliant wrist for non-cooperative satellite capture operation. An open loop impedance control law based on contact dynamics model is introduced to realize a desired coefficient of restitution defined between a manipulator hand of a space robot and a contact point on a free-flying target. The coefficient of restitution and the damping ratio are expressed as a function of contact and impedance parameters; and hence, the impedance parameters are tuned by setting a desired coefficient of restitution and a desired damping ratio. The collision experiment using twodimensional microgravity emulator, called air-floating test bed, verifies that the proposed open loop control law is capable of realizing a desired coefficient of restitution with fairly small errors.",2012,,Naohiro Uyama; Hiroki Nakanishi; Kenji Nagaoka; Kazuya Yoshida,10.1109/iros.2012.6386082,,https://doi.org/10.1109/iros.2012.6386082,openalex,robotics,concept,openalex_bulk_robotics,,67,contact dynamics; impedance control,2026-06-12T18:57:17Z,14.460,14.460
doi:10.1109/icra40945.2020.9197512,Sim-to-Real Transfer for Optical Tactile Sensing,,2020,2020 IEEE International Conference on Robotics and Automation (ICRA),Zihan Ding; Nathan F. Lepora; Edward Johns,10.1109/icra40945.2020.9197512,,https://doi.org/10.1109/icra40945.2020.9197512,crossref,tactile language action robotics,concept,tactile,,40,sim to real transfer,2026-06-12T14:45:03Z,14.457,15.457
doi:10.1002/oca.2287,Quantum state transfer control based on the optimal measurement,"Summary This paper explores the optimal control of quantum state transfer in a two‐dimensional quantum system by a sequence of non‐selective projection measurements. We show that for a given initial state, one can always find the corresponding projection operator that can effectively drive the given initial state to any arbitrary target pure state. An external control field is proposed to compensate the effect of the free evolution of system. Numerical simulations and characteristics analysis are given in three cases: without considering free evolution, considering free evolution, and with the action of external control field. The simulating experimental results show that the optimal measurement control is more effective by using proposed external control field. Copyright © 2016 John Wiley & Sons, Ltd.",2017,Optimal Control Applications and Methods,Sajede Harraz; Jingbei Yang; Kezhi Li; Shuang Cong,10.1002/oca.2287,,https://doi.org/10.1002/oca.2287,crossref,optimal control robot manipulation,anti_myopia,anti_thesis,,9,robot manipulation; optimal control robot manipulation,2026-06-12T15:07:36Z,14.451,18.451
doi:10.1109/icra48506.2021.9561350,Towards integrated tactile sensorimotor control in anthropomorphic soft robotic hands,,2021,2021 IEEE International Conference on Robotics and Automation (ICRA),Nathan F. Lepora; Chris Ford; Andrew Stinchcombe; Alfred Brown; John Lloyd; Manuel G. Catalano; Matteo Bianchi; Benjamin Ward-Cherrier,10.1109/icra48506.2021.9561350,,https://doi.org/10.1109/icra48506.2021.9561350,crossref,tactile language action robotics,concept,tactile,,26,,2026-06-12T15:07:36Z,14.448,14.448
doi:10.1109/cdc.2016.7798752,Efficient Nonlinear Model Predictive Control via quasi-LPV representation,,2016,2016 IEEE 55th Conference on Decision and Control (CDC),Pablo S. G. Cisneros; Sophia Voss; Herbert Werner,10.1109/cdc.2016.7798752,,https://doi.org/10.1109/cdc.2016.7798752,crossref,model predictive control manipulation,anti_myopia,anti_thesis,,59,model predictive control; model predictive control manipulation,2026-06-12T15:07:36Z,14.447,18.447
doi:10.1108/ir-01-2024-0008,Contact localization from soft tactile array sensor using tactile image,"Purpose This paper aims to estimate contact location from sparse and high-dimensional soft tactile array sensor data using the tactile image. The authors used three feature extraction methods: handcrafted features, convolutional features and autoencoder features. Subsequently, these features were mapped to contact locations through a contact location regression network. Finally, the network performance was evaluated using spherical fittings of three different radii to further determine the optimal feature extraction method. Design/methodology/approach This paper aims to estimate contact location from sparse and high-dimensional soft tactile array sensor data using the tactile image. Findings This research indicates that data collected by probes can be used for contact localization. Introducing a batch normalization layer after the feature extraction stage significantly enhances the model",2024,Industrial Robot: the international journal of robotics research and application,Baoxu Tu; Yuanfei Zhang; Kang Min; Fenglei Ni; Minghe Jin,10.1108/ir-01-2024-0008,,https://doi.org/10.1108/ir-01-2024-0008,crossref,tactile language action robotics,concept,tactile,,1,generalization,2026-06-12T14:45:03Z,14.447,15.447
doi:10.1049/cit2.12330,AI‐enabled bumpless transfer control strategy for legged robot with hybrid energy storage system,"Abstract Designing Hybrid energy storage system (HESS) for a legged robot is significant to improve the motion performance and energy efficiency of the robot. However, switching between the driving mode and regenerative braking mode in the HESS may generate a torque bump, which has brought significant challenges to the stability of the robot locomotion. To address this issue, an AI‐enabled control strategy for bumpless transfer switching is proposed, which is composed of a Proximal Policy Optimisation (PPO)‐based non‐linear active disturbance rejection controller and Deep neural network (DNN)‐based bumpless transfer strategy. We indicate that the proposed intelligent strategy solves bumpless transfer by reducing the torque bump during the system switching process. Meanwhile, the authors analyse the energy driving subsystem and the energy regenerating subsystem based on operational modes ",2024,CAAI Transactions on Intelligence Technology,Zhiwu Huang; Zi Yu; Hui Peng; Zixuan Wang; Xiaokang Dai; Weirong Liu; Jing Wang,10.1049/cit2.12330,,https://doi.org/10.1049/cit2.12330,crossref,Gaussian splatting robot perception legged manipulation,concept,architecture_x_embodiment,,1,Gaussian splatting robot perception; legged manipulation,2026-06-12T15:07:36Z,14.447,14.447
doi:10.3390/sym15081508,Adaptive Model Predictive Control Scheme Based on Non-Minimal State Space Representation,"The model predictive control (MPC) technique is widely employed in process industries as a control scheme. The quality of the model used greatly influences the performance of the MPC. In time-varying systems, the plant model plays a critical role in determining the controller’s performance, as the controller’s control action relies on an adaptive model. Therefore, updating the system parameters rapidly and symmetrically in time-varying systems becomes necessary. To address this need, in the proposed work, a non-minimal state space model of a time-varying system is utilized for parameter estimation, and these parameters are updated at every sampling instant using a multi-innovation recursive least squares (MIRLS) scheme, which enables the timely updates of system parameters. We have explored various extensions of the recursive least square (RLS) scheme, such as the multi-innovation recurs",2023,Symmetry,Zia Ur Rehman; Malak Abid Ali Khan; Hongbin Ma; Mizanur Rahman,10.3390/sym15081508,,https://doi.org/10.3390/sym15081508,crossref,state space model robot policy,concept,architecture,,5,state space model robot policy; model predictive control; benchmark,2026-06-12T15:07:36Z,14.446,16.446
doi:10.1109/precede.2019.8753203,Model Predictive Control for a Bidirectional Wireless Power Transfer System With Maximum Efficiency Point Tracking,,2019,2019 IEEE International Symposium on Predictive Control of Electrical Drives and Power Electronics (PRECEDE),Chen Qi; Zhengying Lang; Lijuan Su; Xiyou Chen; Han Miao,10.1109/precede.2019.8753203,,https://doi.org/10.1109/precede.2019.8753203,crossref,model predictive control manipulation,anti_myopia,anti_thesis,,17,model predictive control; model predictive control manipulation,2026-06-12T15:07:36Z,14.445,18.445
doi:10.1109/icma49215.2020.9233829,Pick and Place Robot Using Visual Feedback Control and Transfer Learning-Based CNN,,2020,2020 IEEE International Conference on Mechatronics and Automation (ICMA),Fusaomi Nagata; Kohei Miki; Akimasa Otsuka; Kazushi Yoshida; Keigo Watanabe; Maki K. Habib,10.1109/icma49215.2020.9233829,,https://doi.org/10.1109/icma49215.2020.9233829,crossref,control barrier functions robot learning,anti_myopia,control,,11,control barrier function,2026-06-12T15:07:36Z,14.442,17.442
doi:10.1109/iros55552.2023.10341657,Pre-and Post-Contact Policy Decomposition for Non-Prehensile Manipulation with Zero-Shot Sim-To-Real Transfer,,2023,2023 IEEE/RSJ International Conference on Intelligent Robots and Systems (IROS),Minchan Kim; Junhyek Han; Jaehyung Kim; Beomjoon Kim,10.1109/iros55552.2023.10341657,,https://doi.org/10.1109/iros55552.2023.10341657,crossref,sim to real robot manipulation,concept,sim2real,,11,robot manipulation; sim to real transfer,2026-06-12T14:45:03Z,14.442,15.442
doi:10.1109/tro.2023.3286045,Smoothly Connected Preemptive Impact Reduction and Contact Impedance Control,,2023,IEEE Transactions on Robotics,Hikaru Arita; Hayato Nakamura; Takuto Fujiki; Kenji Tahara,10.1109/tro.2023.3286045,,https://doi.org/10.1109/tro.2023.3286045,crossref,contact dynamics robot learning,concept,contact,,11,contact dynamics; impedance control,2026-06-12T15:07:36Z,14.442,14.442
doi:10.1109/icra48891.2023.10161217,"Towards Human-Robot Collaboration with Parallel Robots by Kinetostatic Analysis, Impedance Control and Contact Detection",,2023,2023 IEEE International Conference on Robotics and Automation (ICRA),Aran Mohammad; Moritz Schappler; Tobias Ortmaier,10.1109/icra48891.2023.10161217,,https://doi.org/10.1109/icra48891.2023.10161217,crossref,contact dynamics robot learning,concept,contact,,11,contact dynamics; impedance control,2026-06-12T15:07:36Z,14.442,14.442
doi:10.1007/978-3-031-26316-3_23,Is an Object-Centric Video Representation Beneficial for Transfer?,,2023,Lecture Notes in Computer Science Computer Vision – ACCV 2022,Chuhan Zhang; Ankush Gupta; Andrew Zisserman,10.1007/978-3-031-26316-3_23,,https://doi.org/10.1007/978-3-031-26316-3_23,crossref,object centric world model,concept,architecture,,11,object centric world model,2026-06-12T15:07:36Z,14.442,14.442
doi:10.1109/lra.2024.3396094,Multi-Contact Whole-Body Force Control for Position-Controlled Robots,,2024,IEEE Robotics and Automation Letters,Quentin Rouxel; Serena Ivaldi; Jean-Baptiste Mouret,10.1109/lra.2024.3396094,,https://doi.org/10.1109/lra.2024.3396094,crossref,contact dynamics robot learning,concept,contact,,7,contact dynamics; force control,2026-06-12T15:07:36Z,14.440,14.440
doi:10.1109/icra57147.2024.10611504,Tactile Estimation of Extrinsic Contact Patch for Stable Placement,,2024,2024 IEEE International Conference on Robotics and Automation (ICRA),Kei Ota; Devesh K. Jha; Krishna Murthy Jatavallabhula; Asako Kanezaki; Joshua B. Tenenbaum,10.1109/icra57147.2024.10611504,,https://doi.org/10.1109/icra57147.2024.10611504,crossref,tactile language action robotics,concept,tactile,,7,,2026-06-12T15:07:36Z,14.440,14.440
doi:10.1021/acs.iecr.4c02781,Physics-Informed Transfer Learning for Process Control Applications,,2024,Industrial & Engineering Chemistry Research,Samuel Arce Munoz; Jonathan Pershing; John D. Hedengren,10.1021/acs.iecr.4c02781,,https://doi.org/10.1021/acs.iecr.4c02781,crossref,physics informed robot learning,concept,architecture,,7,physics informed robot learning,2026-06-12T15:07:36Z,14.440,14.440
doi:10.1016/j.jspi.2020.05.002,Asymptotically optimal sequential FDR and pFDR control with (or without) prior information on the number of signals,,2021,Journal of Statistical Planning and Inference,Xinrui He; Jay Bartroff,10.1016/j.jspi.2020.05.002,,https://doi.org/10.1016/j.jspi.2020.05.002,crossref,robot planning without learning,anti_myopia,anti_thesis,,7,robot planning without learning,2026-06-12T15:07:36Z,14.440,17.440
doi:10.1109/robot.2001.933086,A review of modeling of soft-contact fingers and stiffness control for dextrous manipulation in robotics,"Dextrous manipulation involves a variety of subjects in robotics, including kinematics, rolling and sliding, contact mechanics, grasping planning and optimization, dynamics, and control. It is generally postulated in the literature that contacts in all grasping and manipulation are point contacts or soft contacts. The former can be modeled as either a frictionless point contact or a frictional point contact; the latter, although being a more practical model, has not been commonly utilized. In this paper, the recent progress in the modeling of dextrous manipulation utilizing soft contacts and stiffness control is presented. The result augments the well-known Hertzian contact model from linear elastic contacts to soft contacts. In addition, the conservative congruence transformation for stiffness control in robotics, that are often used in dextrous grasping and manipulation, is presented.",2002,,Yanmei Li; Imin Kao,10.1109/robot.2001.933086,,https://doi.org/10.1109/robot.2001.933086,openalex,robotics,concept,openalex_bulk_robotics,,63,,2026-06-12T18:57:17Z,14.429,14.429
doi:10.1109/iros.2014.6943014,Posture and balance control for humanoid robots in multi-contact scenarios based on Model Predictive Control,"This work presents a new approach to whole-body control for balancing and posture stabilization of humanoid robots utilizing an optimization of contact forces in combination with Model Predictive Control. To perform tasks that require multiple contacts, like manipulation or crawling, the controller allows the robot to use a subset of its end effectors to apply a desired wrench to the environment. The remaining end effectors are used for balancing while taking into account the wrenches originating from the manipulation. Due to the prediction the controller is able to react to changes in the control inputs in advance. This approach is evaluated in simulation with the humanoid robot TORO.",2014,,Bernd Henze; Christian Ott; Máximo A. Roa,10.1109/iros.2014.6943014,,https://doi.org/10.1109/iros.2014.6943014,openalex,robotics,concept,openalex_bulk_robotics,,62,humanoid robot; model predictive control,2026-06-12T18:57:17Z,14.422,15.422
doi:10.3390/mi10020087,How the Skin Thickness and Thermal Contact Resistance Influence Thermal Tactile Perception,"A few experimental studies on thermal tactile perception have shown the influence of the thermal contact resistance which relates to contact surface roughness and pressure. In this paper, the theoretical influence of the skin thickness and the thermal contact resistance is studied on the thermal model describing the temperature evolution in skin and materials when they come in contact. The thermal theoretical profile for reproducing a thermal cue for given contact thermal resistance is also presented. Compared to existing models of thermal simulation, the method proposed here has the advantage that the parameters of skin structure and thermal contact resistance in target temperature profiles can be adjusted in thermal perception simulation according to different skin features or surface roughness if necessary. The experimental results of surface roughness recognition were also presented.",2019,Micromachines,Congyan Chen; Shichen Ding,10.3390/mi10020087,,https://doi.org/10.3390/mi10020087,crossref,Gaussian splatting robot perception contact rich manipulation,concept,architecture_x_embodiment,,13,Gaussian splatting robot perception; contact rich manipulation; tactile perception,2026-06-12T15:07:36Z,14.420,14.420
doi:10.1109/lra.2022.3205442,Sim-to-Real Transfer for Fixed-Wing Uncrewed Aerial Vehicle: Pitch Control by High-Fidelity Modelling and Domain Randomization,,2022,IEEE Robotics and Automation Letters,Daichi Wada; Sergio Araujo-Estrada; Shane Windsor,10.1109/lra.2022.3205442,,https://doi.org/10.1109/lra.2022.3205442,crossref,sim to real robot manipulation,concept,sim2real,,16,robot manipulation; sim to real transfer; domain randomization,2026-06-12T14:45:03Z,14.417,15.417
doi:10.1109/icra46639.2022.9812186,Leveraging distributed contact force measurements for slip detection: a physics-based approach enabled by a data-driven tactile sensor,,2022,2022 International Conference on Robotics and Automation (ICRA),Pietro Griffa; Carmelo Sferrazza; Raffaello D'Andrea,10.1109/icra46639.2022.9812186,,https://doi.org/10.1109/icra46639.2022.9812186,crossref,tactile language action robotics,concept,tactile,,16,,2026-06-12T15:07:36Z,14.417,14.417
doi:10.1109/lra.2021.3068951,Impedance Optimization for Uncertain Contact Interactions Through Risk Sensitive Optimal Control,,2021,IEEE Robotics and Automation Letters,Bilal Hammoud; Majid Khadiv; Ludovic Righetti,10.1109/lra.2021.3068951,,https://doi.org/10.1109/lra.2021.3068951,crossref,contact dynamics robot learning,concept,contact,,24,contact dynamics,2026-06-12T15:07:36Z,14.409,15.409
doi:10.1561/2300000052,A Survey of Methods for Safe Human-Robot Interaction,"Ensuring human safety is one of the most important considerations within the field of human-robot interaction (HRI). This does not simply involve preventing collisions between humans and robots operating within a shared space; we must consider all possible ways in which harm could come to a person, ranging from physical contact to adverse psychological effects resulting from unpleasant or dangerous interaction. In this work, we define what safe HRI entails and present a survey of potential methods of ensuring safety during HRI. We classify this collection of work into four major categories: safety through control, motion planning, prediction, and consideration of psychological factors. We discuss recent work in each major category, identify various sub-categories and discuss how these methods can be utilized to improve HRI safety. We then discuss gaps in the current literature and sugges",2017,Foundations and Trends in Robotics,Przemyslaw A. Lasota; Terrence Fong; Julie Shah,10.1561/2300000052,,https://doi.org/10.1561/2300000052,openalex,robotics,concept,openalex_bulk_robotics,,369,motion planning; human robot interaction,2026-06-12T18:57:17Z,14.407,15.407
doi:10.1007/s11044-020-09730-4,Contact control for grasping a non-cooperative satellite by a space robot,,2020,Multibody System Dynamics,Xiao-Feng Liu; Guo-Ping Cai; Ming-Ming Wang; Wu-Jun Chen,10.1007/s11044-020-09730-4,,https://doi.org/10.1007/s11044-020-09730-4,crossref,contact dynamics robot learning,concept,contact,,36,contact dynamics,2026-06-12T14:45:03Z,14.405,14.405
doi:10.1109/tase.2025.3582341,Soft Contact Simulation and Manipulation Learning of Deformable Objects With Vision-Based Tactile Sensor,,2025,IEEE Transactions on Automation Science and Engineering,Yuhao Sun; Shixin Zhang; Zixi Chen; Zirong Shen; Fuchun Sun; Cesare Stefanini; Di Guo; Shan Luo; Jianwei Zhang; Jianhua Shan; Bin Fang,10.1109/tase.2025.3582341,,https://doi.org/10.1109/tase.2025.3582341,crossref,contact rich manipulation learning,concept,contact,,4,contact rich manipulation,2026-06-12T14:45:03Z,14.405,14.405
doi:10.1108/ir-11-2021-0266,An intelligent control system for robot massaging with uncertain skin characteristics,"Purpose To ensure accurate position and force control of massage robot working on human body with unknown skin characteristics, this study aims to propose a novel intelligent impedance control system. Design/methodology/approach First, a skin dynamic model (SDM) is introduced to describe force-deformation on the human body as feed-forward for force control. Then a particle swarm optimization (PSO) method combined with graph-based knowledge transfer learning (GKT) is studied, which will effectively identify personalized skin parameters. Finally, a self-tuning impedance control strategy is designed to accommodate uncertainty of skin dynamics, system delay and signal noise exist in practical applications. Findings Compared with traditional least square method, genetic algorithm and other kinds of PSO methods, combination of PSO and GKT is validated using experimental data to improve the acc",2022,Industrial Robot: the international journal of robotics research and application,Jingmei Zhai; Xianwen Zeng; Ziqing Su,10.1108/ir-11-2021-0266,,https://doi.org/10.1108/ir-11-2021-0266,crossref,EBM transformer robotics industrial robot,concept,architecture_x_embodiment,,14,EBM transformer robotics; industrial robot; force control; impedance control,2026-06-12T15:07:36Z,14.404,15.404
doi:10.3390/robotics12030067,A Data-Driven Model Predictive Control for Quadruped Robot Steering on Slippery Surfaces,"In this paper, the locomotion and steering control of a simulated Mini Cheetah quadruped robot was investigated in the presence of terrain characterised by low friction. Low-level locomotion and steering control were implemented via a central pattern generator approach, whereas high-level steering control manoeuvres were implemented by comparing a neural network and a linear model predictive controller in a dynamic simulation environment. A data-driven approach was adopted to identify the robot model using both a linear transfer function and a shallow artificial neural network. The results demonstrate that, whereas the linear approach showed good performance in high-friction terrain, in the presence of slippery conditions, the application of a neural network predictive controller improved trajectory accuracy and preserved robot safety with different steering manoeuvres. A comparative ana",2023,Robotics,Paolo Arena; Luca Patanè; Salvatore Taffara,10.3390/robotics12030067,,https://doi.org/10.3390/robotics12030067,crossref,world action model robotics,concept,wam,,9,world action model; model predictive control,2026-06-12T15:07:36Z,14.401,15.401
doi:10.1109/lra.2023.3297061,Adaptive Tactile Force Control in a Parallel Gripper With Low Positioning Resolution,,2023,IEEE Robotics and Automation Letters,Nicola A. Piga; Lorenzo Natale,10.1109/lra.2023.3297061,,https://doi.org/10.1109/lra.2023.3297061,crossref,tactile language action robotics,concept,tactile,,10,force control,2026-06-12T15:07:36Z,14.399,14.399
doi:10.23919/acc45564.2020.9147321,Fast Adaptation of Thermal Dynamics Model for Predictive Control of HVAC and Natural Ventilation Using Transfer Learning with Deep Neural Networks,,2020,2020 American Control Conference (ACC),Yujiao Chen; Yang Zheng; Holly Samuelson,10.23919/acc45564.2020.9147321,,https://doi.org/10.23919/acc45564.2020.9147321,crossref,model predictive control robot learning,anti_myopia,control,,10,model predictive control,2026-06-12T15:07:36Z,14.399,18.399
doi:10.1007/s10514-019-09896-7,Adaptive force and velocity control based on intrinsic contact sensing during surface exploration of dynamic objects,"Abstract Haptic exploration is a process of using haptic feedback to interact and perceive an unknown object. It is an essential approach to understand the physical and geometrical properties of the object. While numerous research has been carried out for haptic exploration on static objects, haptic exploration on objects with dynamic movements has not been reported. It is due to the significant challenges to achieve robust force and velocity control when the object is nonstationary. In this work, a novel adaptive force and velocity control algorithm based on intrinsic contact sensing (ICS) for haptic surface exploration of dynamic objects is presented. A fuzzy-logic control framework making use of the information obtained from ICS has been developed. To validate the proposed control algorithm, extensive surface exploration experiments have been carried out on objects with different surf",2020,Autonomous Robots,Teng Sun; Hongbin Liu,10.1007/s10514-019-09896-7,,https://doi.org/10.1007/s10514-019-09896-7,crossref,contact dynamics robot learning,concept,contact,,8,contact dynamics; robustness,2026-06-12T15:07:36Z,14.399,15.399
doi:10.3390/app112211065,Design and Control of an Omnidirectional Mobile Wall-Climbing Robot,"Omnidirectional mobile wall-climbing robots have better motion performance than traditional wall-climbing robots. However, there are still challenges in designing and controlling omnidirectional mobile wall-climbing robots, which can attach to non-ferromagnetic surfaces. In this paper, we design a novel wall-climbing robot, establish the robot’s dynamics model, and propose a nonlinear model predictive control (NMPC)-based trajectory tracking control algorithm. Compared against state-of-the-art, the contribution is threefold: First, the combination of three-wheeled omnidirectional locomotion and non-contact negative pressure air chamber adhesion achieves omnidirectional locomotion on non-ferromagnetic vertical surfaces. Second, the critical slip state has been employed as an acceleration constraint condition, which could improve the maximum linear acceleration and the angular acceleration",2021,Applied Sciences,Zhengyu Zhong; Ming Xu; Junhao Xiao; Huimin Lu,10.3390/app112211065,,https://doi.org/10.3390/app112211065,openalex,robotics,concept,openalex_bulk_robotics,,19,model predictive control,2026-06-12T18:57:17Z,14.398,16.398
doi:10.1109/toh.2009.4,Tactile Feedback Induces Reduced Grasping Force in Robot-Assisted Surgery,"Robot-assisted minimally invasive surgery has gained widespread use over the past decade, but the technique is currently operated in the absence of haptic feedback during tissue manipulation. We have developed a complete tactile feedback system, consisting of a piezoresistive force sensor, control system, and pneumatic balloon tactile display, and mounted directly onto a da Vinci surgical robotic system. To evaluate the effect of tactile feedback on robotic manipulation, a group of novices (n = 16) and experts ( n = 4) were asked to perform three blocks of peg transfer tasks with the tactile feedback system in place. Force generated at the end-effectors was measured in all three blocks, but tactile feedback was active only during the middle block. All subjects used higher force when the feedback system was inactive. When active, subjects immediately used substantially less force and stil",2009,IEEE Transactions on Haptics,Chih‐Hung King; Martin O. Culjat; Miguel L. Franco; Catherine E. Lewis; Erik Dutson; Warren S. Grundfest; James W. Bisley,10.1109/toh.2009.4,,https://doi.org/10.1109/toh.2009.4,openalex,robotics,concept,openalex_bulk_robotics,,218,surgical robot,2026-06-12T18:57:17Z,14.395,14.395
doi:10.1115/dscc2019-9062,Completing Complex Contact Tasks Using Integrated Active and Passive Compliant Control Methodologies,"Abstract In this paper we introduce the Generalized Contact Control Framework (GCCF) implemented on a compliant robotic manipulator. We demonstrate that the combined joint compliance and GCCF-based compliance control enable the completion of complex contact tasks in uncertain environments, where complex refers to the need to meet different contact force requirements involving multiple steps and output axes. Operating in uncertain environments means limited knowledge of the location or material properties of contact objects. The demonstrated tasks include opening a pill bottle and rigidly connecting to a purely mechanical tool changer. The GCCF simplifies the definition and modification of contact control parameters and allows for on-the-fly definition and completion of new tasks. Unlike hybrid force/impedance controllers, we do not need to define large damping and stiffness matrices, and",2019,"Volume 3, Rapid Fire Interactive Presentations: Advances in Control Systems; Advances in Robotics and Mechatronics; Automotive and Transportation Systems; Motion Planning and Trajectory Tracking; Soft Mechatronic Actuators and Sensors; Unmanned Ground and Aerial Vehicles",Adam Pettinger; Mitch Pryor,10.1115/dscc2019-9062,,https://doi.org/10.1115/dscc2019-9062,crossref,task and motion planning robotics,anti_myopia,classic,,3,impedance control; motion planning; task and motion planning,2026-06-12T15:07:36Z,14.393,18.393
doi:10.3389/frobt.2021.730946,Comparative Analysis of Model-Based Predictive Shared Control for Delayed Operation in Object Reaching and Recognition Tasks With Tactile Sensing,"Communication delay represents a fundamental challenge in telerobotics: on one hand, it compromises the stability of teleoperated robots, on the other hand, it decreases the user’s awareness of the designated task. In scientific literature, such a problem has been addressed both with statistical models and neural networks (NN) to perform sensor prediction, while keeping the user in full control of the robot’s motion. We propose shared control as a tool to compensate and mitigate the effects of communication delay. Shared control has been proven to enhance precision and speed in reaching and manipulation tasks, especially in the medical and surgical fields. We analyse the effects of added delay and propose a unilateral teleoperated leader-follower architecture that both implements a predictive system and shared control, in a 1-dimensional reaching and recognition task with haptic sensing.",2021,Frontiers in Robotics and AI,Leone Costi; Luca Scimeca; Perla Maiolino; Thilina Dulantha Lalitharatne; Thrishantha Nanayakkara; Ryman Hashem; Fumiya Iida,10.3389/frobt.2021.730946,,https://doi.org/10.3389/frobt.2021.730946,crossref,tactile language action robotics,concept,tactile,,11,,2026-06-12T15:07:36Z,14.392,14.392
doi:10.20965/jrm.2011.p0360,Realization and Safety Measures of Patient Transfer by Nursing-Care Assistant Robot RIBA with Tactile Sensors,"In aging societies, there is a strong demand for robotics to tackle with problems caused by the aging population. Patient transfer, such as lifting and moving a bedridden patient from a bed to a wheelchair and back, is one of the most physically challenging tasks in nursing care, the burden of which should be reduced by the introduction of robot technologies. To this end, we have developed a new prototype robot named RIBA having human-type arms with tactile sensors. RIBA succeeded in transferring a human from a bed to a wheelchair and back. The tactile sensors play important roles in sensor feedback and detection of instructions from the operator. In this paper, after outlining the concept and specifications of RIBA, we will explain the tactile information processing, its application to tactile feedback and instruction detection, and safety measures to realize patient transfer. The resul",2011,Journal of Robotics and Mechatronics,"Toshiharu Mukai; RIKEN RTC, 2271-130 Anagahora, Shimoshidami, Moriyama-ku, Nagoya 463-0003, Japan; Shinya Hirano; Hiromichi Nakashima; Yuki Sakaida; Shijie Guo",10.20965/jrm.2011.p0360,,https://doi.org/10.20965/jrm.2011.p0360,openalex,robotics,concept,openalex_bulk_robotics,,58,,2026-06-12T18:57:17Z,14.389,14.389
doi:10.1002/rob.21911,Development of dam inspection robot with negative pressure effect plate,"Abstract This paper describes the development of an underwater robot that performs visual inspection while making mechanical contact with a dam surface by a pulling force generated from thrusters with negative pressure effect plates. In general, small and lightweight remotely operated vehicles (ROVs) have low‐power thrusters. Their positioning performance is inferior with respect to external disturbances. Moreover, it is difficult for untrained operators to control the ROV position to check and inspect dams visually. A negative pressure effect plate attached to a thruster produces negative pressure that maintains mechanical contact between the robot and a dam wall surface and ensures stable robot motion on a dam surface to acquire clear continuous images. As described herein, we theoretically investigate the negative pressure effect plate characteristics and experimentally measure the fo",2019,Journal of Field Robotics,Norimitsu Sakagami; Yosuke Yumoto; Takahiro Takebayashi; Sadao Kawamura,10.1002/rob.21911,,https://doi.org/10.1002/rob.21911,crossref,neural radiance field robotics,concept,architecture,,47,neural radiance field robotics,2026-06-12T15:07:36Z,14.386,15.386
doi:10.1109/iros47612.2022.9981728,Passivity-Based Skill Motion Learning in Stiffness-Adaptive Unified Force-Impedance Control,"Tactile robots shall be deployed for dynamic task execution in production lines with small batch sizes. Therefore, these robots should have the ability to respond to changing conditions and be easy to (re-)program. Operating under uncertain environments requires unifying subsystems such as robot motion and force policy into one framework, referred to as tactile skills. In this paper, we propose the enhancement of these skills for passivity-based skill motion learning in stiffness-adaptive unified force-impedance control. To achieve the increased level of adaptability, we represent all tactile skills by three basic primitives: contact initiation, manipulation, and contact termination. To ensure passivity and stability, we develop an energy-based approach for unified force-impedance control that allows humans to teach the robot motion through physical interaction during the execution of a ",2022,2022 IEEE/RSJ International Conference on Intelligent Robots and Systems (IROS),Kübra Karacan; Hamid Sadeghian; Robin Jeanne Kirschner; Sami Haddadin,10.1109/iros47612.2022.9981728,,https://doi.org/10.1109/iros47612.2022.9981728,openalex,energy based policy robotics,concept,ebm,,12,impedance control,2026-06-12T18:05:07Z,14.382,14.382
doi:10.1109/icra57147.2024.10610098,Efficient Model Learning and Adaptive Tracking Control of Magnetic Micro-Robots for Non-Contact Manipulation,,2024,2024 IEEE International Conference on Robotics and Automation (ICRA),Yongyi Jia; Shu Miao; Junjian Zhou; Niandong Jiao; Lianqing Liu; Xiang Li,10.1109/icra57147.2024.10610098,,https://doi.org/10.1109/icra57147.2024.10610098,crossref,contact rich manipulation learning,concept,contact,,6,contact rich manipulation,2026-06-12T14:45:03Z,14.373,14.373
doi:10.1109/icra57147.2024.10610567,Generalize by Touching: Tactile Ensemble Skill Transfer for Robotic Furniture Assembly,,2024,2024 IEEE International Conference on Robotics and Automation (ICRA),Haohong Lin; Radu Corcodel; Ding Zhao,10.1109/icra57147.2024.10610567,,https://doi.org/10.1109/icra57147.2024.10610567,crossref,tactile language action robotics,concept,tactile,,6,,2026-06-12T15:07:36Z,14.373,14.373
doi:10.1109/lra.2024.3400148,Fast In-Hand Slip Control on Unfeatured Objects With Programmable Tactile Sensing,,2024,IEEE Robotics and Automation Letters,Yuri Gloumakov; Tae Myung Huh; Hannah S. Stuart,10.1109/lra.2024.3400148,,https://doi.org/10.1109/lra.2024.3400148,crossref,tactile language action robotics,concept,tactile,,6,,2026-06-12T15:07:36Z,14.373,14.373
doi:10.1109/icras62427.2024.10654478,Autonomous Sensor-Based Control of Aerial Manipulator for Horizontal Pipe Structure Tracking with Continuous Contact,,2024,2024 8th International Conference on Robotics and Automation Sciences (ICRAS),Naisarg Pandya; Amit Shukla; Pushkar Kumar; Ankit Mehra,10.1109/icras62427.2024.10654478,,https://doi.org/10.1109/icras62427.2024.10654478,crossref,robotics,concept,crossref_bulk_robotics,,6,,2026-06-12T19:29:26Z,14.373,14.373
doi:10.3390/s20216390,Artificial Intelligence-Based Optimal Grasping Control,"A new tactile sensing module was proposed to sense the contact force and location of an object on a robot hand, which was attached on the robot finger. Three air pressure sensors are installed at the tip of the finger to detect the contacting force at the points. To obtain a nominal contact force at the finger from data from the three air pressure sensors, a force estimation was developed based upon the learning of a deep neural network. The data from the three air pressure sensors were utilized as inputs to estimate the contact force at the finger. In the tactile module, the arrival time of the air pressure sensor data has been utilized to recognize the contact point of the robot finger against an object. Using the three air pressure sensors and arrival time, the finger location can be divided into 3 × 3 block locations. The resolution of the contact point recognition was improved to 6 ",2020,Sensors,Dongeon Kim; Jonghak Lee; Wan-Young Chung; Jangmyung Lee,10.3390/s20216390,,https://doi.org/10.3390/s20216390,crossref,analytical grasping,anti_myopia,anti_thesis,,18,robot hand; analytical grasping,2026-06-12T15:07:36Z,14.372,17.372
doi:10.1109/icra48506.2021.9561886,Adaptive stiffness estimation impedance control for achieving sustained contact in aerial manipulation,,2021,2021 IEEE International Conference on Robotics and Automation (ICRA),Lovro Markovic; Marko Car; Matko Orsag; Stjepan Bogdan,10.1109/icra48506.2021.9561886,,https://doi.org/10.1109/icra48506.2021.9561886,crossref,contact rich manipulation learning,concept,contact,,22,contact rich manipulation; impedance control,2026-06-12T14:45:03Z,14.368,14.368
doi:10.1109/access.2020.3035347,A Novel Deep Learning Scheme for Motor Imagery EEG Decoding Based on Spatial Representation Fusion,"Motor imagery electroencephalography (MI-EEG), which is an important subfield of active brain-computer interface (BCI) systems, can be applied to help disabled people to consciously and directly control prosthesis or external devices, aiding them in certain daily activities. However, the low signal-to-noise ratio and spatial resolution make MI-EEG decoding a challenging task. Recently, some deep neural approaches have shown good improvements over state-of-the-art BCI methods. In this study, an end-to-end scheme that includes a multi-layer convolution neural network is constructed for an accurate spatial representation of multi-channel grouped MI-EEG signals, which is employed to extract the useful information present in a multi-channel MI signal. Then the invariant spatial representations are captured from across-subjects training for enhancing the generalization capability through a sta",2020,IEEE Access,Jun Yang; Zhengmin Ma; Jin Wang; Yunfa Fu,10.1109/access.2020.3035347,,https://doi.org/10.1109/access.2020.3035347,openalex,energy based model robot learning,concept,ebm,,27,generalization,2026-06-12T18:26:24Z,14.366,15.366
doi:10.1038/s41598-018-35018-x,"Exploring representations of human grasping in neural, muscle and kinematic signals","Abstract Movement covariates, such as electromyographic or kinematic activity, have been proposed as candidates for the neural representation of hand control. However, it remains unclear how these movement covariates are reflected in electroencephalographic (EEG) activity during different stages of grasping movements. In this exploratory study, we simultaneously acquired EEG, kinematic and electromyographic recordings of human subjects performing 33 types of grasps, yielding the largest such dataset to date. We observed that EEG activity reflected different movement covariates in different stages of grasping. During the pre-shaping stage, centro-parietal EEG in the lower beta frequency band reflected the object’s shape and size, whereas during the finalization and holding stages, contralateral parietal EEG in the mu frequency band reflected muscle activity. These findings contribute to t",2018,Scientific Reports,Andreea I. Sburlea; Gernot R. Müller-Putz,10.1038/s41598-018-35018-x,,https://doi.org/10.1038/s41598-018-35018-x,crossref,analytical grasping,anti_myopia,anti_thesis,,40,analytical grasping,2026-06-12T15:07:36Z,14.357,17.357
doi:10.3390/s21010287,Neural Network Based Contact Force Control Algorithm for Walking Robots,"Walking algorithms using push-off improve moving efficiency and disturbance rejection performance. However, the algorithm based on classical contact force control requires an exact model or a Force/Torque sensor. This paper proposes a novel contact force control algorithm based on neural networks. The proposed model is adapted to a linear quadratic regulator for position control and balance. The results demonstrate that this neural network-based model can accurately generate force and effectively reduce errors without requiring a sensor. The effectiveness of the algorithm is assessed with the realistic test model. Compared to the Jacobian-based calculation, our algorithm significantly improves the accuracy of the force control. One step simulation was used to analyze the robustness of the algorithm. In summary, this walking control algorithm generates a push-off force with precision and ",2021,Sensors,Byeongjin Kim; Soohyun Kim,10.3390/s21010287,,https://doi.org/10.3390/s21010287,openalex,energy based model robot learning,concept,ebm,,4,force control; robustness,2026-06-12T18:26:24Z,14.355,16.355
doi:10.1007/978-94-007-6046-2_32,Multi-contact Motion Planning and Control,,2019,Humanoid Robotics: A Reference,Karim Bouyarmane; Stéphane Caron; Adrien Escande; Abderrahmane Kheddar,10.1007/978-94-007-6046-2_32,,https://doi.org/10.1007/978-94-007-6046-2_32,crossref,task and motion planning robotics,anti_myopia,classic,,14,motion planning; task and motion planning,2026-06-12T15:07:36Z,14.354,18.354
doi:10.1109/icra.2013.6630836,Robust kinematic control of manipulator robots using dual quaternion representation,"This paper addresses the H ∞ robust control problem for robot manipulators using unit dual quaternion representation, which allows an utter description of the end-effector transformation without decoupling rotational and translational dynamics. We propose three different H ∞ control criteria that ensure asymptotic convergence, whereas reducing the influence of disturbances upon the system stability. Also, with a new metric of dual quaternion error in SE(3) we prove independence from robot coordinate changes. Simulation results highlight the importance and effectiveness of the proposed approach in terms of performance, robustness, and energy efficiency.",2013,,Luis Figueredo; Bruno Vilhena Adorno; João Y. Ishihara; Geovany A. Borges,10.1109/icra.2013.6630836,,https://doi.org/10.1109/icra.2013.6630836,openalex,robotics,concept,openalex_bulk_robotics,,54,robustness,2026-06-12T18:57:17Z,14.354,15.354
doi:10.1016/j.isatra.2018.12.031,Stable force control and contact transition of a single link flexible robot using a fractional-order controller,,2019,ISA Transactions,Daniel Feliu-Talegón; V. Feliú; Inés Tejado; Blas M. Vinagre; S. Hassan HosseinNia,10.1016/j.isatra.2018.12.031,,https://doi.org/10.1016/j.isatra.2018.12.031,openalex,energy based model robot learning,concept,ebm,,44,force control,2026-06-12T18:26:24Z,14.353,14.353
doi:10.1007/s00170-018-2925-6,Robotic grinding of a blisk with two degrees of freedom contact force control,,2018,The International Journal of Advanced Manufacturing Technology,Fan Chen; Huan Zhao; Dingwei Li; Lin Chen; Chao Tan; Han Ding,10.1007/s00170-018-2925-6,,https://doi.org/10.1007/s00170-018-2925-6,openalex,robotics,concept,openalex_bulk_robotics,,66,force control,2026-06-12T18:57:17Z,14.352,14.352
doi:10.1016/j.actaastro.2018.06.052,Contact dynamics and control of a space robot capturing a tumbling object,,2018,Acta Astronautica,Shuang Wu; Fangli Mou; Qian Liu; Jing Cheng,10.1016/j.actaastro.2018.06.052,,https://doi.org/10.1016/j.actaastro.2018.06.052,crossref,contact dynamics robot learning,concept,contact,,73,contact dynamics,2026-06-12T14:45:03Z,14.352,14.352
doi:10.1109/lra.2023.3322332,A Learning-Based Shared Control Approach for Contact Tasks,,2023,IEEE Robotics and Automation Letters,Youssef Michel; Zhendong Li; Dongheui Lee,10.1109/lra.2023.3322332,,https://doi.org/10.1109/lra.2023.3322332,crossref,contact dynamics robot learning,concept,contact,,9,contact dynamics,2026-06-12T14:45:03Z,14.351,14.351
doi:10.1016/j.clae.2021.101526,Dynamics of the accommodative response and facility with dual-focus soft contact lenses for myopia control,,2023,Contact Lens and Anterior Eye,Jesús Vera; Beatriz Redondo; Tomás Galan; Pedro Machado; Rubén Molina; George-Alex Koulieris; Raimundo Jiménez,10.1016/j.clae.2021.101526,,https://doi.org/10.1016/j.clae.2021.101526,crossref,contact dynamics robot learning,concept,contact,,9,contact dynamics,2026-06-12T15:07:36Z,14.351,14.351
doi:10.17775/cseejpes.2021.06320,Automatic Voltage Control of Differential Power Grids Based on Transfer Learning and Deep Reinforcement Learning,,2023,CSEE Journal of Power and Energy Systems,,10.17775/cseejpes.2021.06320,,https://doi.org/10.17775/cseejpes.2021.06320,crossref,energy based model robot learning,concept,ebm,,9,,2026-06-12T17:50:07Z,14.351,14.351
doi:10.1007/s10015-023-00858-y,Negative emotion recognition using multimodal physiological signals for advanced driver assistance systems,,2023,Artificial Life and Robotics,Chie Hieida; Tomoaki Yamamoto; Takatomi Kubo; Junichiro Yoshimoto; Kazushi Ikeda,10.1007/s10015-023-00858-y,,https://doi.org/10.1007/s10015-023-00858-y,crossref,robotics,concept,crossref_bulk_robotics,,9,,2026-06-12T19:29:26Z,14.351,15.351
doi:10.48550/arxiv.2505.07817,Pixel Motion as Universal Representation for Robot Control,"We present LangToMo, a vision-language-action framework structured as a dual-system architecture that uses pixel motion forecasts as intermediate representations. Our high-level System 2, an image diffusion model, generates text-conditioned pixel motion sequences from a single frame to guide robot control. Pixel motion-a universal, interpretable, and motion-centric representation-can be extracted from videos in a weakly-supervised manner, enabling diffusion model training on any video-caption data. Treating generated pixel motion as learned universal representations, our low level System 1 module translates these into robot actions via motion-to-action mapping functions, which can be either hand-crafted or learned with minimal supervision. System 2 operates as a high-level policy applied at sparse temporal intervals, while System 1 acts as a low-level policy at dense temporal intervals. ",2025,ArXiv.org,Kanchana Ranasinghe; Xiang Li; E-Ro Nguyen; Cristina Mata; Jongwoo Park; Michael S. Ryoo,10.48550/arxiv.2505.07817,,https://doi.org/10.48550/arxiv.2505.07817,openalex,energy based transformer robot policy,concept,ebm_transformer,,,energy based transformer robot policy,2026-06-12T18:05:07Z,14.350,14.350
doi:10.1109/icrom64545.2024.10903539,Machine Learning for Human-Robot Interaction using EMG Signals to Control the Grip Force,,2024,2024 12th RSI International Conference on Robotics and Mechatronics (ICRoM),Melika Fahmi; Mohammad-Reza Sayyed Noorani; Manizheh Zakeri,10.1109/icrom64545.2024.10903539,,https://doi.org/10.1109/icrom64545.2024.10903539,crossref,control barrier functions robot learning,anti_myopia,control,,1,force control; control barrier function; human robot interaction,2026-06-12T15:07:36Z,14.347,17.347
doi:10.1109/ddcls61622.2024.10606714,Transfer Learning-Based Multi-Objective Predictive Control for Vehicular Platoon,,2024,2024 IEEE 13th Data Driven Control and Learning Systems Conference (DDCLS),Yanhong Wu; Zhiqiang Zuo; Yijing Wang,10.1109/ddcls61622.2024.10606714,,https://doi.org/10.1109/ddcls61622.2024.10606714,crossref,model predictive control robot learning,anti_myopia,control,,1,model predictive control,2026-06-12T15:07:36Z,14.347,18.347
doi:10.23919/ecc64448.2024.10591039,A Novel Koopman Representation for Efficient Linear Model Predictive Control of Nonlinear Systems,,2024,2024 European Control Conference (ECC),Omar Sayed; Sergio Lucia,10.23919/ecc64448.2024.10591039,,https://doi.org/10.23919/ecc64448.2024.10591039,crossref,model predictive control robot learning,anti_myopia,control,,1,model predictive control,2026-06-12T15:07:36Z,14.347,18.347
doi:10.1109/tcns.2018.2863048,Motion-Communication Co-Optimization With Cooperative Load Transfer in Mobile Robotics: An Optimal Control Perspective,"This paper considers the co-optimization of motion and communication in mobile robotic networks operating under energy constraints. More specifically, we consider a team of robots tasked with collectively transmitting a given amount of data to a remote station, while operating in realistic communication environments that experience path loss, shadowing, and multipath fading. We are interested in designing the load distribution, paths, and transmission power/rate schedules of the robots in a way that minimizes the total energy required for motion and communication. We use realistic models to quantify the motion and transmission power. We then show how this multiagent problem can be efficiently solved using an optimal control framework and mathematically characterize properties of the optimal solution. We further extend the problem to an online adaptation setting, where the robots need to ",2018,IEEE Transactions on Control of Network Systems,Usman Ali; Hong Cai; Yasamin Mostofi; Y. Wardi,10.1109/tcns.2018.2863048,,https://doi.org/10.1109/tcns.2018.2863048,openalex,robotics,concept,openalex_bulk_robotics,,31,online adaptation,2026-06-12T18:57:17Z,14.333,15.333
doi:10.1002/admt.201900602,A Multisensory Tactile System for Robotic Hands to Recognize Objects,"Abstract Multisensory tactile systems play an important role in enhancing robot intelligence. A competent robotic tactile system needs to be simple in structure and easily operated, especially with multiple sensations, and have good coordinate ability like human skin. A novel multisensory tactile system for humanoid robotic hands is proposed, allowing the hand to identify objects by grasping and manipulating them. Robotic multifunction sensors based on skin‐inspired thermosensation and structured with micro platinum ribbons partially covered with piezo‐thermic silver‐nanoparticle‐doped porous polydimethylsiloxane membrane simultaneously and independently detect contact pressure, local ambient temperature, and thermal conductivity and temperature of an object. Multiple tactile information which is obtained by the robotic sensors is fused comprehensively based on neural network classificat",2019,Advanced Materials Technologies,Guozhen Li; Rong Zhu,10.1002/admt.201900602,,https://doi.org/10.1002/admt.201900602,openalex,robotics,concept,openalex_bulk_robotics,,38,humanoid robot,2026-06-12T18:57:17Z,14.332,14.332
doi:10.1016/s0028-3932(01)00233-0,Object motor representation and reaching–grasping control,,2002,Neuropsychologia,Maurizio Gentilucci,10.1016/s0028-3932(01)00233-0,,https://doi.org/10.1016/s0028-3932(01)00233-0,crossref,analytical grasping,anti_myopia,anti_thesis,,70,analytical grasping,2026-06-12T15:07:36Z,14.331,17.331
doi:10.1109/icra.2019.8793885,Learning to Identify Object Instances by Touch: Tactile Recognition via Multimodal Matching,,2019,2019 International Conference on Robotics and Automation (ICRA),Justin Lin; Roberto Calandra; Sergey Levine,10.1109/icra.2019.8793885,,https://doi.org/10.1109/icra.2019.8793885,crossref,tactile language action robotics,concept,tactile,,46,,2026-06-12T15:07:36Z,14.325,14.325
doi:10.54254/2755-2721/2025.gl25269,Control Strategies for Embodied Humanoid Robots: Reinforcement Learning vs. Multi-Contact Planning,"As the application demand for humanoid robots in complex and unstructured environments increases, how to balance adaptability and stability in control strategies has become increasingly critical. This paper compares and analyzes two typical humanoid robot control methods: a reinforcement learning-based controller on the Digit V3 platform and a multi-contact planning and control (MCPC) framework on the COMAN+ platform. This work addresses a gap in the literature that lacks a comparative perspective on cross-method and cross-platform practical verification. It first introduces the design concept and training mechanism of the reinforcement learning controller, which removes reliance on gait clocks and achieves the natural switching between standing and walking under external disturbances. Then it analyzes the MCPC framework, which combines posture sampling, nonlinear programming (NLP) traje",2025,Applied and Computational Engineering,Haobo Wang,10.54254/2755-2721/2025.gl25269,,https://doi.org/10.54254/2755-2721/2025.gl25269,crossref,embodied world model planning control,concept,world_models,,,humanoid robot; robustness,2026-06-12T14:45:03Z,14.300,15.300
arxiv:2403.08716v1,DIFFTACTILE: A Physics-based Differentiable Tactile Simulator for Contact-rich Robotic Manipulation,"We introduce DIFFTACTILE, a physics-based differentiable tactile simulation system designed to enhance robotic manipulation with dense and physically accurate tactile feedback. In contrast to prior tactile simulators which primarily focus on manipulating rigid bodies and often rely on simplified approximations to model stress and deformations of materials in contact, DIFFTACTILE emphasizes physics-based contact modeling with high fidelity, supporting simulations of diverse contact modes and interactions with objects possessing a wide range of material properties. Our system incorporates several key components, including a Finite Element Method (FEM)-based soft body model for simulating the sensing elastomer, a multi-material simulator for modeling diverse object types (such as elastic, elastoplastic, cables) under manipulation, a penalty-based contact model for handling contact dynamics.",2024,arXiv,Zilin Si; Gu Zhang; Qingwei Ben; Branden Romero; Zhou Xian; Chao Liu; Chuang Gan,,2403.08716v1,http://arxiv.org/abs/2403.08716v1,arxiv,contact rich manipulation learning,concept,contact,,,contact rich manipulation; contact dynamics,2026-06-12T14:45:03Z,14.300,14.300
arxiv:2410.17246v2,"Learning Precise, Contact-Rich Manipulation through Uncalibrated Tactile Skins","While visuomotor policy learning has advanced robotic manipulation, precisely executing contact-rich tasks remains challenging due to the limitations of vision in reasoning about physical interactions. To address this, recent work has sought to integrate tactile sensing into policy learning. However, many existing approaches rely on optical tactile sensors that are either restricted to recognition tasks or require complex dimensionality reduction steps for policy learning. In this work, we explore learning policies with magnetic skin sensors, which are inherently low-dimensional, highly sensitive, and inexpensive to integrate with robotic platforms. To leverage these sensors effectively, we present the Visuo-Skin (ViSk) framework, a simple approach that uses a transformer-based policy and treats skin sensor data as additional tokens alongside visual information. Evaluated on four complex",2024,arXiv,Venkatesh Pattabiraman; Yifeng Cao; Siddhant Haldar; Lerrel Pinto; Raunaq Bhirangi,,2410.17246v2,http://arxiv.org/abs/2410.17246v2,arxiv,contact rich manipulation learning,concept,contact,,,contact rich manipulation; limitation; generalization,2026-06-12T14:45:03Z,14.300,16.300
arxiv:2403.11898v2,VITaL Pretraining: Visuo-Tactile Pretraining for Tactile and Non-Tactile Manipulation Policies,"Tactile information is a critical tool for dexterous manipulation. As humans, we rely heavily on tactile information to understand objects in our environments and how to interact with them. We use touch not only to perform manipulation tasks but also to learn how to perform these tasks. Therefore, to create robotic agents that can learn to complete manipulation tasks at a human or super-human level of performance, we need to properly incorporate tactile information into both skill execution and skill learning. In this paper, we investigate how we can incorporate tactile information into imitation learning platforms to improve performance on manipulation tasks. We show that incorporating visuo-tactile pretraining improves imitation learning performance, not only for tactile agents (policies that use tactile information at inference), but also for non-tactile agents (policies that do not u",2024,arXiv,Abraham George; Selam Gano; Pranav Katragadda; Amir Barati Farimani,,2403.11898v2,http://arxiv.org/abs/2403.11898v2,arxiv,tactile language action robotics,concept,tactile,,,dexterous manipulation; skill learning; imitation learning,2026-06-12T14:45:03Z,14.300,14.300
doi:10.64898/2025.12.06.25341759,Vision-Language Foundation Models Do Not Transfer to Medical Imaging Classification: A Negative Result on Chest X-ray Diagnosis,"Abstract Vision-language models (VLMs) pretrained on web-scale data have achieved remarkable performance across diverse tasks, leading to widespread adoption in industry. A natural question is whether these powerful representations transfer to specialized medical imaging domains, and whether domain-specific medical pretraining improves transfer. We tested these hypotheses using two VLMs on the NIH ChestX-ray14 benchmark: Qwen2.5-VL (pretrained on web data) and BiomedCLIP (pretrained on 15 million PubMed biomedical image-text pairs). Both models dramatically underperformed compared to convolutional neural networks (CNNs) with ImageNet pretraining. Across 5 random seeds, the best VLM achieved F1=0.196 ± 0.004 versus a CNN baseline of F1=0.811. Domain-specific pretraining provided marginal improvement: BiomedCLIP’s frozen encoder achieved F1=0.161 ± 0.001 versus Qwen’s F1=0.124 (+30%), but ",,,George Fisher,10.64898/2025.12.06.25341759,,https://doi.org/10.64898/2025.12.06.25341759,crossref,robot foundation model vision language action,concept,vla,,,robot foundation model; negative result; benchmark,2026-06-12T14:45:03Z,14.300,16.300
arxiv:2407.16912v1,Cross-Domain Policy Transfer by Representation Alignment via Multi-Domain Behavioral Cloning,"Transferring learned skills across diverse situations remains a fundamental challenge for autonomous agents, particularly when agents are not allowed to interact with an exact target setup. While prior approaches have predominantly focused on learning domain translation, they often struggle with handling significant domain gaps or out-of-distribution tasks. In this paper, we present a simple approach for cross-domain policy transfer that learns a shared latent representation across domains and a common abstract policy on top of it. Our approach leverages multi-domain behavioral cloning on unaligned trajectories of proxy tasks and employs maximum mean discrepancy (MMD) as a regularization term to encourage cross-domain alignment. The MMD regularization better preserves structures of latent state distributions than commonly used domain-discriminative distribution matching, leading to highe",2024,arXiv,Hayato Watahiki; Ryo Iwase; Ryosuke Unno; Yoshimasa Tsuruoka,,2407.16912v1,http://arxiv.org/abs/2407.16912v1,arxiv,diffusion policy,concept,architecture,,,diffusion policy; out of distribution; ablation,2026-06-12T14:45:03Z,14.300,16.300
doi:10.1177/21695172261431194,Compliance Model-Based Contact Force Control for Soft Continuum Robots,"Soft robots are increasingly being explored and developed in various settings that demand safe and adaptable interactions between robots and their environments. In addition, soft robots exhibit passive compliant behavior and generate continuous deformations when engaging with the environment. This imposes challenges on achieving active, on-demand interaction force control, especially when feedback force-sensing devices are not available. Consequently, there is a need to explore new model-based force control paradigms for soft robots. In this article, we propose a (quasi-)static force control approach for soft robots based on compliance modeling, avoiding the necessity for feedback control loops or extensive training data collection. The proposed approach can deliver contact force control along three Cartesian axes when the robot is actuated into various configurations. The compliance mat",2026,Soft Robotics,Jialei Shi; Sara-Adela Abad; Jian S. Dai; Helge Wurdemann,10.1177/21695172261431194,,https://doi.org/10.1177/21695172261431194,crossref,energy based model robotics,concept,architecture,,,energy based model robotics; force control,2026-06-12T14:45:03Z,14.300,14.300
doi:10.17694/bajece.1515854,Control Through Contact using Mixture of Deep Neural-Net Experts,"We provide a data-driven control design framework for hybrid systems, with a special emphasis on contact-rich robotic systems. These systems exhibit continuous state flows and discrete state transitions, which are governed by distinct equations of motion. Hence, it may be impossible to design a single policy that can control the system in all modes. Typically, hybrid systems are controlled by multi-modal policies, each manually triggered based on observed states. However, as the number of potential contacts increase, the number of policies can grow exponentially and the control-switching scheme becomes too complicated to parameterize. To address this issue, we design contact-aware data-driven controllers given by deepnet mixture of experts (MoE). This architecture automatically learns switching-control scheme that can achieve the desired overall performance of the system, and a gating ne",2025,Balkan Journal of Electrical and Computer Engineering,Aykut Satici,10.17694/bajece.1515854,,https://doi.org/10.17694/bajece.1515854,crossref,mixture of experts robot policy,concept,architecture,,,mixture of experts robot policy; hybrid systems,2026-06-12T14:45:03Z,14.300,14.300
doi:10.1126/scirobotics.aea1762,Object-centric task representation and transfer using diffused orientation fields,"Curved objects pose a fundamental challenge for task transfer in robotics: Unlike planar surfaces, curved surfaces do not admit a global reference frame. As a result, task-relevant directions such as “toward” or “along” the surface vary with position and geometry, making object-centric tasks difficult to transfer across shapes. To address this, we introduce an approach using diffused orientation fields, a smooth representation of local reference frames, for expressing and transferring tasks across curved objects. By expressing manipulation tasks in these smoothly varying local frames, we reduce the problem of transferring tasks across curved objects to establishing sparse keypoint correspondences. Our representation is computed online from raw point cloud data using diffusion processes governed by partial differential equations, conditioned on keypoints. We evaluate our method under geom",2026,Science Robotics,Cem Bilaloglu; Tobias Löw; Sylvain Calinon,10.1126/scirobotics.aea1762,,https://doi.org/10.1126/scirobotics.aea1762,crossref,object centric world model,concept,architecture,,,object centric world model,2026-06-12T14:45:03Z,14.300,14.300
doi:10.54254/2753-8818/2025.21222,Deep Reinforcement Learning and Transfer Learning-Based Intelligent Robot Control System: Automated Optimization and Tuning for Complex Manufacturing Tasks,"This article presents Deep Reinforcement Learning (DRL), Transfer Learning (TL) and Automatic Machine Learning (AutoML) to create a smart robotic control system for advanced manufacturing tasks. The system increases performance via DRL real time decision, TL for cross-task knowledge flow, and AutoML for model design and hyperparameter tuning. We performed experiments with a 6-DoF robot arm that assembly and inspection tasks in static and static conditions. DRL decreased task completion times by 20% under controlled conditions and showed flexibility by maintaining competitive performance in fast-changing environments where standard systems simply couldn’t keep up. TL was used to cut training time by 60%, and AutoML increased efficiency. Task accuracy gains up to 98.4% for assembly and 95.7% for defect detection indicate that the system performs well under environmental variation. In this ",2025,Theoretical and Natural Science,Qinxia Ma; Yichen Xu,10.54254/2753-8818/2025.21222,,https://doi.org/10.54254/2753-8818/2025.21222,crossref,energy based model robot learning,concept,ebm,,,industrial robot,2026-06-12T15:07:36Z,14.300,14.300
doi:10.1142/s0219686728500011,Visual-Haptic Fusion for Contact-Rich Robot Skill Transfer via Diffusion Models,"Contact-rich manipulation in industrial robotics faces significant challenges in skill transfer, where conventional vision-based systems rely on indirect force inference from visual observations. To address this limitation, this study developed a vision-force fusion framework combining visual and haptic measurements through learned attention mechanisms to generate manipulation trajectories satisfying contact constraints. The approach employs diffusion-based iterative refinement conditioned on multimodal observations from RGB-D cameras and force sensors. Experimental validation employed 387 demonstrations from diverse contact-rich assembly tasks using a collaborative robot with multimodal perception. The approach achieved 87.3% success rate across target task variants, outperforming Diffusion Policy (78.6%), Action Chunking Transformer (73.9%), and Behavior Cloning (62.3%), representing a",2026,Journal of Advanced Manufacturing Systems,Hongliang Xing; Yuhang Zhao,10.1142/s0219686728500011,,https://doi.org/10.1142/s0219686728500011,crossref,contact dynamics robot learning,concept,contact,,,diffusion policy; contact rich manipulation; industrial robot; contact dynamics; behavior cloning; limitation; generalization; robustness; ablation,2026-06-12T15:07:36Z,14.300,18.300
doi:10.3390/s26051473,Deep Learning-Based Contact Force Control for a Robotic Leg,"This paper proposes a learning-based contact force controller using deep neural networks (DNN) and a PI controller. Stable contact force control between the foot and the ground is essential for humanoid robots to maintain balance during bipedal walking. While admittance controllers have been extensively employed for contact force control in humanoid robots, their performance is limited by the high nonlinearity inherent in robot systems. To overcome these limitations, we propose a deep neural network (DNN)–based inverse model, which leverages input–output data that inherently capture system nonlinearities. The proposed learning-based contact force controller computes the target foot height based on the target force, measured force, and measured foot height, without relying on a dynamic model of the articulated robotic leg. Furthermore, a PI controller is integrated to mitigate steady-stat",2026,Sensors,Hyoseok Lee; Dongmin Baek; Hyeokjun Kwon; Hyun-min Joe,10.3390/s26051473,,https://doi.org/10.3390/s26051473,crossref,contact rich manipulation learning,concept,contact,,,contact rich manipulation; humanoid robot; force control; limitation,2026-06-12T15:07:36Z,14.300,15.300
doi:10.1002/rob.70226,Biomimetic Multifinger Tactile Sensing and Contact‐Regulated Palpation for Autonomous Breast Tumor Localization,"ABSTRACT Early detection of breast abnormalities remains challenging: manual palpation is subjective and operator‐dependent, while imaging modalities may miss small or subtle stiffness anomalies. This paper presents a biomimetic multifinger robotic palpation approach intended to support early breast‐cancer screening and follow‐up assessment as a proof‐of‐concept. The system integrates tactile arrays with a contact‐regulation scheme under standardized protocols. Each fingertip produces spatial tactile heatmaps, and a human‐like multifinger pressing strategy is used to elicit finger‐wise normal‐interaction responses under controlled contact conditions. The feedback variable is a resultant tactile signal obtained by aggregating taxel readings and is treated as a proxy of normal interaction rather than an absolute force measurement. A real‐time Kalman filter is employed to improve signal fid",2026,Journal of Field Robotics,Kai Cheng; Yuanyuan Shen; Huanhai Zhang; Baifeng Li; Chao Cheng; Hamid Reza Karimi; Hang Su; Samer Alfayad,10.1002/rob.70226,,https://doi.org/10.1002/rob.70226,crossref,tactile language action robotics,concept,tactile,,,,2026-06-12T15:07:36Z,14.300,14.300
doi:10.1609/aaai.v40i22.38956,"Collaborative Representation Learning for Alignment of Tactile, Language, and Vision Modalities","Tactile sensing offers rich and complementary information to vision and language, enabling robots to perceive fine-grained object properties. However, existing tactile sensors lack standardization, leading to redundant features that hinder cross-sensor generalization. Moreover, existing methods fail to fully integrate the intermediate communication among tactile, language, and vision modalities. To address this, we propose TLV-CoRe, a CLIP-based Tactile-Language-Vision Collaborative Representation learning method. TLV-CoRe introduces a Sensor-Aware Modulator to unify tactile features across different sensors and employs tactile-irrelevant decoupled learning to disentangle irrelevant tactile features. Additionally, a Unified Bridging Adapter is introduced to enhance tri-modal interaction within the shared representation space. To fairly evaluate the effectiveness of tactile models, we fur",2026,Proceedings of the AAAI Conference on Artificial Intelligence,Yiyun Zhou; Mingjing Xu; Jingwei Shi; Quanjiang Li; Jingyuan Chen,10.1609/aaai.v40i22.38956,,https://doi.org/10.1609/aaai.v40i22.38956,crossref,tactile language action robotics,concept,tactile,,,generalization; robustness,2026-06-12T15:07:36Z,14.300,16.300
doi:10.1063/5.0333521,Physics-informed transfer learning via frontier orbital pretraining for prediction of polymer electronic properties,"Accurate prediction of electronic properties, including bandgap, ionization energy (IE), and electron affinity (EA), is central to the design of polymer electronic materials but is hindered by the vast chemical space and the high cost of reliable reference data. Here, a frontier orbital-guided learning framework is proposed that integrates low-cost quantum chemical pretraining with transfer learning to enable efficient and physically consistent prediction of polymer electronic properties. The model is pretrained on GFN2-xTB-derived frontier orbital properties of polymer trimers and subsequently fine-tuned using limited highfidelity data to predict chain bandgap (bandgap-chain), bulk bandgap (bandgap-bulk), IE, and EA. The resulting models exhibit consistently high predictive accuracy across all target properties, with test-set mean absolute errors of 0.246 eV for bandgap-chain, 0.269 eV ",2026,The Journal of Chemical Physics,Peiran Meng; Jiaqing Song; Jiayi Feng; Tong Ning; Zhuo You; Chunyang Yu; Lidong Gong,10.1063/5.0333521,,https://doi.org/10.1063/5.0333521,crossref,physics informed robot learning,concept,architecture,,,physics informed robot learning,2026-06-12T15:07:36Z,14.300,14.300
doi:10.1177/02783649261427801,"Screw impedance control for multi-contact interactions with hierarchically structured, bounded parameter matrices","Multi-contact interaction remains a central challenge for precise robotic manipulation. This paper proposes a screw impedance control (SIC) framework based on screw theory that supports intuitive modeling of distributed, non-orthogonal interactions while enabling independent impedance tuning at multiple contact points. To ensure physical realizability, an SIC parameter matrix boundary-constraint algorithm is proposed to confine impedance matrices to the renderable range while preserving the desired multi-contact impedance profile with minimal distortion. We propose a hierarchical iterative strategy for constructing the impedance parameter matrices in multi-priority tasks, regulating impedance coupling effects in multi-contact prioritization. Flexible, task-specific hierarchies are achieved by differentiated coupling term designs. Extensive simulations with a planar robot across diverse m",2026,The International Journal of Robotics Research,Yiming Chen; Xingwei Zhao; Yuhao Zhang; Chenzui Li; Fei Chen; Bo Tao; Han Ding,10.1177/02783649261427801,,https://doi.org/10.1177/02783649261427801,crossref,EBM transformer robotics contact rich manipulation,concept,architecture_x_embodiment,,,EBM transformer robotics; contact rich manipulation; impedance control; robustness,2026-06-12T15:07:36Z,14.300,15.300
arxiv:2411.13996v1,Contact Tooling Manipulation Control for Robotic Repair Platform,"This paper delves into various robotic manipulation control methods designed for dynamic contact tooling operations on a robotic repair platform. The explored control strategies include hybrid position-force control, admittance control, bilateral telerobotic control, virtual fixture, and shared control. Each approach is elucidated and assessed in terms of its applicability and effectiveness for handling contact tooling tasks in real-world repair scenarios. The hybrid position-force controller is highlighted for its proficiency in executing precise force-required tasks, but it demands contingent on an accurate model of the environment and structured, static environment. In contrast, for unstructured environments, bilateral teleoperation control is investigated, revealing that the compliance with the remote robot controller is crucial for stable contact, albeit at the expense of reduced mo",2024,arXiv,Joong-Ku Lee; Young Soo Park,,2411.13996v1,http://arxiv.org/abs/2411.13996v1,arxiv,EBM transformer robotics contact rich manipulation,concept,architecture_x_embodiment,,,EBM transformer robotics; contact rich manipulation; force control; teleoperation,2026-06-12T15:07:36Z,14.300,15.300
doi:10.1002/acs.3758,Event‐triggered model reference adaptive control system design for SISO plants using meta‐learning‐based physics‐informed neural networks without labeled data and transfer learning,"Summary This paper examines the controllability of a novel Lyapunov‐based model reference adaptive control (MRAC) system designed with a meta‐learning‐based physics‐informed neural network (MLPINN) for linear and nonlinear single‐input and single‐output (SISO) plants without labeled data (MLPINN‐MRAC system). It is devised with the benefits of several techniques: the integration of the identification process in a training mode into an online control mode (straightforward design); no labeled data generation for online identification by a physics‐informed neural network; the prevention of degradation in tracking performance by meta‐learning, as the system triggers a meta‐learning process only when an error threshold detects the deterioration (high efficiency and the reduction of computation cost); quick adaptation to new inputs and an updated control input for each sub‐time span by transfe",2024,International Journal of Adaptive Control and Signal Processing,Worrawat Duanyai; Weon Keun Song; Poom Konghuayrob; Manukid Parnichkun,10.1002/acs.3758,,https://doi.org/10.1002/acs.3758,crossref,physics informed robot learning,concept,architecture,,2,physics informed robot learning,2026-06-12T15:07:36Z,14.299,14.299
doi:10.1017/s0263574724000092,One-shot sim-to-real transfer policy for robotic assembly via reinforcement learning with visual demonstration,"Abstract Reinforcement learning (RL) has been successfully applied to a wealth of robot manipulation tasks and continuous control problems. However, it is still limited to industrial applications and suffers from three major challenges: sample inefficiency, real data collection, and the gap between simulator and reality. In this paper, we focus on the practical application of RL for robot assembly in the real world. We apply enlightenment learning to improve the proximal policy optimization, an on-policy model-free actor-critic reinforcement learning algorithm, to train an agent in Cartesian space using the proprioceptive information. We introduce enlightenment learning incorporated via pretraining, which is beneficial to reduce the cost of policy training and improve the effectiveness of the policy. A human-like assembly trajectory is generated through a two-step method with segmenting ",2024,Robotica,Ruihong Xiao; Chenguang Yang; Yiming Jiang; Hui Zhang,10.1017/s0263574724000092,,https://doi.org/10.1017/s0263574724000092,crossref,sim to real robot manipulation,concept,sim2real,,10,robot manipulation; sim to real transfer; benchmark,2026-06-12T15:07:36Z,14.299,17.299
doi:10.1109/tie.2022.3227279,Unified Human–Robot–Environment Interaction Control in Contact-Rich Collaborative Manipulation Tasks via Model-Based Reinforcement Learning,,2023,IEEE Transactions on Industrial Electronics,Xing Liu; Yu Liu; Zhengxiong Liu; Panfeng Huang,10.1109/tie.2022.3227279,,https://doi.org/10.1109/tie.2022.3227279,crossref,contact dynamics robot learning,concept,contact,,8,contact dynamics,2026-06-12T14:45:03Z,14.299,14.299
doi:10.1109/iccv51070.2023.00123,Rethinking Amodal Video Segmentation from Learning Supervised Signals with Object-centric Representation,,2023,2023 IEEE/CVF International Conference on Computer Vision (ICCV),Ke Fan; Jingshi Lei; Xuelin Qian; Miaopeng Yu; Tianjun Xiao; Tong He; Zheng Zhang; Yanwei Fu,10.1109/iccv51070.2023.00123,,https://doi.org/10.1109/iccv51070.2023.00123,crossref,object centric world model,concept,architecture,,8,object centric world model,2026-06-12T15:07:36Z,14.299,14.299
doi:10.1109/lra.2021.3061378,"Visiflex: A Low-Cost Compliant Tactile Fingertip for Force, Torque, and Contact Sensing",,2021,IEEE Robotics and Automation Letters,Alfonso J. Fernandez; Huan Weng; Paul B. Umbanhowar; Kevin M. Lynch,10.1109/lra.2021.3061378,,https://doi.org/10.1109/lra.2021.3061378,crossref,tactile language action robotics,concept,tactile,,19,,2026-06-12T15:07:36Z,14.298,14.298
doi:10.1016/j.inffus.2024.102390,SingleS2R: Single sample driven Sim-to-Real transfer for Multi-Source Visual-Tactile Information Understanding using multi-scale vision transformers,,2024,Information Fusion,Jing Tang; Zeyu Gong; Bo Tao; Zhouping Yin,10.1016/j.inffus.2024.102390,,https://doi.org/10.1016/j.inffus.2024.102390,crossref,sim to real robot manipulation,concept,sim2real,,5,robot manipulation; sim to real transfer,2026-06-12T15:07:36Z,14.296,15.296
doi:10.1109/iros58592.2024.10802831,The Power of Input: Benchmarking Zero-Shot Sim-to-Real Transfer of Reinforcement Learning Control Policies for Quadrotor Control,,2024,2024 IEEE/RSJ International Conference on Intelligent Robots and Systems (IROS),Alberto Dionigi; Gabriele Costante; Giuseppe Loianno,10.1109/iros58592.2024.10802831,,https://doi.org/10.1109/iros58592.2024.10802831,crossref,sim to real robot manipulation,concept,sim2real,,5,robot manipulation; sim to real transfer; benchmark,2026-06-12T15:07:36Z,14.296,16.296
doi:10.1109/icra57147.2024.10611151,Online Multi-Contact Feedback Model Predictive Control for Interactive Robotic Tasks,,2024,2024 IEEE International Conference on Robotics and Automation (ICRA),Seo Wook Han; Maged Iskandar; Jinoh Lee; Min Jun Kim,10.1109/icra57147.2024.10611151,,https://doi.org/10.1109/icra57147.2024.10611151,crossref,robotics,concept,crossref_bulk_robotics,,5,model predictive control,2026-06-12T19:29:26Z,14.296,15.296
doi:10.1109/tie.2024.3443965,Active Admittance Control With Iterative Learning for General-Purpose Contact-Rich Manipulation,,2025,IEEE Transactions on Industrial Electronics,Bo Zhou; Yuyao Sun; Wenbo Liu; Ruixuan Jiao; Fang Fang; Shihua Li,10.1109/tie.2024.3443965,,https://doi.org/10.1109/tie.2024.3443965,crossref,contact rich manipulation learning,concept,contact,,3,contact rich manipulation,2026-06-12T14:45:03Z,14.293,14.293
doi:10.1109/lra.2025.3580329,TACT: Humanoid Whole-Body Contact Manipulation Through Deep Imitation Learning With Tactile Modality,,2025,IEEE Robotics and Automation Letters,Masaki Murooka; Takahiro Hoshi; Kensuke Fukumitsu; Shimpei Masuda; Marwan Hamze; Tomoya Sasaki; Mitsuharu Morisawa; Eiichi Yoshida,10.1109/lra.2025.3580329,,https://doi.org/10.1109/lra.2025.3580329,crossref,contact rich manipulation learning,concept,contact,,3,contact rich manipulation; imitation learning,2026-06-12T14:45:03Z,14.293,14.293
doi:10.1109/lra.2025.3568616,Tactile Sensor-Based Estimation of Grasp Force and Contact State With Soft Fingers,,2025,IEEE Robotics and Automation Letters,Hun Jang; Joonbum Bae; Kevin Haninger,10.1109/lra.2025.3568616,,https://doi.org/10.1109/lra.2025.3568616,crossref,contact dynamics robot learning,concept,contact,,3,contact dynamics,2026-06-12T15:07:36Z,14.293,14.293
doi:10.1109/lra.2024.3505815,"NormalFlow: Fast, Robust, and Accurate Contact-Based Object 6DoF Pose Tracking With Vision-Based Tactile Sensors",,2025,IEEE Robotics and Automation Letters,Hung-Jui Huang; Michael Kaess; Wenzhen Yuan,10.1109/lra.2024.3505815,,https://doi.org/10.1109/lra.2024.3505815,crossref,tactile language action robotics,concept,tactile,,3,,2026-06-12T15:07:36Z,14.293,14.293
doi:10.1109/ismcr47492.2019.8955725,Deep learning approach to control of prosthetic hands with electromyography signals,,2019,2019 IEEE International Symposium on Measurement and Control in Robotics (ISMCR),Mohsen Jafarzadeh; Daniel Curtiss Hussey; Yonas Tadesse,10.1109/ismcr47492.2019.8955725,,https://doi.org/10.1109/ismcr47492.2019.8955725,crossref,robotics,concept,crossref_bulk_robotics,,43,,2026-06-12T19:29:26Z,14.292,14.292
doi:10.1111/nph.15365,Plant organelle dynamics: cytoskeletal control and membrane contact sites,"Contents Summary 381 I. Introduction 381 II. Basic movement characteristics 382 III. Actin and associated motors, myosins, play a primary role in plant organelle movement and positioning 382 IV. Mechanisms of myosin recruitment: a tightly regulated system? 384 V. Microtubules, associated motors and interplay with actin 386 VI. Role of organelle interactions: tales of tethers 387 VII. Summary model to describe organelle movement in higher plants 390 VIII. Why is organelle movement important? 390 IX. Conclusions and future perspectives 391 Acknowledgements 391 References 391 Summary Organelle movement and positioning are correlated with plant growth and development. Movement characteristics are seemingly erratic yet respond to external stimuli including pathogens and light. Given these clear correlations, we still do not understand the specific roles that movement plays in these processes.",2018,New Phytologist,Chiara Perico; Imogen Sparkes,10.1111/nph.15365,,https://doi.org/10.1111/nph.15365,crossref,contact dynamics robot learning,concept,contact,,64,contact dynamics,2026-06-12T15:07:36Z,14.287,14.287
doi:10.1109/tsmcb.2003.817034,A New Mobile Robot Control Approach via Fusion of Control Signals,"This paper proposes an alternative approach to address the problem of coordinating behaviors in mobile robot navigation: fusion of control signals. Such approach is based on a set of two decentralized information filters, which accomplish the data fusion involved. Besides these two fusion engines, control architectures designed according to this approach also embed a set of different controllers that generate reference signals for the robot linear and angular speeds. Such signals are delivered to the two decentralized information filters, which estimate suitable overall reference signals for the robot linear and angular speeds, respectively. Thus, the background for designing such control architectures is provided by the nonlinear systems theory, which makes this approach different from any other yet proposed. This background also allows checking control architectures designed according ",2004,IEEE Transactions on Systems Man and Cybernetics Part B (Cybernetics),Eduardo Oliveira Freire; Teodiano Bastos-Filho; Mário Sarcinelli-Filho; Ricardo Carelli,10.1109/tsmcb.2003.817034,,https://doi.org/10.1109/tsmcb.2003.817034,openalex,robotics,concept,openalex_bulk_robotics,,47,,2026-06-12T18:57:17Z,14.286,14.286
doi:10.2514/1.g008503,Physics-Informed Transfer Learning-Based Aerodynamic Parameter Identification of Morphing Aircraft,"This paper presents an aerodynamic parameter identification method for morphing aircraft through physics-informed transfer learning. The basic configuration of the morphing aircraft is first identified using physics-informed neural networks (PINN), which identifies aerodynamic parameters by integrating the flight dynamic model as a regularization term within the loss function. When the morphing aircraft transitions to the next configuration, the unidentified aerodynamic parameters change accordingly. To rapidly identify the aerodynamic parameters after deformation, a transfer learning approach is adopted. The advantages of both PINN and transfer learning are combined by this method, and a significant reduction in the required flight data for aerodynamic parameter identification can be achieved along with an improvement in model accuracy. The effectiveness of this method is demonstrated t",2025,"Journal of Guidance, Control, and Dynamics",Dongyang Qu; Qing Wang; Huahua Liu,10.2514/1.g008503,,https://doi.org/10.2514/1.g008503,crossref,physics informed robot learning,concept,architecture,,6,physics informed robot learning,2026-06-12T15:07:36Z,14.273,14.273
doi:10.48550/arxiv.1812.06120,Simulation to Scaled City: Zero-Shot Policy Transfer for Traffic Control via Autonomous Vehicles,"Using deep reinforcement learning, we train control policies for autonomous vehicles leading a platoon of vehicles onto a roundabout. Using Flow, a library for deep reinforcement learning in micro-simulators, we train two policies, one policy with noise injected into the state and action space and one without any injected noise. In simulation, the autonomous vehicle learns an emergent metering behavior for both policies in which it slows to allow for smoother merging. We then directly transfer this policy without any tuning to the University of Delaware Scaled Smart City (UDSSC), a 1:25 scale testbed for connected and automated vehicles. We characterize the performance of both policies on the scaled city. We show that the noise-free policy winds up crashing and only occasionally metering. However, the noise-injected policy consistently performs the metering behavior and remains collision",2018,arXiv (Cornell University),Kathy Jang; Eugene Vinitsky; Behdad Chalaki; Ben Remer; Logan E. Beaver; Andreas A. Malikopoulos; Alexandre M. Bayen,10.48550/arxiv.1812.06120,,https://doi.org/10.48550/arxiv.1812.06120,openalex,energy based policy robotics,concept,ebm,,13,,2026-06-12T18:43:24Z,14.270,14.270
doi:10.1007/s10846-019-01109-8,Compliance Control for Robot Manipulation in Contact with a Varied Environment Based on a New Joint Torque Controller,,2020,Journal of Intelligent & Robotic Systems,Yunfei Dong; Tianyu Ren; Dan Wu; Ken Chen,10.1007/s10846-019-01109-8,,https://doi.org/10.1007/s10846-019-01109-8,crossref,robot world models manipulation,concept,world_models,,27,robot world model; robot manipulation,2026-06-12T15:07:36Z,14.266,14.266
doi:10.1109/robot.2003.1241572,Contact phase invariant control for humanoid robot based on variable impedant inverted pendulum model,"Being expected as the utilities in the future, humanoid robots should be given much higher mobility. A seamless transition between contact and aerial phase is essential to behave robustly against disturbance in the real environment, and to expand the range of their activities and perform a variety of motion. Manipulation of both the contact condition and the external force is the key issue to enhance the mobility of humanoids since they are driven by the external force converted from the inner force through the interaction with the environment. The difficulty lies on the complexity of their dynamics so that they consist of number of degrees of freedom and their structures vary in accordance with contact phase transition. We propose variable impedant inverted pendulum (VIIP) model control, which allows one to handle the external force rather easily. The advantage of the proposed is that i",2004,,Tomomichi Sugihara; Yoshihiko Nakamura,10.1109/robot.2003.1241572,,https://doi.org/10.1109/robot.2003.1241572,openalex,robotics,concept,openalex_bulk_robotics,,45,humanoid robot,2026-06-12T18:57:17Z,14.264,14.264
doi:10.1093/nsr/nwaf583,Human-taught sensory-control synergy for universal robotic grasping,"ABSTRACT Universal grasping is essential but challenging in robotic manipulations, particularly for humanoid robots with multifingered hands. To learn skills of dexterous manipulations from humans, we propose a sensory-control synergy (SCS) approach mimicking the human grasping experience. We develop a tactile glove worn on a human hand to capture multimodal tactile data (contact, slip and pressure) during human grasping demonstrations. Emulating human neurocognition, the multimodal tactile data are encoded into semantically explicit grasping states by neural-network computing. Drawing on human motor control strategies, an experience-based fuzzy controller is built to swiftly convert semantic grasping states into grasping actions. Benefiting from the semantization of grasping states, the SCS model is highly logicalized and generalizable, can be data-efficiently built by non-experts and r",2026,National Science Review,Caise Wei; Zijian Liao; Yichen Qin; Qian Mao; Shiqiang Liu; Rong Zhu,10.1093/nsr/nwaf583,,https://doi.org/10.1093/nsr/nwaf583,crossref,analytical grasping,anti_myopia,anti_thesis,,,dexterous manipulation; humanoid robot; analytical grasping,2026-06-12T15:07:36Z,14.250,17.250
doi:10.3390/jmse14111027,An Adaptive Visual–Tactile Fusion Reinforcement Learning Method for Underwater Manipulator Grasping,"Underwater manipulator grasping remains challenging because image blur, light attenuation, and flow-induced disturbances degrade perception and control. These factors make target localization, contact judgment, and stable lifting difficult, especially when visual degradation and tactile fluctuation occur together. We propose AVT-TD3, an adaptive visual–tactile fusion reinforcement learning method for underwater manipulator grasping. AVT-TD3 constructs a unified policy state from visual observations, short-horizon tactile variations, and manipulator proprioception. A gated fusion module adjusts the contribution of each sensory branch, while an action modulation mechanism limits abrupt velocity-command changes during contact establishment and lifting. We train the continuous grasping policy with Twin Delayed Deep Deterministic Policy Gradient (TD3) and evaluate it in simulation under diffe",2026,Journal of Marine Science and Engineering,Duo Wan; Wei Chen; Yongqing Shi; Lu Han,10.3390/jmse14111027,,https://doi.org/10.3390/jmse14111027,crossref,analytical grasping,anti_myopia,anti_thesis,,,proprioception; analytical grasping,2026-06-12T15:07:36Z,14.250,17.250
arxiv:2411.07833v2,Robust Adaptive Safe Robotic Grasping with Tactile Sensing,"Robotic grasping requires safe force interaction to prevent a grasped object from being damaged or slipping out of the hand. In this vein, this paper proposes an integrated framework for grasping with formal safety guarantees based on Control Barrier Functions. We first design contact force and force closure constraints, which are enforced by a safety filter to accomplish safe grasping with finger force control. For sensory feedback, we develop a technique to estimate contact point, force, and torque from tactile sensors at each finger. We verify the framework with various safety filters in a numerical simulation under a two-finger grasping scenario. We then experimentally validate the framework by grasping multiple objects, including fragile lab glassware, in a real robotic setup, showing that safe grasping can be successfully achieved in the real world. We evaluate the performance of e",2024,arXiv,Yitaek Kim; Jeeseop Kim; Albert H. Li; Aaron D. Ames; Christoffer Sloth,,2411.07833v2,http://arxiv.org/abs/2411.07833v2,arxiv,analytical grasping,anti_myopia,anti_thesis,,,force control; control barrier function; analytical grasping,2026-06-12T15:07:36Z,14.250,18.250
doi:10.1007/s11263-021-01493-5,Physical Representation Learning and Parameter Identification from Video Using Differentiable Physics,"Abstract Representation learning for video is increasingly gaining attention in the field of computer vision. For instance, video prediction models enable activity and scene forecasting or vision-based planning and control. In this article, we investigate the combination of differentiable physics and spatial transformers in a deep action conditional video representation network. By this combination our model learns a physically interpretable latent representation and can identify physical parameters. We propose supervised and self-supervised learning methods for our architecture. In experiments, we consider simulated scenarios with pushing, sliding and colliding objects, for which we also analyze the observability of the physical properties. We demonstrate that our network can learn to encode images and identify physical properties like mass and friction from videos and action sequences.",2022,International Journal of Computer Vision,Rama Krishna Kandukuri; Jan Achterhold; Michael Moeller; Joerg Stueckler,10.1007/s11263-021-01493-5,,https://doi.org/10.1007/s11263-021-01493-5,crossref,differentiable physics robot learning,concept,architecture,,10,differentiable physics robot learning; self supervised learning,2026-06-12T14:45:03Z,14.249,14.249
doi:10.1109/lra.2019.2961050,Fast Model-Based Contact Patch and Pose Estimation for Highly Deformable Dense-Geometry Tactile Sensors,,2020,IEEE Robotics and Automation Letters,Naveen Kuppuswamy; Alejandro Castro; Calder Phillips-Grafflin; Alex Alspach; Russ Tedrake,10.1109/lra.2019.2961050,,https://doi.org/10.1109/lra.2019.2961050,crossref,tactile language action robotics,concept,tactile,,26,,2026-06-12T15:07:36Z,14.248,14.248
doi:10.1016/j.robot.2019.103312,Multimodal representation models for prediction and control from partial information,,2020,Robotics and Autonomous Systems,Martina Zambelli; Antoine Cully; Yiannis Demiris,10.1016/j.robot.2019.103312,,https://doi.org/10.1016/j.robot.2019.103312,crossref,robotics,concept,crossref_bulk_robotics,,26,,2026-06-12T19:29:26Z,14.248,14.248
doi:10.1007/s11071-021-07044-4,Contact constraints-based dynamic manipulation control of the multi-fingered hand robot: a force sensorless approach,,2022,Nonlinear Dynamics,Ruiying Zhao; Jin Yu; Hao Yang; Ye-Hwa Chen,10.1007/s11071-021-07044-4,,https://doi.org/10.1007/s11071-021-07044-4,crossref,contact dynamics robot learning,concept,contact,,11,contact dynamics,2026-06-12T14:45:03Z,14.242,14.242
doi:10.15607/rss.2023.xix.080,Integrated Object Deformation and Contact Patch Estimation from Visuo-Tactile Feedback,,2023,Robotics: Science and Systems XIX,Mark Merwe; Youngsun Wi; Dmitry Berenson; Nima Fazeli,10.15607/rss.2023.xix.080,,https://doi.org/10.15607/rss.2023.xix.080,crossref,tactile language action robotics,concept,tactile,,7,,2026-06-12T14:45:03Z,14.240,14.240
doi:10.1109/icra48891.2023.10161074,SonicFinger: Pre-touch and Contact Detection Tactile Sensor for Reactive Pregrasping,,2023,2023 IEEE International Conference on Robotics and Automation (ICRA),Siddharth Rupavatharam; Caleb Escobedo; Daewon Lee; Colin Prepscius; Larry Jackel; Richard Howard; Volkan Isler,10.1109/icra48891.2023.10161074,,https://doi.org/10.1109/icra48891.2023.10161074,crossref,tactile language action robotics,concept,tactile,,7,,2026-06-12T15:07:36Z,14.240,14.240
doi:10.1152/jn.2000.84.6.2984,Visual and Tactile Information About Object-Curvature Control Fingertip Forces and Grasp Kinematics in Human Dexterous Manipulation,Most objects that we manipulate have curved surfaces. We have analyzed how subjects during a prototypical manipulatory task use visual and tactile sensory information for adapting fingertip actions to changes in object curvature. Subjects grasped an elongated object at one end using a precision grip and lifted it while instructed to keep it level. The principal load of the grasp was tangential torque due to the location of the center of mass of the object in relation to the horizontal grip axis joining the centers of the opposing grasp surfaces. The curvature strongly influenced the grip forces required to prevent rotational slips. Likewise the curvature influenced the rotational yield of the grasp that developed under the tangential torque load due to the viscoelastic properties of the fingertip pulps. Subjects scaled the grip forces parametrically with object curvature for grasp stabil,2000,Journal of Neurophysiology,Per Jenmalm; Seth Dahlstedt; Roland S. Johansson,10.1152/jn.2000.84.6.2984,,https://doi.org/10.1152/jn.2000.84.6.2984,crossref,EBM transformer robotics dexterous manipulation,concept,architecture_x_embodiment,,94,EBM transformer robotics; dexterous manipulation; force control,2026-06-12T15:07:36Z,14.227,14.227
doi:10.1177/1545968311408919,Combined Analysis of Cortical (EEG) and Nerve Stump Signals Improves Robotic Hand Control,"BACKGROUND: Interfacing an amputee's upper-extremity stump nerves to control a robotic hand requires training of the individual and algorithms to process interactions between cortical and peripheral signals. OBJECTIVE: To evaluate for the first time whether EEG-driven analysis of peripheral neural signals as an amputee practices could improve the classification of motor commands. METHODS: Four thin-film longitudinal intrafascicular electrodes (tf-LIFEs-4) were implanted in the median and ulnar nerves of the stump in the distal upper arm for 4 weeks. Artificial intelligence classifiers were implemented to analyze LIFE signals recorded while the participant tried to perform 3 different hand and finger movements as pictures representing these tasks were randomly presented on a screen. In the final week, the participant was trained to perform the same movements with a robotic hand prosthesis",2011,Neurorehabilitation and neural repair,Mario Tombini; Jacopo Rigosa; Filippo Zappasodi; Camillo Porcaro; Luca Citi; Jacopo Carpaneto; Paolo Maria Rossini; Silvestro Micera,10.1177/1545968311408919,,https://doi.org/10.1177/1545968311408919,openalex,robotics,concept,openalex_bulk_robotics,,41,,2026-06-12T18:57:17Z,14.219,14.219
doi:10.1177/0278364913509496,Four-dimensional guidance and control of movement using time-to-contact: Application to automated docking and landing of unmanned rotorcraft systems,"This paper presents the development and experimental validation of a bio-inspired autopilot, called TauPilot, based on the ecological tau theory proposed by the psychologist David Lee. Tau theory postulates that animals and humans use a combination of simple guidance strategies and the tau variable ( τ) (representing time-to-contact) to prospectively guide and control most of their purposeful movements. This research investigates the feasibility and effectiveness of applying tau theory principles to guidance and control of movement in four dimensions (three spatial dimensions plus time), with application to various crucial maneuvres of unmanned aircraft systems (UAS) such as braking, automated aerial docking and automatic landing. TauPilot includes a tau-guidance system, a tau-navigation system and a tau-controller, resulting in a four-dimensional (4D) guidance, navigation and control sy",2014,The International Journal of Robotics Research,Farid Kendoul,10.1177/0278364913509496,,https://doi.org/10.1177/0278364913509496,crossref,EBM transformer robotics contact rich manipulation,concept,architecture_x_embodiment,,45,EBM transformer robotics; contact rich manipulation,2026-06-12T15:07:36Z,14.214,14.214
doi:10.1109/humanoids.2011.6100832,Control of legged robots with optimal distribution of contact forces,"The development of agile and safe humanoid robots require controllers that guarantee both high tracking performance and compliance with the environment. More specifically, the control of contact interaction is of crucial importance for robots that will actively interact with their environment. Model-based controllers such as inverse dynamics or operational space control are very appealing as they offer both high tracking performance and compliance. However, while widely used for fully actuated systems such as manipulators, they are not yet standard controllers for legged robots such as humanoids. Indeed such robots are fundamentally different from manipulators as they are underactuated due to their floating-base and subject to switching contact constraints. In this paper we present an inverse dynamics controller for legged robots that use torque redundancy to create an optimal distributi",2011,,Ludovic Righetti; Jonas Buchli; Michael Mistry; Stefan Schaal,10.1109/humanoids.2011.6100832,,https://doi.org/10.1109/humanoids.2011.6100832,openalex,robotics,concept,openalex_bulk_robotics,,40,humanoid robot,2026-06-12T18:57:17Z,14.207,14.207
doi:10.1016/j.robot.2024.104710,Tactile control for object tracking and dynamic contour following,,2024,Robotics and Autonomous Systems,Kirsty Aquilina; David A.W. Barton; Nathan F. Lepora,10.1016/j.robot.2024.104710,,https://doi.org/10.1016/j.robot.2024.104710,crossref,tactile language action robotics,concept,tactile,,4,,2026-06-12T14:45:03Z,14.205,14.205
doi:10.1109/icra57147.2024.10610416,Adaptive Contact-Implicit Model Predictive Control with Online Residual Learning,,2024,2024 IEEE International Conference on Robotics and Automation (ICRA),Wei-Cheng Huang; Alp Aydinoglu; Wanxin Jin; Michael Posa,10.1109/icra57147.2024.10610416,,https://doi.org/10.1109/icra57147.2024.10610416,crossref,contact rich manipulation learning,concept,contact,,4,contact rich manipulation; model predictive control,2026-06-12T15:07:36Z,14.205,15.205
arxiv:2504.11827v1,Towards Forceful Robotic Foundation Models: a Literature Survey,"This article reviews contemporary methods for integrating force, including both proprioception and tactile sensing, in robot manipulation policy learning. We conduct a comparative analysis on various approaches for sensing force, data collection, behavior cloning, tactile representation learning, and low-level robot control. From our analysis, we articulate when and why forces are needed, and highlight opportunities to improve learning of contact-rich, generalist robot policies on the path toward highly capable touch-based robot foundation models. We generally find that while there are few tasks such as pouring, peg-in-hole insertion, and handling delicate objects, the performance of imitation learning models is not at a level of dynamics where force truly matters. Also, force and touch are abstract quantities that can be inferred through a wide range of modalities and are often measured",2025,arXiv,William Xie; Nikolaus Correll,,2504.11827v1,http://arxiv.org/abs/2504.11827v1,arxiv,robot foundation model failure mode,hostile,failure,,,robot foundation model; robot manipulation; proprioception; imitation learning; behavior cloning; failure mode,2026-06-12T14:45:03Z,14.200,18.200
doi:10.1016/j.robot.2026.105341,Unified motion control of 4WIS-4WID WMR with unlimited steering and load transfer consideration,,2026,Robotics and Autonomous Systems,Dongwoo Seo; Seokki Moon; Jaeyoung Kang,10.1016/j.robot.2026.105341,,https://doi.org/10.1016/j.robot.2026.105341,crossref,task and motion planning robotics,anti_myopia,classic,,,motion planning; task and motion planning,2026-06-12T15:07:36Z,14.200,18.200
doi:10.1016/j.conengprac.2025.106612,State restricted control for Quadrotor trajectory tracking using quaternion representation based on direct barrier Lyapunov functions,,2025,Control Engineering Practice,Francisco Elizondo-Coronado; Isaac Chairez; Hernan Abaunza,10.1016/j.conengprac.2025.106612,,https://doi.org/10.1016/j.conengprac.2025.106612,crossref,control barrier functions robot learning,anti_myopia,control,,,control barrier function,2026-06-12T15:07:36Z,14.200,17.200
doi:10.1016/j.ifacol.2025.10.185,Transient Trajectory Improvement of Wafer Transfer Robot Using Iterative Learning Control with Command Conversion Filter,,2025,IFAC-PapersOnLine,Genki Onishi; Yuto Naoki; Manto Kamiya; Hiroshi Fujimoto; Yukisato Soga; Yoshihiro Suto; Toyokazu Kitano,10.1016/j.ifacol.2025.10.185,,https://doi.org/10.1016/j.ifacol.2025.10.185,crossref,control barrier functions robot learning,anti_myopia,control,,,control barrier function,2026-06-12T15:07:36Z,14.200,17.200
doi:10.1109/iros60139.2025.11247051,CATCH-FORM-3D: Compliance-Aware Tactile Control and Hybrid Deformation Regulation for 3D Viscoelastic Object Manipulation,,2025,2025 IEEE/RSJ International Conference on Intelligent Robots and Systems (IROS),Hongjun Ma; Weichang Li,10.1109/iros60139.2025.11247051,,https://doi.org/10.1109/iros60139.2025.11247051,crossref,hybrid systems robot control manipulation,anti_myopia,control,,,hybrid systems,2026-06-12T15:07:36Z,14.200,17.200
doi:10.1016/j.nahs.2026.101760,Active disturbance rejection based bumpless transfer sliding mode control for discrete-time switched systems under persistent dwell-time constraints,,2026,Nonlinear Analysis: Hybrid Systems,Qilong Sun; Rongni Yang; Yanzheng Zhu,10.1016/j.nahs.2026.101760,,https://doi.org/10.1016/j.nahs.2026.101760,crossref,hybrid systems robot control manipulation,anti_myopia,control,,,hybrid systems,2026-06-12T15:07:36Z,14.200,17.200
doi:10.1007/978-3-031-87596-0_3,Model Predictive Control Using Transfer Functions,,2026,Advanced Textbooks in Control and Signal Processing Model Predictive Control,Eduardo F. Camacho; Carlos Bordons; José M. Maestre,10.1007/978-3-031-87596-0_3,,https://doi.org/10.1007/978-3-031-87596-0_3,crossref,model predictive control robot learning,anti_myopia,control,,,model predictive control,2026-06-12T15:07:36Z,14.200,18.200
doi:10.1016/j.trpro.2026.04.077,Stability-Guaranteed Reinforcement Learning for Model Predictive Control Gain Tuning with Transfer Learning in Multi-UAV Systems,,2026,Transportation Research Procedia,Abdul Manan Khan,10.1016/j.trpro.2026.04.077,,https://doi.org/10.1016/j.trpro.2026.04.077,crossref,model predictive control robot learning,anti_myopia,control,,,model predictive control,2026-06-12T15:07:36Z,14.200,18.200
doi:10.48158/mecce-16.t3-p-02,Transfer Learning-Based Recurrent Neural Networks for Model Predictive Control of Nonlinear Systems,,2026,16th Mediterranean Congress of Chemical Engineering - MECCE Abstracts Publication,Mohammed Alhajeri; Yi Ming Ren; Feiyang Ou; Fahim Abdullah2; Panagiotis D. Christofides,10.48158/mecce-16.t3-p-02,,https://doi.org/10.48158/mecce-16.t3-p-02,crossref,model predictive control robot learning,anti_myopia,control,,,model predictive control,2026-06-12T15:07:36Z,14.200,18.200
doi:10.1016/j.cogr.2025.11.001,Self-adaptive control of a two-point contact gripper for the precise handling of compliant objects in industrial robotics,,2026,Cognitive Robotics,Sarawit Cheewaratchanon; Jutamanee Auysakul; Paramin Neranon; Arisara Romyen,10.1016/j.cogr.2025.11.001,,https://doi.org/10.1016/j.cogr.2025.11.001,crossref,classical control robotics,anti_myopia,anti_thesis,,,industrial robot; classical control robotics,2026-06-12T15:07:36Z,14.200,18.200
doi:10.1109/access.2025.3615723,Dynamic Scenario Transfer for Motion Planning in Autonomous Driving: A Successor Representation Approach,,2025,IEEE Access,Naghmeh Niroomand; Christian Bach,10.1109/access.2025.3615723,,https://doi.org/10.1109/access.2025.3615723,crossref,sampling based motion planning,anti_myopia,anti_thesis,,,motion planning; sampling based motion planning,2026-06-12T15:07:36Z,14.200,18.200
doi:10.1109/lra.2022.3144767,Passive Inverse Dynamics Control Using a Global Energy Tank for Torque-Controlled Humanoid Robots in Multi-Contact,,2022,IEEE Robotics and Automation Letters,N. Ramuzat; S. Boria; O. Stasse,10.1109/lra.2022.3144767,,https://doi.org/10.1109/lra.2022.3144767,crossref,contact dynamics robot learning,concept,contact,,10,humanoid robot; contact dynamics,2026-06-12T14:45:03Z,14.199,14.199
doi:10.1109/icra46639.2022.9811772,Unfreezing Social Navigation: Dynamical Systems based Compliance for Contact Control in Robot Navigation,,2022,2022 International Conference on Robotics and Automation (ICRA),Diego Paez-Granados; Vaibhav Gupta; Aude Billard,10.1109/icra46639.2022.9811772,,https://doi.org/10.1109/icra46639.2022.9811772,crossref,contact dynamics robot learning,concept,contact,,10,contact dynamics,2026-06-12T15:07:36Z,14.199,14.199
doi:10.3390/s19040814,Contact Modelling and Tactile Data Processing for Robot Skins,"Tactile sensing is a key enabling technology to develop complex behaviours for robots interacting with humans or the environment. This paper discusses computational aspects playing a significant role when extracting information about contact events. Considering a large-scale, capacitance-based robot skin technology we developed in the past few years, we analyse the classical Boussinesq–Cerruti’s solution and the Love’s approach for solving a distributed inverse contact problem, both from a qualitative and a computational perspective. Our contribution is the characterisation of the algorithms’ performance using a freely available dataset and data originating from surfaces provided with robot skin.",2019,Sensors,Wojciech Wasko; Alessandro Albini; Perla Maiolino; Fulvio Mastrogiovanni; Giorgio Cannata,10.3390/s19040814,,https://doi.org/10.3390/s19040814,crossref,contact dynamics robot learning,concept,contact,,8,contact dynamics,2026-06-12T15:07:36Z,14.199,15.199
doi:10.1109/jsen.2011.2159835,Towards Tactile Sensing System on Chip for Robotic Applications,"This paper presents the research on tactile sensing system on chip. The tactile sensing chips comprise of 5 × 5 array of Piezoelectric Oxide Semiconductor Field Effect Transistor (POSFET) devices and temperature sensors. The POSFET devices are obtained by spin coating piezoelectric polymer, poly(vinylidene fluoride-trifluoroethylene) (P(VDF-TrFE)), films directly on to the gate area of Metal Oxide Semiconductor (MOS) transistors. The tactile sensing chips are able to measure dynamic contact forces and temperatures. The readout and the data acquisition system to acquire the tactile signals are also presented. The chips have been extensively tested over wide range of dynamic contact forces and temperatures and the experimental results are presented. The paper also reports the research on tactile sensing chips with POSFET array and the integrated electronics.",2011,IEEE Sensors Journal,Ravinder Dahiya; D. Cattin; Andrea Adami; Cristian Collini; Leonardo Barboni; Maurizio Valle; Leandro Lorenzelli; Roberto Oboe; Giorgio Metta; Francesca Brunetti,10.1109/jsen.2011.2159835,,https://doi.org/10.1109/jsen.2011.2159835,openalex,robotics,concept,openalex_bulk_robotics,,146,,2026-06-12T18:57:17Z,14.195,14.195
doi:10.1007/978-3-030-43089-4_51,Feedback Control of the Pusher-Slider System: A Story of Hybrid and Underactuated Contact Dynamics,,2020,Springer Proceedings in Advanced Robotics Algorithmic Foundations of Robotics XII,François Robert Hogan; Alberto Rodriguez,10.1007/978-3-030-43089-4_51,,https://doi.org/10.1007/978-3-030-43089-4_51,crossref,latent dynamics model robotics,concept,architecture,,23,latent dynamics model robotics; contact dynamics,2026-06-12T15:07:36Z,14.189,14.189
doi:10.1109/tsmcb.2010.2045120,A Switching Regime Model for the EMG-Based Control of a Robot Arm,"Human-robot control interfaces have received increased attention during the last decades. These interfaces increasingly use signals coming directly from humans since there is a strong necessity for simple and natural control interfaces. In this paper, electromyographic (EMG) signals from the muscles of the human upper limb are used as the control interface between the user and a robot arm. A switching regime model is used to decode the EMG activity of 11 muscles to a continuous representation of arm motion in the 3-D space. The switching regime model is used to overcome the main difficulties of the EMG-based control systems, i.e., the nonlinearity of the relationship between the EMG recordings and the arm motion, as well as the nonstationarity of EMG signals with respect to time. The proposed interface allows the user to control in real time an anthropomorphic robot arm in the 3-D space.",2010,IEEE Transactions on Systems Man and Cybernetics Part B (Cybernetics),Panagiotis Artemiadis; Kostas J. Kyriakopoulos,10.1109/tsmcb.2010.2045120,,https://doi.org/10.1109/tsmcb.2010.2045120,openalex,robotics,concept,openalex_bulk_robotics,,144,,2026-06-12T18:57:17Z,14.188,14.188
doi:10.1017/s0263574708004281,Robot multiple contact control,"SUMMARY This paper addresses the problem of contact force control for multiple contacts distributed over multiple links in a robot. This is of importance when performing complex tasks in unstructured environment, particularly in humanoid robot applications. The proposed multicontact control framework provides a new way of defining the operational space coordinates, which facilitates the specification of multiple contact control. The contact force space on multiple links is constructed as an operational space for the highest priority task. Motion control, given lower priority, can be executed using the rest of degree of freedom within the null-space of the force control. The dynamic control structure, then, provides a means to control each contact force and motion independently. This dynamic decoupling enables each contact force controller to utilize linear control theories. In particular",2008,Robotica,Jaeheung Park; Oussama Khatib,10.1017/s0263574708004281,,https://doi.org/10.1017/s0263574708004281,crossref,contact dynamics robot learning,concept,contact,,42,humanoid robot; contact dynamics; force control,2026-06-12T14:45:03Z,14.181,14.181
doi:10.3390/s140101787,Control Framework for Dexterous Manipulation Using Dynamic Visual Servoing and Tactile Sensors’ Feedback,"Tactile sensors play an important role in robotics manipulation to perform dexterous and complex tasks. This paper presents a novel control framework to perform dexterous manipulation with multi-fingered robotic hands using feedback data from tactile and visual sensors. This control framework permits the definition of new visual controllers which allow the path tracking of the object motion taking into account both the dynamics model of the robot hand and the grasping force of the fingertips under a hybrid control scheme. In addition, the proposed general method employs optimal control to obtain the desired behaviour in the joint space of the fingers based on an indicated cost function which determines how the control effort is distributed over the joints of the robotic hand. Finally, authors show experimental verifications on a real robotic manipulation system for some of the controller",2014,Sensors,Carlos Jara; Jorge Pomares; Francisco Candelas; Fernando Torres,10.3390/s140101787,,https://doi.org/10.3390/s140101787,crossref,EBM transformer robotics dexterous manipulation,concept,architecture_x_embodiment,,42,EBM transformer robotics; dexterous manipulation; robot hand; visual servoing,2026-06-12T15:07:36Z,14.181,15.181
doi:10.1109/tbme.2016.2594054,Switched Fuzzy-PD Control of Contact Forces in Robotic Microbiomanipulation,"Force sensing and control are of paramount importance in robotic micromanipulation. A contact force regulator capable of accurately applying mechanical stimuli to a live Drosophila larva could greatly facilitate mechanobiology research on Drosophila and may eventually lead to novel discoveries in mechanotransduction mechanisms of neuronal circuitries. In this paper, we present a novel contact force control scheme implemented in an automated Drosophila larvae micromanipulation system, featuring a switched fuzzy to proportional-differential (PD) controller and a noise-insensitive extended high gain observer (EHGO). The switched fuzzy-PD control law inherits the fast convergence of fuzzy control and overcomes its drawbacks such as large overshoot and steady-state oscillation. The noise-insensitive EHGO can reliably estimate system modeling errors and is robust to force measurement noises, w",2016,IEEE Transactions on Biomedical Engineering,Weize Zhang; Xianke Dong; Xinyu Liu,10.1109/tbme.2016.2594054,,https://doi.org/10.1109/tbme.2016.2594054,openalex,robotics,concept,openalex_bulk_robotics,,25,force control,2026-06-12T18:57:17Z,14.179,14.179
doi:10.1109/icra.2019.8794366,Robust Execution of Contact-Rich Motion Plans by Hybrid Force-Velocity Control,,2019,2019 International Conference on Robotics and Automation (ICRA),Yifan Hou; Matthew T. Mason,10.1109/icra.2019.8794366,,https://doi.org/10.1109/icra.2019.8794366,crossref,contact rich manipulation learning,concept,contact,,34,contact rich manipulation,2026-06-12T14:45:03Z,14.178,14.178
doi:10.1109/lra.2023.3257680,Interaction Control for Tool Manipulation on Deformable Objects Using Tactile Feedback,,2023,IEEE Robotics and Automation Letters,Hanwen Zhang; Zeyu Lu; Wenyu Liang; Haoyong Yu; Yao Mao; Yan Wu,10.1109/lra.2023.3257680,,https://doi.org/10.1109/lra.2023.3257680,crossref,robot world models manipulation,concept,world_models,,6,robot world model,2026-06-12T15:07:36Z,14.173,14.173
doi:10.1109/cdc49753.2023.10383645,Uncertainty-Aware Grounded Action Transformation Towards Sim-to-Real Transfer for Traffic Signal Control,,2023,2023 62nd IEEE Conference on Decision and Control (CDC),Longchao Da; Hao Mei; Romir Sharma; Hua Wei,10.1109/cdc49753.2023.10383645,,https://doi.org/10.1109/cdc49753.2023.10383645,crossref,sim to real robot manipulation,concept,sim2real,,6,robot manipulation; sim to real transfer,2026-06-12T15:07:36Z,14.173,16.173
doi:10.1109/iros45743.2020.9341391,A Miniaturised Neuromorphic Tactile Sensor integrated with an Anthropomorphic Robot Hand,"Restoring tactile sensation is essential to enable in-hand manipulation and the smooth, natural control of upper-limb prosthetic devices. Here we present a platform to contribute to that long-term vision, combining an anthropomorphic robot hand (QB SoftHand) with a neuromorphic optical tactile sensor (neuroTac). Neuromorphic sensors aim to produce efficient, spike-based representations of information for bio-inspired processing. The development of this 5-fingered, sensorized hardware platform is validated with a customized mount allowing manual control of the hand. The platform is demonstrated to succesfully identify 4 objects from the YCB object set, and accurately discriminate between 4 directions of shear during stable grasps. This platform could lead to wide-ranging developments in the areas of haptics, prosthetics and telerobotics.",2020,,Benjamin Ward-Cherrier; Jörg Conradt; Manuel G. Catalano; Matteo Bianchi; Nathan F. Lepora,10.1109/iros45743.2020.9341391,,https://doi.org/10.1109/iros45743.2020.9341391,openalex,robotics,concept,openalex_bulk_robotics,,18,robot hand,2026-06-12T18:57:17Z,14.172,14.172
doi:10.1109/access.2020.3004489,A Novel 2-D Current Signal-Based Residual Learning With Optimized Softmax to Identify Faults in Ball Screw Actuators,"Ball screw electro-mechanical actuators are commonly found in high precision motion control applications including aerospace systems as well as automated setups for industries. These actuators perform flight / application critical job and ball screw drives are responsible to provide precise linear motion while carrying thrust loading. A failure in ball screw drive may disturb positioning accuracy of overall system. At present, few techniques are available to monitor electro-mechanical actuators for aerospace and industrial systems. This paper provides a deep learning based intelligent technique to monitor condition of ball screw actuators. The proposed scheme utilizes modified residual learning scheme to extract features from two-dimensional transformed motor current signals. The current signal data was collected under different load domains in terms of magnitude and direction reversal. ",2020,IEEE Access,Naveed Riaz; Syed Irtiza Ali Shah; Faisal Rehman; Syed Omer Gilani; Emad Udin,10.1109/access.2020.3004489,,https://doi.org/10.1109/access.2020.3004489,openalex,energy based model robot learning,concept,ebm,,37,,2026-06-12T18:26:24Z,14.169,15.169
doi:10.1109/taes.2018.2866654,Contact Dynamics and Control for Tethered Space Net Robot,,2019,IEEE Transactions on Aerospace and Electronic Systems,Yakun Zhao; Panfeng Huang; Fan Zhang; Zhongjie Meng,10.1109/taes.2018.2866654,,https://doi.org/10.1109/taes.2018.2866654,crossref,contact dynamics robot learning,concept,contact,,33,contact dynamics,2026-06-12T14:45:03Z,14.163,14.163
doi:10.1109/robot.1998.680663,Model and processing of whole-body tactile sensor suit for human-robot contact interaction,"The function that enables a robot to react when touched by a human is indispensable for a robot which enters our daily life. This paper describes the model and processing of full-body humanoid's tactile sensor suit for the human-robot interaction. The tactile sensor suit is first modeled to make a symbolized tactile data structure. Then conversion and compensation process is proposed to enable the robot to obtain accurate tactile data no matter what posture it takes. Then we explain the robot system and two experiments using a 36 DOF full-body humanoid: the first is the acquiring maps to process the tactile data, and second is the conformation to a human's shape as a human-robot contact interaction with proposed sensor suit model and processing.",2002,,Yukiko Hoshino; Masayuki Inaba; H. Inoue,10.1109/robot.1998.680663,,https://doi.org/10.1109/robot.1998.680663,openalex,robotics,concept,openalex_bulk_robotics,,36,human robot interaction,2026-06-12T18:57:17Z,14.155,14.155
doi:10.1109/3468.736363,Image-based robot task planning and control using a compact visual representation,"We present an approach for the design and control of both reflexive and purposive visual tasks. The approach is based on the bidimensional appearance of the objects in the environment and explicitly takes into account independent object motions. A linear model of camera-object interaction is embedded in the control scheme, which dramatically simplifies visual analysis and control by reducing the size of visual representation. We describe the implementation of three visual tasks of increasing complexity, obtained with the proposed scheme and based on the active contour analysis and polynomial planning of image contour transformations. Both simulations and real-time experiments with a robotic eye-in-hand configuration are discussed, validating the approach in terms of robustness and applicability to visual navigation, active exploration and perception, and human-robot interaction.",1999,IEEE Transactions on Systems Man and Cybernetics - Part A Systems and Humans,Carlo Colombo; Benedetto Allotta,10.1109/3468.736363,,https://doi.org/10.1109/3468.736363,openalex,robotics,concept,openalex_bulk_robotics,,36,human robot interaction; robustness,2026-06-12T18:57:17Z,14.155,15.155
doi:10.3390/robotics11040067,Towards Fully Autonomous Negative Obstacle Traversal via Imitation Learning Based Control,"Current research in experimental robotics has had a focus on traditional, cost-based, navigation methods. These methods ascribe a value of utility for occupying certain locations in the environment. A path planning algorithm then uses this cost function to compute an optimal path relative to obstacle positions based on proximity, visibility, and work efficiency. However, tuning this function to induce more complex navigation behaviors in the robot is not straightforward. For example, this cost-based scheme tends to be pessimistic when assigning traversal cost to negative obstacles. Its often simpler to ascribe high traversal costs to costmap cells based on elevation. This forces the planning algorithm to plan around uneven terrain rather than exploring techniques that understand if and how to safely traverse through them. In this paper, imitation learning is applied to the task of negati",2022,Robotics,Brian César-Tondreau; Garrett Warnell; Kevin Kochersberger; Nicholas R. Waytowich,10.3390/robotics11040067,,https://doi.org/10.3390/robotics11040067,crossref,score based policy robotics,concept,diffusion,,4,imitation learning,2026-06-12T15:07:36Z,14.155,15.155
doi:10.3384/ecp2016954,Modeling Contact and Collisions for Robotic Assembly Control,"We propose an implicit, event-driven, penalty-based method for modeling rigid body contact and collision that is useful for design and analysis of control algorithms for precision robotic assembly tasks. The method is based on Baumgarte's method of differential algebraic equation index reduction in which we modify the conventional constraint stabilization to model object collision, define a finite state machine to model transition between contact and non-contact states, and represent the robot and task object dynamics as a single set of differential algebraic inequalities. The method, which is realized natively in Modelica, has some advantages over conventional penalty-based methods: The resulting system is not numerically stiff after the collision transient, it enforces constraints for object penetration, and it allows for dynamic analysis of the Modelica model beyond time-domain simula",2020,Linköping electronic conference proceedings,Scott A. Bortoff,10.3384/ecp2016954,,https://doi.org/10.3384/ecp2016954,openalex,energy based model robot learning,concept,ebm,,4,,2026-06-12T18:26:24Z,14.155,14.155
doi:10.1109/icra46639.2022.9811986,RMPs for Safe Impedance Control in Contact-Rich Manipulation,,2022,2022 International Conference on Robotics and Automation (ICRA),Seiji Shaw; Ben Abbatematteo; George Konidaris,10.1109/icra46639.2022.9811986,,https://doi.org/10.1109/icra46639.2022.9811986,crossref,contact rich manipulation learning,concept,contact,,9,contact rich manipulation; impedance control,2026-06-12T14:45:03Z,14.151,14.151
doi:10.1109/lra.2022.3202358,Tactile Feedback Enabling In-Hand Pivoting and Internal Force Control for Dual-Arm Cooperative Object Carrying,,2022,IEEE Robotics and Automation Letters,Marco Costanzo; Giuseppe De Maria; Ciro Natale,10.1109/lra.2022.3202358,,https://doi.org/10.1109/lra.2022.3202358,crossref,tactile language action robotics,concept,tactile,,9,force control,2026-06-12T15:07:36Z,14.151,14.151
doi:10.1109/cdc51059.2022.9992758,A negative imaginary approach to hybrid integrator-gain system control,"In this paper, we show that a hybrid integrator-gain system (HIGS) is a nonlinear negative imaginary (NNI) system. We prove that the positive feedback interconnection of a linear negative imaginary (NI) system and a HIGS is asymptotically stable. We apply the HIGS to a MEMS nanopositioner, as an example of a linear NI system, in a single-input single-output framework. We analyze the stability and the performance of the closed-loop interconnection in both time and frequency domains through simulations and demonstrate the applicability of HIGS as an NNI controller to a linear NI system.",2022,arXiv,Kanghong Shi; Nastaran Nikooienejad; Ian R. Petersen; S. O. Reza Moheimani,10.1109/cdc51059.2022.9992758,2209.01759v2,http://arxiv.org/abs/2209.01759v2,arxiv,hybrid systems robot control manipulation,anti_myopia,control,,,hybrid systems,2026-06-12T15:07:36Z,14.150,18.150
arxiv:2205.06539v1,Reduced modelling and optimal control of epidemiological individual-based models with contact heterogeneity,"Modelling epidemics via classical population-based models suffers from shortcomings that so-called individual-based models are able to overcome, as they are able to take heterogeneity features into account, such as super-spreaders, and describe the dynamics involved in small clusters. In return, such models often involve large graphs which are expensive to simulate and difficult to optimize, both in theory and in practice. By combining the reinforcement learning philosophy with reduced models, we propose a numerical approach to determine optimal health policies for a stochastic epidemiological graph-model taking into account super-spreaders. More precisely, we introduce a deterministic reduced population-based model involving a neural network, and use it to derive optimal health policies through an optimal control approach. It is meant to faithfully mimic the local dynamics of the origin",2022,arXiv,C. Courtès; E. Franck; K. Lutz; L. Navoret; Y. Privat,,2205.06539v1,http://arxiv.org/abs/2205.06539v1,arxiv,optimal control robot manipulation,anti_myopia,anti_thesis,,,robot manipulation; optimal control robot manipulation,2026-06-12T15:07:36Z,14.150,19.150
arxiv:2602.11929v1,General Humanoid Whole-Body Control via Pretraining and Fast Adaptation,"Learning a general whole-body controller for humanoid robots remains challenging due to the diversity of motion distributions, the difficulty of fast adaptation, and the need for robust balance in high-dynamic scenarios. Existing approaches often require task-specific training or suffer from performance degradation when adapting to new motions. In this paper, we present FAST, a general humanoid whole-body control framework that enables Fast Adaptation and Stable Motion Tracking. FAST introduces Parseval-Guided Residual Policy Adaptation, which learns a lightweight delta action policy under orthogonality and KL constraints, enabling efficient adaptation to out-of-distribution motions while mitigating catastrophic forgetting. To further improve physical robustness, we propose Center-of-Mass-Aware Control, which incorporates CoM-related observations and objectives to enhance balance when tr",2026,arXiv,Zepeng Wang; Jiangxing Wang; Shiqing Yao; Yu Zhang; Ziluo Ding; Ming Yang; Yuxuan Wang; Haobin Jiang; Chao Ma; Xiaochuan Shi; Zongqing Lu,,2602.11929v1,http://arxiv.org/abs/2602.11929v1,arxiv,whole body manipulation humanoid,concept,humanoid,,,humanoid robot; generalization; out of distribution; robustness; deployment,2026-06-12T14:45:03Z,14.150,18.150
doi:10.1109/icra55743.2025.11127723,FeelAnyForce: Estimating Contact Force Feedback from Tactile Sensation for Vision-Based Tactile Sensors,,2025,2025 IEEE International Conference on Robotics and Automation (ICRA),Amir-Hossein Shahidzadeh; Gabriele M. Caddeo; Koushik Alapati; Lorenzo Natale; Cornelia Fermüler; Yiannis Aloimonos,10.1109/icra55743.2025.11127723,,https://doi.org/10.1109/icra55743.2025.11127723,crossref,tactile language action robotics,concept,tactile,,2,,2026-06-12T14:45:03Z,14.149,14.149
doi:10.1109/icorr66766.2025.11063067,Efficient Multi-Positioned Training for Regression-Based Myoelectric Control: Exploring Transformer Models with Transfer Learning,,2025,2025 International Conference On Rehabilitation Robotics (ICORR),Shriram Tallam Puranam Raghu; Heather E. Williams; Erik Scheme,10.1109/icorr66766.2025.11063067,,https://doi.org/10.1109/icorr66766.2025.11063067,crossref,EBM transformer robotics,concept,architecture,,2,EBM transformer robotics,2026-06-12T14:45:03Z,14.149,14.149
doi:10.1109/access.2025.3591499,CATCH-FORM-ACTer: Compliance-Aware Tactile Control and Hybrid Deformation Regulation-Based Action Transformer for Viscoelastic Object Manipulation,,2025,IEEE Access,Haobo Kang; Hongjun Ma; Weichang Li,10.1109/access.2025.3591499,,https://doi.org/10.1109/access.2025.3591499,crossref,action transformer,concept,architecture,,2,action transformer,2026-06-12T14:45:03Z,14.149,14.149
doi:10.1109/lra.2025.3604723,Learning-Based Slip Detection and Fine Control Using the Tactile Sensor for Robot Stable Grasping,,2025,IEEE Robotics and Automation Letters,Zhangyi Chen; Long Wang; Yao Luo; Xiaoling Li; Shuai Li,10.1109/lra.2025.3604723,,https://doi.org/10.1109/lra.2025.3604723,crossref,energy based model robot learning,concept,ebm,,2,,2026-06-12T15:07:36Z,14.149,14.149
doi:10.1109/tro.2025.3554411,Wrench Control of Dual-Arm Robot on Flexible Base With Supporting Contact Surface,,2025,IEEE Transactions on Robotics,Jeongseob Lee; Doyoon Kong; Hojun Cha; Jeongmin Lee; Dongseok Ryu; Hocheol Shin; Dongjun Lee,10.1109/tro.2025.3554411,,https://doi.org/10.1109/tro.2025.3554411,crossref,contact dynamics robot learning,concept,contact,,2,contact dynamics,2026-06-12T15:07:36Z,14.149,14.149
doi:10.1109/lra.2025.3589168,Tactile-Driven Dexterous In-Hand Writing via Extrinsic Contact Sensing,,2025,IEEE Robotics and Automation Letters,Can Zhao; Lingzi Xie; Bidan Huang; Shuai Wang; Daolin Ma,10.1109/lra.2025.3589168,,https://doi.org/10.1109/lra.2025.3589168,crossref,contact dynamics robot learning,concept,contact,,2,contact dynamics,2026-06-12T15:07:36Z,14.149,14.149
doi:10.1109/humanoids65713.2025.11203129,Contact-Rich and Deformable Foot Modeling for Locomotion Control of the Human Musculoskeletal System,,2025,2025 IEEE-RAS 24th International Conference on Humanoid Robots (Humanoids),Haixin Gong; Chen Zhang; Yanan Sui,10.1109/humanoids65713.2025.11203129,,https://doi.org/10.1109/humanoids65713.2025.11203129,crossref,contact rich manipulation learning,concept,contact,,2,contact rich manipulation,2026-06-12T15:07:36Z,14.149,14.149
doi:10.1007/s12555-024-1038-2,Robust Indirect Adaptive Control of Acoustic Levitation Standing Waves-based Scheme for Robotic Non-contact Manipulation Applications,,2025,"International Journal of Control, Automation and Systems",Ibrahim Ismael Ibrahim Al-Nuaimi; Muhammad Nasiruddin Mahyuddin,10.1007/s12555-024-1038-2,,https://doi.org/10.1007/s12555-024-1038-2,crossref,contact rich manipulation learning,concept,contact,,2,contact rich manipulation,2026-06-12T15:07:36Z,14.149,14.149
doi:10.1109/lra.2025.3583608,Few-Shot Transfer of Tool-Use Skills Using Human Demonstrations With Proximity and Tactile Sensing,,2025,IEEE Robotics and Automation Letters,Marina Y. Aoyama; Sethu Vijayakumar; Tetsuya Narita,10.1109/lra.2025.3583608,,https://doi.org/10.1109/lra.2025.3583608,crossref,tactile language action robotics,concept,tactile,,2,human demonstration,2026-06-12T15:07:36Z,14.149,14.149
doi:10.5302/j.icros.2009.15.9.894,A study on the Mathematical Tension Model for a Non-contact Transfer of a Moving Web in R2R e-Printing Systems,,2009,"Journal of Institute of Control, Robotics and Systems",,10.5302/j.icros.2009.15.9.894,,https://doi.org/10.5302/j.icros.2009.15.9.894,crossref,robotics,concept,crossref_bulk_robotics,,2,,2026-06-12T19:29:26Z,14.149,14.149
doi:10.1109/tsmc.2019.2947453,Impedance Control for Coordinated Robots by State and Output Feedback,"The impedance control for coordinated robots interacting with the unknown environment is investigated in this article, subject to unknown system dynamics and the environment with which coordinated robots come into contact. For the whole system, impedance control is developed for coordinated robots. The notable feature is that the robot-environment interaction performance is improved without any information about the environment, so that the robotic system follows the commanded position trajectory in noncontact phase, while the desired destination is obtained according to the force exerted on the environment during contact phase. Moreover, based on assumption that some system signals are unmeasurable, output feedback control is designed for coordinated robot systems, where a state observer based on neural network technique is designed, that can force the state estimate error converge to a",2019,IEEE Transactions on Systems Man and Cybernetics Systems,Yiting Dong; Wei He; Linghuan Kong; Xiang Hua,10.1109/tsmc.2019.2947453,,https://doi.org/10.1109/tsmc.2019.2947453,openalex,robotics,concept,openalex_bulk_robotics,,26,impedance control,2026-06-12T18:57:17Z,14.148,14.148
doi:10.1109/icra40945.2020.9196732,Calibrating a Soft ERT-Based Tactile Sensor with a Multiphysics Model and Sim-to-real Transfer Learning,,2020,2020 IEEE International Conference on Robotics and Automation (ICRA),Hyosang Lee; Hyunkyu Park; Gokhan Serhat; Huanbo Sun; Katherine J. Kuchenbecker,10.1109/icra40945.2020.9196732,,https://doi.org/10.1109/icra40945.2020.9196732,crossref,sim to real robot manipulation,concept,sim2real,,21,robot manipulation; sim to real transfer,2026-06-12T15:07:36Z,14.146,15.146
doi:10.1109/lra.2020.3002199,"Object Recognition, Dynamic Contact Simulation, Detection, and Control of the Flexible Musculoskeletal Hand Using a Recurrent Neural Network With Parametric Bias",,2020,IEEE Robotics and Automation Letters,Kento Kawaharazuka; Kei Tsuzuki; Moritaka Onitsuka; Yuki Asano; Kei Okada; Koji Kawasaki; Masayuki Inaba,10.1109/lra.2020.3002199,,https://doi.org/10.1109/lra.2020.3002199,crossref,recurrent robot policy,concept,architecture,,21,recurrent robot policy,2026-06-12T15:07:36Z,14.146,14.146
doi:10.1007/s10846-024-02146-8,Experimental Assessment of a Vision-Based Obstacle Avoidance Strategy for Robot Manipulators: Off-line Trajectory Planning and On-line Motion Control,"Abstract Human-Robot Interaction is an increasingly important topic in both research and industry fields. Since human safety must be always guaranteed and accidental contact with the operator avoided, it is necessary to investigate real-time obstacle avoidance strategies. The transfer from simulation environments, where algorithms are tested, to the real world is challenging from different points of view, e.g., the continuous tracking of the obstacle and the configuration of different manipulators. In this paper, the authors describe the implementation of a collision avoidance strategy based on the potential field method for off-line trajectory planning and on-line motion control, paired with the Motion Capture system Optitrack PrimeX 22 for obstacle tracking. Several experiments show the performance of the proposed strategy in the case of a fixed and dynamic obstacle, disturbing the rob",2024,Journal of Intelligent & Robotic Systems,Cecilia Scoccia; Barnaba Ubezio; Giacomo Palmieri; Michael Rathmair; Michael Hofbaur,10.1007/s10846-024-02146-8,,https://doi.org/10.1007/s10846-024-02146-8,crossref,neuro symbolic robot planning,concept,architecture,,3,neuro symbolic robot planning; human robot interaction,2026-06-12T15:07:36Z,14.143,15.143
doi:10.1109/robot.1991.131574,Control of contact conditions for manipulation with multiple robotic systems,"An object much larger than a robot end-effector can not be rigidly grasped. Instead, it is necessary to support the object with multiple effectors. The effectors need not be grippers-they may be surfaces on the arm(s). Multiple arm manipulation without rigid grasps is investigated. The interaction between a robot and the object is characterized by unilateral constraints. The closed chain topology, redundancy in actuation, and the nonlinear coupled equations of motion make the problem formidable. The approach used is to utilize a minimal set of inputs to control the trajectory. The surplus inputs are used to control the contact conditions (rolling, sliding, etc.). >",2002,,Vijay Kumar; X. Yun; E. Paljug; Nilanjan Sarkar,10.1109/robot.1991.131574,,https://doi.org/10.1109/robot.1991.131574,openalex,robotics,concept,openalex_bulk_robotics,,34,,2026-06-12T18:57:17Z,14.128,14.128
doi:10.1109/imcec.2018.8469628,Hybrid Regressor and Approximation-Based Adaptive Control of Robotic Manipulators with Contact-Free Motion,"This paper proposes a hybrid adaptive controller based on both regressor and approximation techniques. The equation of motion of the target manipulator is separated into two terms terms: (i) linear parameterization of the known modeling of the robot dynamics (inertia, Coriolis and centrifugal matrices and gravity vector) by using regressor technique, and (ii) approximation of disturbance terms (e.g. unmodeled dynamics of friction) in terms of weighting and orthogonal basis function matrices. The idea behind the paper is an estimation of unmodeled dynamics, which could be hard modeled with conventional regressor unless some modifications of control law are used. Regressor works well only when it is correct. In contrary, approximation approaches provide additional robustness. The proposed Lyapunov's stability-based control law consists of four terms: a regressor term, an approximation term",2018,,Hayder F. N. Al-Shuka; Rui Song,10.1109/imcec.2018.8469628,,https://doi.org/10.1109/imcec.2018.8469628,openalex,robotics,concept,openalex_bulk_robotics,,20,robustness,2026-06-12T18:57:17Z,14.122,15.122
doi:10.1109/lra.2021.3062302,Non-Fixed Contact Manipulation Control Framework for Deformable Objects With Active Contact Adjustment,,2021,IEEE Robotics and Automation Letters,Jing Huang; Yuanpei Cai; Xiangyu Chu; Russell H. Taylor; K. W. Samuel Au,10.1109/lra.2021.3062302,,https://doi.org/10.1109/lra.2021.3062302,crossref,contact rich manipulation learning,concept,contact,,13,contact rich manipulation,2026-06-12T14:45:03Z,14.120,14.120
doi:10.1007/s11071-019-04994-8,Decentralized robust zero-sum neuro-optimal control for modular robot manipulators in contact with uncertain environments: theory and experimental verification,,2019,Nonlinear Dynamics,Bo Dong; Tianjiao An; Fan Zhou; Keping Liu; Yuanchun Li,10.1007/s11071-019-04994-8,,https://doi.org/10.1007/s11071-019-04994-8,crossref,contact dynamics robot learning,concept,contact,,30,contact dynamics,2026-06-12T14:45:03Z,14.117,15.117
doi:10.1002/wcs.1594,Transition to language: From agent perception to event representation,"Abstract Spoken language, as we have it, requires specific capacities—at its most basic advanced vocal control and complex social cognition. In humans, vocal control is the basis for speech, achieved through coordinated interactions of larynx activity and rapid changes in vocal tract configurations. Most likely, speech evolved in response to early humans perceiving reality in increasingly complex ways, to the effect that primate‐like signaling became unsustainable as a sole communication device. However, in what ways did and do humans see the world in more complex ways compared to other species? Although animal signals can refer to external events, in contrast to humans, they usually refer to the agents only, sometimes in compositional ways, but never together with patients. It may be difficult for animals to comprehend events as part of larger social scripts, with antecedent causes and ",2022,WIREs Cognitive Science,Klaus Zuberbühler; Balthasar Bickel,10.1002/wcs.1594,,https://doi.org/10.1002/wcs.1594,crossref,Gaussian splatting robot perception embodied agent,concept,architecture_x_embodiment,,16,Gaussian splatting robot perception; embodied agent,2026-06-12T15:07:36Z,14.117,14.117
doi:10.1080/01691864.2018.1525075,Stable impact and contact force control by UAV for inspection of floor slab of bridge,,2018,Advanced Robotics,Takahiro Ikeda; Shogo Yasui; Satoshi Minamiyama; Kenichi Ohara; Satoshi Ashizawa; Akihiko Ichikawa; Akihisa Okino; Takeo Oomichi; Toshio Fukuda,10.1080/01691864.2018.1525075,,https://doi.org/10.1080/01691864.2018.1525075,crossref,EBM transformer robotics contact rich manipulation,concept,architecture_x_embodiment,,45,EBM transformer robotics; contact rich manipulation; force control,2026-06-12T15:07:36Z,14.114,14.114
doi:10.1016/j.robot.2016.09.014,Active sensorimotor control for tactile exploration,,2017,Robotics and Autonomous Systems,Uriel Martinez-Hernandez; Tony J. Dodd; Mathew H. Evans; Tony J. Prescott; Nathan F. Lepora,10.1016/j.robot.2016.09.014,,https://doi.org/10.1016/j.robot.2016.09.014,crossref,tactile language action robotics,concept,tactile,,67,,2026-06-12T14:45:03Z,14.110,14.110
doi:10.1177/0278364913482015,Dynamic contact force/torque observer: Sensor fusion for improved interaction control,"The potential areas of application for robots have gradually extended beyond the classical industrial settings in large-scale enterprizes: nowadays, the integration of robots into daily life has become a central development in robotics. Here, one major challenge is the physical interaction with unknown and/or changing environments. Such an interaction requires knowledge of the exchanged contact forces and torques. To this end, robotic systems are typically equipped with force/torque sensors at the wrist. By using force control schemes that rely on measurements from these sensors, conventional manipulation tasks are successfully executed. In particular, for dynamic manipulation tasks, however, the problem arises that the inertial forces/torques of the end effector have a non-negligible effect on the measurements of the wrist sensor. This degrades the performance of the interaction control",2013,The International Journal of Robotics Research,Georg Bätz; Bernhard Weber; Michael Scheint; Dirk Wollherr; Martin Buss,10.1177/0278364913482015,,https://doi.org/10.1177/0278364913482015,crossref,EBM transformer robotics contact rich manipulation,concept,architecture_x_embodiment,,36,EBM transformer robotics; contact rich manipulation; force control,2026-06-12T15:07:36Z,14.105,15.105
doi:10.1007/s40435-023-01234-1,Negative imaginary feedback control of satellite orbit dynamical model,"Abstract This article presents observer-based negative imaginary positive feedback control of satellite orbit dynamical model. In this article, satellite orbital model is transformed into a strongly strict negative imaginary system using observer-based transformation scheme, and then, negative imaginary control theory is applied to achieve stability and robustness in orbit control system in the presence of multiplicative uncertainty. The solutions of orbit control problem are investigated with two thrusters input as well as one thruster input. According to the numerical simulation findings reported in this study, the investigated control approach guarantees the robust stabilization of the satellite orbital system.",2024,International Journal of Dynamics and Control,Santosh Kumar Choudhary; Shreesha Chokkadi,10.1007/s40435-023-01234-1,,https://doi.org/10.1007/s40435-023-01234-1,crossref,latent dynamics model robot control,concept,latent_dynamics,,,robustness,2026-06-12T15:07:36Z,14.100,17.100
doi:10.31763/ijrcs.v4i4.1549,Fuzzy Control for Spacecraft Orbit Transfer with Gain Perturbations and Input Constraint,"This paper presents the problem of fuzzy guaranteed cost tracking control for spacecraft orbit transfer with parameter uncertainties and additive controller gain perturbations and subject to input constraints, and guaranteed cost function. The goal is to perform a planar orbit transfer in a circular orbit, focusing on minimizing fuel usage while accounting for uncertainties in both the plant and controller. Spacecraft dynamics is based on the Keplerian two-body problem using polar coordinates, which allows long-distance maneuvers in circular orbit when the well-known Clohessy-Wiltshire (C-W) equation is restricted by limited-distance maneuvers. To approximate the nonlinearities in the dynamical equation of motion, a Takagi-Sugeno (T-S) fuzzy model is proposed and a linearized model is established for the output tracking problem of the orbit transfer process. Issue related to the absence ",2024,International Journal of Robotics and Control Systems,Sarah Nemmour; Bachir Daaou; Francis Okello,10.31763/ijrcs.v4i4.1549,,https://doi.org/10.31763/ijrcs.v4i4.1549,crossref,robotics,concept,crossref_bulk_robotics,,,,2026-06-12T19:29:26Z,14.100,14.100
doi:10.1007/s41315-022-00260-0,Development of robotic hand tactile sensing system for distributed contact force sensing in robotic dexterous multimodal grasping,,2022,International Journal of Intelligent Robotics and Applications,Congcong Mu; Yancheng Wang; Deqing Mei; Shihang Wang,10.1007/s41315-022-00260-0,,https://doi.org/10.1007/s41315-022-00260-0,crossref,tactile language action robotics,concept,tactile,,8,,2026-06-12T15:07:36Z,14.099,14.099
doi:10.1109/lra.2023.3303828,Unsupervised Human Motion Segmentation Based on Characteristic Force Signals of Contact Events,,2023,IEEE Robotics and Automation Letters,Keito Sugawara; Sho Sakaino; Toshiaki Tsuji,10.1109/lra.2023.3303828,,https://doi.org/10.1109/lra.2023.3303828,crossref,contact dynamics robot learning,concept,contact,,5,contact dynamics,2026-06-12T15:07:36Z,14.096,14.096
doi:10.1016/j.cogr.2023.07.006,Fault diagnosis using transfer learning with dynamic multiscale representation,,2023,Cognitive Robotics,Xinjie Sun; Shubiao Wang; Jiangping Jing; Zhangliang Shen; Liudong Zhang,10.1016/j.cogr.2023.07.006,,https://doi.org/10.1016/j.cogr.2023.07.006,crossref,robotics,concept,crossref_bulk_robotics,,5,,2026-06-12T19:29:26Z,14.096,14.096
doi:10.1016/j.robot.2017.05.015,Adaptive position/force control for robot manipulator in contact with a flexible environment,,2017,Robotics and Autonomous Systems,Piotr Gierlak; Marcin Szuster,10.1016/j.robot.2017.05.015,,https://doi.org/10.1016/j.robot.2017.05.015,crossref,contact dynamics robot learning,concept,contact,,65,contact dynamics; force control,2026-06-12T15:07:36Z,14.095,14.095
doi:10.23919/ccc63176.2024.10662302,Safe Contact Control of Acupuncture Robot Based on Vision and Admittance Control,,2024,2024 43rd Chinese Control Conference (CCC),Zheng Feng; Jinkun Li; Haocheng Liu; Jing Guo; Zhaoshui He,10.23919/ccc63176.2024.10662302,,https://doi.org/10.23919/ccc63176.2024.10662302,crossref,contact dynamics robot learning,concept,contact,,3,contact dynamics,2026-06-12T15:07:36Z,14.093,14.093
doi:10.1109/iros58592.2024.10801356,One-Shot Transfer of Long-Horizon Extrinsic Manipulation Through Contact Retargeting,,2024,2024 IEEE/RSJ International Conference on Intelligent Robots and Systems (IROS),Albert Wu; Ruocheng Wang; Sirui Chen; Clemens Eppner; C. Karen Liu,10.1109/iros58592.2024.10801356,,https://doi.org/10.1109/iros58592.2024.10801356,crossref,contact rich manipulation learning,concept,contact,,3,contact rich manipulation; long horizon,2026-06-12T15:07:36Z,14.093,14.093
doi:10.1109/iros58592.2024.10801637,Skill Transfer and Discovery for Sim-to-Real Learning: A Representation-Based Viewpoint,,2024,2024 IEEE/RSJ International Conference on Intelligent Robots and Systems (IROS),Haitong Ma; Zhaolin Ren; Bo Dai; Na Li,10.1109/iros58592.2024.10801637,,https://doi.org/10.1109/iros58592.2024.10801637,crossref,sim to real robot manipulation,concept,sim2real,,3,robot manipulation,2026-06-12T15:07:36Z,14.093,15.093
doi:10.1109/icra57147.2024.10610054,Tactile Robot Programming: Transferring Task Constraints into Constraint-Based Unified Force-Impedance Control,,2024,2024 IEEE International Conference on Robotics and Automation (ICRA),Kübra Karacan; Robin Jeanne Kirschner; Hamid Sadeghian; Fan Wu; Sami Haddadin,10.1109/icra57147.2024.10610054,,https://doi.org/10.1109/icra57147.2024.10610054,crossref,tactile language action robotics,concept,tactile,,3,impedance control,2026-06-12T15:07:36Z,14.093,14.093
doi:10.1109/robio64047.2024.10907735,A Novel Sample-Efficient Deep Reinforcement Learning with Episodic Policy Transfer for PID-Based Control in Robotic Catheter System,,2024,2024 IEEE International Conference on Robotics and Biomimetics (ROBIO),Olatunji Mumini Omisore; Toluwanimi Oluwadara Akinyemi; Wenke Duan; Wenjing Du; Lei Wang,10.1109/robio64047.2024.10907735,,https://doi.org/10.1109/robio64047.2024.10907735,crossref,model based reinforcement learning robotics,concept,architecture,,3,model based reinforcement learning robotics,2026-06-12T15:07:36Z,14.093,14.093
doi:10.1109/mmar62187.2024.10680796,Transfer Function Analysis and Algorithm Order Reduction for Active Disturbance Rejection Control,,2024,2024 28th International Conference on Methods and Models in Automation and Robotics (MMAR),Jacek Michalski; Mikołaj Mrotek; Stefan Brock,10.1109/mmar62187.2024.10680796,,https://doi.org/10.1109/mmar62187.2024.10680796,crossref,robotics,concept,crossref_bulk_robotics,,3,,2026-06-12T19:29:26Z,14.093,14.093
doi:10.6028/nist.gcr.16-010,Survey and new directions for physics-based attack detection in control systems,"Monitoring the ""physics"" of control systems to detect attacks is a growing area of research. In its basic form a security monitor creates time-series models of sensor readings for an industrial control system and identifies anomalies in these measurements in order to identify potentially false control commands or false sensor readings. In this paper, we review previous work based on a unified taxonomy that allows us to identify limitations, unexplored challenges, and new solutions. In particular, we propose a new adversary model and a way to compare previous work with a new evaluation metric based on the trade-off between false alarms and the negative impact of undetected attacks. We also show the advantages and disadvantages of three experimental scenarios to test the performance of attacks and defenses: real-world network data captured from a large-scale operational facility, a fully-f",2016,,David Urbina; Jairo Giraldo; Álvaro A. Cárdenas; Junia Valente; Mustafa Amir Faisal; Nils Ole Tippenhauer; Justin Ruths; Richard Candell; Henrik Sandberg,10.6028/nist.gcr.16-010,,https://doi.org/10.6028/nist.gcr.16-010,openalex,energy based policy robotics,concept,ebm,,78,limitation,2026-06-12T18:05:07Z,14.085,18.085
doi:10.1109/84.896763,A traction stress sensor array for use in high-resolution robotic tactile imaging,"A high resolution large-area array capable of resolving the three independent components of a 2D triaxial contact stress profile has been developed. The array, composed of 4096 (64/spl times/64) individual stress sensing elements, was constructed with a fully CMOS-compatible fabrication process, allowing integration of the sensing structures with digital control circuitry. The individual array elements have been shown to demonstrate linear responses to both applied normal stress (1.59 mV/kPa, 0-35 kPa) and applied shear stress (0.32 mV/kPa, 0-60 kPa). A spatial resolution comparable to the spacing of the papillary ridges of the human dermis (/spl ap/300 /spl mu/m) has been achieved within the 1.92/spl times/1.92 cm active sensing area of the array. Descriptions of the sensor structure, the required signal conditioning, and the array architecture are presented in this paper. The results o",2000,Journal of Microelectromechanical Systems,B.J. Kane; Mark R. Cutkosky; G.T.A. Kovacs,10.1109/84.896763,,https://doi.org/10.1109/84.896763,openalex,robotics,concept,openalex_bulk_robotics,,232,,2026-06-12T18:57:17Z,14.076,14.076
doi:10.1109/tro.2015.2441492,Stability-Guaranteed Force-Sensorless Contact Force/Motion Control of Heavy-Duty Hydraulic Manipulators,,2015,IEEE Transactions on Robotics,Janne Koivumaki; Jouni Mattila,10.1109/tro.2015.2441492,,https://doi.org/10.1109/tro.2015.2441492,crossref,contact dynamics robot learning,concept,contact,,140,contact dynamics,2026-06-12T15:07:36Z,14.074,14.074
doi:10.1142/s021984361950021x,Humanoid Locomotion Control and Generation Based on Contact Wrench Cones,"This paper presents a general framework for locomotion control and generation of humanoid robots. Different from most of the existing work which uses the zero-moment point (2mp) to determine the feasibility of robot’s motion, we use the so-called contact wrench cone to derive motion feasibility conditions, whole-body motion controllers, and locomotion generators. The contact wrench cone consists of all feasible wrenches that can be applied to the robot through contacts, which provide allowable external forces and moments for realizing the robot’s motion. Algorithms are proposed to compute quantities defined on linear representations of a general convex cone, which can be various contact wrench cones as needed in developing motion generators and controllers. Based on the contact wrench cone for contact links and the proposed algorithms as well as a decomposition of the whole-body dynamics",2019,International Journal of Humanoid Robotics,Yu Zheng; Shi Wen Liao; Katsu Yamane,10.1142/s021984361950021x,,https://doi.org/10.1142/s021984361950021x,crossref,contact dynamics robot learning,concept,contact,,6,humanoid robot; contact dynamics,2026-06-12T15:07:36Z,14.073,14.073
doi:10.3389/frobt.2020.521448,Hierarchical Tactile-Based Control Decomposition of Dexterous In-Hand Manipulation Tasks,,2020,Frontiers in Robotics and AI,Filipe Veiga; Riad Akrour; Jan Peters,10.3389/frobt.2020.521448,,https://doi.org/10.3389/frobt.2020.521448,crossref,robot world models manipulation,concept,world_models,,18,robot world model,2026-06-12T15:07:36Z,14.072,14.072
doi:10.15607/rss.2020.xvi.084,Interpreting and Predicting Tactile Signals via a Physics-Based and Data-Driven Framework,,2020,Robotics: Science and Systems XVI,Yashraj Narang; Karl Van Wyk; Arsalan Mousavian; Dieter Fox,10.15607/rss.2020.xvi.084,,https://doi.org/10.15607/rss.2020.xvi.084,crossref,tactile language action robotics,concept,tactile,,18,,2026-06-12T15:07:36Z,14.072,14.072
doi:10.1142/s0219843620500085,Human-Inspired Representation of Object-Specific Grasps for Anthropomorphic Hands,"The human hand is a complex, highly-articulated system, which has been the source of inspiration in designing humanoid robotic and prosthetic hands. Understanding the functionality of the human hand is crucial for the design, efficient control and transfer of human versatility and dexterity to such anthropomorphic robotic hands. Although research in this area has made significant advances, the synthesis of grasp configurations, based on observed human grasping data, is still an unsolved and challenging task. In this work we derive a novel, constrained autoencoder model, that encodes human grasping data in a compact representation. This representation encodes both the grasp type in a three-dimensional latent space and the object size as an explicit parameter constraint allowing the direct synthesis of object-specific grasps. We train the model on 2250 grasps generated by 15 subjects using",2020,International Journal of Humanoid Robotics,Julia Starke; Christian Eichmann; Simon Ottenhaus; Tamim Asfour,10.1142/s0219843620500085,,https://doi.org/10.1142/s0219843620500085,crossref,humanoid robot foundation model,concept,humanoid,,16,robot foundation model; humanoid robot,2026-06-12T15:07:36Z,14.067,14.067
doi:10.1371/journal.pone.0210058,Robotic hand illusion with tactile feedback: Unravelling the relative contribution of visuotactile and visuomotor input to the representation of body parts in space,,2019,PLOS ONE,The Vu Huynh; Robin Bekrater-Bodmann; Jakob Fröhner; Joachim Vogt; Philipp Beckerle,10.1371/journal.pone.0210058,,https://doi.org/10.1371/journal.pone.0210058,crossref,visuotactile robot manipulation,concept,tactile,,27,robot manipulation,2026-06-12T15:07:36Z,14.066,14.066
doi:10.1038/s41467-024-55771-0,Triboelectric tactile sensor for pressure and temperature sensing in high-temperature applications,"Skin-like sensors capable of detecting multiple stimuli simultaneously have great potential in cutting-edge human-machine interaction. However, realizing multimodal tactile recognition beyond human tactile perception still faces significant challenges. Here, an extreme environments-adaptive multimodal triboelectric sensor was developed, capable of detecting pressure/temperatures beyond the range of human perception. Based on triboelectric nanogenerator technology, an asymmetric structure capable of independently outputting dual signals was designed to improve perception sensitivity. By converting the signals and the stimuli into feature matrices, parallel perception of complex objects (with a recognition rate of 94%) and temperature at high temperatures was achieved. The proposed multimodal triboelectric tactile sensor represents progress in maximum detection range and rapid response, re",2025,Nature Communications,Yanhua Liu; Jinlong Wang; Tao Liu; Zhiting Wei; Bin Luo; Mingchao Chi; Song Zhang; Chenchen Cai; Cong Gao; Tong Zhao; Shuangfei Wang; Shuangxi Nie,10.1038/s41467-024-55771-0,,https://doi.org/10.1038/s41467-024-55771-0,openalex,energy based model robot learning,concept,ebm,,227,tactile perception,2026-06-12T18:26:24Z,14.065,14.065
doi:10.1109/smc.2018.00097,Classification of Hand Motions within EEG Signals for Non-Invasive BCI-Based Robot Hand Control,,2018,"2018 IEEE International Conference on Systems, Man, and Cybernetics (SMC)",Jeong-Hyun Cho; Ji-Hoon Jeong; Kyung-Hwan Shim; Dong-Joo Kim; Seong-Whan Lee,10.1109/smc.2018.00097,,https://doi.org/10.1109/smc.2018.00097,crossref,Gaussian splatting robot perception robot hand,concept,architecture_x_embodiment,,40,Gaussian splatting robot perception; robot hand,2026-06-12T15:07:36Z,14.057,14.057
doi:10.3390/electronics9060925,EEG Self-Adjusting Data Analysis Based on Optimized Sampling for Robot Control,"Research on electroencephalography (EEG) signals and their data analysis have drawn much attention in recent years. Data mining techniques have been extensively applied as efficient solutions for non-invasive brain–computer interface (BCI) research. Previous research has indicated that human brains produce recognizable EEG signals associated with specific activities. This paper proposes an optimized data sampling model to identify the status of the human brain and further discover brain activity patterns. The sampling methods used in the proposed model include the segmented EEG graph using piecewise linear approximation (SEGPA) method, which incorporates optimized data sampling methods; and the EEG-based weighted network for EEG data analysis, which can be used for machinery control. The data sampling and segmentation techniques combine normal distribution approximation (NDA), Poisson di",2020,Electronics,Haolan Zhang; Sanghyuk Lee; Xingsen Li; Jing He,10.3390/electronics9060925,,https://doi.org/10.3390/electronics9060925,openalex,energy based policy robotics,concept,ebm,,14,,2026-06-12T18:05:07Z,14.054,14.054
doi:10.1109/smc.2013.718,Motion Estimation Based on EMG and EEG Signals to Control Wearable Robots,"An EMG signal shows almost one-to-one relationship with the corresponding muscle. Therefore, each joint motion can be estimated relatively easily based on the EMG signals to control wearable robots. However, necessary EMG signals are not always able to be measured with every user. On the other hand, an EEG signal is one of the strongest candidates for the additional input signals to control wearable robots. Since the EEG signals are available with almost all people, an EEG based method can be applicable to many users. However, it is more difficult to estimate the user's motion intention based on the EEG signals compared with the EMG signals. In this paper, a user's motion estimation method is proposed to control the wearable robots based on the user's motion intention. In the proposed method, the motion intention of the user is estimated based on the user's EMG and EEG signals. The EMG s",2013,,Kazuo Kiguchi; Yoshiaki Hayashi,10.1109/smc.2013.718,,https://doi.org/10.1109/smc.2013.718,openalex,robotics,concept,openalex_bulk_robotics,,29,,2026-06-12T18:57:17Z,14.051,14.051
doi:10.1177/0278364904041563,A Gain-Switching Control Scheme for Position-Error-Based Bilateral Teleoperation: Contact Stability Analysis and Controller Design,"To lower the cost of a force-reflecting teleoperation system, position errors instead of direct measurements from force/torque sensors can be used for force feedback. An investigation on transparency shows that position-error-based teleoperation provides poor transparency when using constant controller gains, and this can be overcome by gain switching. The scenario studied in this paper is a position-errorbased bilateral teleoperation system when the slave robot is either in free motion or colliding with a stationary stiff environment. A contact stability analysis is presented for teleoperation systems with constant controller gains and then extended to a gain-switching teleoperation system. Issues on the design of a gain-switching control scheme are discussed. The effectiveness of the proposed gain-switching control scheme is evaluated experimentally.",2004,The International Journal of Robotics Research,Liya Ni; David W. L. Wang,10.1177/0278364904041563,,https://doi.org/10.1177/0278364904041563,crossref,EBM transformer robotics contact rich manipulation,concept,architecture_x_embodiment,,32,EBM transformer robotics; contact rich manipulation; teleoperation,2026-06-12T15:07:36Z,14.048,14.048
doi:10.24215/16666038.18.e04,Algorithm of Myoelectric Signals Processing for the Control of Prosthetic Robotic Hands,"The development of robotic hand prosthetic aims to give back people with disabilities, the ability to recover the functionality needed to manipulate the objects of their daily environment. The electrical signals sent by the brain through the nervous system are associated with the type of movement that the limbs must execute. Myoelectric sensors are non-intrusive devices that allow the capture of electrical signals from the peripheral nervous system. The relationship between the signals originated in the brain tending to generate an action and the myoelectric ones as a result of them, are weakly correlated. For this reason, it is necessary to study their interaction in order to develop the algorithms that allow recognizing orders and transform them into commands that activate the corresponding movements of the prosthesis.The present work shows the development of a prosthesis based on the ",2018,Journal of Computer Science and Technology,R. Russo; Juana Gil Fernández; R.R. Rivera,10.24215/16666038.18.e04,,https://doi.org/10.24215/16666038.18.e04,openalex,robotics,concept,openalex_bulk_robotics,,17,,2026-06-12T18:57:17Z,14.045,14.045
doi:10.3389/frobt.2022.997366,Model-based contact detection and position control of a fabric soft robot in unknown environments,"Soft robots have shown great potential to enable safe interactions with unknown environments due to their inherent compliance and variable stiffness. However, without knowledge of potential contacts, a soft robot could exhibit rigid behaviors in a goal-reaching task and collide into obstacles. In this paper, we introduce a Sliding Mode Augmented by Reactive Transitioning (SMART) controller to detect the contact events, adjust the robot’s desired trajectory, and reject estimated disturbances in a goal reaching task. We employ a sliding mode controller to track the desired trajectory with a nonlinear disturbance observer (NDOB) to estimate the lumped disturbance, and a switching algorithm to adjust the desired robot trajectories. The proposed controller is validated on a pneumatic-driven fabric soft robot whose dynamics is described by a new extended rigid-arm model to fit the actuator des",2022,Frontiers in Robotics and AI,Zhi Qiao; Pham H. Nguyen; Wenlong Zhang,10.3389/frobt.2022.997366,,https://doi.org/10.3389/frobt.2022.997366,crossref,contact dynamics robot learning,concept,contact,,3,contact dynamics,2026-06-12T14:45:03Z,14.043,14.043
doi:10.1016/j.jik.2025.100777,Industrial pollution control based on artificial intelligence: A synergistic model using social network analysis and machine learning,"This research examines the impact of articulated robots (ARs), the Environmental Policy Stringency Index (EPSI), and foreign direct investment (FDI) on industrial air pollution—measured by PM2.5 levels—across 12 developed countries from 1993 to 2023. Employing Social Network Analysis (SNA) for variable selection, Granger causality tests for temporal validation, and machine learning (ML) for predictive modeling, this work captures the complex, nonlinear dynamics of pollution outcomes. The results yield three key insights. First, the EPSI consistently mitigates PM2.5 emissions, lending support to the Porter Hypothesis, which posits that stringent environmental regulations can drive innovation while reducing pollution. Second, FDI demonstrates a consistent negative effect on PM2.5 emissions, primarily by facilitating the transfer of cleaner technologies and advanced management practices. Th",2025,Journal of Innovation & Knowledge,Yu‐Cheng Lin; Yiling Liu,10.1016/j.jik.2025.100777,,https://doi.org/10.1016/j.jik.2025.100777,openalex,energy based model robot learning,concept,ebm,,3,,2026-06-12T18:26:24Z,14.043,16.043
doi:10.1109/lra.2022.3154478,Tactile-Based Task Definition Through Edge Contact Formation Setpoints for Object Exploration and Manipulation,,2022,IEEE Robotics and Automation Letters,Zhanat Kappassov; Juan Antonio Corrales Ramon; Veronique Perdereau,10.1109/lra.2022.3154478,,https://doi.org/10.1109/lra.2022.3154478,crossref,robot world models manipulation,concept,world_models,,7,robot world model,2026-06-12T15:07:36Z,14.040,14.040
doi:10.1109/lra.2021.3139147,Evoked Tactile Feedback and Control Scheme on Functional Utility of Prosthetic Hand,,2022,IEEE Robotics and Automation Letters,Luis Vargas; He Huang; Yong Zhu; Xiaogang Hu,10.1109/lra.2021.3139147,,https://doi.org/10.1109/lra.2021.3139147,crossref,tactile language action robotics,concept,tactile,,7,,2026-06-12T15:07:36Z,14.040,14.040
doi:10.1109/icra46639.2022.9811631,Easing Reliance on Collision-free Planning with Contact-aware Control,,2022,2022 International Conference on Robotics and Automation (ICRA),Tao Pang; Russ Tedrake,10.1109/icra46639.2022.9811631,,https://doi.org/10.1109/icra46639.2022.9811631,crossref,EBM transformer robotics contact rich manipulation,concept,architecture_x_embodiment,,7,EBM transformer robotics; contact rich manipulation,2026-06-12T15:07:36Z,14.040,14.040
doi:10.1007/s10514-015-9485-5,Aerial robotic contact-based inspection: planning and control,,2016,Autonomous Robots,Kostas Alexis; Georgios Darivianakis; Michael Burri; Roland Siegwart,10.1007/s10514-015-9485-5,,https://doi.org/10.1007/s10514-015-9485-5,crossref,contact dynamics robot learning,concept,contact,,86,contact dynamics,2026-06-12T15:07:36Z,14.033,14.033
doi:10.1371/journal.pcbi.1002374,Developmental Maturation of Dynamic Causal Control Signals in Higher-Order Cognition: A Neurocognitive Network Model,,2012,PLoS Computational Biology,Kaustubh Supekar; Vinod Menon,10.1371/journal.pcbi.1002374,,https://doi.org/10.1371/journal.pcbi.1002374,crossref,causal robot world model,concept,architecture,,128,robot world model; causal robot world model,2026-06-12T15:07:36Z,14.030,15.030
doi:10.5898/jhri.6.3.li,Touching a Mechanical Body: Tactile Contact With Body Parts of a Humanoid Robot Is Physiologically Arousing,,2017,Journal of Human-Robot Interaction,Jamy Jue Li; Wendy Ju; Byron Reeves,10.5898/jhri.6.3.li,,https://doi.org/10.5898/jhri.6.3.li,crossref,contact dynamics robot learning,concept,contact,,56,humanoid robot; contact dynamics,2026-06-12T14:45:03Z,14.022,14.022
doi:10.1016/j.jprocont.2012.07.003,Deterministic finite automata representation for model predictive control of hybrid systems,,2012,Journal of Process Control,Koichi Kobayashi; Jun-ichi Imura,10.1016/j.jprocont.2012.07.003,,https://doi.org/10.1016/j.jprocont.2012.07.003,crossref,model predictive control manipulation,anti_myopia,anti_thesis,,37,model predictive control; hybrid systems; model predictive control manipulation,2026-06-12T15:07:36Z,14.019,18.019
doi:10.1109/robot.2006.1642231,Robot skin based on touch-area-sensitive tactile element,"In this paper, we propose a new tactile sensor skin (""skin by touch area receptor"" or STAR). The skin consists of two components. One is a sensor element which detects a contact area in addition to a contact force. The element is inspired by the fact that humans can discriminate sharpness of objects sensitively on any part of their bodies in spite of their several-centimeter two point discrimination thresholds. We have developed the sensor element that has such characteristics in a very simple structure; two layers of compressible insulators (urethane foam) which are sandwiched between three pieces of stretchable conductive sheets (conductive fabric). The other component is a sensor/communication chip. The chips are arranged at the boundaries of the elements, and the chips measure the capacitances between the conductive layers and send signals through the same conductive layers. The chip",2006,,Takayuki Hoshi; Hiroyuki Shinoda,10.1109/robot.2006.1642231,,https://doi.org/10.1109/robot.2006.1642231,openalex,robotics,concept,openalex_bulk_robotics,,101,,2026-06-12T18:57:17Z,14.012,14.012
doi:10.24963/ijcai.2017/484,Tensor Based Knowledge Transfer Across Skill Categories for Robot Control,"Advances in hardware and learning for control are enabling robots to perform increasingly dextrous and dynamic control tasks. These skills typically require a prohibitive amount of exploration for reinforcement learning, and so are commonly achieved by imitation learning from manual demonstration. The costly non-scalable nature of manual demonstration has motivated work into skill generalisation, e.g., through contextual policies and options. Despite good results, existing work along these lines is limited to generalising across variants of one skill such as throwing an object to different locations. In this paper we go significantly further and investigate generalisation across qualitatively different classes of control skills. In particular, we introduce a class of neural network controllers that can realise four distinct skill classes: reaching, object throwing, casting, and ball-in-c",2017,,Chenyang Zhao; Timothy Hospedales; Freek Stulp; Olivier Sigaud,10.24963/ijcai.2017/484,,https://doi.org/10.24963/ijcai.2017/484,openalex,robotics,concept,openalex_bulk_robotics,,24,imitation learning,2026-06-12T18:57:17Z,14.009,14.009
doi:10.1007/s42235-023-00378-2,Task-space Whole-body Control with Variable Contact Force Control for Position-controlled Humanoid Adaptation to Unknown Disturbance,,2023,Journal of Bionic Engineering,Zelin Huang; Chencheng Dong; Zhangguo Yu; Xuechao Chen; Fei Meng; Qiang Huang,10.1007/s42235-023-00378-2,,https://doi.org/10.1007/s42235-023-00378-2,crossref,whole body manipulation humanoid,concept,humanoid,,4,force control,2026-06-12T14:45:03Z,14.005,14.005
doi:10.1109/iros55552.2023.10341888,Attention for Robot Touch: Tactile Saliency Prediction for Robust Sim-to-Real Tactile Control,,2023,2023 IEEE/RSJ International Conference on Intelligent Robots and Systems (IROS),Yijiong Lin; Mauro Comi; Alex Church; Dandan Zhang; Nathan F. Lepora,10.1109/iros55552.2023.10341888,,https://doi.org/10.1109/iros55552.2023.10341888,crossref,sim to real robot manipulation,concept,sim2real,,4,robot manipulation,2026-06-12T14:45:03Z,14.005,15.005
doi:10.1007/978-3-031-11748-0_10,Transfer Learning via Representation Learning,,2023,"Adaptation, Learning, and Optimization Federated and Transfer Learning",Mohammad Rostami; Hangfeng He; Muhao Chen; Dan Roth,10.1007/978-3-031-11748-0_10,,https://doi.org/10.1007/978-3-031-11748-0_10,crossref,online adaptation robot learning,concept,adaptation,,4,online adaptation,2026-06-12T15:07:36Z,14.005,14.005
doi:10.1007/978-3-031-15226-9_28,Semi-autonomous Walking Control of a Hexapod Robot Based on Contact Point Planning and Follow-the-Contact-Point Gait Control,,2023,Lecture Notes in Networks and Systems Robotics in Natural Settings,Kosei Tanada; Shinkichi Inagaki; Yuki Murata; Ryota Kato; Tatsuya Suzuki,10.1007/978-3-031-15226-9_28,,https://doi.org/10.1007/978-3-031-15226-9_28,crossref,contact dynamics robot learning,concept,contact,,4,contact dynamics,2026-06-12T15:07:36Z,14.005,14.005
doi:10.1007/978-3-031-25555-7_13,Contact-Implicit Planning and Control for Non-prehensile Manipulation Using State-Triggered Constraints,,2023,Springer Proceedings in Advanced Robotics Robotics Research,Maozhen Wang; Aykut Özgün Önol; Philip Long; Taşkın Padır,10.1007/978-3-031-25555-7_13,,https://doi.org/10.1007/978-3-031-25555-7_13,crossref,contact rich manipulation learning,concept,contact,,4,contact rich manipulation,2026-06-12T15:07:36Z,14.005,14.005
doi:10.3390/s16122001,The Design and Characterization of a Flexible Tactile Sensing Array for Robot Skin,"In this study, a flexible tactile sensing array based on a capacitive mechanism was designed, fabricated, and characterized for sensitive robot skin. A device with 8 × 8 sensing units was composed of top and bottom flexible polyethyleneterephthalate (PET) substrates with copper (Cu) electrodes, a polydimethylsiloxane (PDMS) dielectric layer, and a bump contact layer. Four types of microstructures (i.e., pyramids and V-shape grooves) atop a PDMS dielectric layer were well-designed and fabricated to enhance tactile sensitivity. The optimal sensing unit achieved a high sensitivity of 35.9%/N in a force range of 0-1 N. By incorporating a tactile feedback control system, the flexible sensing array as the sensitive skin of a robotic manipulator demonstrated a potential capability of robotic obstacle avoidance.",2016,Sensors,Zhangping Ji; Hui Zhu; Huicong Liu; Nan Liu; Tao Chen; Zhan Yang; Lining Sun,10.3390/s16122001,,https://doi.org/10.3390/s16122001,openalex,robotics,concept,openalex_bulk_robotics,,66,,2026-06-12T18:57:17Z,14.002,14.002
doi:10.1109/ispds62779.2024.10667500,Visual Feature Transfer in Reinforcement Learning: Robot Control Using Raw Images,,2024,"2024 5th International Conference on Information Science, Parallel and Distributed Systems (ISPDS)",Yi Wang; Ximing Wang; Lin Zhou; Miao Wu; Zijun Lu; Qiufang Lian,10.1109/ispds62779.2024.10667500,,https://doi.org/10.1109/ispds62779.2024.10667500,crossref,control barrier functions robot learning,anti_myopia,control,,,control barrier function,2026-06-12T15:07:36Z,14.000,17.000
doi:10.64898/2026.05.08.723772,ContextTAD: Context-aware boundary learning for TAD calling from Hi-C contact maps,"Abstract Motivation Reliable topologically associating domain (TAD) calling from Hi-C contact maps remains difficult at high resolution and realistic sequencing depth. A central reason is that many callers learn boundary evidence largely from local signals, while domain compatibility is handled mainly during downstream decoding, so the learned boundary scores are not explicitly optimized for the TAD assembly step that ultimately determines the final calls. Results We present ContextTAD, a deep-learning TAD caller that learns boundary evidence from broader local Hi-C windows that capture TAD-scale structural context. Instead of treating boundary prediction as an isolated per-bin classification problem, ContextTAD uses a context-aware representation to produce left- and right-boundary tracks that are explicitly optimized for downstream TAD assembly. Concretely, the model combines multiscal",,,Weicai Long; Yusen Hou; Yanlin Zhang,10.64898/2026.05.08.723772,,https://doi.org/10.64898/2026.05.08.723772,crossref,contact dynamics robot learning,concept,contact,,,contact dynamics; benchmark; robustness,2026-06-12T15:07:36Z,14.000,16.000
doi:10.1109/tro.2020.3005547,Jerk Control of Floating Base Systems With Contact-Stable Parameterized Force Feedback,,2021,IEEE Transactions on Robotics,Ahmad Gazar; Gabriele Nava; Francisco Javier Andrade Chavez; Daniele Pucci,10.1109/tro.2020.3005547,,https://doi.org/10.1109/tro.2020.3005547,crossref,contact dynamics robot learning,concept,contact,,10,contact dynamics,2026-06-12T15:07:36Z,13.999,13.999
doi:10.1080/01691864.2020.1838321,Online generation and control of quasi-static multi-contact motion by PWT Jacobian matrix with contact wrench estimation and joint load reduction*,,2021,Advanced Robotics,Naoki Hiraoka; Masaki Murooka; Shintaro Noda; Kei Okada; Masayuki Inaba,10.1080/01691864.2020.1838321,,https://doi.org/10.1080/01691864.2020.1838321,crossref,EBM transformer robotics contact rich manipulation,concept,architecture_x_embodiment,,10,EBM transformer robotics; contact rich manipulation,2026-06-12T15:07:36Z,13.999,13.999
doi:10.1109/robosoft51838.2021.9479300,Transfer learning for accurate modeling and control of soft actuators,,2021,2021 IEEE 4th International Conference on Soft Robotics (RoboSoft),Mats Wiese; Gundula Runge-Borchert; Benjamin-Hieu Cao; Annika Raatz,10.1109/robosoft51838.2021.9479300,,https://doi.org/10.1109/robosoft51838.2021.9479300,crossref,robotics,concept,crossref_bulk_robotics,,10,,2026-06-12T19:29:26Z,13.999,13.999
doi:10.1109/iros.2012.6385917,Modeling and control of a flying robot for contact inspection,,2012,2012 IEEE/RSJ International Conference on Intelligent Robots and Systems,M. Fumagalli; R. Naldi; A. Macchelli; R. Carloni; S. Stramigioli; L. Marconi,10.1109/iros.2012.6385917,,https://doi.org/10.1109/iros.2012.6385917,crossref,contact dynamics robot learning,concept,contact,,120,contact dynamics,2026-06-12T15:07:36Z,13.998,13.998
doi:10.1177/09596518251350353,Towards cost-effective and safe contact-rich robotic manipulation with reinforcement learning: A review of techniques for future industrial automation,"Reinforcement Learning (RL) has been considered a promising method to enable the automation of contact-rich manipulation tasks, which can increase capabilities for industrial automation. RL facilitates autonomous agents’ learning to solve environments with complex dynamics with little human intervention, making it easier to implement control strategies for contact-rich tasks compared to traditional control approaches. Further, RL-based robotic control has the potential to transfer policies between task variations, significantly improving scalability compared to existing methods. However, RL is currently inviable for wider adoption due to its relatively high implementation costs and safety issues, so current research has been focused on addressing these issues. This paper comprehensively reviewed recently developed techniques to improve cost and safety for RL in contact-rich robotic manip",2026,"Proceedings of the Institution of Mechanical Engineers, Part I: Journal of Systems and Control Engineering",Anselmo Parnada; Mo Qu; Marco Castellani; Hyung Jin Chang; Yongjing Wang,10.1177/09596518251350353,,https://doi.org/10.1177/09596518251350353,crossref,contact rich manipulation learning,concept,contact,,1,contact rich manipulation,2026-06-12T14:45:03Z,13.997,13.997
doi:10.3389/fbioe.2025.1591316,Vibration stimulation enhances robustness in teleoperation robot system with EEG and eye-tracking hybrid control,"Introduction The application of non-invasive brain-computer interfaces (BCIs) in robotic control is limited by insufficient signal quality and decoding capabilities. Enhancing the robustness of BCIs without increasing the cognitive load remains a major challenge in brain-control technology. Methods This study presents a teleoperation robotic system based on hybrid control of electroencephalography (EEG) and eye movement signals, and utilizes vibration stimulation to assist motor imagery (MI) training and enhance control signals. A control experiment involving eight subjects was conducted to validate the enhancement effect of this tactile stimulation technique. Results Experimental results showed that during the MI training phase, the addition of vibration stimulation improved the brain region activation response speed in the tactile group, enhanced the activation of the contralateral mot",2025,Frontiers in Bioengineering and Biotechnology,Wenbin Zhang; Tianjie Wang; Chaolong Qin; Baoguo Xu; Hexuan Hu; Tong Wang; Ying Shen,10.3389/fbioe.2025.1591316,,https://doi.org/10.3389/fbioe.2025.1591316,crossref,teleoperation data robot foundation model,concept,human_data,,1,robot foundation model; teleoperation; robustness,2026-06-12T15:07:36Z,13.997,14.997
doi:10.1142/s0219843624500099,A Nonlinear Optimal Control Approach for Dual-Arm Robotic Manipulators,"Dual-arm robotic manipulators are used in industry and for assisting humans since they enable dexterous handling of objects and more agile and secure execution of pick-and-place, grasping or assembling tasks. In this paper, a nonlinear optimal control approach is proposed for the dynamic model of a dual robotic arm. In the considered application, the dual-arm robotic system has to transfer an object under synchronized motion of its two end-effectors so as to achieve precise positioning and to compensate for contact forces. The dynamic model of this robotic system is formulated while it is proven that the state-space description of the robot’s dynamics is differentially flat. Next, to solve the associated nonlinear optimal control problem, the dynamic model of the dual-arm robot undergoes approximate linearization around a temporary operating point that is recomputed at each time-step of ",2025,International Journal of Humanoid Robotics,G. Rigatos; M. Abbaszadeh; K. Busawon; J. Pomares,10.1142/s0219843624500099,,https://doi.org/10.1142/s0219843624500099,crossref,humanoid robot foundation model,concept,humanoid,,1,robot foundation model; humanoid robot,2026-06-12T15:07:36Z,13.997,14.997
doi:10.18196/jrc.v3i2.10741,Controllability and Observability Analysis of DC Motor System and a Design of FLC-Based Speed Control Algorithm,"DC motor is an electrical motor widely used for industrial applications, mostly to support production processes. It is known for its flexibility and operational-friendly characteristics. However, the speed of the DC motor needs to be controlled to have desired speed performance or transient response, especially when it is loaded. This paper aims to design a DC motor model and its speed controller. First, the state space representation of a DC motor was modeled. Then, the controllability and observability were analyzed. The transfer function was made based on the model after the model was ensured to be fully controllable and observable. Therefore, a fuzzy logic controller is employed as its speed controller. Fuzzy logic controller provides the best system performance among other algorithms; the overshoot was successfully eliminated, rise time was improved, and the steady-state error was m",2022,Journal of Robotics and Control (JRC),Iswanto Suwarno; Yaya Finayani; Robbi Rahim; Jassim Alhamid; Ahmed Ramadhan Al-Obaidi,10.18196/jrc.v3i2.10741,,https://doi.org/10.18196/jrc.v3i2.10741,crossref,classical control robotics,anti_myopia,anti_thesis,,3,classical control robotics,2026-06-12T15:07:36Z,13.993,17.993
doi:10.1109/coase.2017.8256308,Development of flexible fabric based tactile sensor for closed loop control of soft robotic actuator,"The ability to sense and measure object properties based on touch is known as tactile sensing. The flexibility and dexterity of soft robots can be fully explored, only with efficient tactile feedback from the environment or the objects the robot interact with. This paper discusses about the development of a soft fabric based piezoresistive tactile sensor, the related calibration experiments and procedures. Fabric based sensors are flexible, stretchable and can confer to both hard and soft surfaces easily. The ability of the tactile sensor to enhance the efficiency of robotic activities is demonstrated in a simple cutting task. The robotic end effector used is a pneumatically controlled soft gripper. Experimental results show that the feedback from the tactile sensor developed is successfully used to detect the completion of the cutting task.",2017,,Godwin Ponraj; Senthil Kumar Kirthika; Nitish V. Thakor; Chen‐Hua Yeow; Sunil L. Kukreja; Hongliang Ren,10.1109/coase.2017.8256308,,https://doi.org/10.1109/coase.2017.8256308,openalex,robotics,concept,openalex_bulk_robotics,,23,,2026-06-12T18:57:17Z,13.989,13.989
doi:10.1109/icra.2015.7139504,Control of generalized contact motion and force in physical human-robot interaction,,2015,2015 IEEE International Conference on Robotics and Automation (ICRA),Emanuele Magrini; Fabrizio Flacco; Alessandro De Luca,10.1109/icra.2015.7139504,,https://doi.org/10.1109/icra.2015.7139504,crossref,contact dynamics robot learning,concept,contact,,117,contact dynamics; human robot interaction,2026-06-12T15:07:36Z,13.985,13.985
doi:10.1109/iros.2017.8202153,Event-driven encoding of off-the-shelf tactile sensors for compression and latency optimisation for robotic skin,"We propose a method to compress the enormous amount of data originating from tactile sensors is presented that explicitly exploits the inherent sparseness over space and time, sending tactile “events” only when a contact is detected. The resulting modular architecture is based on FPGA modules that acquire data samples from off-the-shelf tactile sensors based on capacitive transducers and generate and transmit an event-driven readout. This architecture has been specifically implemented for integration on robots with a large number of tactile sensors, to reduce communication bandwidth, power and processing requirements. An asynchronous serial address-event representation protocol further optimises effective data transmission rate (efficiency of 94.1%) and latency (340 ns) with respect to more common transmission protocols (e.g., Ethernet, CAN). We propose two complementary algorithms for t",2017,,Chiara Bartolozzi; Paolo Motto Ros; Francesco Diotalevi; Nawid Jamali; Lorenzo Natale; Marco Crepaldi; Danilo Demarchi,10.1109/iros.2017.8202153,,https://doi.org/10.1109/iros.2017.8202153,openalex,robotics,concept,openalex_bulk_robotics,,42,latency,2026-06-12T18:57:17Z,13.981,13.981
title:design and control of an anthropomorphic robotic finger with multi point tactile sensation,Design and Control of an Anthropomorphic Robotic Finger with Multi-point Tactile Sensation,"The goal of this research is to develop the prototype of a tactile sensing platform for anthropomorphic manipulation research. We investigate this problem through the fabrication and simple control of a planar 2-DOF robotic finger inspired by anatomic consistency, self-containment, and adaptability. The robot is equipped with a tactile sensor array based on optical transducer technology whereby localized changes in light intensity within an illuminated foam substrate correspond to the distribution and magnitude of forces applied to the sensor surface plane. The integration of tactile perception is a key component in realizing robotic systems which organically interact with the world. Such natural behavior is characterized by compliant performance that can initiate internal, and respond to external, force application in a dynamic environment. However, most of the current manipulators that",2001,DSpace@MIT (Massachusetts Institute of Technology),Jessica Banks,,,https://openalex.org/W2164246713,openalex,energy based model robot learning,concept,ebm,,25,tactile perception,2026-06-12T18:26:24Z,13.979,13.979
doi:10.1109/icra.2014.6907856,Particle computation: Designing worlds to control robot swarms with only global signals,"Micro- and nanorobots are often controlled by global input signals, such as an electromagnetic or gravitational field. These fields move each robot maximally until it hits a stationary obstacle or another stationary robot. This paper investigates 2D motion-planning complexity for large swarms of simple mobile robots (such as bacteria, sensors, or smart building material). In previous work we proved it is NP-hard to decide whether a given initial configuration can be transformed into a desired target configuration; in this paper we prove a stronger result: the problem of finding an optimal control sequence is PSPACE-complete. On the positive side, we show we can build useful systems by designing obstacles. We present a reconfigurable hardware platform and demonstrate how to form arbitrary permutations and build a compact absolute encoder. We then take the same platform and use dual-rail l",2014,,Aaron T. Becker; Erik D. Demaine; Sándor P. Fekete; James McLurkin,10.1109/icra.2014.6907856,,https://doi.org/10.1109/icra.2014.6907856,openalex,robotics,concept,openalex_bulk_robotics,,25,motion planning,2026-06-12T18:57:17Z,13.979,15.979
doi:10.1109/robot.2000.844120,Preliminary experiments in cooperative human/robot force control for robot assisted microsurgical manipulation,"Reports preliminary experiments with a robot system designed to cooperatively extend a human's ability to perform fine manipulation tasks requiring human judgement, sensory integration and hand-eye coordination. A completed steady-hand robot is reported. A stable force control law is reviewed. Preliminary experiments validate theoretical predictions of stable one-dimensional control of tool-tip forces in contact with both linearly and nonlinearly compliant objects. Preliminary feasibility experiments demonstrate stable one-dimensional robotic augmentation and ""force scaling"" of a human operator's tactile input.",2002,,Rajesh Kumar; Peter Berkelman; Puneet Gupta; Ashley T. Barnes; Peter S. Jensen; Louis L. Whitcomb; Russell H. Taylor,10.1109/robot.2000.844120,,https://doi.org/10.1109/robot.2000.844120,openalex,robotics,concept,openalex_bulk_robotics,,94,force control,2026-06-12T18:57:17Z,13.977,14.977
doi:10.1109/ro-man53752.2022.9900522,A Contact-Adaptive Control Framework for Co-Manipulation Tasks with Application to Collaborative Screwing,,2022,2022 31st IEEE International Conference on Robot and Human Interactive Communication (RO-MAN),Nicola Villa; Emir Mobedi; Arash Ajoudani,10.1109/ro-man53752.2022.9900522,,https://doi.org/10.1109/ro-man53752.2022.9900522,crossref,robot world models manipulation,concept,world_models,,6,robot world model,2026-06-12T15:07:36Z,13.973,13.973
doi:10.1109/icra46639.2022.9811739,"Contact Transfer: A Direct, User-Driven Method for Human to Robot Transfer of Grasps and Manipulations",,2022,2022 International Conference on Robotics and Automation (ICRA),Arjun Lakshmipathy; Dominik Bauer; Cornelia Bauer; Nancy S. Pollard,10.1109/icra46639.2022.9811739,,https://doi.org/10.1109/icra46639.2022.9811739,crossref,contact dynamics robot learning,concept,contact,,6,contact dynamics,2026-06-12T15:07:36Z,13.973,13.973
doi:10.1016/j.drugpo.2022.103809,A modified Delphi process to identify experts’ perceptions of the most beneficial and harmful laws to reduce opioid-related harm,,2022,International Journal of Drug Policy,Leah K. Hamilton; Katherine Wheeler-Martin; Corey S. Davis; Silvia S. Martins; Hillary Samples; Magdalena Cerdá,10.1016/j.drugpo.2022.103809,,https://doi.org/10.1016/j.drugpo.2022.103809,crossref,mixture of experts robot policy,concept,architecture,,6,mixture of experts robot policy,2026-06-12T15:07:36Z,13.973,13.973
doi:10.1109/icra.2019.8793773,Active Multi-Contact Continuous Tactile Exploration with Gaussian Process Differential Entropy,,2019,2019 International Conference on Robotics and Automation (ICRA),Danny Driess; Daniel Hennes; Marc Toussaint,10.1109/icra.2019.8793773,,https://doi.org/10.1109/icra.2019.8793773,crossref,tactile language action robotics,concept,tactile,,22,,2026-06-12T15:07:36Z,13.968,13.968
doi:10.1109/robot.1994.350981,"Tele-presence: visual, audio and tactile feedback and control of a twin armed mobile robot","Robots are often required to function in environments which would be extremely dangerous or expensive when using direct human labour, however, computer control and intelligence are not sufficiently developed to permit the robots to perform these advanced technical tasks under their own initiative, and there is always a human operative in the loop. Ideally the operator would wish to input body motions (from legs, arm, hand and head) which the robot would duplicate, and receive from the remote sensors full visual, audio and tactile feedback of a quality and form comparable with that normally produced by the eyes, ears and skin. This work considers the development of input, control and feedback (visual, audio and tactile) systems (man-machine interface) for a twin armed mobile robot to be used in tele-presence applications. This multi-purpose human-machine interface provides the user with a",2002,,Darwin G. Caldwell; A. Wardle; Michael Goodwin,10.1109/robot.1994.350981,,https://doi.org/10.1109/robot.1994.350981,openalex,robotics,concept,openalex_bulk_robotics,,24,,2026-06-12T18:57:17Z,13.959,13.959
doi:10.1109/lra.2019.2950118,Soft Tactile Fingertip to Estimate Orientation and the Contact State of Thin Rectangular Objects,,2020,IEEE Robotics and Automation Letters,Muhammad Hisyam Rosle; Ryo Kojima; Keung Or; Zhongkui Wang; Shinichi Hirai,10.1109/lra.2019.2950118,,https://doi.org/10.1109/lra.2019.2950118,crossref,tactile language action robotics,concept,tactile,,14,,2026-06-12T15:07:36Z,13.954,13.954
doi:10.1109/iros45743.2020.9340843,Graph-based Hierarchical Knowledge Representation for Robot Task Transfer from Virtual to Physical World,,2020,2020 IEEE/RSJ International Conference on Intelligent Robots and Systems (IROS),Zhenliang Zhang; Yixin Zhu; Song-Chun Zhu,10.1109/iros45743.2020.9340843,,https://doi.org/10.1109/iros45743.2020.9340843,crossref,robot world model,concept,architecture,,14,robot world model,2026-06-12T15:07:36Z,13.954,13.954
doi:10.1109/whc49131.2021.9517176,Tactile Transfer of Finger Information through Suction Tactile Sensation in HMDs,,2021,2021 IEEE World Haptics Conference (WHC),Takayuki Kameoka; Hiroyuki Kajimoto,10.1109/whc49131.2021.9517176,,https://doi.org/10.1109/whc49131.2021.9517176,crossref,tactile language action robotics,concept,tactile,,9,,2026-06-12T15:07:36Z,13.951,13.951
doi:10.1016/j.nonrwa.2021.103335,Analysis and control of stationary inclusions in contact mechanics,,2021,Nonlinear Analysis: Real World Applications,Mircea Sofonea,10.1016/j.nonrwa.2021.103335,,https://doi.org/10.1016/j.nonrwa.2021.103335,crossref,real world robot learning deployment,concept,deployment,,9,deployment,2026-06-12T15:07:36Z,13.951,15.951
doi:10.1109/robosoft60065.2024.10522005,Guiding Soft Robots with Motor-Imagery Brain Signals and Impedance Control,"Integrating Brain-Machine Interfaces into non-clinical applications like robot motion control remains difficult - despite remarkable advancements in clinical settings. Specifically, EEG-based motor imagery systems are still error-prone, posing safety risks when rigid robots operate near humans. This work presents an alternative pathway towards safe and effective operation by combining wearable EEG with physically embodied safety in soft robots. We introduce and test a pipeline that allows a user to move a soft robot's end effector in real time via brain waves that are measured by as few as three EEG channels. A robust motor imagery algorithm interprets the user's intentions to move the position of a virtual attractor to which the end effector is attracted, thanks to a new Cartesian impedance controller. We specifically focus here on planar soft robot-based architected metamaterials, whic",2024,arXiv,Maximilian Stölzle; Sonal Santosh Baberwal; Daniela Rus; Shirley Coyle; Cosimo Della Santina,10.1109/robosoft60065.2024.10522005,2401.13441v2,http://arxiv.org/abs/2401.13441v2,arxiv,energy based policy robotics,concept,ebm,,,impedance control,2026-06-12T14:45:03Z,13.950,13.950
doi:10.54254/2753-8818/2025.ad28420,Contact-Based Robotics: A Review of Tactile Sensing Applications,"Robotic tactile and force sensing has emerged as a critical field for innovation, complementing traditional visual and radar systems to enhance a robot’s ability to interact with its environment. This article offers a succinct summary of the last five years' developments in robotic touch sensing, grouping their uses into three main categories: improving object handling, allowing micro-scale jobs, and increasing movement agility. The review highlights how force sensors improve agility in legged robots and drones by providing direct physical information about terrain and surroundings, crucial for fast and complex movements. It also examines their vital role in micro-scale sensing, such as in robotic surgery and micro-assembly, where they offer essential force feedback that visual sensors alone cannot provide. The study concludes by outlining how these sensors—which are frequently paired wi",2025,Theoretical and Natural Science,Yuheng Liang,10.54254/2753-8818/2025.ad28420,,https://doi.org/10.54254/2753-8818/2025.ad28420,crossref,tactile language action robotics,concept,tactile,,,,2026-06-12T14:45:03Z,13.950,13.950
doi:10.20965/jrm.2025.p0720,Contact Force Control and Experimental Verification of a Mobile Robot for Picking Up Objects on the Ground,"This study presents a robot that efficiently picks up objects scattered on the ground, such as nuts in outdoor work. In conventional methods, objects are generally picked up by a gripper attached to the end of an arm; however, picking them up one by one is time-consuming. In addition, difficulties arise from the complexity required for coordinated control of the grasping posture and movement to pick up the object, as well as from the high rigidity of the machine when working on uneven ground. In this study, a cage-type end-effector is employed to enable continuous pick-up while the robot moves. In addition, using a worm gear for the arm, an arm-type mobile robot with a small size, simple drive source, and high mechanical safety is designed. To improve the pick-up capability, force control that allows the end-effector to flexibly follow the unevenness of the ground is desirable. However, ",2025,Journal of Robotics and Mechatronics,Ryuji Sato; Naoki Uchiyama,10.20965/jrm.2025.p0720,,https://doi.org/10.20965/jrm.2025.p0720,crossref,contact dynamics robot learning,concept,contact,,,contact dynamics; force control,2026-06-12T15:07:36Z,13.950,13.950
doi:10.3389/frobt.2026.1735467,Calibration-free per-finger force-feedback slip control for grasping by anthropomorphic hand with tri-axial tactile sensors,"This paper addresses the challenge of detecting and recovering from slip during robotic grasping of unknown objects, with the objective of establishing a robust no on-site or per-object calibration slip-recovery controller for an anthropomorphic hand. This hand is equipped with tri-axial piezoresistive tactile force sensors on each finger, and the proposed approach is validated through experimental analysis. The proposed methodology eliminates the need for object- or pose-specific calibration, explicit friction modelling, dense tactile arrays, line-of-sight vision, and a data-hungry learning process, enabling real-time implementation with minimal computation and integration effort. Using a commonly acquired online baseline from initial readings, slip is detected from relative changes between consecutive samples of the baseline-subtracted resultant tangential force, and object engagement ",2026,Frontiers in Robotics and AI,Dickson Chiu Yu Wong; Zheng H. Zhu,10.3389/frobt.2026.1735467,,https://doi.org/10.3389/frobt.2026.1735467,crossref,tactile language action robotics,concept,tactile,,,,2026-06-12T15:07:36Z,13.950,13.950
doi:10.3390/dynamics5040042,Comparison of Alternative Port-Hamiltonian Dynamics Extensions to the Thermodynamic Domain Toward IDA-PBC-Like Control: Application to a Heat Transfer Model,"The dynamics of port-Hamiltonian systems is based on energy balance principles (the first law of thermodynamics) embedded in the structure of the model. However, when dealing with thermodynamic subsystems, the second law (entropy production) should also be explicitly taken into account. Several frameworks were developed as extensions to the thermodynamic domain of port-Hamiltonian systems. In our work, we study three of them, namely irreversible port-Hamiltonian systems, entropy-based generalized Hamiltonian systems, and entropy-production-metric-based port-Hamiltonian systems, which represent alternative approaches of selecting the state variables, the storage function, simplicity of physical interpretation, etc. On the example of a simplified lumped-parameter model of a heat exchanger, we study the frameworks in terms of their implementability for an IDA-PBC-like control and the simpli",2025,Dynamics,Oleksiy Kuznyetsov,10.3390/dynamics5040042,,https://doi.org/10.3390/dynamics5040042,crossref,latent dynamics model robotics,concept,architecture,,,latent dynamics model robotics,2026-06-12T15:07:36Z,13.950,13.950
arxiv:2403.14414v1,Efficient Model Learning and Adaptive Tracking Control of Magnetic Micro-Robots for Non-Contact Manipulation,"Magnetic microrobots can be navigated by an external magnetic field to autonomously move within living organisms with complex and unstructured environments. Potential applications include drug delivery, diagnostics, and therapeutic interventions. Existing techniques commonly impart magnetic properties to the target object,or drive the robot to contact and then manipulate the object, both probably inducing physical damage. This paper considers a non-contact formulation, where the robot spins to generate a repulsive field to push the object without physical contact. Under such a formulation, the main challenge is that the motion model between the input of the magnetic field and the output velocity of the target object is commonly unknown and difficult to analyze. To deal with it, this paper proposes a data-driven-based solution. A neural network is constructed to efficiently estimate the m",2024,arXiv,Yongyi Jia; Shu Miao; Junjian Zhou; Niandong Jiao; Lianqing Liu; Xiang Li,,2403.14414v1,http://arxiv.org/abs/2403.14414v1,arxiv,EBM transformer robotics contact rich manipulation,concept,architecture_x_embodiment,,,EBM transformer robotics; contact rich manipulation,2026-06-12T15:07:36Z,13.950,13.950
doi:10.1108/ir-03-2026-0106,Contact-mechanics-based compliant control in force-moment ratio space for dual pin-hole assembly of a robotic manipulator,"Purpose Because normal and tangential forces in pin-hole assembly are coupled nonlinearly in a pose-dependent manner, jamming-diagram-based methods may violate contact limits and fail. To address this issue, this paper proposes a pose-dependent elastic contact model and a convex-polygon mechanical constraint in force-moment ratio space to guide the selection of compliant assembly strategies. Design/methodology/approach The configurations of cylindrical and flat pin-hole assemblies, together with contact mechanics models that account for dimensional tolerances, are established. The contact limits are then formulated and linearly mapped into jamming-diagram ratio space. Distance metrics between the jamming-diagram boundary and the convex polygon are used to select among four force/position-compliant strategies. Different scenarios are experimentally validated on a pneumatic-assisted manipu",2026,Industrial Robot: the international journal of robotics research and application,Ke Li; Dong Xiang; Gang Bao,10.1108/ir-03-2026-0106,,https://doi.org/10.1108/ir-03-2026-0106,crossref,EBM transformer robotics industrial robot,concept,architecture_x_embodiment,,,EBM transformer robotics; industrial robot,2026-06-12T15:07:36Z,13.950,13.950
doi:10.1109/iros58592.2024.10801976,A Contact Model based on Denoising Diffusion to Learn Variable Impedance Control for Contact-rich Manipulation,,2024,2024 IEEE/RSJ International Conference on Intelligent Robots and Systems (IROS),Masashi Okada; Mayumi Komatsu; Tadahiro Taniguchi,10.1109/iros58592.2024.10801976,,https://doi.org/10.1109/iros58592.2024.10801976,crossref,contact rich manipulation learning,concept,contact,,2,contact rich manipulation; impedance control,2026-06-12T14:45:03Z,13.949,13.949
doi:10.1109/lra.2023.3342549,Contact Representation in Robotic Mechanical Systems Employing Reduced Models,,2024,IEEE Robotics and Automation Letters,Ali Raoofian; Xu Dai; József Kövecses,10.1109/lra.2023.3342549,,https://doi.org/10.1109/lra.2023.3342549,crossref,contact dynamics robot learning,concept,contact,,2,contact dynamics,2026-06-12T15:07:36Z,13.949,13.949
doi:10.1109/access.2024.3372586,"Integrating Contact, Modeling, and Control for the Robotic Hand Manipulation",,2024,IEEE Access,Shuwei Zhao; Jin Yu; Ye-Hwa Chen; Ruiying Zhao,10.1109/access.2024.3372586,,https://doi.org/10.1109/access.2024.3372586,crossref,contact rich manipulation learning,concept,contact,,2,contact rich manipulation,2026-06-12T15:07:36Z,13.949,13.949
doi:10.1109/ijcnn60899.2024.10650722,Domain Adaption as Auxiliary Task for Sim-to-Real Transfer in Vision-based Neuro-Robotic Control,,2024,2024 International Joint Conference on Neural Networks (IJCNN),Connor Gäde; Jan-Gerrit Habekost; Stefan Wermter,10.1109/ijcnn60899.2024.10650722,,https://doi.org/10.1109/ijcnn60899.2024.10650722,crossref,sim to real robot manipulation,concept,sim2real,,2,robot manipulation; sim to real transfer,2026-06-12T15:07:36Z,13.949,14.949
doi:10.1109/ismr63436.2024.10585641,Model-based Control for a Coupled Soft Robotic Exo-digit and Anthropomorphic Finger with Multi-Contact Point Physical Interaction,,2024,2024 International Symposium on Medical Robotics (ISMR),Umme Kawsar Alam; Mahdi Haghshenas-Jaryani,10.1109/ismr63436.2024.10585641,,https://doi.org/10.1109/ismr63436.2024.10585641,crossref,energy based model robotics,concept,architecture,,2,energy based model robotics,2026-06-12T15:07:36Z,13.949,13.949
doi:10.1109/icma52036.2021.9512777,Visual Feedback Control and Transfer Learning-Based CNN for a Pick and Place Robot on a Sliding Rail,,2021,2021 IEEE International Conference on Mechatronics and Automation (ICMA),Fusaomi Nagata; Kohei Miki; Keigo Watanabe; Maki K. Habib,10.1109/icma52036.2021.9512777,,https://doi.org/10.1109/icma52036.2021.9512777,crossref,control barrier functions robot learning,anti_myopia,control,,2,control barrier function,2026-06-12T15:07:36Z,13.949,16.949
doi:10.1145/3652037.3663899,Development of humanoid robot motion control algorithm using brain wave measurement signals,,2024,Proceedings of the 17th International Conference on PErvasive Technologies Related to Assistive Environments,Jun-Young Park; Young Hyun Hwang; Sangho Shin; Byeong-Kwon Ju,10.1145/3652037.3663899,,https://doi.org/10.1145/3652037.3663899,crossref,Gaussian splatting robot perception assistive robot,concept,architecture_x_embodiment,,2,Gaussian splatting robot perception; humanoid robot; assistive robot,2026-06-12T15:07:36Z,13.949,13.949
doi:10.5302/j.icros.2022.22.0034,Optimal Control Parameter Determination Method for Patient Transfer Robot Anti-Sway Controller via an Analytic Hierarchy Process,,2022,"Journal of Institute of Control, Robotics and Systems",Bohyun An; Changwon Kim,10.5302/j.icros.2022.22.0034,,https://doi.org/10.5302/j.icros.2022.22.0034,crossref,optimal control robot manipulation,anti_myopia,anti_thesis,,1,robot manipulation; optimal control robot manipulation,2026-06-12T15:07:36Z,13.947,17.947
doi:10.1109/icvrv67992.2025.00097,Mitigating Negative Transfer in Continual Test-Time Adaptation Via Orthogonal Dual-Path Mixture of LoRa Experts,,2025,2025 International Conference on Virtual Reality and Visualization (ICVRV),Pei Liu; Yunpeng Wu; Yu Song,10.1109/icvrv67992.2025.00097,,https://doi.org/10.1109/icvrv67992.2025.00097,crossref,test time adaptation robot policy,concept,adaptation,,1,test time adaptation,2026-06-12T14:45:03Z,13.947,14.947
doi:10.1109/lra.2026.3681156,Self-Supervised Multisensory Pretraining for Contact-Rich Robot Reinforcement Learning,,2026,IEEE Robotics and Automation Letters,Rickmer Krohn; Vignesh Prasad; Gabriele Tiboni; Georgia Chalvatzaki,10.1109/lra.2026.3681156,,https://doi.org/10.1109/lra.2026.3681156,crossref,contact dynamics robot learning,concept,contact,,1,contact dynamics,2026-06-12T14:45:03Z,13.947,13.947
doi:10.1016/j.ifacol.2025.10.191,Learning Variable Impedance Control for Contact-rich Robotics Manipulation with Guaranteed Passivity,,2025,IFAC-PapersOnLine,Xiao Yang; Che Hou; Yanhao He; Xiaoyu Zhang; Wenjie Chen; Zheng Chen,10.1016/j.ifacol.2025.10.191,,https://doi.org/10.1016/j.ifacol.2025.10.191,crossref,contact rich manipulation learning,concept,contact,,1,contact rich manipulation; impedance control,2026-06-12T14:45:03Z,13.947,13.947
doi:10.1145/3728485.3759237,BiTLA: A Bimanual Tactile-Language-Action Model for Contact-Rich Robotic Manipulation,,2025,Proceedings of the 1st International Workshop on Multi-Sensorial Media and Applications,Shaobo Yang; Hongtong Li; Jiangyu Hu; Shixin Zhang; Guocai Yao; Ziqiang Ni; Bin Fang,10.1145/3728485.3759237,,https://doi.org/10.1145/3728485.3759237,crossref,contact rich manipulation learning,concept,contact,,1,contact rich manipulation,2026-06-12T14:45:03Z,13.947,13.947
doi:10.1109/iros60139.2025.11246133,VibeCheck: Using Active Acoustic Tactile Sensing for Contact-Rich Manipulation,,2025,2025 IEEE/RSJ International Conference on Intelligent Robots and Systems (IROS),Kaidi Zhang; Do-Gon Kim; Eric T. Chang; Hua-Hsuan Liang; Zhanpeng He; Kathryn Lampo; Philippe Wu; Ioannis Kymissis; Matei Ciocarlie,10.1109/iros60139.2025.11246133,,https://doi.org/10.1109/iros60139.2025.11246133,crossref,contact rich manipulation learning,concept,contact,,1,contact rich manipulation,2026-06-12T14:45:03Z,13.947,13.947
doi:10.1007/s41315-025-00494-8,Application of robot stable contact force control in wall grinding within the construction field,,2026,International Journal of Intelligent Robotics and Applications,Tiejun Li; Mingwei Zhou; Jinyue Liu; Xiaohui Jia; Shaolong Zhang; Yi Wu,10.1007/s41315-025-00494-8,,https://doi.org/10.1007/s41315-025-00494-8,crossref,contact dynamics robot learning,concept,contact,,1,contact dynamics; force control,2026-06-12T15:07:36Z,13.947,13.947
doi:10.1109/iccar64901.2025.11073033,Ground Contact and Reaction Force Sensing for Linear Policy Control of Quadruped Robot,,2025,"2025 11th International Conference on Control, Automation and Robotics (ICCAR)",Harshita Mhaske; Aniket Mandhare; Jidong Huang; Yu Bai,10.1109/iccar64901.2025.11073033,,https://doi.org/10.1109/iccar64901.2025.11073033,crossref,contact dynamics robot learning,concept,contact,,1,contact dynamics,2026-06-12T15:07:36Z,13.947,13.947
doi:10.1109/raiic65850.2025.11170307,Robust Constant Contact Force Control for Underwater Robot: A Sliding Mode Impedance Control Approach,,2025,"2025 4th International Conference on Robotics, Artificial Intelligence and Intelligent Control (RAIIC)",Dong Yu; Xizhe Zang; Haoran Liu,10.1109/raiic65850.2025.11170307,,https://doi.org/10.1109/raiic65850.2025.11170307,crossref,contact dynamics robot learning,concept,contact,,1,contact dynamics; force control; impedance control,2026-06-12T15:07:36Z,13.947,13.947
doi:10.1016/j.rcim.2025.103208,A mixed reality-assisted human-to-robot skill transfer approach for contact-rich assembly via visuomotor primitives,,2026,Robotics and Computer-Integrated Manufacturing,Duidi Wu; Qianyou Zhao; Yuliang Shen; Junlai Li; Pai Zheng; Jin Qi; Jie Hu,10.1016/j.rcim.2025.103208,,https://doi.org/10.1016/j.rcim.2025.103208,crossref,contact rich manipulation learning,concept,contact,,1,contact rich manipulation,2026-06-12T15:07:36Z,13.947,13.947
doi:10.1109/oceans58557.2025.11104598,Sim-to-Real Transfer for AUV Fault Control with Deep Reinforcement Learning,,2025,OCEANS 2025 Brest,Katell Lagattu; Helene Lechene; Eva Artusi; Gilles Le Chenadec; Karl Sammut; Paulo Santos; Benoit Clement,10.1109/oceans58557.2025.11104598,,https://doi.org/10.1109/oceans58557.2025.11104598,crossref,sim to real robot manipulation,concept,sim2real,,1,robot manipulation; sim to real transfer,2026-06-12T15:07:36Z,13.947,14.947
doi:10.1109/robosoft63089.2025.11020827,Closed-Loop Control of Robotic Cutting through Tactile Force Estimation,,2025,2025 IEEE 8th International Conference on Soft Robotics (RoboSoft),Ran Xin; Arsen Abdulali; Fumiya Iida; A. Abdulali,10.1109/robosoft63089.2025.11020827,,https://doi.org/10.1109/robosoft63089.2025.11020827,crossref,tactile language action robotics,concept,tactile,,1,,2026-06-12T15:07:36Z,13.947,13.947
doi:10.5302/j.icros.2013.13.1939,Tactile Transfer and Display Method using Data Glove and Vibration Motors Module,,2013,"Journal of Institute of Control, Robotics and Systems",Hyung-Gu Kang; Youngjin Choi,10.5302/j.icros.2013.13.1939,,https://doi.org/10.5302/j.icros.2013.13.1939,crossref,tactile language action robotics,concept,tactile,,1,,2026-06-12T15:07:36Z,13.947,13.947
doi:10.1109/lra.2025.3572817,Robotic Autonomous Snap-Fit Assembly of Flexible Printed Circuit: Mahalanobis Distance-Based Force-Tactile Contact State Perception,,2025,IEEE Robotics and Automation Letters,Libin Xue; Quanzhi Fu; Jing Cui; Fei Chen; Zhongyi Chu,10.1109/lra.2025.3572817,,https://doi.org/10.1109/lra.2025.3572817,crossref,tactile language action robotics,concept,tactile,,1,,2026-06-12T15:07:36Z,13.947,13.947
doi:10.1109/lra.2026.3668585,Efficient Knowledge Transfer for Jump-Starting Control Policy Learning of Multirotors Through Physics-Aware Neural Architectures,,2026,IEEE Robotics and Automation Letters,Welf Rehberg; Mihir Kulkarni; Philipp Weiss; Kostas Alexis,10.1109/lra.2026.3668585,,https://doi.org/10.1109/lra.2026.3668585,crossref,differentiable physics robot learning,concept,architecture,,1,differentiable physics robot learning,2026-06-12T15:07:36Z,13.947,13.947
doi:10.1109/tcst.2025.3634677,DiAReL: Reinforcement Learning With Disturbance Awareness for Robust Sim2Real Policy Transfer in Robot Control,,2026,IEEE Transactions on Control Systems Technology,Mohammadhossein Malmir; Josip Josifovski; Noah Klarmann; Alois Knoll,10.1109/tcst.2025.3634677,,https://doi.org/10.1109/tcst.2025.3634677,crossref,recurrent robot policy,concept,architecture,,1,recurrent robot policy,2026-06-12T15:07:36Z,13.947,13.947
doi:10.1109/icmre64970.2025.10976278,Contact-Based Grasp Control and Inverse Kinematics for a Five-Fingered Robotic Hand,,2025,2025 11th International Conference on Mechatronics and Robotics Engineering (ICMRE),Robinson Umeike,10.1109/icmre64970.2025.10976278,,https://doi.org/10.1109/icmre64970.2025.10976278,crossref,EBM transformer robotics contact rich manipulation,concept,architecture_x_embodiment,,1,EBM transformer robotics; contact rich manipulation,2026-06-12T15:07:36Z,13.947,13.947
doi:10.1007/978-981-96-3949-6_27,Optimizing Industrial Etching Processes for PCB Manufacturing: Real-Time Temperature Control Using VGG-Based Transfer Learning,,2025,"Lecture Notes in Networks and Systems Selected Proceedings from the 2nd International Conference on Intelligent Manufacturing and Robotics, ICIMR 2024, 22-23 August, Suzhou, China",Yang Luo; Sandeep Jagtap; Hana Trollman; Guillermo Garcia-Garcia; Xiaoyan Liu; Anwar P.P. Abdul Majeed,10.1007/978-981-96-3949-6_27,,https://doi.org/10.1007/978-981-96-3949-6_27,crossref,robotics,concept,crossref_bulk_robotics,,1,,2026-06-12T19:29:26Z,13.947,13.947
doi:10.1109/icorr66766.2025.11063198,Adaptive Negative Damping Control for User-Dependent Multi-Terrain Walking Assistance With a Hip Exoskeleton,,2025,2025 International Conference On Rehabilitation Robotics (ICORR),Giulia Ramella; Auke Ijspeert; Mohamed Bouri,10.1109/icorr66766.2025.11063198,,https://doi.org/10.1109/icorr66766.2025.11063198,crossref,robotics,concept,crossref_bulk_robotics,,1,,2026-06-12T19:29:26Z,13.947,14.947
doi:10.34133/2021/9807452,Knowledge Graph-Based Image Recognition Transfer Learning Method for On-Orbit Service Manipulation,"Visual perception provides state information of current manipulation scene for control system, which plays an important role in on-orbit service manipulation. With the development of deep learning, deep convolutional neural networks (CNNs) have achieved many successful applications in the field of visual perception. Deep CNNs are only effective for the application condition containing a large number of training data with the same distribution as the test data; however, real space images are difficult to obtain during large-scale training. Therefore, deep CNNs can not be directly adopted for image recognition in the task of on-orbit service manipulation. In order to solve the problem of few-shot learning mentioned above, this paper proposes a knowledge graph-based image recognition transfer learning method (KGTL), which learns from training dataset containing dense source domain data and ",2021,Space: Science & Technology,Ao Chen; Yongchun Xie; Yong Wang; Linfeng Li,10.34133/2021/9807452,,https://doi.org/10.34133/2021/9807452,crossref,contact rich manipulation learning,concept,contact,,17,contact rich manipulation; generalization,2026-06-12T15:07:36Z,13.945,14.945
doi:10.3390/act12040179,Learning Pose Dynamical System for Contact Tasks under Human Interaction,"Robots are expected to execute various operation tasks like a human by learning human working skills, especially for complex contact tasks. Increasing demands for human–robot interaction during task execution makes robot motion planning and control a considerable challenge, not only to reproduce demonstration motion and force in the contact space but also to resume working after interacting with a human without re-planning motion. In this article, we propose a novel framework based on a time-invariant dynamical system (DS), taking into account both human skills transfer and human–robot interaction. In the proposed framework, the human demonstration trajectory was modeled by the pose diffeomorphic DS to achieve online motion planning. Furthermore, the motion of the DS was modified by admittance control to satisfy different demands. We evaluated the method with a UR5e robot in the contact ",2023,Actuators,Shangshang Yang; Xiao Gao; Zhao Feng; Xiaohui Xiao,10.3390/act12040179,,https://doi.org/10.3390/act12040179,crossref,contact rich manipulation learning,concept,contact,,3,contact rich manipulation; motion planning; human demonstration; human robot interaction,2026-06-12T15:07:36Z,13.943,14.943
doi:10.1109/icra.2018.8460644,"Voronoi Features for Tactile Sensing: Direct Inference of Pressure, Shear, and Contact Locations",,2018,2018 IEEE International Conference on Robotics and Automation (ICRA),Luke Cramphorn; John Lloyd; Nathan F. Lepora,10.1109/icra.2018.8460644,,https://doi.org/10.1109/icra.2018.8460644,crossref,tactile language action robotics,concept,tactile,,31,,2026-06-12T15:07:36Z,13.933,13.933
doi:10.1109/humanoids.2017.8239534,Approximate hybrid model predictive control for multi-contact push recovery in complex environments,,2017,2017 IEEE-RAS 17th International Conference on Humanoid Robotics (Humanoids),Tobia Marcucci; Robin Deits; Marco Gabiccini; Antonio Bicchi; Russ Tedrake,10.1109/humanoids.2017.8239534,,https://doi.org/10.1109/humanoids.2017.8239534,crossref,robotics,concept,crossref_bulk_robotics,,46,model predictive control,2026-06-12T19:29:26Z,13.925,14.925
doi:10.1109/cdc.2008.4738958,"Control of an pseudo-omnidirectional, non-holonomic, mobile robot based on an ICM representation in spherical coordinates","For mobile platforms with steerable standard wheels it is necessary to precisely coordinate rotation and steering angle of their wheels. Especially for redundantly actuated platforms the misalignments of a single wheel directly leads to invalid configurations which may cause degraded motion of the platform and high internal forces. An established approach to deal with this problem is to represent the current state of motion in form of the instantaneous centre of motion (ICM) and to derive a valid trajectory for this point. However, this representation bears severe numerical drawbacks. To remedy those numerical problems an alternative ICM representation based on spherical coordinates is proposed in this work. Furthermore, the relations between ICM and generalized robot velocities are addressed. It is shown, that one receives a basis of a subspace within the kinematical constraints¿ nullsp",2008,,Christian Connette; Andreas Pott; Martin Hägele; Alexander Verl,10.1109/cdc.2008.4738958,,https://doi.org/10.1109/cdc.2008.4738958,openalex,robotics,concept,openalex_bulk_robotics,,46,,2026-06-12T18:57:17Z,13.925,13.925
doi:10.1145/3615834.3615837,Self-supervised representation learning using multimodal Transformer for emotion recognition,"In this paper, we present a Modality-Agnostic Transformer based Self-Supervised Learning (MATS2L) for emotion recognition using physiological signals. The proposed approach consists of two stages: a) Pretext stage, where the transformer model is pre-trained with unlabeled physiological signal data using masked signal prediction as pre-training task and form contextualized signal representations. b) Downstream stage, where self-supervised learning (SSL) representations extracted from a pre-trained model are utilized for emotion recognition tasks. Modality-agnostic approach allows the transformer model to focus on exploring mutual features among different physiological signals and learning more meaningful embeddings to estimate emotions effectively. We conduct several experiments on a public dataset WESAD and perform comparisons with fully supervised and other competitive SSL approaches. E",2023,,Theresa Ida Goetz; Pulkit Arora; Franciskus Xaverius Erick; Nina Holzer; Shrutika S. Sawant,10.1145/3615834.3615837,,https://doi.org/10.1145/3615834.3615837,openalex,transformer energy based model robotics,concept,ebm_transformer,,6,energy based model robotics; self supervised learning; robustness; ablation,2026-06-12T18:05:07Z,13.923,15.923
doi:10.1109/icmlc.2016.7872960,Muscle-gesture robot hand control based on sEMG signals with wavelet transform features and neural network classifier,,2016,2016 International Conference on Machine Learning and Cybernetics (ICMLC),Guan-Chun Luh; Yi-Hsiang Ma; Chien-Jung Yen; Heng-An Lin,10.1109/icmlc.2016.7872960,,https://doi.org/10.1109/icmlc.2016.7872960,crossref,control barrier functions robot learning,anti_myopia,control,,20,robot hand; control barrier function,2026-06-12T15:07:36Z,13.922,16.922
doi:10.1108/ir-08-2018-0172,Incorporating artificial skin signals in the constraint-based reactive control of human–robot collaborative manipulation tasks,Purpose The purpose of this paper is to develop a control strategy for human–robot collaborative manipulation tasks that can deal with proximity signals from 373 interconnected cells of an artificial skin. Design/methodology/approach The robot and the operator accomplish an industrial task while interacting in a shared workspace. The robot controller detects and avoids collisions based on the information from the artificial skin. Conflicting constraints can be handled by prioritizing between hard and soft constraints or by weighing the different constraints. Findings Weak soft constraints (low weight) are specified to command the robot to move along a nominal path with constant velocity. Stronger soft constraints (higher weight) prevent collisions by means of either moving the end effector backward along the path or circumventing an obstacle. The proposed approach is validated experiment,2019,Industrial Robot: the international journal of robotics research and application,Cristian Alejandro Vergara; Gianni Borghesan; Erwin Aertbeliën; Joris De Schutter,10.1108/ir-08-2018-0172,,https://doi.org/10.1108/ir-08-2018-0172,crossref,robot world models manipulation,concept,world_models,,4,robot world model,2026-06-12T15:07:36Z,13.905,13.905
doi:10.3390/horticulturae8010077,Development of an Optical System Based on Spectral Imaging Used for a Slug Control Robot,"The state-of-the-art technique to control slug pests in agriculture is the spreading of slug pellets. This method has some downsides, because slug pellets also harm beneficials and often fail because their efficiency depends on the prevailing weather conditions. This study is part of a research project which is developing a pest control robot to monitor the field, detect slugs, and eliminate them. Robots represent a promising alternative to slug pellets. They work independent of weather conditions and can distinguish between pests and beneficials. As a prerequisite, a robot must be able to reliably identify slugs irrespective of the characteristics of the surrounding conditions. In this context, the utilization of computer vision and image analysis methods are challenging, because slugs look very similar to the soil, particularly in color images. Therefore, the goal of this study was to ",2022,Horticulturae,Christian Höing; Sharvari Raut; Abozar Nasirahmadi; Barbara Sturm; Oliver Hensel,10.3390/horticulturae8010077,,https://doi.org/10.3390/horticulturae8010077,openalex,energy based model robot learning,concept,ebm,,4,,2026-06-12T18:26:24Z,13.905,13.905
doi:10.1109/icstm.2015.7225484,Wireless mobile robot control through human machine interface using brain signals,"Recent researches shows that Brain Computer Interface (BCI) technology provides effective way of communication between human and physical device. In this work, an EEG based wireless mobile robot is implemented for people suffer from motor disabilities can interact with physical devices based on Brain Computer Interface (BCI). An experimental model of mobile robot is explored and it can be controlled by human eye blink strength. EEG signals are acquired from NeuroSky Mind wave Sensor (single channel prototype) in non-invasive manner and Signal features are extracted by adopting Discrete Wavelet Transform (DWT) to amend the signal resolution. We analyze and compare the db4 and db7 wavelets for accurate classification of blink signals. Different classes of movements are achieved based on different blink strength of user. The experimental setup of adaptive human machine interface system prov",2015,,L. Ramya Stephygraph; N. Arunkumar; V. Venkatraman,10.1109/icstm.2015.7225484,,https://doi.org/10.1109/icstm.2015.7225484,openalex,robotics,concept,openalex_bulk_robotics,,44,,2026-06-12T18:57:17Z,13.903,13.903
doi:10.1080/01691864.2020.1848622,Contact transition control by adjusting emitting energy of proximity sensor,,2021,Advanced Robotics,H. Arita; Y. Suzuki,10.1080/01691864.2020.1848622,,https://doi.org/10.1080/01691864.2020.1848622,crossref,energy based model robotics,concept,architecture,,8,energy based model robotics,2026-06-12T15:07:36Z,13.899,13.899
doi:10.1109/iccma46720.2019.8988747,Nonlinear Model Predictive Control of Robot Manipulators Using Quasi-LPV Representation,,2019,"2019 7th International Conference on Control, Mechatronics and Automation (ICCMA)",Mojtaba Esfandiari; Sonny Chan; Garnette Sutherland; David Westwick,10.1109/iccma46720.2019.8988747,,https://doi.org/10.1109/iccma46720.2019.8988747,crossref,model predictive control robot learning,anti_myopia,control,,5,model predictive control,2026-06-12T15:07:36Z,13.896,17.896
doi:10.1109/ismsit50672.2020.9254906,Line Follower Robot Arduino (using robot to control Patient bed who was infected with Covid-19 Virus),"In light of the spread of the Corona pandemic in the world very quickly and for the small number of medical cadres in hospitals and the growing number of terrifying cases and to reduce the contact between the medical cadres and those infected with the Corona virus, therefore we had to manufacture a robot on the form of a special bed to transport the patient this robot does not feel tired and not affected by emotions. This robot is not exposed to the disease. The task of this robot is to transfer the patient from the ambulance to the stone room through the Arduino program and walk along the lines installed on the hospital floor. In this process, we will not need human intervention and at the same time we protect the lives of medical personnel from the risk of injury With this virus.",2020,2020 4th International Symposium on Multidisciplinary Studies and Innovative Technologies (ISMSIT),Haneen Abdulhussein Hadi Hadi,10.1109/ismsit50672.2020.9254906,,https://doi.org/10.1109/ismsit50672.2020.9254906,openalex,robotics,concept,openalex_bulk_robotics,,21,,2026-06-12T18:57:17Z,13.896,13.896
doi:10.1109/icstcc50638.2020.9259700,Model Predictive Control Approach for a Pantograph-Catenary System (PAC) Described by a Transfer Function Model,,2020,"2020 24th International Conference on System Theory, Control and Computing (ICSTCC)",Andrei Ioan CHIRIAC; Severus Constantin OLTEANU; Dumitru POPESCU,10.1109/icstcc50638.2020.9259700,,https://doi.org/10.1109/icstcc50638.2020.9259700,crossref,model predictive control manipulation,anti_myopia,anti_thesis,,3,model predictive control; model predictive control manipulation,2026-06-12T15:07:36Z,13.893,17.893
doi:10.1109/iros55552.2023.10341866,Contact Reduction with Bounded Stiffness for Robust Sim-to-Real Transfer of Robot Assembly,,2023,2023 IEEE/RSJ International Conference on Intelligent Robots and Systems (IROS),Nghia Vuong; Quang-Cuong Pham,10.1109/iros55552.2023.10341866,,https://doi.org/10.1109/iros55552.2023.10341866,crossref,sim to real robot manipulation,concept,sim2real,,3,robot manipulation; sim to real transfer,2026-06-12T14:45:03Z,13.893,14.893
doi:10.1109/case56687.2023.10260413,Using Knowledge Representation and Task Planning for Robot-agnostic Skills on the Example of Contact-Rich Wiping Tasks,,2023,2023 IEEE 19th International Conference on Automation Science and Engineering (CASE),Matthias Mayr; Faseeh Ahmad; Alexander Duerr; Volker Krueger,10.1109/case56687.2023.10260413,,https://doi.org/10.1109/case56687.2023.10260413,crossref,contact rich manipulation learning,concept,contact,,3,contact rich manipulation,2026-06-12T15:07:36Z,13.893,13.893
doi:10.1109/lra.2023.3264166,Non-Contact Tactile Perception for Hybrid-Active Gripper,,2023,IEEE Robotics and Automation Letters,Jonathas H. M. Pereira; Carlos F. Joventino; João A. Fabro; André S. de Oliveira,10.1109/lra.2023.3264166,,https://doi.org/10.1109/lra.2023.3264166,crossref,tactile language action robotics,concept,tactile,,3,tactile perception,2026-06-12T15:07:36Z,13.893,13.893
doi:10.1109/icrom60803.2023.10412393,Improved Tracking Performance of a Lorentz Actuator in Contact Tasks with Model-Based Iterative Learning Control,,2023,2023 11th RSI International Conference on Robotics and Mechatronics (ICRoM),Ali Mashhadireza; Ali Sadighi,10.1109/icrom60803.2023.10412393,,https://doi.org/10.1109/icrom60803.2023.10412393,crossref,energy based model robotics,concept,architecture,,3,energy based model robotics,2026-06-12T15:07:36Z,13.893,13.893
doi:10.1109/tim.2023.3243664,Drop to Transfer: Learning Transferable Features for Robot Tactile Material Recognition in Open Scene,,2023,IEEE Transactions on Instrumentation and Measurement,Qianhui Yang; Kunhong Liu; Yu Xie; Xiangyi Huang,10.1109/tim.2023.3243664,,https://doi.org/10.1109/tim.2023.3243664,crossref,scene graph robot learning,concept,architecture,,3,scene graph robot learning,2026-06-12T15:07:36Z,13.893,13.893
doi:10.1109/icra48891.2023.10160269,Contact Force Control with Continuously Compliant Robotic Legs,,2023,2023 IEEE International Conference on Robotics and Automation (ICRA),Robin Bendfeld; C. David Remy,10.1109/icra48891.2023.10160269,,https://doi.org/10.1109/icra48891.2023.10160269,crossref,EBM transformer robotics contact rich manipulation,concept,architecture_x_embodiment,,3,EBM transformer robotics; contact rich manipulation; force control,2026-06-12T15:07:36Z,13.893,13.893
doi:10.1109/rcar58764.2023.10249344,Improved Adaptive Variable Impedance Control for Contact Force Tracking,,2023,2023 IEEE International Conference on Real-time Computing and Robotics (RCAR),Feili Wei; Chaochen Gu; Kaijie Wu; Hao Cheng,10.1109/rcar58764.2023.10249344,,https://doi.org/10.1109/rcar58764.2023.10249344,crossref,EBM transformer robotics contact rich manipulation,concept,architecture_x_embodiment,,3,EBM transformer robotics; contact rich manipulation; impedance control,2026-06-12T15:07:36Z,13.893,13.893
doi:10.1109/tro.2011.2130030,Tactile-Data Classification of Contact Materials Using Computational Intelligence,,2011,IEEE Transactions on Robotics,Sergio Decherchi; Paolo Gastaldo; Ravinder S. Dahiya; Maurizio Valle; Rodolfo Zunino,10.1109/tro.2011.2130030,,https://doi.org/10.1109/tro.2011.2130030,crossref,contact dynamics robot learning,concept,contact,,96,contact dynamics,2026-06-12T15:07:36Z,13.887,13.887
doi:10.1177/0278364903022001004,Contact Stiffness and Damping Estimation for Robotic Systems,"In this paper, we review and compare four algorithms for the identification of contact stiffness and damping during robot constrained motion. The intended application is dynamics modeling and simulation of robotic assembly operations in space. Accurate simulation of these tasks requires contact dynamics models, which in turn use contact stiffness and damping to calculate contact forces. Hence, our primary interest in identifying contact parameters stems from their use as inputs to simulation software with contact dynamics capability. Estimates of environmental stiffness and damping are also valuable for force tracking and stability of impedance controllers. The algorithms considered in this work include: a signal processing method, an indirect adaptive controller with modifications to identify environment damping, a model reference adaptive controller and a recursive least-squares estima",2003,The International Journal of Robotics Research,D. Erickson; M. Weber; I. Sharf,10.1177/0278364903022001004,,https://doi.org/10.1177/0278364903022001004,crossref,EBM transformer robotics contact rich manipulation,concept,architecture_x_embodiment,,174,EBM transformer robotics; contact rich manipulation; contact dynamics; impedance control; benchmark,2026-06-12T15:07:36Z,13.882,14.882
doi:10.1109/tnnls.2013.2293500,Contact-Force Distribution Optimization and Control for Quadruped Robots Using Both Gradient and Adaptive Neural Networks,,2014,IEEE Transactions on Neural Networks and Learning Systems,Zhijun Li; Shuzhi Sam Ge; Sibang Liu,10.1109/tnnls.2013.2293500,,https://doi.org/10.1109/tnnls.2013.2293500,crossref,contact rich manipulation learning,concept,contact,,94,contact rich manipulation,2026-06-12T15:07:36Z,13.877,13.877
doi:10.1109/icieca.2005.1644385,Fuzzy control of a robotic arm using EMG signals,"This paper presents the control design of a robotic arm employing fuzzy algorithms to interpret electromyographic (EMG) signals from the flexor carpi radialis, extensor carpi radialis and biceps brachii muscles. The control and acquisition systems is composed of a microprocessor, analog filtering, digital filtering and frequency analysis, and finally a fuzzy control system. The system has been implemented over a microchip PIC 16F876 and LabVIEW",2005,,M. Hidalgo; G. Tene; A. Sanchez,10.1109/icieca.2005.1644385,,https://doi.org/10.1109/icieca.2005.1644385,openalex,robotics,concept,openalex_bulk_robotics,,20,,2026-06-12T18:57:17Z,13.872,13.872
doi:10.1109/isic.1997.626435,A hybrid system approach to contact stability and force control in robotic manipulators,"Force control and manipulation involving contacts are essentially hybrid control problems because of the inherent switching present in the dynamic behavior when the manipulator comes in contact with and leaves a surface. In this study, the game theoretic approach of hybrid control design is used to synthesize the least restrictive control law for a robotic manipulator to establish and maintain contact with a surface while keeping interaction forces within specified bounds.",2002,,M. Cenk Çavuşoğlu; Jiachen Yan; Shankar Sastry,10.1109/isic.1997.626435,,https://doi.org/10.1109/isic.1997.626435,openalex,robotics,concept,openalex_bulk_robotics,,20,force control,2026-06-12T18:57:17Z,13.872,13.872
doi:10.1007/s12555-018-0429-7,Dynamics and Optimized Torque Distribution Based Force/position Hybrid Control of a 4-DOF Redundantly Actuated Parallel Robot with Two Point-contact Constraints,,2019,"International Journal of Control, Automation and Systems",Haiying Wen; Ming Cong; Guifei Wang; Wenlong Qin; Weiliang Xu; Zhisheng Zhang,10.1007/s12555-018-0429-7,,https://doi.org/10.1007/s12555-018-0429-7,crossref,contact dynamics robot learning,concept,contact,,18,contact dynamics,2026-06-12T15:07:36Z,13.872,13.872
doi:10.1177/027836499701600306,Control of Contact Interactions with Acatastatic Nonholonomic Constraints,"A robot arm performs many tasks by interacting with objects or other robots in the environment. It is important for the robot arm to be able to exhibit controlled interactions with the objects and other robots. The contact motion between the robot arm and an object can be rolling, sliding, or separation. In this article, we address the problem of maintaining rolling contact between the robot arm and an external moving object. We assume that a nominal model of the motion of the moving object is available. The dynamic system that characterizes the motion of the robot arm and the moving object in this case is acatastatic and nonholonomic. We have designed a nonlinear feedback for the control of such a system that successfully maintains rolling contact. Simulation results are presented to demonstrate the effectiveness of the system.",1997,The International Journal of Robotics Research,Nilanjan Sarkar; Xiaoping Yun; Vijay Kumar,10.1177/027836499701600306,,https://doi.org/10.1177/027836499701600306,crossref,EBM transformer robotics contact rich manipulation,concept,architecture_x_embodiment,,22,EBM transformer robotics; contact rich manipulation,2026-06-12T15:07:36Z,13.868,13.868
doi:10.1109/tro.2014.2363371,Stability of Helicopters in Compliant Contact Under PD-PID Control,,2014,IEEE Transactions on Robotics,Paul E. I. Pounds; Aaron M. Dollar,10.1109/tro.2014.2363371,,https://doi.org/10.1109/tro.2014.2363371,crossref,contact dynamics robot learning,concept,contact,,92,contact dynamics,2026-06-12T15:07:36Z,13.866,13.866
doi:10.1016/j.robot.2007.09.001,Bio-mimetic impedance control of robotic manipulator for dynamic contact tasks,,2008,Robotics and Autonomous Systems,Toshio Tsuji; Yoshiyuki Tanaka,10.1016/j.robot.2007.09.001,,https://doi.org/10.1016/j.robot.2007.09.001,crossref,classical control robotics,anti_myopia,anti_thesis,,27,impedance control; classical control robotics,2026-06-12T15:07:36Z,13.866,17.866
doi:10.1155/2017/1357061,A Distributed Tactile Sensor for Intuitive Human-Robot Interfacing,"Safety of human-robot physical interaction is enabled not only by suitable robot control strategies but also by suitable sensing technologies. For example, if distributed tactile sensors were available on the robot, they could be used not only to detect unintentional collisions, but also as human-machine interface by enabling a new mode of social interaction with the machine. Starting from their previous works, the authors developed a conformable distributed tactile sensor that can be easily conformed to the different parts of the robot body. Its ability to estimate contact force components and to provide a tactile map with an accurate spatial resolution enables the robot to handle both unintentional collisions in safe human-robot collaboration tasks and intentional touches where the sensor is used as human-machine interface. In this paper, the authors present the characterization of the",2017,Journal of Sensors,Andrea Cirillo; Pasquale Cirillo; Giuseppe De Maria; Ciro Natale; Salvatore Pirozzi,10.1155/2017/1357061,,https://doi.org/10.1155/2017/1357061,openalex,robotics,concept,openalex_bulk_robotics,,33,,2026-06-12T18:57:17Z,13.863,13.863
doi:10.3390/s22176504,Visual Pretraining via Contrastive Predictive Model for Pixel-Based Reinforcement Learning,"In an attempt to overcome the limitations of reward-driven representation learning in vision-based reinforcement learning (RL), an unsupervised learning framework referred to as the visual pretraining via contrastive predictive model (VPCPM) is proposed to learn the representations detached from the policy learning. Our method enables the convolutional encoder to perceive the underlying dynamics through a pair of forward and inverse models under the supervision of the contrastive loss, thus resulting in better representations. In experiments with a diverse set of vision control tasks, by initializing the encoders with VPCPM, the performance of state-of-the-art vision-based RL algorithms is significantly boosted, with 44% and 10% improvement for RAD and DrQ at 100 steps, respectively. In comparison to the prior unsupervised methods, the performance of VPCPM matches or outperforms all the ",2022,Sensors,Tung M. Luu; Thang Vu; Thanh Nguyen; Chang D. Yoo,10.3390/s22176504,,https://doi.org/10.3390/s22176504,crossref,model based reinforcement learning robotics,concept,architecture,,4,model based reinforcement learning robotics; limitation,2026-06-12T15:07:36Z,13.855,14.855
arxiv:2503.17902v2,Adaptive Koopman Model Predictive Control of Simple Serial Robots,"Approximating nonlinear systems as linear ones is a common workaround to apply control tools tailored for linear systems. This motivates our present work where we developed a data-driven model predictive controller (MPC) based on the Koopman operator framework, allowing the embedding of nonlinear dynamics in a higher dimensional, but linear function space. The controller, termed adaptive Koopman model predictive control (KMPC), uses online closed-loop feedback to learn and incrementally update a linear representation of nonlinear system dynamics, without the prior knowledge of a model. Adaptive KMPC differs from most other Koopman-based control frameworks that aim to identify high-validity-range models in advance and then enter closed-loop control without further model adaptations. To validate the controller, trajectory tracking experiments are conducted with 1R and 2R robots under force",2025,arXiv,Adriano del Río; Christoph Stoeffler,,2503.17902v2,http://arxiv.org/abs/2503.17902v2,arxiv,adaptive world action model robot,concept,wam,,,world action model; adaptive world action model; model predictive control,2026-06-12T14:45:03Z,13.850,14.850
arxiv:2509.18830v1,DexSkin: High-Coverage Conformable Robotic Skin for Learning Contact-Rich Manipulation,"Human skin provides a rich tactile sensing stream, localizing intentional and unintentional contact events over a large and contoured region. Replicating these tactile sensing capabilities for dexterous robotic manipulation systems remains a longstanding challenge. In this work, we take a step towards this goal by introducing DexSkin. DexSkin is a soft, conformable capacitive electronic skin that enables sensitive, localized, and calibratable tactile sensing, and can be tailored to varying geometries. We demonstrate its efficacy for learning downstream robotic manipulation by sensorizing a pair of parallel jaw gripper fingers, providing tactile coverage across almost the entire finger surfaces. We empirically evaluate DexSkin's capabilities in learning challenging manipulation tasks that require sensing coverage across the entire surface of the fingers, such as reorienting objects in han",2025,arXiv,Suzannah Wistreich; Baiyu Shi; Stephen Tian; Samuel Clarke; Michael Nath; Chengyi Xu; Zhenan Bao; Jiajun Wu,,2509.18830v1,http://arxiv.org/abs/2509.18830v1,arxiv,contact rich manipulation learning,concept,contact,,,contact rich manipulation,2026-06-12T14:45:03Z,13.850,13.850
arxiv:2505.24382v1,MagicGripper: A Multimodal Sensor-Integrated Gripper for Contact-Rich Robotic Manipulation,"Contact-rich manipulation in unstructured environments demands precise, multimodal perception to enable robust and adaptive control. Vision-based tactile sensors (VBTSs) have emerged as an effective solution; however, conventional VBTSs often face challenges in achieving compact, multi-modal functionality due to hardware constraints and algorithmic complexity. In this work, we present MagicGripper, a multimodal sensor-integrated gripper designed for contact-rich robotic manipulation. Building on our prior design, MagicTac, we develop a compact variant, mini-MagicTac, which features a three-dimensional, multi-layered grid embedded in a soft elastomer. MagicGripper integrates mini-MagicTac, enabling high-resolution tactile feedback alongside proximity and visual sensing within a compact, gripper-compatible form factor. We conduct a thorough evaluation of mini-MagicTac's performance, demons",2025,arXiv,Wen Fan; Haoran Li; Dandan Zhang,,2505.24382v1,http://arxiv.org/abs/2505.24382v1,arxiv,contact rich manipulation learning,concept,contact,,,contact rich manipulation; robustness,2026-06-12T14:45:03Z,13.850,15.850
arxiv:2510.09229v1,Glovity: Learning Dexterous Contact-Rich Manipulation via Spatial Wrench Feedback Teleoperation System,"We present Glovity, a novel, low-cost wearable teleoperation system that integrates a spatial wrench (force-torque) feedback device with a haptic glove featuring fingertip Hall sensor calibration, enabling feedback-rich dexterous manipulation. Glovity addresses key challenges in contact-rich tasks by providing intuitive wrench and tactile feedback, while overcoming embodiment gaps through precise retargeting. User studies demonstrate significant improvements: wrench feedback boosts success rates in book-flipping tasks from 48% to 78% and reduces completion time by 25%, while fingertip calibration enhances thin-object grasping success significantly compared to commercial glove. Furthermore, incorporating wrench signals into imitation learning (via DP-R3M) achieves high success rate in novel contact-rich scenarios, such as adaptive page flipping and force-aware handovers. All hardware desi",2025,arXiv,Yuyang Gao; Haofei Ma; Pai Zheng,,2510.09229v1,http://arxiv.org/abs/2510.09229v1,arxiv,contact rich manipulation learning,concept,contact,,,contact rich manipulation; dexterous manipulation; imitation learning; teleoperation,2026-06-12T14:45:03Z,13.850,13.850
arxiv:2602.12532v1,CRAFT: Adapting VLA Models to Contact-rich Manipulation via Force-aware Curriculum Fine-tuning,"Vision-Language-Action (VLA) models have shown a strong capability in enabling robots to execute general instructions, yet they struggle with contact-rich manipulation tasks, where success requires precise alignment, stable contact maintenance, and effective handling of deformable objects. A fundamental challenge arises from the imbalance between high-entropy vision and language inputs and low-entropy but critical force signals, which often leads to over-reliance on perception and unstable control. To address this, we introduce CRAFT, a force-aware curriculum fine-tuning framework that integrates a variational information bottleneck module to regulate vision and language embeddings during early training. This curriculum strategy encourages the model to prioritize force signals initially, before progressively restoring access to the full multimodal information. To enable force-aware learn",2026,arXiv,Yike Zhang; Yaonan Wang; Xinxin Sun; Kaizhen Huang; Zhiyuan Xu; Junjie Ji; Zhengping Che; Jian Tang; Jingtao Sun,,2602.12532v1,http://arxiv.org/abs/2602.12532v1,arxiv,contact rich manipulation learning,concept,contact,,,contact rich manipulation; teleoperation,2026-06-12T14:45:03Z,13.850,13.850
arxiv:2602.11934v2,Robot-DIFT: Correspondence-Sensitive Diffusion Features for Contact-Rich Robot Manipulation,"Robot manipulation often fails in the final millimeters: a policy may recognize the right object yet miss the pose offsets, boundaries, or pre-contact alignments needed for action. We argue that such failures arise when semantic invariance suppresses correspondence cues for closed-loop control, or when these cues are not exposed to the policy in a usable form. Modern visual encoders provide strong semantic abstractions, but contact-rich manipulation requires correspondence sensitivity: discriminative feature responses to action-relevant changes in pose, boundary, and contact geometry. Diffusion features provide a strong prior for dense correspondence, but direct use is impractical due to stochasticity, latency, and representation drift. We introduce Robot-DIFT, a deterministic diffusion-derived backbone for real-time control. Through Manifold Distillation, Robot-DIFT converts a noise-con",2026,arXiv,Yu Deng; Yufeng Jin; Xiaogang Jia; Jiahong Xue; Gerhard Neumann; Georgia Chalvatzaki,,2602.11934v2,http://arxiv.org/abs/2602.11934v2,arxiv,contact rich manipulation learning,concept,contact,,,robot manipulation; contact rich manipulation; latency,2026-06-12T14:45:03Z,13.850,14.850
arxiv:2510.13324v1,Tactile-Conditioned Diffusion Policy for Force-Aware Robotic Manipulation,"Contact-rich manipulation depends on applying the correct grasp forces throughout the manipulation task, especially when handling fragile or deformable objects. Most existing imitation learning approaches often treat visuotactile feedback only as an additional observation, leaving applied forces as an uncontrolled consequence of gripper commands. In this work, we present Force-Aware Robotic Manipulation (FARM), an imitation learning framework that integrates high-dimensional tactile data to infer tactile-conditioned force signals, which in turn define a matching force-based action space. We collect human demonstrations using a modified version of the handheld Universal Manipulation Interface (UMI) gripper that integrates a GelSight Mini visual tactile sensor. For deploying the learned policies, we developed an actuated variant of the UMI gripper with geometry matching our handheld versio",2025,arXiv,Erik Helmut; Niklas Funk; Tim Schneider; Cristiana de Farias; Jan Peters,,2510.13324v1,http://arxiv.org/abs/2510.13324v1,arxiv,diffusion policy robot manipulation,concept,diffusion,,,diffusion policy; robot manipulation; contact rich manipulation; imitation learning; human demonstration,2026-06-12T14:45:03Z,13.850,13.850
arxiv:2511.04131v1,BFM-Zero: A Promptable Behavioral Foundation Model for Humanoid Control Using Unsupervised Reinforcement Learning,"Building Behavioral Foundation Models (BFMs) for humanoid robots has the potential to unify diverse control tasks under a single, promptable generalist policy. However, existing approaches are either exclusively deployed on simulated humanoid characters, or specialized to specific tasks such as tracking. We propose BFM-Zero, a framework that learns an effective shared latent representation that embeds motions, goals, and rewards into a common space, enabling a single policy to be prompted for multiple downstream tasks without retraining. This well-structured latent space in BFM-Zero enables versatile and robust whole-body skills on a Unitree G1 humanoid in the real world, via diverse inference methods, including zero-shot motion tracking, goal reaching, and reward optimization, and few-shot optimization-based adaptation. Unlike prior on-policy reinforcement learning (RL) frameworks, BFM-",2025,arXiv,Yitang Li; Zhengyi Luo; Tonghe Zhang; Cunxi Dai; Anssi Kanervisto; Andrea Tirinzoni; Haoyang Weng; Kris Kitani; Mateusz Guzek; Ahmed Touati; Alessandro Lazaric; Matteo Pirotta; Guanya Shi,,2511.04131v1,http://arxiv.org/abs/2511.04131v1,arxiv,humanoid robot foundation model,concept,humanoid,,,robot foundation model; humanoid robot; domain randomization,2026-06-12T14:45:03Z,13.850,14.850
arxiv:2511.06465v1,Sim-to-Real Transfer in Deep Reinforcement Learning for Bipedal Locomotion,"This chapter addresses the critical challenge of simulation-to-reality (sim-to-real) transfer for deep reinforcement learning (DRL) in bipedal locomotion. After contextualizing the problem within various control architectures, we dissect the ``curse of simulation'' by analyzing the primary sources of sim-to-real gap: robot dynamics, contact modeling, state estimation, and numerical solvers. Building on this diagnosis, we structure the solutions around two complementary philosophies. The first is to shrink the gap through model-centric strategies that systematically improve the simulator's physical fidelity. The second is to harden the policy, a complementary approach that uses in-simulation robustness training and post-deployment adaptation to make the policy inherently resilient to model inaccuracies. The chapter concludes by synthesizing these philosophies into a strategic framework, p",2025,arXiv,Lingfan Bao; Tianhu Peng; Chengxu Zhou,,2511.06465v1,http://arxiv.org/abs/2511.06465v1,arxiv,sim to real robot manipulation,concept,sim2real,,,robot manipulation; sim to real transfer; state estimation; robustness; deployment,2026-06-12T14:45:03Z,13.850,16.850
arxiv:2509.23075v3,In-Hand Manipulation of Articulated Tools with Dexterous Robot Hands with Sim-to-Real Transfer,"Reinforcement learning (RL) and sim-to-real transfer have advanced rigid-object manipulation. However, policies remain brittle for articulated mechanisms due to contact-rich dynamics that require both stable grasping and simultaneous free in-hand articulation. Furthermore, articulated objects and robot hands exhibit under-modeled joint phenomena such as friction, stiction, and backlash in real life that can increase the sim-to-real gap, and robot hands still fall short of idealized tactile sensing, both in terms of coverage, sensitivity, and specificity. In this paper, we present an original approach to learning dexterous in-hand manipulation of articulated tools that has reduced articulation and kinematic redundancy relative to the human hand. Our approach augments a simulation-trained base policy with a sensor-driven refinement learned from hardware demonstrations. This refinement cond",2025,arXiv,Soofiyan Atar; Daniel Huang; Florian Richter; Michael Yip,,2509.23075v3,http://arxiv.org/abs/2509.23075v3,arxiv,sim to real robot manipulation,concept,sim2real,,,robot manipulation; robot hand; proprioception; sim to real transfer; generalization,2026-06-12T14:45:03Z,13.850,15.850
arxiv:2603.04531v2,PTLD: Sim-to-real Privileged Tactile Latent Distillation for Dexterous Manipulation,"Tactile dexterous manipulation is essential to automating complex household tasks, yet learning effective control policies remains a challenge. While recent work has relied on imitation learning, obtaining high quality demonstrations for multi-fingered hands via robot teleoperation or kinesthetic teaching is prohibitive. Alternatively, with reinforcement we can learn skills in simulation, but fast and realistic simulation of tactile observations is challenging. To bridge this gap, we introduce PTLD: sim-to-real Privileged Tactile Latent Distillation, a novel approach to learning tactile manipulation skills without requiring tactile simulation. Instead of simulating tactile sensors or relying purely on proprioceptive policies to transfer zero-shot sim-to-real, our key idea is to leverage privileged sensors in the real world to collect real-world tactile policy data. This data is then used",2026,arXiv,Rosy Chen; Mustafa Mukadam; Michael Kaess; Tingfan Wu; Francois R Hogan; Jitendra Malik; Akash Sharma,,2603.04531v2,http://arxiv.org/abs/2603.04531v2,arxiv,sim to real robot manipulation,concept,sim2real,,,robot manipulation; dexterous manipulation; proprioception; imitation learning; teleoperation; benchmark,2026-06-12T14:45:03Z,13.850,16.850
doi:10.1109/lra.2022.3142410,VisuoTactile 6D Pose Estimation of an In-Hand Object using Vision and Tactile Sensor Data,"Knowledge of the 6D pose of an object can benefit in-hand object manipulation. In-hand 6D object pose estimation is challenging because of heavy occlusion produced by the robot's grippers, which can have an adverse effect on methods that rely on vision data only. Many robots are equipped with tactile sensors at their fingertips that could be used to complement vision data. In this paper, we present a method that uses both tactile and vision data to estimate the pose of an object grasped in a robot's hand. To address challenges like lack of standard representation for tactile data and sensor fusion, we propose the use of point clouds to represent object surfaces in contact with the tactile sensor and present a network architecture based on pixel-wise dense fusion. We also extend NVIDIA's Deep Learning Dataset Synthesizer to produce synthetic photo-realistic vision data and corresponding t",2026,arXiv,Snehal s. Dikhale; Karankumar Patel; Daksh Dhingra; Itoshi Naramura; Akinobu Hayashi; Soshi Iba; Nawid Jamali,10.1109/lra.2022.3142410,2601.01675v1,http://arxiv.org/abs/2601.01675v1,arxiv,tactile language action robotics,concept,tactile,,,occlusion,2026-06-12T14:45:03Z,13.850,13.850
arxiv:2507.09160v1,Tactile-VLA: Unlocking Vision-Language-Action Model's Physical Knowledge for Tactile Generalization,"Vision-Language-Action (VLA) models have shown remarkable achievements, driven by the rich implicit knowledge of their vision-language components. However, achieving generalist robotic agents demands precise grounding into physical interactions, especially in contact-rich scenarios where fine-grained force control is essential. We advance VLAs' implicit knowledge beyond identifying what to do, towards guiding how to physically interact with real world. This paper introduces Tactile-VLA, a novel framework that deeply fuses vision, language, action, and tactile sensing. This framework incorporates a hybrid position-force controller to translate the model's intentions into precise physical actions and a reasoning module that allows the robot to adapt its strategy based on tactile feedback. Experiments demonstrate Tactile-VLA's effectiveness and generalizability in three key aspects: (1) ena",2025,arXiv,Jialei Huang; Shuo Wang; Fanqi Lin; Yihang Hu; Chuan Wen; Yang Gao,,2507.09160v1,http://arxiv.org/abs/2507.09160v1,arxiv,tactile language action robotics,concept,tactile,,,vision language action model; force control; generalization,2026-06-12T14:45:03Z,13.850,15.850
arxiv:2603.05687v3,Contact-Grounded Policy: Dexterous Visuotactile Policy with Generative Contact Grounding,"Contact-rich dexterous manipulation with multi-finger hands remains an open challenge in robotics because task success depends on multi-point contacts that continuously evolve and are highly sensitive to object geometry, frictional transitions, and slip. Recently, tactile-informed manipulation policies have shown promise. However, most use tactile signals as additional observations rather than modeling contact state or how their action outputs interact with low-level controller dynamics. We present Contact-Grounded Policy (CGP), a visuotactile policy that grounds multi-point contacts by predicting coupled trajectories of actual robot state and tactile feedback, and using a learned contact-consistency mapping to convert these predictions into executable target robot states for a compliance controller. CGP consists of two components: (i) a conditional diffusion model that forecasts future ",2026,arXiv,Zhengtong Xu; Yeping Wang; Ben Abbatematteo; Jom Preechayasomboon; Sonny Chan; Nick Colonnese; Amirhossein H. Memar,,2603.05687v3,http://arxiv.org/abs/2603.05687v3,arxiv,visuotactile robot manipulation,concept,tactile,,,diffusion policy; robot manipulation; dexterous manipulation,2026-06-12T14:45:03Z,13.850,13.850
arxiv:2512.10016v1,Latent Action World Models for Control with Unlabeled Trajectories,"Inspired by how humans combine direct interaction with action-free experience (e.g., videos), we study world models that learn from heterogeneous data. Standard world models typically rely on action-conditioned trajectories, which limits effectiveness when action labels are scarce. We introduce a family of latent-action world models that jointly use action-conditioned and action-free data by learning a shared latent action representation. This latent space aligns observed control signals with actions inferred from passive observations, enabling a single dynamics model to train on large-scale unlabeled trajectories while requiring only a small set of action-labeled ones. We use the latent-action world model to learn a latent-action policy through offline reinforcement learning (RL), thereby bridging two traditionally separate domains: offline RL, which typically relies on action-condition",2025,arXiv,Marvin Alles; Xingyuan Zhang; Patrick van der Smagt; Philip Becker-Ehmck,,2512.10016v1,http://arxiv.org/abs/2512.10016v1,arxiv,adaptive world action model,concept,architecture,,,world action model; adaptive world action model; offline reinforcement learning,2026-06-12T14:45:03Z,13.850,13.850
arxiv:2602.02481v1,Flow Policy Gradients for Robot Control,"Likelihood-based policy gradient methods are the dominant approach for training robot control policies from rewards. These methods rely on differentiable action likelihoods, which constrain policy outputs to simple distributions like Gaussians. In this work, we show how flow matching policy gradients -- a recent framework that bypasses likelihood computation -- can be made effective for training and fine-tuning more expressive policies in challenging robot control settings. We introduce an improved objective that enables success in legged locomotion, humanoid motion tracking, and manipulation tasks, as well as robust sim-to-real transfer on two humanoid robots. We then present ablations and analysis on training dynamics. Results show how policies can exploit the flow representation for exploration when training from scratch, as well as improved fine-tuning robustness over baselines.",2026,arXiv,Brent Yi; Hongsuk Choi; Himanshu Gaurav Singh; Xiaoyu Huang; Takara E. Truong; Carmelo Sferrazza; Yi Ma; Rocky Duan; Pieter Abbeel; Guanya Shi; Karen Liu; Angjoo Kanazawa,,2602.02481v1,http://arxiv.org/abs/2602.02481v1,arxiv,flow matching policy,concept,architecture,,,flow matching policy; humanoid robot; sim to real transfer; robustness; ablation,2026-06-12T14:45:03Z,13.850,16.850
arxiv:2601.20381v1,STORM: Slot-based Task-aware Object-centric Representation for robotic Manipulation,"Visual foundation models provide strong perceptual features for robotics, but their dense representations lack explicit object-level structure, limiting robustness and contractility in manipulation tasks. We propose STORM (Slot-based Task-aware Object-centric Representation for robotic Manipulation), a lightweight object-centric adaptation module that augments frozen visual foundation models with a small set of semantic-aware slots for robotic manipulation. Rather than retraining large backbones, STORM employs a multi-phase training strategy: object-centric slots are first stabilized through visual--semantic pretraining using language embeddings, then jointly adapted with a downstream manipulation policy. This staged learning prevents degenerate slot formation and preserves semantic consistency while aligning perception with task objectives. Experiments on object discovery benchmarks and",2026,arXiv,Alexandre Chapin; Emmanuel Dellandréa; Liming Chen,,2601.20381v1,http://arxiv.org/abs/2601.20381v1,arxiv,object centric robot world model,concept,object_centric,,,robot world model; benchmark; generalization; robustness,2026-06-12T15:07:36Z,13.850,16.850
arxiv:2509.04441v2,DEXOP: A Device for Robotic Transfer of Dexterous Human Manipulation,"We introduce perioperation, a paradigm for robotic data collection that sensorizes and records human manipulation while maximizing the transferability of the data to real robots. We implement this paradigm in DEXOP, a passive hand exoskeleton designed to maximize human ability to collect rich sensory (vision + tactile) data for diverse dexterous manipulation tasks in natural environments. DEXOP mechanically connects human fingers to robot fingers, providing users with direct contact feedback (via proprioception) and mirrors the human hand pose to the passive robot hand to maximize the transfer of demonstrated skills to the robot. The force feedback and pose mirroring make task demonstrations more natural for humans compared to teleoperation, increasing both speed and accuracy. We evaluate DEXOP across a range of dexterous, contact-rich tasks, demonstrating its ability to collect high-qua",2025,arXiv,Hao-Shu Fang; Branden Romero; Yichen Xie; Arthur Hu; Bo-Ruei Huang; Juan Alvarez; Matthew Kim; Gabriel Margolis; Kavya Anbarasu; Masayoshi Tomizuka; Edward Adelson; Pulkit Agrawal,,2509.04441v2,http://arxiv.org/abs/2509.04441v2,arxiv,EBM transformer robotics dexterous manipulation,concept,architecture_x_embodiment,,,EBM transformer robotics; dexterous manipulation; robot hand; proprioception; teleoperation,2026-06-12T15:07:36Z,13.850,13.850
arxiv:2511.10987v1,Dexterous Manipulation Transfer via Progressive Kinematic-Dynamic Alignment,"The inherent difficulty and limited scalability of collecting manipulation data using multi-fingered robot hand hardware platforms have resulted in severe data scarcity, impeding research on data-driven dexterous manipulation policy learning. To address this challenge, we present a hand-agnostic manipulation transfer system. It efficiently converts human hand manipulation sequences from demonstration videos into high-quality dexterous manipulation trajectories without requirements of massive training data. To tackle the multi-dimensional disparities between human hands and dexterous hands, as well as the challenges posed by high-degree-of-freedom coordinated control of dexterous hands, we design a progressive transfer framework: first, we establish primary control signals for dexterous hands based on kinematic matching; subsequently, we train residual policies with action space rescaling",2025,arXiv,Wenbin Bai; Qiyu Chen; Xiangbo Lin; Jianwen Li; Quancheng Li; Hejiang Pan; Yi Sun,,2511.10987v1,http://arxiv.org/abs/2511.10987v1,arxiv,EBM transformer robotics dexterous manipulation,concept,architecture_x_embodiment,,,EBM transformer robotics; dexterous manipulation; robot hand,2026-06-12T15:07:36Z,13.850,14.850
doi:10.1142/s021984362050022x,Singular Configurations and Underactuated Balance Control for Biped Robot with Point Contact,"This paper presents a hierarchical controller and extracts the singular configurations based on underactuated system and optimal distribution of forces. Unlike multi-legged and large-sole robots, biped robot with point contact cannot maintain a stable standing state, much less to adjust attitude and resist external impact. The support domain of point-foot bipedal robot degenerates into a line segment consisting of two footholds, introducing the underdactuated characteristic that challenges traditional algorithms based on polygonal domains and full variable optimization. To fully exploit the dynamic connection between support line and balance control, the accurate model is established as feedforward terms using virtual leg and floating reference system. The dynamics model is decomposed into an underactuated module and a force distribution module for hierarchical control, in which the form",2020,International Journal of Humanoid Robotics,Jian Tian; Cheng Wei; Yang Zhao,10.1142/s021984362050022x,,https://doi.org/10.1142/s021984362050022x,crossref,contact dynamics robot learning,concept,contact,,2,contact dynamics; model predictive control,2026-06-12T14:45:03Z,13.849,14.849
doi:10.1115/1.4045247,Curvature Theory on Contact and Transfer Characteristics of Enveloping Curves,"Abstract In differential geometry, a curve is characterized by the curvature properties and so is a point trajectory in curvature theory. However, due to the rolling and sliding between contact curves, the characterization of enveloping curves embedded on rigid bodies in relative motion is not complete without the transfer rate of the contact point. This paper presents the new perspectives on not only the curvature characteristics but also the transfer characteristics between enveloping curves embedded on rigid bodies. The paper contains three parts. First, a pair of enveloping curves can be described by a point trajectory which traces two curves simultaneously. Second, the paper treated instant center as a tracing point, which traces the moving centrode and the fixed centrode on each of the bodies. This characterizes the rolling between centrodes and the transfer rate of the instant cen",2020,Journal of Mechanisms and Robotics,Cody Leeheng Chan; Kwun-Lon Ting,10.1115/1.4045247,,https://doi.org/10.1115/1.4045247,crossref,EBM transformer robotics contact rich manipulation,concept,architecture_x_embodiment,,2,EBM transformer robotics; contact rich manipulation,2026-06-12T15:07:36Z,13.849,13.849
title:representation and integration combining robot control high level planning and action learning,"Representation and Integration: Combining Robot Control, High-Level Planning, and Action Learning","We describe an approach to integrated robot control, high-level planning, and action effect learning that attempts to overcome the representational difficulties that exist between these diverse areas. Our approach combines ideas from robot vision, knowledge-level planning, and connectionist machine learning, and focuses on the representational needs of these components. We also make use of a simple representational unit called an instantiated state transition fragment (ISTF) and a related structure called an object-action complex (OAC). The goal of this work is a general approach for inducing high-level action specifications, suitable for planning, from a robot’s interactions with the world. We present a detailed overview of our approach and show how it supports the learning of certain aspects of a high-level representation from low-level world state information.",2008,University of Southern Denmark Research Portal (University of Southern Denmark),Ronald P. A. Petrick; Dirk Kraft; Kira Mourão; Christopher Geib; Nico Pugeault; Norbert Krüger; Mark Steedman,,,https://openalex.org/W2123233965,openalex,energy based model robot learning,concept,ebm,,19,,2026-06-12T18:05:07Z,13.848,13.848
doi:10.1533/abbi.2004.0054,Robot Control Using Electromyography (EMG) Signals of the Wrist,"The aim of this paper is to design a human–interface system, using EMG signals elicited by various wrist movements, to control a robot. EMG signals are normalized and based on joint torque. A three‐layer neural network is used to estimate posture of the wrist and forearm from EMG signals. After training the neural network and obtaining appropriate weights, the subject was able to control the robot in real time using wrist and forearm movements.",2005,Applied Bionics and Biomechanics,Charles S. DaSalla; J. Kim; Yasuharu Koike,10.1533/abbi.2004.0054,,https://doi.org/10.1533/abbi.2004.0054,openalex,robotics,concept,openalex_bulk_robotics,,19,,2026-06-12T18:57:17Z,13.848,13.848
doi:10.48550/arxiv.2406.01968,Cross-Embodiment Robot Manipulation Skill Transfer using Latent Space Alignment,"This paper focuses on transferring control policies between robot manipulators with different morphology. While reinforcement learning (RL) methods have shown successful results in robot manipulation tasks, transferring a trained policy from simulation to a real robot or deploying it on a robot with different states, actions, or kinematics is challenging. To achieve cross-embodiment policy transfer, our key insight is to project the state and action spaces of the source and target robots to a common latent space representation. We first introduce encoders and decoders to associate the states and actions of the source robot with a latent space. The encoders, decoders, and a latent space control policy are trained simultaneously using loss functions measuring task performance, latent dynamics consistency, and encoder-decoder ability to reconstruct the original states and actions. To transf",2024,arXiv (Cornell University),Tianyu Wang; Dwait Bhatt; Xiaolong Wang; Nikolay Atanasov,10.48550/arxiv.2406.01968,,https://doi.org/10.48550/arxiv.2406.01968,openalex,energy based transformer robot policy,concept,ebm_transformer,,1,energy based transformer robot policy; robot manipulation; cross embodiment transfer,2026-06-12T18:05:07Z,13.847,13.847
doi:10.1115/1.2802414,Adaptive Robust Motion and Force Tracking Control of Robot Manipulators in Contact With Compliant Surfaces With Unknown Stiffness,"High performance robust motion and force tracking control of robot manipulators in contact with compliant surfaces is considered in this paper. The robot parameters and the stiffness of the contact surface may not be known. The system may also be subjected to uncertain nonlinearities coming from the joint friction of the robot, external disturbances, the contact surface friction model, and the unknown time-varying equilibrium position of the contact surface. An adaptive robust motion and force tracking controller is proposed, which needs measurements of position, velocity, and interaction force only. The controller achieves a guaranteed transient performance and final tracking accuracy, a desirable feature for applications and for maintaining contact. In addition, the controller achieves asymptotic motion and force tracking without resorting to high-gain feedback when the system is subje",1998,"Journal of Dynamic Systems, Measurement, and Control",Bin Yao; Masayoshi Tomizuka,10.1115/1.2802414,,https://doi.org/10.1115/1.2802414,crossref,contact dynamics robot learning,concept,contact,,21,contact dynamics,2026-06-12T15:07:36Z,13.846,13.846
doi:10.1108/01439910810893617,Pneumatic balloon actuators for tactile feedback in robotic surgery,"Purpose Robotic surgery is limited by the lack of haptic feedback to the surgeon. The addition of tactile information may enable surgeons to feel tissue characteristics, appropriately tension sutures, and identify pathologic conditions. Tactile feedback may also enable expansion of minimally invasive surgery to other surgical procedures and decrease the learning curve associated with robotic surgery. This paper aims to explore a system to provide tactile feedback. Design/methodology/approach A pneumatic balloon‐based system has been developed to provide tactile feedback to the fingers of the surgeon during robotic surgery. The system features a polydimethyl siloxane actuator with a thin‐film silicone balloon membrane and a compact pneumatic control system. The 1.0 × 1.8 × 0.4 cm actuators designed for the da Vinci system feature a 3 × 2 array of 3 mm inflatable balloons. Findings The low",2008,Industrial Robot the international journal of robotics research and application,Martin O. Culjat; Chih‐Hung King; Miguel L. Franco; James W. Bisley; Warren Grundfest; Erik Dutson,10.1108/01439910810893617,,https://doi.org/10.1108/01439910810893617,openalex,robotics,concept,openalex_bulk_robotics,,72,limitation,2026-06-12T18:57:17Z,13.845,14.845
doi:10.1109/humanoids43949.2019.9035011,Data-Driven Model Predictive Control for the Contact-Rich Task of Food Cutting,,2019,2019 IEEE-RAS 19th International Conference on Humanoid Robots (Humanoids),Ioanna Mitsioni; Yiannis Karayiannidis; Johannes A. Stork; Danica Kragic,10.1109/humanoids43949.2019.9035011,,https://doi.org/10.1109/humanoids43949.2019.9035011,crossref,contact rich manipulation learning,concept,contact,,17,contact rich manipulation; model predictive control,2026-06-12T15:07:36Z,13.845,14.845
title:control strategies for robots in contact,Control Strategies for Robots in Contact,"In the field of robotics, there is a growing need to provide robots with the ability to interact with complex and unstructured environments. Operations in such environments pose significant challenges in terms of sensing, planning, and control. In particular, it is critical to design control algorithms that account for the dynamics of the robot and environment at multiple contacts. The work in this thesis focuses on the development of a control framework that addresses these issues. The approaches are based on the operational space control framework and estimation methods. By accounting for the dynamics of the robot and environment, modular and systematic methods are developed for robots interacting with the environment at multiple locations. The proposed force control approach demonstrates high performance in the presence of uncertainties. Building on this basic capability, new control ",2006,,Oussama Khatib; Jaeheung Park,,,https://openalex.org/W48695713,openalex,robotics,concept,openalex_bulk_robotics,,39,force control; teleoperation; robustness,2026-06-12T18:57:17Z,13.844,14.844
doi:10.3389/frobt.2020.621580,Automated AMBU Ventilator With Negative Pressure Headbox and Transporting Capsule for COVID-19 Patient Transfer,"Purpose: It is now clear that the COVID-19 viruses can be transferred via airborne transmission. The objective of this study was to attempt the design and fabrication of an AMBU ventilator with a negative pressure headbox linked to a negative pressure transporting capsule, which could provide a low-cost construction, flexible usage unit, and also airborne prevention that could be manufactured without a high level of technology. Method: The machine consists of an automated AMBU bag ventilator, a negative pressure headbox, and a transporting capsule. The function and working duration of each component were tested. Results: The two main settings of the ventilator include an active mode that can be set at the time range of 0 s–9 h 59 min 59 s and a resting mode, which could work continuously for 24 h. The blower motor and battery system, which were used to power the ventilator, create negati",2021,Frontiers in Robotics and AI,Arnon Jumlongkul,10.3389/frobt.2020.621580,,https://doi.org/10.3389/frobt.2020.621580,crossref,robotics,concept,crossref_bulk_robotics,,3,,2026-06-12T19:29:26Z,13.843,14.843
doi:10.1109/icra.2018.8462864,Unsupervised Contact Learning for Humanoid Estimation and Control,,2018,2018 IEEE International Conference on Robotics and Automation (ICRA),Nicholas Rotella; Stefan Schaal; Ludovic Righetti,10.1109/icra.2018.8462864,,https://doi.org/10.1109/icra.2018.8462864,crossref,contact rich manipulation learning,concept,contact,,25,contact rich manipulation,2026-06-12T15:07:36Z,13.829,13.829
doi:10.1109/iros.2007.4399592,Humanoid robot which can lift a 30kg box by whole body contact and tactile feedback,,2007,2007 IEEE/RSJ International Conference on Intelligent Robots and Systems,Yoshiyuki Ohmura; Yasuo Kuniyoshi,10.1109/iros.2007.4399592,,https://doi.org/10.1109/iros.2007.4399592,crossref,contact dynamics robot learning,concept,contact,,84,humanoid robot; contact dynamics,2026-06-12T15:07:36Z,13.821,13.821
doi:10.1109/access.2019.2926057,Control of Hysteretic Systems Through an Analytical Inverse Compensation Based on a NARX Model,"It has been widely accepted that a hysteretic system can be controlled by combining inverse compensation with feedback. Among the strategies to identify hysteretic systems, data-driven models have been received great attention due to its flexibility and ability to online and adaptive estimation. Nevertheless, less attention has been paid to determine its inversion, which is essential to use such models in control applications. The novelty of this paper is twofold. First, we propose a method to obtain analytically the inverse compensation of a hysteretic system modeled by a Nonlinear Auto-Regressive Model with eXougenous input (NARX) representation with a bounding structure. Second, this paper presents an adapted nonautonomous electronic circuit with rate-independent hysteresis and linear dynamics, which is used as a benchmark to test the proposed methodology. The experimental results hav",2019,IEEE Access,Wilson Rocha Lacerda; Samir A. M. Martins; Erivelton G. Nepomuceno; Márcio J. Lacerda,10.1109/access.2019.2926057,,https://doi.org/10.1109/access.2019.2926057,openalex,energy based model robot learning,concept,ebm,,13,benchmark; hysteresis,2026-06-12T18:26:24Z,13.820,14.820
doi:10.1109/asap.2019.00-24,Customisable Control Policy Learning for Robotics,"Deep reinforcement learning algorithms integrate deep neural networks with traditional reinforcement learning methodologies. These techniques have been developed and used for various applications to produce exciting results in many fields, including robotics. However, physical robots require a large amount of training episodes which can damage the robot if directed by immature policies. Training using simulations can serve as a viable alternative before a robot is deployed in the field. This study addresses a computational challenge of deep reinforcement learning by developing a hardware architecture for the Deep Deterministic Policy Gradient (DDPG) algorithm. Additionally, we identify the customisation opportunities for a full-stack development framework with reinforcement learning to discover control policies for robotic arms. Finally, we transfer policies encoded in fixed-point number",2019,,Ce Guo; Wayne Luk; Stanley Qing Shui Loh; Alexander Warren; Joshua A. Levine,10.1109/asap.2019.00-24,,https://doi.org/10.1109/asap.2019.00-24,openalex,robotics,concept,openalex_bulk_robotics,,13,,2026-06-12T18:57:17Z,13.820,13.820
doi:10.23919/acc.2019.8814797,Model Predictive Control Paradigms for Direct Contact Membrane Desalination Modeled by Differential Algebraic Equations,,2019,2019 American Control Conference (ACC),Xingang Guo; Fahad Albalawi; Meriem Laleg,10.23919/acc.2019.8814797,,https://doi.org/10.23919/acc.2019.8814797,crossref,model predictive control manipulation,anti_myopia,anti_thesis,,4,model predictive control; model predictive control manipulation,2026-06-12T15:07:36Z,13.805,17.805
doi:10.1109/icra46639.2022.9812245,Neural Style Transfer with Twin-Delayed DDPG for Shared Control of Robotic Manipulators,,2022,2022 International Conference on Robotics and Automation (ICRA),Raul Fernandez-Fernandez; Marco Aggravi; Paolo Robuffo Giordano; Juan G. Victores; Claudio Pacchierotti,10.1109/icra46639.2022.9812245,,https://doi.org/10.1109/icra46639.2022.9812245,crossref,neural simulator robotics,concept,architecture,,4,neural simulator robotics,2026-06-12T15:07:36Z,13.805,13.805
doi:10.1109/icsc58660.2023.10449705,Adaptive Sensor Fault Tolerant Control for Hybrid Systems with Unpredicted Switching Signals,,2023,2023 IEEE 11th International Conference on Systems and Control (ICSC),Yahia Salwa; Bedoui Saida; Abderrahim Kamel,10.1109/icsc58660.2023.10449705,,https://doi.org/10.1109/icsc58660.2023.10449705,crossref,hybrid systems robot control manipulation,anti_myopia,control,,,hybrid systems,2026-06-12T15:07:36Z,13.800,16.800
doi:10.23919/acc55779.2023.10156613,Transfer Learning-Based Modeling and Predictive Control of Nonlinear Processes,,2023,2023 American Control Conference (ACC),Ming Xiao; Cheng Hu; Zhe Wu,10.23919/acc55779.2023.10156613,,https://doi.org/10.23919/acc55779.2023.10156613,crossref,model predictive control robot learning,anti_myopia,control,,,model predictive control,2026-06-12T15:07:36Z,13.800,17.800
doi:10.1109/iros.1991.174580,Trajectory generation and tracking control methods for a multiple transfer robots system,"This paper proposes trajectory generation and tracking control methods for the advanced transportation system METROS (Multiple Transfer Robots System). The methods enable several transfer robots to transfer materials cooperatively in an automated factory. The material's reference trajectory guaranteeing smooth motions of robots is represented by simple combinations of line trajectories with constant velocity profiles and transition ones with 8th order polynomials. In order to transfer the material stably along the reference trajectory, a cooperative control architecture which consists of a master robot and slave ones is introduced. The master robot determines a behavior of the material for the specified reference trajectory, and thereafter distributes the forces required to realize the desired behavior to the slaves. Each slave robot generates its own trajectory and controls the speed an",2002,,Masafumi Hashimoto; Fumiyasu Oba; H. Nakahara; K. Imamaki; Toru EGUCHI,10.1109/iros.1991.174580,,https://doi.org/10.1109/iros.1991.174580,openalex,robotics,concept,openalex_bulk_robotics,,17,,2026-06-12T18:57:17Z,13.795,13.795
doi:10.15607/rss.2013.ix.045,A Control Framework for Tactile Servoing,,2013,Robotics: Science and Systems IX,Qiang Li; Carsten Schürmann; Robert Haschke; Helge Ritter,10.15607/rss.2013.ix.045,,https://doi.org/10.15607/rss.2013.ix.045,crossref,tactile language action robotics,concept,tactile,,79,,2026-06-12T14:45:03Z,13.791,13.791
doi:10.1109/tie.2005.858739,Human–Robot-Contact-State Identification Based on Tactile Recognition,,2005,IEEE Transactions on Industrial Electronics,H. Iwata; S. Sugano,10.1109/tie.2005.858739,,https://doi.org/10.1109/tie.2005.858739,crossref,contact dynamics robot learning,concept,contact,,79,contact dynamics,2026-06-12T15:07:36Z,13.791,13.791
doi:10.1007/s10514-015-9509-1,Balancing of humanoid robot using contact force/moment control by task-oriented whole body control framework,,2016,Autonomous Robots,Yisoo Lee; Soonwook Hwang; Jaeheung Park,10.1007/s10514-015-9509-1,,https://doi.org/10.1007/s10514-015-9509-1,crossref,contact dynamics robot learning,concept,contact,,52,humanoid robot; contact dynamics,2026-06-12T14:45:03Z,13.785,13.785
doi:10.1016/j.robot.2017.11.007,Control of redundant robot arms with null-space compliance and singularity-free orientation representation,,2017,Robotics and Autonomous Systems,Fabio Vigoriti; Fabio Ruggiero; Vincenzo Lippiello; Luigi Villani,10.1016/j.robot.2017.11.007,,https://doi.org/10.1016/j.robot.2017.11.007,openalex,robotics,concept,openalex_bulk_robotics,,31,,2026-06-12T18:57:17Z,13.783,13.783
doi:10.1109/iros51168.2021.9636157,Deformation Control of a Deformable Object Based on Visual and Tactile Feedback,,2021,2021 IEEE/RSJ International Conference on Intelligent Robots and Systems (IROS),Yuhao Guo; Xin Jiang; Yunhui Liu,10.1109/iros51168.2021.9636157,,https://doi.org/10.1109/iros51168.2021.9636157,crossref,deformable object manipulation robot learning,concept,deformable,,6,deformable object manipulation,2026-06-12T15:07:36Z,13.773,13.773
doi:10.1109/icrom54204.2021.9663486,Adaptive Robust Impedance Control of Haptic Systems for Skill Transfer,,2021,2021 9th RSI International Conference on Robotics and Mechatronics (ICRoM),Ashkan Rashvand; Mohammad Javad Ahmadi; Mohammad Motaharifar; Mahdi Tavakoli; Hamid D. Taghirad,10.1109/icrom54204.2021.9663486,,https://doi.org/10.1109/icrom54204.2021.9663486,crossref,robotics,concept,crossref_bulk_robotics,,6,impedance control,2026-06-12T19:29:26Z,13.773,13.773
doi:10.1108/ir-06-2019-0132,An inspection continuum robot with tactile sensor based on electrical impedance tomography for exploration and navigation in unknown environment,"Purpose This paper aims to introduce an aircraft engine inspection robot (AEIR) which can go in the internal of the aircraft engine without collision and detect damage for engine blades. Design/methodology/approach To obtain the position and pose information of the blades inside the engine, a novel tactile sensor based on electrical impedance tomography (EIT) is developed, which could provide location and direction information when it contacts with an unknown object. In addition, to navigate the continuum robot, a control method is proposed to control the continuum robot, which can control the continuum robot to move along the pre-planned path and reduce the deviation from the planned path. Findings Experiment results show that the average error of contact location measurement of the tactile sensor is 0.8 mm. The average error relative to the size (diameter of 18 mm) of the sensor is 4.4",2019,Industrial Robot: the international journal of robotics research and application,Yaming Wang; Feng Ju; Yahui Yun; Jiafeng Yao; Yaoyao Wang; Hao Guo; Bai Chen,10.1108/ir-06-2019-0132,,https://doi.org/10.1108/ir-06-2019-0132,crossref,EBM transformer robotics industrial robot,concept,architecture_x_embodiment,,13,EBM transformer robotics; industrial robot,2026-06-12T15:07:36Z,13.770,13.770
doi:10.1016/j.eswa.2015.07.047,Indirect adaptive fuzzy control for industrial robots: A solution for contact applications,,2015,Expert Systems with Applications,Nuno Mendes; Pedro Neto,10.1016/j.eswa.2015.07.047,,https://doi.org/10.1016/j.eswa.2015.07.047,openalex,robotics,concept,openalex_bulk_robotics,,68,industrial robot,2026-06-12T18:57:17Z,13.767,13.767
title:generalization and transfer in robot control,Generalization and Transfer in Robot Control,"We address the generalization and transfer of sensorimotor programs in robot systems. We use a factorable control-based approach that provides a natural, discrete abstraction of the underlying continuous state/action space and thus allows for the application of learning algorithms that converge in practical amounts of time. We argue that our approach provides an efficient means for the adaptation of skills to new situations. We show the performance gains for our framework in simulation, and demonstrate results from on-line learning on a bimanual robot. 1.",2008,,Stephen Hart; Shiraj Sen; Roderic A. Grupen,,,https://openalex.org/W170822882,openalex,robotics,concept,openalex_bulk_robotics,,16,generalization,2026-06-12T18:57:17Z,13.767,14.767
doi:10.1109/5326.868444,Representation of robot motion control skill,"Development of skilled robotics draws clues from model based theories of human motor control. Thus, a comprehensive anthropomorphic background is given. Skills in robotics are viewed as a tool for fast and efficient real time control that can handle complexity and nonlinearity of robots, generally aiming at robot autonomy. In particular, a skill of redundancy resolution is addressed through a skill representation problem based on Function Approximator. The task of the robot is approximated by a set of parameterized motion primitives. Adopted parameters are also parameters of the function approximator, i.e., skill used. Redundancy is resolved during skill learning based on available expert knowledge, yielding parameterized joint motions. The approximation procedure (Successive Approximations), a major contribution of the paper, is used for batch compilation of parameterized examples, resu",2000,IEEE Transactions on Systems Man and Cybernetics Part C (Applications and Reviews),Goran S. Đorđević; M. Rasic; Dragan Kostić; Veljko Potkonjak,10.1109/5326.868444,,https://doi.org/10.1109/5326.868444,openalex,robotics,concept,openalex_bulk_robotics,,16,skill learning,2026-06-12T18:57:17Z,13.767,13.767
title:on robotic assembly using contact force control and estimation,On Robotic Assembly using Contact Force Control and Estimation,"Force sensing provides robots the capability to accomplish tasks where physical interaction with the environment is required, such as assembly. Small position uncertainties can then be corrected for by sensing the contact forces. This thesis considers the problem of force-controlled assembly, including how tasks can be specified in a simple and intuitive way and how robust task execution under uncertainties can be accomplished. A framework for performing robotic assembly is presented. An assembly tasks is composed of a number of skills, where skills both can be force controlled and be carried out using standard position-based control. The skills using force control are specified as sequences of constrained motions, where transitions between the motions are triggered by sensor events. These events can either be simple threshold levels, or be more advanced classifiers based on machine lear",2015,Lund University Publications (Lund University),Andreas Stolt,,,https://openalex.org/W1932845498,openalex,robotics,concept,openalex_bulk_robotics,,16,industrial robot; force control,2026-06-12T18:57:17Z,13.767,13.767
doi:10.1007/978-3-031-22731-8_7,Deformation-Aware Contact-Rich Manipulation Skills Learning and Compliant Control,,2023,Springer Proceedings in Advanced Robotics Human-Friendly Robotics 2022,Weiyong Si; Cheng Guo; Jiale Dong; Zhenyu Lu; Chenguang Yang,10.1007/978-3-031-22731-8_7,,https://doi.org/10.1007/978-3-031-22731-8_7,crossref,contact rich manipulation learning,concept,contact,,2,contact rich manipulation,2026-06-12T14:45:03Z,13.749,13.749
doi:10.1109/robio58561.2023.10354941,Barometric Soft Tactile Sensor for Depth Independent Contact Localization,,2023,2023 IEEE International Conference on Robotics and Biomimetics (ROBIO),Leone Costi; Fumiya Iida,10.1109/robio58561.2023.10354941,,https://doi.org/10.1109/robio58561.2023.10354941,crossref,tactile language action robotics,concept,tactile,,2,,2026-06-12T14:45:03Z,13.749,13.749
doi:10.1016/j.procs.2023.10.646,Learning Stable Nonlinear Dynamics and Interactive Force-Aware Variable Impedance Control for Robotic Contact Tasks,,2023,Procedia Computer Science,Hongmin Wu; Xueqian Zhai; Xinyu Wu; Shichao Gu; Zhaoyang Liao; Zhihao Xu; Jia Pan; Xuefeng Zhou,10.1016/j.procs.2023.10.646,,https://doi.org/10.1016/j.procs.2023.10.646,crossref,contact dynamics robot learning,concept,contact,,2,contact dynamics; impedance control,2026-06-12T15:07:36Z,13.749,13.749
doi:10.1109/icra48891.2023.10160981,Emulating Human Kinematic Behavior on Lower-Limb Prostheses via Multi-Contact Models and Force-Based Nonlinear Control,,2023,2023 IEEE International Conference on Robotics and Automation (ICRA),Rachel Gehlhar; Aaron D. Ames,10.1109/icra48891.2023.10160981,,https://doi.org/10.1109/icra48891.2023.10160981,crossref,robotics,concept,crossref_bulk_robotics,,2,,2026-06-12T19:29:26Z,13.749,13.749
doi:10.1162/artl_a_00163,Learning Tensegrity Locomotion Using Open-Loop Control Signals and Coevolutionary Algorithms,"Soft robots offer many advantages over traditional rigid robots. However, soft robots can be difficult to control with standard control methods. Fortunately, evolutionary algorithms can offer an elegant solution to this problem. Instead of creating controls to handle the intricate dynamics of these robots, we can simply evolve the controls using a simulation to provide an evaluation function. In this article, we show how such a control paradigm can be applied to an emerging field within soft robotics: robots based on tensegrity structures. We take the model of the Spherical Underactuated Planetary Exploration Robot ball (SUPERball), an icosahedron tensegrity robot under production at NASA Ames Research Center, develop a rolling locomotion algorithm, and study the learned behavior using an accurate model of the SUPERball simulated in the NASA Tensegrity Robotics Toolkit. We first present ",2015,Artificial Life,Atıl Işçen; Ken Caluwaerts; Jonathan Bruce; Adrian Agogino; Vytas SunSpiral; Kagan Tumer,10.1162/artl_a_00163,,https://doi.org/10.1162/artl_a_00163,openalex,energy based model robot learning,concept,ebm,,32,robustness,2026-06-12T18:05:07Z,13.748,15.748
doi:10.5772/53742,End-Point Contact Force Control with Quantitative Feedback Theory for Mobile Robots,"Robot force control is an important issue for intelligent mobile robotics. The end-point stiffness of a robot is a key and open problem in the research community. The control strategies are mostly dependent on both the specifications of the task and the environment of the robot. Due to the limited stiffness of the end-effector, we may adopt inherent torque to feedback the oscillations of the controlled force. This paper proposes an effective control strategy which contains a controller using quantitative feedback theory. The nested loop controllers take into account the physical limitation of the system's inner variables and harmful interference. The biggest advantage of the method is its simplicity in both the design process and the implementation of the control algorithm in engineering practice. Taking the one-link manipulator as an example, numerical experiments are carried out to ver",2012,International Journal of Advanced Robotic Systems,Shuhuan Wen; Jinghai Zhu; Xiaoli Li; A.B. Rad; Xiao Dong Chen,10.5772/53742,,https://doi.org/10.5772/53742,openalex,robotics,concept,openalex_bulk_robotics,,32,force control; limitation,2026-06-12T18:57:17Z,13.748,14.748
doi:10.1109/iros58592.2024.10801397,Fine Manipulation Using a Tactile Skin: Learning in Simulation and Sim-to-Real Transfer,,2024,2024 IEEE/RSJ International Conference on Intelligent Robots and Systems (IROS),Ulf Kasolowsky; Berthold Bäuml,10.1109/iros58592.2024.10801397,,https://doi.org/10.1109/iros58592.2024.10801397,crossref,sim to real robot manipulation,concept,sim2real,,1,robot manipulation; sim to real transfer,2026-06-12T14:45:03Z,13.747,14.747
doi:10.2316/j.2024.206-0857,"RESEARCH ON THE YAW ANGLE CONTROL STRATEGY OF HEXAPOD ROBO WITH TACTILE SENSOR FEEDBACK, 46-55.",,2024,International Journal of Robotics and Automation,Qian Wang; Bo Jin; Ce Zhang; Shidong Zhang,10.2316/j.2024.206-0857,,https://doi.org/10.2316/j.2024.206-0857,crossref,tactile language action robotics,concept,tactile,,1,,2026-06-12T15:07:36Z,13.747,13.747
doi:10.1007/s10098-023-02637-6,A review of nitrogen flow in the anthroposphere to identify key control sectors,,2024,Clean Technologies and Environmental Policy,Shubham Rana; Amit Kumar; Nand Kumar; Mahesh Kumar Jat,10.1007/s10098-023-02637-6,,https://doi.org/10.1007/s10098-023-02637-6,crossref,flow matching policy,concept,architecture,,1,flow matching policy,2026-06-12T15:07:36Z,13.747,13.747
doi:10.1109/pesgm51994.2024.10689112,Physics-informed Graphical Representation-enabled Deep Reinforcement Learning for Robust Distribution System Voltage Control,,2024,2024 IEEE Power & Energy Society General Meeting (PESGM),Di Cao; Junbo Zhao; Jiaxiang Hu; Yansong Pei; Qi Huang; Zhe Chen; Weihao Hu,10.1109/pesgm51994.2024.10689112,,https://doi.org/10.1109/pesgm51994.2024.10689112,crossref,physics informed robot learning,concept,architecture,,1,physics informed robot learning,2026-06-12T15:07:36Z,13.747,13.747
doi:10.1109/icmre60776.2024.10532205,Combining Transfer Learning and Genetic Algorithms for Real-Time Gesture Recognition using EMG Signals,,2024,2024 10th International Conference on Mechatronics and Robotics Engineering (ICMRE),Genci Capi; Kazuma Iizawa; Shin-Ichiro Kaneko,10.1109/icmre60776.2024.10532205,,https://doi.org/10.1109/icmre60776.2024.10532205,crossref,robotics,concept,crossref_bulk_robotics,,1,,2026-06-12T19:29:26Z,13.747,13.747
doi:10.1109/icrom64545.2024.10903660,Contact Force Estimation and Control in Soft Fin-Ray Grippers Using FEM and Experimental Approach,,2024,2024 12th RSI International Conference on Robotics and Mechatronics (ICRoM),Ali Ghanizadeh; Farshad Ghanbili; Arash Bahrami,10.1109/icrom64545.2024.10903660,,https://doi.org/10.1109/icrom64545.2024.10903660,crossref,robotics,concept,crossref_bulk_robotics,,1,,2026-06-12T19:29:26Z,13.747,13.747
doi:10.1109/iros.2014.6943129,Model preview control in multi-contact motion-application to a humanoid robot,,2014,2014 IEEE/RSJ International Conference on Intelligent Robots and Systems,Herve Audren; Joris Vaillant; Abderrahmane Kheddar; Adrien Escande; Kenji Kaneko; Eiichi Yoshida,10.1109/iros.2014.6943129,,https://doi.org/10.1109/iros.2014.6943129,crossref,contact dynamics robot learning,concept,contact,,72,humanoid robot; contact dynamics,2026-06-12T15:07:36Z,13.745,13.745
doi:10.1142/s0219843604000320,"ON THE REPRESENTATION, LEARNING AND TRANSFER OF SPATIO-TEMPORAL MOVEMENT CHARACTERISTICS","In this paper we present a learning-based approach for the modeling of complex movement sequences. Based on the method of Spatio-Temporal Morphable Models (STMMs) we derive a hierarchical algorithm that, in a first step, identifies automatically movement elements in movement sequences based on a coarse spatio-temporal description, and in a second step models these movement primitives by approximation through linear combinations of learned example movement trajectories. We describe the different steps of the algorithm and show how it can be applied for modeling and synthesis of complex sequences of human movements that contain movement elements with a variable style. The proposed method is demonstrated on different applications of movement representation relevant for imitation learning of movement styles in humanoid robotics.",2004,International Journal of Humanoid Robotics,WINFRIED ILG; GÖKHAN H. BAKIR; JOHANNES MEZGER; MARTIN A. GIESE,10.1142/s0219843604000320,,https://doi.org/10.1142/s0219843604000320,crossref,EBM transformer robotics humanoid robot,concept,architecture_x_embodiment,,35,EBM transformer robotics; humanoid robot; imitation learning,2026-06-12T15:07:36Z,13.742,13.742
doi:10.1109/efta.2007.4416934,A two stage robot control for liquid transfer,"A control design scheme is proposed for sloshing suppression during liquid transfer using robotic manipulators. The container of the liquid is transferred by an articulated manipulator. The motion of the liquid is approximated using the well-known pendulum-type model. The proposed control scheme combines a partial inverse dynamics controller with a PID controller tuned with a ""metaheuristic"" search algorithm. The proposed controller exploits measurements of the manipulator and the container position and velocity variables, but does not require measurements of the pendulum's position and velocity. The proposed design technique succeeds to sufficiently suppress liquid sloshing within the container, while dealing with practical problems like the lack of measurements of the liquid's motion within the tank.",2007,,Maria P. Tzamtzi; Fotis N. Koumboulis; Nikolaos D. Kouvakas,10.1109/efta.2007.4416934,,https://doi.org/10.1109/efta.2007.4416934,openalex,robotics,concept,openalex_bulk_robotics,,15,,2026-06-12T18:57:17Z,13.736,13.736
doi:10.1109/wpt.2015.7140170,Propulsion and control of implantable micro-robot based on wireless power transfer,"As implantable micro-robots become a promising solution for medical applications, the interests for micro-robot control are growing. However, most research has been focused on DC magnetic field control. In this paper, we propose a micro-robot powered by wireless power transfer system which generates propulsion force and torque as well as electrical energy to perform complex missions. The concept of propulsion and torque generation is explained and validated by simulation results.",2015,,Dongwook Kim; Jaehyoung Park; Ki-Beom Kim; Hyun Ho Park; Seungyoung Ahn,10.1109/wpt.2015.7140170,,https://doi.org/10.1109/wpt.2015.7140170,openalex,robotics,concept,openalex_bulk_robotics,,15,,2026-06-12T18:57:17Z,13.736,13.736
doi:10.1016/j.automatica.2006.12.019,Force/position tracking for a robotic manipulator in compliant contact with a surface using neuro-adaptive control,,2007,Automatica,Yiannis Karayiannidis; George A. Rovithakis; Zoe Doulgeri,10.1016/j.automatica.2006.12.019,,https://doi.org/10.1016/j.automatica.2006.12.019,openalex,robotics,concept,openalex_bulk_robotics,,63,,2026-06-12T18:57:17Z,13.729,13.729
doi:10.1080/17513758.2018.1436197,Singular stochastic control model for algae growth management in dam downstream,,2018,Journal of Biological Dynamics,Hidekazu Yoshioka; Yuta Yaegashi,10.1080/17513758.2018.1436197,,https://doi.org/10.1080/17513758.2018.1436197,crossref,latent dynamics model robot control,concept,latent_dynamics,,20,,2026-06-12T15:07:36Z,13.722,13.722
doi:10.1016/j.ijnonlinmec.2015.05.010,Influence of a locally-tailored external feedback control on the overall dynamics of a non-contact AFM model,,2016,International Journal of Non-Linear Mechanics,Valeria Settimi; Giuseppe Rega,10.1016/j.ijnonlinmec.2015.05.010,,https://doi.org/10.1016/j.ijnonlinmec.2015.05.010,crossref,non smooth mechanics robotics,anti_myopia,anti_thesis,,13,non smooth mechanics robotics,2026-06-12T15:07:36Z,13.720,16.720
doi:10.1016/j.robot.2016.08.007,Multi-contact haptic exploration and grasping with tactile sensors,,2016,Robotics and Autonomous Systems,Nicolas Sommer; Aude Billard,10.1016/j.robot.2016.08.007,,https://doi.org/10.1016/j.robot.2016.08.007,crossref,tactile language action robotics,concept,tactile,,45,,2026-06-12T14:45:03Z,13.714,13.714
doi:10.1109/3516.914388,Intrinsic tactile sensing for the optimization of force distribution in a pipe crawling robot,"Describes a tactile sensing system based on a force/torque sensor for the feet of a pipe crawling robot. Such a sensing system is needed for better optimization of force and joint load distribution and a safer avoidance of the risk of foot slippage. While conventional tactile sensing devices typically provide information concerning the spatial distribution of normal pressures, the intrinsic contact sensing system presented in this text only measures the three components of the contact force and two components of the resultant torque. These five parameters are shown to be sufficient to estimate the location of the contact point and hence the orientation of the local contact surface. Such information can then be used by the crawler's control system for the real-time computation of an optimized foot force distribution. The intrinsic tactile sensing method has been experimentally tested on a",2001,IEEE/ASME Transactions on Mechatronics,José A. Gálvez; P. González de Santos; Friedrich Pfeiffer,10.1109/3516.914388,,https://doi.org/10.1109/3516.914388,openalex,robotics,concept,openalex_bulk_robotics,,55,,2026-06-12T18:57:17Z,13.713,13.713
doi:10.3389/frobt.2023.1138019,Parameter search of a CPG network using a genetic algorithm for a snake robot with tactile sensors moving on a soft floor,"When a snake robot explores a collapsed house as a rescue robot, it needs to move through various obstacles, some of which may be made of soft materials, such as mattresses. In this study, we call mattress-like environment as a soft floor, which deforms when some force is added to it. We focused on the central pattern generator (CPG) network as a control for the snake robot to propel itself on the soft floor and constructed a CPG network that feeds back contact information between the robot and the floor. A genetic algorithm was used to determine the parameters of the CPG network suitable for the soft floor. To verify the obtained parameters, comparative simulations were conducted using the parameters obtained for the soft and hard floor, and the parameters were confirmed to be appropriate for each environment. By observing the difference in snake robot’s propulsion depending on the pres",2023,Frontiers in Robotics and AI,Hajime Tamura; Tetsushi Kamegawa,10.3389/frobt.2023.1138019,,https://doi.org/10.3389/frobt.2023.1138019,crossref,tactile language action robotics,concept,tactile,,4,,2026-06-12T15:07:36Z,13.705,13.705
doi:10.1109/iros.2016.7759127,Learning in-contact control strategies from demonstration,,2016,2016 IEEE/RSJ International Conference on Intelligent Robots and Systems (IROS),Mattia Racca; Joni Pajarinen; Alberto Montebelli; Ville Kyrki,10.1109/iros.2016.7759127,,https://doi.org/10.1109/iros.2016.7759127,crossref,contact rich manipulation learning,concept,contact,,44,contact rich manipulation,2026-06-12T15:07:36Z,13.703,13.703
doi:10.1016/b978-012370880-9.00346-7,Tactile Sensory Control of Object Manipulation in Humans,,2008,The Senses: A Comprehensive Reference,R.S. Johansson; J.R. Flanagan,10.1016/b978-012370880-9.00346-7,,https://doi.org/10.1016/b978-012370880-9.00346-7,crossref,deformable object manipulation robot learning,concept,deformable,,66,deformable object manipulation,2026-06-12T15:07:36Z,13.702,13.702
doi:10.1109/humanoids.2013.7029952,Human motion tracking control with strict contact force constraints for floating-base humanoid robots,"This paper presents a tracking controller considering contact force constraints for floating-base humanoid robots. The goal of the tracking controller is to compute the joint torques such that the robot can imitate given reference motions obtained from, for example, human motion capture data. The technical challenge is that the robot motion depends not only on joint torques but also on contact forces from the environment, which depend on the joint torques and are subject to constraints on friction forces. Therefore, computing the joint torques and associated contact forces typically results in a nonlinear optimization problem with complex constraints. We solve this issue by taking advantage of the property that the motion of the floating base is only affected by contact forces. We can then compute the contact forces and joint torques separately by solving two simple sequential optimizati",2013,,Y. Zheng; Katsu Yamane,10.1109/humanoids.2013.7029952,,https://doi.org/10.1109/humanoids.2013.7029952,openalex,robotics,concept,openalex_bulk_robotics,,29,humanoid robot,2026-06-12T18:57:17Z,13.701,13.701
doi:10.1115/1.4053811,ActivationNet : Representation Learning to Predict Contact Quality of Interacting 3D Surfaces in Engineering Designs,"Abstract Engineering simulations for analysis of structural and fluid systems require information of contacts between various 3D surfaces of the geometry to accurately model the physics between them. In machine learning applications, 3D surfaces are most suitably represented with point clouds or meshes and learning representations of interacting geometries form point-based representations is challenging. The objective of this study is to introduce a machine learning algorithm, ActivationNet, that can learn from point clouds or meshes of interacting 3D surfaces and predict the quality of contact between these surfaces. The ActivationNet generates activation states from point-based representation of surfaces using a multidimensional binning approach. The activation states are further used to contact quality between surfaces using deep neural networks. The performance of our model is demons",2022,Journal of Mechanical Design,Rishikesh Ranade; Jay Pathak,10.1115/1.4053811,,https://doi.org/10.1115/1.4053811,crossref,contact rich manipulation learning,concept,contact,,,contact rich manipulation,2026-06-12T15:07:36Z,13.700,13.700
doi:10.54254/2755-2721/2025.ch24536,A Review of Bioinspired Tactile Sensing Systems for Intelligent Robotic Interaction,"Bioinspired tactile sensing systems, which take cues from the human somatosensory system, are vital for improving how intelligent robots perceive and interact. These technologies enable safe and efficient human–robot interaction by mimicking human touch flexibility. They are crucial for applications like collaborative automation, assistive technologies, and prosthetics that need physical human-robot interaction (pHRI). This review explores recent developments in flexible sensor materials, microstructural innovation, and transduction methods. The focus is on integrating multimodal strategies that pair tactile feedback with visual and electromyographic (EMG) signals, enhancing accuracy in intent recognition and fine manipulation. Additionally, this paper showcases real-time feedback systems and learning-based control frameworks that foster adaptive robotic behavior. It analyzes practical a",2025,Applied and Computational Engineering,S. Qu,10.54254/2755-2721/2025.ch24536,,https://doi.org/10.54254/2755-2721/2025.ch24536,openalex,energy based transformer robot policy,concept,ebm_transformer,,,energy based transformer robot policy; self supervised learning; human robot interaction,2026-06-12T18:05:07Z,13.700,13.700
arxiv:2109.12103v2,RMPs for Safe Impedance Control in Contact-Rich Manipulation,"Variable impedance control in operation-space is a promising approach to learning contact-rich manipulation behaviors. One of the main challenges with this approach is producing a manipulation behavior that ensures the safety of the arm and the environment. Such behavior is typically implemented via a reward function that penalizes unsafe actions (e.g. obstacle collision, joint limit extension), but that approach is not always effective and does not result in behaviors that can be reused in slightly different environments. We show how to combine Riemannian Motion Policies, a class of policies that dynamically generate motion in the presence of safety and collision constraints, with variable impedance operation-space control to learn safer contact-rich manipulation behaviors.",2021,arXiv,Seiji Shaw; Ben Abbatematteo; George Konidaris,,2109.12103v2,http://arxiv.org/abs/2109.12103v2,arxiv,contact rich manipulation learning,concept,contact,,,contact rich manipulation; impedance control,2026-06-12T14:45:03Z,13.700,13.700
doi:10.1109/precede.2017.8071278,Virtual flux model predictive direct power control (VF-MPDPC) of afe rectifier with new current prediction method and negative sequence elimination,,2017,2017 IEEE International Symposium on Predictive Control of Electrical Drives and Power Electronics (PRECEDE),Mohammad Hosein Saeedinia; S. Alireza Davari,10.1109/precede.2017.8071278,,https://doi.org/10.1109/precede.2017.8071278,crossref,model predictive control manipulation,anti_myopia,anti_thesis,,8,model predictive control; model predictive control manipulation,2026-06-12T15:07:36Z,13.699,18.699
doi:10.1109/icarcv.2008.4795732,Tracking performance limitation of a linear MISO unstable system with quantized control signals,,2008,"2008 10th International Conference on Control, Automation, Robotics and Vision",Tian Qi; Weizhou Su,10.1109/icarcv.2008.4795732,,https://doi.org/10.1109/icarcv.2008.4795732,crossref,vision language action model limitation robotics,hostile,failure,,8,vision language action model; limitation,2026-06-12T14:45:03Z,13.699,18.699
doi:10.1109/acirs52449.2021.9519311,Sim-to-Real Transfer with Action Mapping and State Prediction for Robot Motion Control,,2021,2021 6th Asia-Pacific Conference on Intelligent Robot Systems (ACIRS),Xianjin Zhu; Xudong Zheng; Qiyuan Zhang; Zhang Chen; Yu Liu; Bin Liang,10.1109/acirs52449.2021.9519311,,https://doi.org/10.1109/acirs52449.2021.9519311,crossref,sim to real robot manipulation,concept,sim2real,,5,robot manipulation; sim to real transfer,2026-06-12T14:45:03Z,13.696,14.696
doi:10.1109/itnec52019.2021.9586992,Research on Contact Force Control of Grinding Robot based on Adaptive Impedance Control,,2021,"2021 IEEE 5th Information Technology,Networking,Electronic and Automation Control Conference (ITNEC)",Li Sun,10.1109/itnec52019.2021.9586992,,https://doi.org/10.1109/itnec52019.2021.9586992,crossref,contact dynamics robot learning,concept,contact,,5,contact dynamics; force control; impedance control,2026-06-12T15:07:36Z,13.696,13.696
doi:10.1109/iros51168.2021.9636380,On Explainability and Sensor-Adaptability of a Robot Tactile Texture Representation Using a Two-Stage Recurrent Networks,,2021,2021 IEEE/RSJ International Conference on Intelligent Robots and Systems (IROS),Ruihan Gao; Tian Tian; Zhiping Lin; Yan Wu,10.1109/iros51168.2021.9636380,,https://doi.org/10.1109/iros51168.2021.9636380,crossref,recurrent robot policy,concept,architecture,,5,recurrent robot policy,2026-06-12T15:07:36Z,13.696,13.696
doi:10.1109/tsmc.2015.2504552,Dynamic Balance Optimization and Control of Quadruped Robot Systems With Flexible Joints,"This paper investigates dynamic balance optimization and control of quadruped robots with compliant/flexible joints under perturbing external forces. First, we formulate a constrained dynamic model of compliant/flexible joints for quadruped robots and a reduced-order dynamic model is developed considering the robot interaction with the environment through multiple contacts. A dynamic force distribution approach based on quadratic objective function is proposed for evaluating the optimal contact forces to cope with the external wrench, and fuzzy-based adaptive control of compliant/flexible joints for quadruped robots is proposed to suppress uncertainties in the dynamics of the robot and actuators. The dynamic surface control approaches and fuzzy learning algorithms are combined in the proposed framework. All the signals of the closed-loop system have proven to be uniformly ultimately boun",2015,IEEE Transactions on Systems Man and Cybernetics Systems,Zhijun Li; Quanbo Ge; Wenjun Ye; Peijiang Yuan,10.1109/tsmc.2015.2504552,,https://doi.org/10.1109/tsmc.2015.2504552,openalex,robotics,concept,openalex_bulk_robotics,,53,robustness,2026-06-12T18:57:17Z,13.694,14.694
doi:10.1109/icra46639.2022.9811686,A model free robot control method for dragging an object on a planar surface by applying top contact forces,,2022,2022 International Conference on Robotics and Automation (ICRA),Savvas Sampaziotis; Zoe Doulgeri,10.1109/icra46639.2022.9811686,,https://doi.org/10.1109/icra46639.2022.9811686,crossref,contact dynamics robot learning,concept,contact,,3,contact dynamics,2026-06-12T15:07:36Z,13.693,13.693
doi:10.37102/1992-4429_2022_42_04_04,System of position/force control of underwater vehicles with multi-link manipulators for performing contact manipulation operations,,2022,Podvodnye issledovaniia i robototehnika,Alexander Jurevich Konoplin; Nikita Andreevich Krasavin; Aleksandr Pavlovich Yurmanov; Pavel Alexeyevich Piatavin; Alexey Anatoljevich Katsurin,10.37102/1992-4429_2022_42_04_04,,https://doi.org/10.37102/1992-4429_2022_42_04_04,crossref,contact rich manipulation learning,concept,contact,,3,contact rich manipulation; force control,2026-06-12T15:07:36Z,13.693,13.693
doi:10.1126/scirobotics.abf1502,Robots learn to identify objects by feeling,Multimodal tactile sensors help robot hands accurately identify grasped objects by measuring thermal properties and contact loads.,2020,Science Robotics,Subramanian Sundaram,10.1126/scirobotics.abf1502,,https://doi.org/10.1126/scirobotics.abf1502,crossref,EBM transformer robotics warehouse robot,concept,architecture_x_embodiment,,7,EBM transformer robotics; robot hand; warehouse robot,2026-06-12T15:07:36Z,13.690,13.690
doi:10.1109/robio.2011.6181676,"Haptic feature extraction from a biomimetic tactile sensor: Force, contact location and curvature",,2011,2011 IEEE International Conference on Robotics and Biomimetics,Nicholas Wettels; Gerald E. Loeb,10.1109/robio.2011.6181676,,https://doi.org/10.1109/robio.2011.6181676,crossref,tactile language action robotics,concept,tactile,,64,,2026-06-12T15:07:36Z,13.687,13.687
doi:10.1016/j.bbr.2019.111954,Somatotopic representation of tactile duration: evidence from tactile duration aftereffect,,2019,Behavioural Brain Research,Baolin Li; Lihan Chen; Fang Fang,10.1016/j.bbr.2019.111954,,https://doi.org/10.1016/j.bbr.2019.111954,crossref,tactile language action robotics,concept,tactile,,12,,2026-06-12T15:07:36Z,13.682,13.682
doi:10.1109/iros.2018.8593542,Adaptive Admittance Control in Task-Priority Framework for Contact Force Control in Autonomous Underwater Floating Manipulation,,2018,2018 IEEE/RSJ International Conference on Intelligent Robots and Systems (IROS),Patryk Cieslak; Pere Ridao,10.1109/iros.2018.8593542,,https://doi.org/10.1109/iros.2018.8593542,crossref,contact rich manipulation learning,concept,contact,,18,contact rich manipulation; force control,2026-06-12T15:07:36Z,13.672,13.672
doi:10.1016/j.rcim.2017.03.002,In-hand recognition and manipulation of elastic objects using a servo-tactile control strategy,,2017,Robotics and Computer-Integrated Manufacturing,A. Delgado; C.A. Jara; F. Torres,10.1016/j.rcim.2017.03.002,,https://doi.org/10.1016/j.rcim.2017.03.002,crossref,tactile language action robotics,concept,tactile,,27,,2026-06-12T14:45:03Z,13.666,13.666
doi:10.12988/ams.2016.6380,Robot master slave and supervisory control with large time delays of control signals and feedback,,2016,Applied Mathematical Sciences,F. M. Kulakov; Boris Sokolov; Anatoly Shalyto; Gennady Alferov,10.12988/ams.2016.6380,,https://doi.org/10.12988/ams.2016.6380,openalex,robotics,concept,openalex_bulk_robotics,,36,,2026-06-12T18:57:17Z,13.655,13.655
doi:10.1186/s40729-021-00291-5,Effect of platelet-rich and platelet-poor plasma on 3D bone-to-implant contact: a preclinical micro-CT study,"Abstract Background Bone-to-implant contact ratio (BIC%) plays a critical role in secondary stability of osseointegrated dental implants. The aim of this study was to identify the correlation of 2D/3D micro-CT images with histology as a gold standard for evaluating BIC% and to investigate the influence of the platelet-rich plasma (PRP) and platelet-poor plasma (PPP) on 3D BIC% following delayed implant placement with delayed loading (DIP+DL). Methods Nine beagle dogs were recruited. Following bilateral extraction of mandibular 3rd premolar, 4th premolar, and 1st molar, 54 screw-type titanium implants were inserted and randomly divided into one control and two test groups based on a split-mouth design. The control group involved DIP+DL ( n = 18) and both test groups included DIP+DL with local application of PRP ( n = 18) and PPP ( n = 18). A BIC analysis was performed utilizing 2D histomo",2021,International Journal of Implant Dentistry,Dandan Song; Sohaib Shujaat; Yan Huang; Jeroen Van Dessel; Constantinus Politis; Ivo Lambrichts; Reinhilde Jacobs,10.1186/s40729-021-00291-5,,https://doi.org/10.1186/s40729-021-00291-5,crossref,contact rich manipulation learning,concept,contact,,4,contact rich manipulation,2026-06-12T15:07:36Z,13.655,13.655
doi:10.1007/s00422-018-0750-5,Bipedal robotic walking control derived from analysis of human locomotion,"This paper proposes the design of a bipedal robotic controller where the function between the sensory input and motor output is treated as a black box derived from human data. In order to achieve this, we investigated the causal relationship between ground contact information from the feet and leg muscle activity n human walking and calculated filter functions which transform sensory signals to motor actions. A minimal, nonlinear, and robust control system was created and subsequently analysed by applying it to our bipedal robot RunBot III without any central pattern generators or precise trajectory control. The results demonstrate that our controller can generate stable robotic walking. This indicates that complex locomotion patterns can result from a simple model based on reflexes and supports the premise that human-derived control strategies have potential applications in robotics or ",2018,Biological Cybernetics,Lin Meng; Catherine Macleod; Bernd Porr; H. Gollee,10.1007/s00422-018-0750-5,,https://doi.org/10.1007/s00422-018-0750-5,openalex,energy based model robot learning,concept,ebm,,14,,2026-06-12T18:26:24Z,13.654,14.654
doi:10.3390/machines13080669,EMG-Driven Shared Control Architecture for Human–Robot Co-Manipulation Tasks,"The paper presents a shared control strategy that allows a human operator to physically guide the end-effector of a robotic manipulator to perform different tasks, possibly in interaction with the environment. To switch among different operational modes referring to a finite state machine algorithm, ElectroMyoGraphic (EMG) signals from the user’s arm are used to detect muscular contractions and to interact with a variable admittance control strategy. Specifically, a Support Vector Machine (SVM) classifier processes the raw EMG data to identify three classes of contractions that trigger the activation of different sets of admittance control parameters corresponding to the envisaged operational modes. The proposed architecture has been experimentally validated using a Kinova Jaco2 manipulator, equipped with force/torque sensor at the end-effector, and with a limited group of users wearing ",2025,Machines,Francesca Patriarca; Paolo Di Lillo; Filippo Arrichiello,10.3390/machines13080669,,https://doi.org/10.3390/machines13080669,crossref,robot world models manipulation,concept,world_models,,,robot world model,2026-06-12T14:45:03Z,13.650,13.650
doi:10.1142/s2737480726030020,DeepTouch: Embodied Intelligence with Vision-Tactile Fusion for Dexterous Manipulation,"In the field of embodied intelligence, the effective integration of vision and touch is essential for achieving dexterous manipulation. To address the limitations of vision-only perception in perceiving contact states and material properties, we propose DeepTouch, a vision-tactile fusion framework integrating visuo-tactile perception, simulated and real data acquisition, and a vision-tactile-language-action (VTLA) control strategy. It provides a concise technical framework for refined dexterous manipulation.",2026,"Guidance, Navigation and Control",Wenzhuang Li; Yuhao Sun; Bin Fang,10.1142/s2737480726030020,,https://doi.org/10.1142/s2737480726030020,crossref,embodied world model planning control,concept,world_models,,,dexterous manipulation; tactile perception; limitation,2026-06-12T15:07:36Z,13.650,14.650
doi:10.21203/rs.3.rs-8819134/v1,Representation Mechanics: Invariant-Governed Learning Dynamics,"Abstract We present Representation Mechanics, a theoretical and empirical framework characterizing learning in invariant-governed domains. We demonstrate that neural networks with set-valued operations (discrete potentials {-W, 0, +W}) and learned selection exhibit sharp phase transitions to generalization without pretraining. The Platonic Spike (Early Phase Transition)—where validation accuracy exceeds training accuracy in early epochs—signals the discovery of structural invariants before instance memorization. We validate these findings on controlled synthetic tasks (spiral classification, closed-world logic, declarative language) to isolate geometric mechanics from natural language statistical confounds. We contrast this Form-First paradigm with diffusion-dominated learning and define the conditions (Basin Preservation and Friction Set tracking) required to maintain these invariants u",,,Datorien L. Anderson,10.21203/rs.3.rs-8819134/v1,,https://doi.org/10.21203/rs.3.rs-8819134/v1,crossref,contact dynamics robot learning,concept,contact,,,contact dynamics; continual learning; limitation; generalization,2026-06-12T15:07:36Z,13.650,15.650
doi:10.1108/ir-03-2024-0096,Mechanoreception of pneumatic soft robotic finger without tactile sensor based on dual-position feature,"Purpose Mechanoreception is crucial for robotic planning and control applications, and for robotic fingers, mechanoreception is generally obtained through tactile sensors. As a new type of robotic finger, the soft finger also requires mechanoreception, like contact force and object stiffness. Unlike rigid fingers, soft fingers have elastic structures, meaning there is a connection between force and deformation of the soft fingers. It allows soft fingers to achieve mechanoreception without using tactile sensors. This study aims to provide a mechanoreception sensing scheme of the soft finger without any tactile sensors. Design/methodology/approach This research uses bending sensors to measure the actual bending state under force and calculates the virtual bending state under assumed no-load conditions using pressure sensors and statics model. The difference between the virtual and actual f",2025,Industrial Robot: the international journal of robotics research and application,Kai Shi; Jun Li; Gang Bao,10.1108/ir-03-2024-0096,,https://doi.org/10.1108/ir-03-2024-0096,crossref,tactile language action robotics,concept,tactile,,,,2026-06-12T15:07:36Z,13.650,13.650
doi:10.18502/fbt.v13i1.20781,Improving Reinforcement Learning Algorithm Based on Non-Negative Matrix Factorization Method for Controlling an Arm Model,"Purpose: Reinforcement Learning (RL) is attracting great interest because it enables systems to learn by interacting with the environment. This study aims to enhance the RL algorithm to become more similar to human motor control by combining it with the Non-negative matrix factorization (NMF) method. Materials and Methods: In the study, the signals recorded from six muscles involved in arm-reaching movement without carryinga certain weight.were pre-processed, and the optimal number of synergy patterns was extracted using NMF and the Variance Account For (VAF) methods. This, in turn, contributes to reducing the calculations. Subsequently, the robustness of the two-link arm model with six muscles was evaluated under various noise levels applied to the action coefficient matrix. Finally, the average synergy pattern was done on the mentioned arm model, and the RL algorithm controlled it by p",2026,Frontiers in Biomedical Technologies,Elham Farzaneh Bahalgerdy; Fereidoun Nowshiravan Rahatabad,10.18502/fbt.v13i1.20781,,https://doi.org/10.18502/fbt.v13i1.20781,crossref,model based reinforcement learning robotics,concept,architecture,,,model based reinforcement learning robotics; robustness,2026-06-12T15:07:36Z,13.650,15.650
doi:10.3389/fmech.2026.1770664,Fault diagnosis method for high-voltage circuit breakers based on physics-informed transfer learning,"Introduction High-voltage circuit breakers are core control and protection equipment in power systems, and their operational status directly affects device stability and power grid security. Improving the accuracy of their fault detection is a key demand for the operation and maintenance of power equipment. Methods This study proposes a fault detection method for high-voltage circuit breakers based on multi-source information and motion analysis. First, a 1-dimensional recurrent neural network (1DRNN) is used to analyze voiceprint and current signals to extract feature data related to the mechanical state of the operating mechanism. Second, a physics-informed transfer learning network model consisting of a Common Feature Learning Network (CFLN) and a Mechanical Feature Learning Network (MFLN) is constructed to explore shared features between multi-source signals and mechanical parameters",2026,Frontiers in Mechanical Engineering,Dong Wang; Lubo Zhou; Liyun Xie; Xipu Liu; Shiqi Dong; Junhua Liu,10.3389/fmech.2026.1770664,,https://doi.org/10.3389/fmech.2026.1770664,crossref,physics informed robot learning,concept,architecture,,,physics informed robot learning,2026-06-12T15:07:36Z,13.650,13.650
arxiv:2402.19249v3,Mirage: Cross-Embodiment Zero-Shot Policy Transfer with Cross-Painting,"The ability to reuse collected data and transfer trained policies between robots could alleviate the burden of additional data collection and training. While existing approaches such as pretraining plus finetuning and co-training show promise, they do not generalize to robots unseen in training. Focusing on common robot arms with similar workspaces and 2-jaw grippers, we investigate the feasibility of zero-shot transfer. Through simulation studies on 8 manipulation tasks, we find that state-based Cartesian control policies can successfully zero-shot transfer to a target robot after accounting for forward dynamics. To address robot visual disparities for vision-based policies, we introduce Mirage, which uses ""cross-painting""--masking out the unseen target robot and inpainting the seen source robot--during execution in real time so that it appears to the policy as if the trained source rob",2024,arXiv,Lawrence Yunliang Chen; Kush Hari; Karthik Dharmarajan; Chenfeng Xu; Quan Vuong; Ken Goldberg,,2402.19249v3,http://arxiv.org/abs/2402.19249v3,arxiv,recurrent robot policy,concept,architecture,,,recurrent robot policy,2026-06-12T15:07:36Z,13.650,13.650
doi:10.1017/s0950268825100319,Personalized risk score prediction and testing policy adaptations of a COVID-19 population-based contact tracing network,"Abstract Contact tracing is an effective public health policy to put the fast-spreading epidemic under control. The government tracks the contacts of confirmed SARS-CoV-2 cases, recommends testing, encourages self-quarantine, and monitors symptoms of contacts. In developing and less-developed countries with limited resources for widespread SARS-CoV-2 testing, it remains essential to identify and quarantine positive contacts to control outbreaks. Therefore, analysing recall and precision when implementing testing policies for these contacts is necessary. We analysed a contact tracing dataset from a cohort of 827 index patients infected with SARS-CoV-2 and their 14814 close contacts from Jan 2020 to July 2020 in a province in eastern China. We constructed a network from the data and used a Graph Convolutional Network to predict each contact’s infection status. To the best of our knowledge,",2025,Epidemiology and Infection,Shushan Wu; Yan Feng; Huimin Cheng; Hui Huang; Yang Li; Feng Ling; Ping Ma; Wenxuan Zhong; Ye Shen,10.1017/s0950268825100319,,https://doi.org/10.1017/s0950268825100319,crossref,score based policy robotics,concept,diffusion,,,,2026-06-12T15:07:36Z,13.650,13.650
doi:10.1177/02783649251342823,A modal-space formulation for momentum observer contact estimation and effects of uncertainty for continuum robots,"Contact detection for continuum and soft robots has been limited in past works to statics or kinematics-based methods with assumed circular bending curvature or known bending profiles. In this paper, we adapt the generalized momentum observer contact estimation method to continuum robots. This is made possible by leveraging recent results for real-time shape sensing of continuum robots along with a modal-space representation of the robot dynamics. In addition to presenting an approach for estimating the generalized forces due to contact via a momentum observer, we present a constrained optimization method to identify the wrench imparted on the robot during contact. We also present an approach for investigating the effects of unmodeled deviations in the robot’s dynamic state on the contact detection method and we validate our algorithm by simulations and experiments. We also compare the p",2025,The International Journal of Robotics Research,Garrison LH Johnston; Neel Shihora; Nabil Simaan,10.1177/02783649251342823,,https://doi.org/10.1177/02783649251342823,crossref,EBM transformer robotics contact rich manipulation,concept,architecture_x_embodiment,,,EBM transformer robotics; contact rich manipulation,2026-06-12T15:07:36Z,13.650,14.650
doi:10.1609/aaai.v40i22.38874,Dexterous Manipulation Transfer via Progressive Kinematic-Dynamic Alignment,"The inherent difficulty and limited scalability of collecting manipulation data using multi-fingered robot hand hardware platforms have resulted in severe data scarcity, impeding research on data-driven dexterous manipulation policy learning. To address this challenge, we present a hand-agnostic manipulation transfer system. It efficiently converts human hand manipulation sequences from demonstration videos into high-quality dexterous manipulation trajectories without requirements of massive training data. To tackle the multi-dimensional disparities between human hands and dexterous hands, as well as the challenges posed by high-degree-of-freedom coordinated control of dexterous hands, we design a progressive transfer framework: first, we establish primary control signals for dexterous hands based on kinematic matching; subsequently, we train residual policies with action space rescaling",2026,Proceedings of the AAAI Conference on Artificial Intelligence,Wenbin Bai; Qiyu Chen; Xiangbo Lin; Jw L; Quancheng Li; Hejiang Pan; Yi Sun,10.1609/aaai.v40i22.38874,,https://doi.org/10.1609/aaai.v40i22.38874,crossref,EBM transformer robotics dexterous manipulation,concept,architecture_x_embodiment,,,EBM transformer robotics; dexterous manipulation; robot hand,2026-06-12T15:07:36Z,13.650,14.650
doi:10.63313/ajet.9056,Multimodal Autonomous Navigation by Fusing Visual and Tactile Perception for Deformable Obstacle Traversal,"Autonomous mobile robots predominantly rely on visual perception for obstacle avoidance, which inherently treats all detected obstacles as rigid and impenetrable. However, in real-world environments, many obstacles such as curtains, vegetation, and flexible partitions are deformable and can be safely traversed with appropriate force control, yet visual appearance alone rarely provides reliable compliance information. This paper proposes a multimodal navigation framework that fuses exteroceptive visual sensing with proprioceptive tactile perception to assess the passability of ambiguous obstacles. A global visual planner generates an initial path, while a novel tactile-driven local passability classifier determines whether a frontal obstacle is rigid or soft. A custom CNN–LSTM network processes tactile time-series signals from a dedicated probing arm to output a haptic passability score. ",2026,Academic Journal of Emerging Technologies,ZiTong Zhou,10.63313/ajet.9056,,https://doi.org/10.63313/ajet.9056,crossref,Gaussian splatting robot perception deformable object manipulation,concept,architecture_x_embodiment,,,Gaussian splatting robot perception; deformable object manipulation; force control; tactile perception,2026-06-12T15:07:36Z,13.650,14.650
doi:10.47577/technium.v30i.12808,Advanced Brain-Controlled Actuation: Harnessing EEG Signals for Multi-Actuator Coordination In Robotics,"The amalgamation of the (Brain-Computer Interface (BCI)) technology with robots has unveiled novel possibilities in assistive devices and sophisticated human-machine interactions. This study investigates the control of different robotic systems with mental instructions derived from EEG signals. The research shows a novel method of controlling 6 DOF robotic arms with four mental commands only, which can be applicable for higher DOF robotic arms. In addition, the EEG signals were also used to control the movement of 2 wheeled mobile robots. Emotive insight detects the signals from the brain. After analysing the signals, they are converted to mental commands. These commands are sent directly to Node-RED software directly in which this software works as a medium to transfer the brain signals directly to the Arduino controller and then the robot execution is processed according to the code up",2025,Technium: Romanian Journal of Applied Sciences and Technology,Ihab Abdulrahman satam; Robert Szabolcsi,10.47577/technium.v30i.12808,,https://doi.org/10.47577/technium.v30i.12808,crossref,robotics,concept,crossref_bulk_robotics,,,human robot interaction; limitation,2026-06-12T19:29:26Z,13.650,14.650
doi:10.1109/lra.2017.2657000,"COCoMoPL: A Novel Approach for Humanoid Walking Generation Combining Optimal Control, Movement Primitives and Learning and its Transfer to the Real Robot HRP-2",,2017,IEEE Robotics and Automation Letters,Debora Clever; Monika Harant; Katja Mombaur; Maximilien Naveau; Olivier Stasse; Dominik Endres,10.1109/lra.2017.2657000,,https://doi.org/10.1109/lra.2017.2657000,crossref,humanoid robot foundation model,concept,humanoid,,26,robot foundation model; humanoid robot,2026-06-12T15:07:36Z,13.648,14.648
doi:10.1109/icra.2017.7989048,Reliable object handover through tactile force sensing and effort control in the Shadow Robot hand,,2017,2017 IEEE International Conference on Robotics and Automation (ICRA),A. Gomez Eguiluz; I. Rano; S. A. Coleman; T. M. McGinnity,10.1109/icra.2017.7989048,,https://doi.org/10.1109/icra.2017.7989048,crossref,tactile language action robotics,concept,tactile,,26,robot hand,2026-06-12T15:07:36Z,13.648,13.648
doi:10.1109/robot.2008.4543605,Grasping force control of multi-fingered robot hand based on slip detection using tactile sensor,,2008,2008 IEEE International Conference on Robotics and Automation,Daisuke Gunji; Yoshitomo Mizoguchi; Seiichi Teshigawara; Aiguo Ming; Akio Namiki; Masatoshi Ishikawaand; Makoto Shimojo,10.1109/robot.2008.4543605,,https://doi.org/10.1109/robot.2008.4543605,crossref,tactile language action robotics,concept,tactile,,59,robot hand; force control,2026-06-12T15:07:36Z,13.647,13.647
doi:10.3390/machines14020249,Force Sensing Control for Physical Human–Robot Interaction: A Transformer-Based Action Chunking Approach,"In human–robot collaboration (HRC) scenarios with direct physical contact, accurately estimating human intentions and adjusting robot behaviors based on multimodal information is the core factors that restrict the efficiency and precision of current HRC tasks. To enhance the performance of human–robot collaboration under physical contact conditions, we propose a joint network model named ACT_force_cooperative (AFC). This model leverages force sensing information as a representation of human intent to achieve human intent prediction during physical interaction, while simultaneously capturing visual information and robot state data, thereby enabling more efficient execution of human–robot collaborative tasks with multimodal information processing. Existing HRC methods often ignore humans’ collaborative experience in the environment and fail to recognize the uniqueness of interactive force ",2026,Machines,Zhenyu Pan; Weiming Wang,10.3390/machines14020249,,https://doi.org/10.3390/machines14020249,crossref,energy based transformer robot policy,concept,ebm_transformer,,1,energy based transformer robot policy; human robot interaction,2026-06-12T14:45:03Z,13.647,13.647
doi:10.1093/geroni/igaf122.4306,Latent Profiles and Predictors of Transfer-Assistive Robot Acceptance among Korean Care Workers,"Abstract In South Korea, with population aging and a growing shortage of care workers, the adoption of AgeTech in care settings has been steadily increasing, and transfer-assistive robots are increasingly considered to reduce care workers’ workload. This study aimed to identify technology acceptance typologies for transfer-assistive robots among Korean care workers and to examine factors influencing these profiles. In 2023, survey data were collected from 421 care workers engaged in transfer tasks. Latent profile analysis (LPA) across six domains—self-efficacy, anxiety, attitude, ease of use, usefulness, and intention—identified three distinct groups: (a) high-acceptance (proactive) group (53%), (b) anxiety-dominant but moderate-acceptance group (42%), and (c) low-acceptance (prospective) group (5%). Personal characteristics (gender, age, education), health characteristics (depression), ",2025,Innovation in Aging,Hee Jeong Yoon; Young Sun Kim,10.1093/geroni/igaf122.4306,,https://doi.org/10.1093/geroni/igaf122.4306,crossref,latent dynamics model robot control,concept,latent_dynamics,,1,assistive robot,2026-06-12T15:07:36Z,13.647,13.647
doi:10.1016/j.clae.2019.12.011,Myopia control and contact lenses,,2020,Contact Lens and Anterior Eye,Nicola Logan,10.1016/j.clae.2019.12.011,,https://doi.org/10.1016/j.clae.2019.12.011,crossref,contact rich manipulation learning,concept,contact,,7,contact rich manipulation,2026-06-12T15:07:36Z,13.640,13.640
doi:10.1080/01691864.2020.1842140,An inverse dynamics-based multi-contact locomotion control framework without joint torque feedback,,2020,Advanced Robotics,Rafael Cisneros-Limon; Mitsuharu Morisawa; Mehdi Benallegue; Adrien Escande; Fumio Kanehiro,10.1080/01691864.2020.1842140,,https://doi.org/10.1080/01691864.2020.1842140,crossref,latent dynamics model robotics,concept,architecture,,7,latent dynamics model robotics,2026-06-12T15:07:36Z,13.640,13.640
doi:10.5772/26389,Application of Surface Electromyographic Signals to Control Exoskeleton Robots,"method are presented in this chapter. Then, the upper-limb muscle activities during daily upper-limb motions have been studied to enable exoskeleton robots to estimate human upper-limb motions based on EMG signals of related muscles. The muscle combinations are identified to separate some motions of upper-limb. Minimum number of muscles to extract signals to control frequent daily upper-limb motions has been identified. In the next step, EMG signal of identified muscles are used to control two upper-limb exoskeleton robots. A three degree of freedom (DOF) exoskeleton robot (W-EXOS) for the forearm pronation/supination, wrist flexion/extension and ulnar/radial deviation are controlled by applying the surface EMG signals of six muscles. Surface EMG signals of upper-limb muscles are applied as input information to control a 6DOF exoskeleton robot (SUEFUL-6).",2012,InTech eBooks,R. A. R. C. Gopura; Kazuo Kiguchi,10.5772/26389,,https://doi.org/10.5772/26389,openalex,robotics,concept,openalex_bulk_robotics,,12,,2026-06-12T18:57:17Z,13.632,13.632
doi:10.1109/icra.2015.7139726,Using tactile sensation for learning contact knowledge: Discriminate collision from physical interaction,,2015,2015 IEEE International Conference on Robotics and Automation (ICRA),Saskia Golz; Christian Osendorfer; Sami Haddadin,10.1109/icra.2015.7139726,,https://doi.org/10.1109/icra.2015.7139726,crossref,contact rich manipulation learning,concept,contact,,56,contact rich manipulation,2026-06-12T15:07:36Z,13.622,13.622
doi:10.1016/s0924-4247(98)00159-9,Piezoelectric and pyroelectric transient signal analysis for detection of the temperature of a contact object for robotic tactile sensing,,1998,Sensors and Actuators A Physical,Javad Dargahi,10.1016/s0924-4247(98)00159-9,,https://doi.org/10.1016/s0924-4247(98)00159-9,openalex,robotics,concept,openalex_bulk_robotics,,50,,2026-06-12T18:57:17Z,13.616,13.616
doi:10.1109/iros.2010.5650412,Input shaping control to suppress sloshing on liquid container transfer using multi-joint robot arm,"Transfer of container filled with liquid may generate sloshing, considered an undesirable effect in many systems. This research explores the use of input shaping technique to suppress sloshing on transfer of liquid container using multi-joint robot arm. By input shaping principle, acceleration command is shaped using two impulses in such a way to cancel each other's response. Position trajectory is then translated as joint angles trajectory, which is then fed to Mitsubishi PA10-7C robot arm. Simple pendulum model with damping element is applied to analyze sloshing phenomena. Experimental results show that the employed input shaping technique reduces sloshing during and after container transfer.",2010,,Wisnu Aribowo; Tsuyoshi Yamashita; Kensei Terashima; H. Kitagawa,10.1109/iros.2010.5650412,,https://doi.org/10.1109/iros.2010.5650412,openalex,robotics,concept,openalex_bulk_robotics,,24,,2026-06-12T18:57:17Z,13.609,13.609
doi:10.3390/s24165410,Bearing Dynamics Modeling Based on the Virtual State-Space and Hammerstein–Wiener Model,"This study investigates a novel approach for assessing the health status of rotating machinery transmission systems by analyzing the dynamic degradation of bearings. The proposed method generates multi-dimensional data by creating virtual states and constructs a multi-dimensional model using virtual state-space in conjunction with mechanism model analysis. Innovatively, the Hammerstein–Wiener (HW) modeling technique from control theory is applied to identify these dynamic multi-dimensional models. The modeling experiments are performed, focusing on the model’s input and output types, the selection of nonlinear module estimators, the configuration of linear module transfer functions, and condition transfer. Dynamic degradation response signals are generated, and the method is validated using four widely recognized databases consisting of accurate measurement signals collected by vibration",2024,Sensors,Genghong Jiang; Kai Zhou; Zhaorong Li; Jianping Yan,10.3390/s24165410,,https://doi.org/10.3390/s24165410,crossref,state space model robot policy,concept,architecture,,4,state space model robot policy,2026-06-12T15:07:36Z,13.605,13.605
doi:10.1109/icras52289.2021.9476431,Research on Robot Contact Force Control Based on Adaptive Impedance Control,,2021,2021 5th International Conference on Robotics and Automation Sciences (ICRAS),Haoliang Ye; Shuo Jiang; Junzheng Wang,10.1109/icras52289.2021.9476431,,https://doi.org/10.1109/icras52289.2021.9476431,crossref,adaptive world action model robot,concept,wam,,4,world action model; adaptive world action model; force control; impedance control,2026-06-12T15:07:36Z,13.605,13.605
arxiv:2404.15189v1,Text2Grasp: Grasp synthesis by text prompts of object grasping parts,"The hand plays a pivotal role in human ability to grasp and manipulate objects and controllable grasp synthesis is the key for successfully performing downstream tasks. Existing methods that use human intention or task-level language as control signals for grasping inherently face ambiguity. To address this challenge, we propose a grasp synthesis method guided by text prompts of object grasping parts, Text2Grasp, which provides more precise control. Specifically, we present a two-stage method that includes a text-guided diffusion model TextGraspDiff to first generate a coarse grasp pose, then apply a hand-object contact optimization process to ensure both plausibility and diversity. Furthermore, by leveraging Large Language Model, our method facilitates grasp synthesis guided by task-level and personalized text descriptions without additional manual annotations. Extensive experiments dem",2024,arXiv,Xiaoyun Chang; Yi Sun,,2404.15189v1,http://arxiv.org/abs/2404.15189v1,arxiv,analytical grasping,anti_myopia,anti_thesis,,,analytical grasping,2026-06-12T15:07:36Z,13.600,16.600
doi:10.1007/978-981-95-1172-3,Control of Hardware-In-The-Loop Space Contact Simulation Robot,,2026,,Chenkun Qi; Feng Gao; Yan Hu,10.1007/978-981-95-1172-3,,https://doi.org/10.1007/978-981-95-1172-3,crossref,contact dynamics robot learning,concept,contact,,,contact dynamics,2026-06-12T14:45:03Z,13.600,13.600
doi:10.1016/j.robot.2025.105270,"A generic task model and control strategy to support learning, robust control, and generalization of contact-rich manipulation tasks",,2026,Robotics and Autonomous Systems,Ali Mousavi Mohammadi; Maxim Vochten; Erwin Aertbeliën; Joris De Schutter,10.1016/j.robot.2025.105270,,https://doi.org/10.1016/j.robot.2025.105270,crossref,contact rich manipulation learning,concept,contact,,,contact rich manipulation; generalization,2026-06-12T14:45:03Z,13.600,14.600
doi:10.1109/lra.2026.3653314,PoCoDP3: Pose- and Contact-Aware Visual-Tactile Policy for Contact-Rich 3D Manipulation,,2026,IEEE Robotics and Automation Letters,Zhaokun Yue; Ling Tong; Kun Qian,10.1109/lra.2026.3653314,,https://doi.org/10.1109/lra.2026.3653314,crossref,contact rich manipulation learning,concept,contact,,,contact rich manipulation,2026-06-12T14:45:03Z,13.600,13.600
doi:10.1109/lra.2026.3681124,Adaptive Visual-Tactile Fusion for Contact-Rich Dexterous Manipulation,,2026,IEEE Robotics and Automation Letters,Zedong Cai; Chuan Liu; Siyuan Li; Peng Liu,10.1109/lra.2026.3681124,,https://doi.org/10.1109/lra.2026.3681124,crossref,contact rich manipulation learning,concept,contact,,,contact rich manipulation; dexterous manipulation,2026-06-12T14:45:03Z,13.600,13.600
doi:10.1109/lra.2026.3701123,PGDP: Physics-Guided Diffusion Policy for Multi-Rate Control in Contact-Rich Manipulation,,2026,IEEE Robotics and Automation Letters,Deliang Zhu; Yue Li; Yang Li; Shijie Guo,10.1109/lra.2026.3701123,,https://doi.org/10.1109/lra.2026.3701123,crossref,contact rich manipulation learning,concept,contact,,,diffusion policy; contact rich manipulation,2026-06-12T14:45:03Z,13.600,13.600
doi:10.1145/3776734.3794528,HumanoidVLM: Vision-Language-Guided Impedance Control for Contact-Rich Humanoid Manipulation,,2026,Companion Proceedings of the 21st ACM/IEEE International Conference on Human-Robot Interaction,Yara Mahmoud; Yasheerah Yaqoot; Miguel Altamirano Cabrera; Dzmitry Tsetserukou,10.1145/3776734.3794528,,https://doi.org/10.1145/3776734.3794528,crossref,contact rich manipulation learning,concept,contact,,,contact rich manipulation; impedance control,2026-06-12T14:45:03Z,13.600,13.600
doi:10.1109/iecon58223.2025.11221264,Progressive Domain Transfer Learning for Contact-rich Hand-Tool-Environment Interaction,,2025,IECON 2025 – 51st Annual Conference of the IEEE Industrial Electronics Society,Jinke Yao; Wenxin Zhu; Yilin Lang; Qinyuan Ren,10.1109/iecon58223.2025.11221264,,https://doi.org/10.1109/iecon58223.2025.11221264,crossref,contact rich manipulation learning,concept,contact,,,contact rich manipulation,2026-06-12T14:45:03Z,13.600,13.600
doi:10.3901/jme.2025.10.395,Research Progress on Contact-rich Automated Assembly Methods：Learning Robotic Assembly Contact Force Control Skills,,2025,Journal of Mechanical Engineering,,10.3901/jme.2025.10.395,,https://doi.org/10.3901/jme.2025.10.395,crossref,contact rich manipulation learning,concept,contact,,,contact rich manipulation; force control,2026-06-12T14:45:03Z,13.600,13.600
doi:10.23919/ecc65951.2025.11187094,Smoothed Distance Functions for Direct Optimal Control of Contact-Rich Systems,,2025,2025 European Control Conference (ECC),Christian Dietz; Sebastian Albrecht; Armin Nurkanović; Moritz Diehl,10.23919/ecc65951.2025.11187094,,https://doi.org/10.23919/ecc65951.2025.11187094,crossref,contact rich manipulation learning,concept,contact,,,contact rich manipulation,2026-06-12T14:45:03Z,13.600,14.600
doi:10.1109/lra.2025.3645656,A Control Framework With Tactile Diffusion Policy and Variable Impedance for Unknown Surface Tracking,,2026,IEEE Robotics and Automation Letters,Zhiyi Li; Shenyuan Deng; Chao Zeng; Chenguang Yang,10.1109/lra.2025.3645656,,https://doi.org/10.1109/lra.2025.3645656,crossref,diffusion policy robot manipulation,concept,diffusion,,,diffusion policy; robot manipulation,2026-06-12T14:45:03Z,13.600,13.600
doi:10.1109/tmech.2026.3687919,NeuralTouch: Neural Descriptors for Precise Sim-to-Real Tactile Robot Control,,2026,IEEE/ASME Transactions on Mechatronics,Yijiong Lin; Bowen Deng; Keju Pu; Chenghua Lu; Max Yang; Efi Psomopoulou; Nathan F. Lepora,10.1109/tmech.2026.3687919,,https://doi.org/10.1109/tmech.2026.3687919,crossref,sim to real robot manipulation,concept,sim2real,,,robot manipulation,2026-06-12T14:45:03Z,13.600,14.600
doi:10.1109/tfr.2026.3690128,Sim-to-Real Transfer and Robustness Evaluation of Reinforcement Learning Control With Integrated Perception on an ASV for Floating Waste Capture,,2026,IEEE Transactions on Field Robotics,Luis F. W. Batista; Stéphanie Aravecchia; Cédric Pradalier,10.1109/tfr.2026.3690128,,https://doi.org/10.1109/tfr.2026.3690128,crossref,sim to real robot manipulation,concept,sim2real,,,robot manipulation; sim to real transfer; robustness,2026-06-12T14:45:03Z,13.600,16.600
doi:10.1016/b978-0-44-321913-9.00010-2,Tactile information—contact level,,2025,Tactile Robotics,Qiang Li,10.1016/b978-0-44-321913-9.00010-2,,https://doi.org/10.1016/b978-0-44-321913-9.00010-2,crossref,tactile language action robotics,concept,tactile,,,,2026-06-12T14:45:03Z,13.600,13.600
doi:10.1016/j.birob.2026.100324,CLTP: Contrastive Language-Tactile Pre-training for 3D contact geometry understanding,,2026,Biomimetic Intelligence and Robotics,Wenxuan Ma; Xiaoge Cao; Yixiang Zhang; Chaofan Zhang; Shaobo Yang; Peng Hao; Bin Fang; Yinghao Cai; Shaowei Cui; Shuo Wang,10.1016/j.birob.2026.100324,,https://doi.org/10.1016/j.birob.2026.100324,crossref,tactile language action robotics,concept,tactile,,,,2026-06-12T14:45:03Z,13.600,13.600
doi:10.1016/j.robot.2026.105498,SPLIT: Separating physical-contact via latent arithmetic in image-based tactile sensors,,2026,Robotics and Autonomous Systems,Wadhah Zai El Amri; Nicolás Navarro-Guerrero,10.1016/j.robot.2026.105498,,https://doi.org/10.1016/j.robot.2026.105498,crossref,tactile language action robotics,concept,tactile,,,,2026-06-12T14:45:03Z,13.600,13.600
doi:10.1016/j.robot.2025.105319,A self-supervised learning approach to acquire representation of concave object manipulation with sparse tactile sensing,,2026,Robotics and Autonomous Systems,Daiki Takamori; Yuichi Kobayashi; Tomohiro Hayakawa; Kosuke Hara; Dotaro Usui,10.1016/j.robot.2025.105319,,https://doi.org/10.1016/j.robot.2025.105319,crossref,tactile language action robotics,concept,tactile,,,self supervised learning,2026-06-12T14:45:03Z,13.600,13.600
doi:10.1016/j.robot.2026.105562,Trajectory generation for contact-based routing of deformable linear objects using model predictive control using differentiable simulations,,2026,Robotics and Autonomous Systems,Changjian Ying; Kimitoshi Yamazaki,10.1016/j.robot.2026.105562,,https://doi.org/10.1016/j.robot.2026.105562,crossref,energy based model robotics,concept,architecture,,,energy based model robotics; model predictive control,2026-06-12T14:45:03Z,13.600,14.600
doi:10.1080/01691864.2025.2599949,On the contact dynamics and adaptive fuzzy sliding mode impedance control for 4-PS parallel mechanism with model uncertainties and external disturbances,,2026,Advanced Robotics,Peng Liu; Linpeng Wang; Xuechao Duan; Xiangang Cao; Qinghua Mao; Zhen Nie; Jing Xia,10.1080/01691864.2025.2599949,,https://doi.org/10.1080/01691864.2025.2599949,crossref,latent dynamics model robotics,concept,architecture,,,latent dynamics model robotics; contact dynamics; impedance control,2026-06-12T14:45:03Z,13.600,13.600
doi:10.1109/iccsie65832.2025.00017,Cross-Domain Transfer Method for 3D Scenes Based on Neural Radiance Field Representation,,2025,2025 10th International Conference on Cyber Security and Information Engineering (ICCSIE),Xinyu Wang; Boyan Ji; Wei Xing; Huaizhong Lin; Lei Zhao,10.1109/iccsie65832.2025.00017,,https://doi.org/10.1109/iccsie65832.2025.00017,crossref,neural radiance field robotics,concept,architecture,,,neural radiance field robotics,2026-06-12T14:45:03Z,13.600,13.600
doi:10.1109/lra.2025.3640979,Tracing Energy Flow: Learning Tactile-Based Grasping Force Control to Reduce Slippage in Dynamic Object Interaction,,2026,IEEE Robotics and Automation Letters,Cheng-Yu Kuo; Hirofumi Shin; Takamitsu Matsubara,10.1109/lra.2025.3640979,,https://doi.org/10.1109/lra.2025.3640979,crossref,energy based model robot learning,concept,ebm,,,force control,2026-06-12T15:07:36Z,13.600,13.600
doi:10.1109/lra.2026.3692082,Dynamic Policy Learning for Legged Robot With Simplified Model Pretraining and Model-Homotopy-Inspired Transfer,,2026,IEEE Robotics and Automation Letters,Dongyun Kang; Min-Gyu Kim; Tae-Gyu Song; Hajun Kim; Sehoon Ha; Hae-Won Park,10.1109/lra.2026.3692082,,https://doi.org/10.1109/lra.2026.3692082,crossref,energy based model robot learning,concept,ebm,,,,2026-06-12T15:07:36Z,13.600,13.600
doi:10.11159/cdsr25.123,Model Transfer and Selection Control under Varying and Faulty Conditions,,2025,"International Conference of Control, Dynamic Systems, and Robotics Proceedings of the 12th International Conference on Control, Dynamic Systems, and Robotics (CDSR 2025)",Yunbo Li; Long Zhang,10.11159/cdsr25.123,,https://doi.org/10.11159/cdsr25.123,crossref,world action model robotics,concept,wam,,,world action model,2026-06-12T15:07:36Z,13.600,13.600
doi:10.1109/raai67517.2025.11423198,A Telemanipulation System with Constraint-Aware Shared-Control for Contact-Rich Robot Tasks,,2025,"2025 5th International Conference on Robotics, Automation, and Artificial Intelligence (RAAI)",Qilong Yuan; Keng Peng Tee,10.1109/raai67517.2025.11423198,,https://doi.org/10.1109/raai67517.2025.11423198,crossref,contact dynamics robot learning,concept,contact,,,contact dynamics,2026-06-12T15:07:36Z,13.600,13.600
doi:10.1109/aim64088.2025.11175855,Suction Force Control of Non-Contact Swirling Suction Cup Based Robot Adhesion Foot,,2025,2025 IEEE/ASME International Conference on Advanced Intelligent Mechatronics (AIM),Yibiao Liu; Cong Wang; Yong Lei,10.1109/aim64088.2025.11175855,,https://doi.org/10.1109/aim64088.2025.11175855,crossref,contact dynamics robot learning,concept,contact,,,contact dynamics; force control,2026-06-12T15:07:36Z,13.600,13.600
doi:10.23919/iccas66577.2025.11301394,Design and Implementation of Contact Force Control for an Omnidirectional Mobile Robot-Based Haptic Device,,2025,"2025 25th International Conference on Control, Automation and Systems (ICCAS)",Leonardo Tamez Gloria; Masaaki Toyokura; Taisei Mikami; Yongyut Pattanapong; Takanori Miyoshi,10.23919/iccas66577.2025.11301394,,https://doi.org/10.23919/iccas66577.2025.11301394,crossref,contact dynamics robot learning,concept,contact,,,contact dynamics; force control,2026-06-12T15:07:36Z,13.600,13.600
doi:10.1109/aim64088.2025.11175733,Simultaneous Minimum-time Transition and Oscillation Supression of Robot Contact Force Control: a Trajectory Planning Approach,,2025,2025 IEEE/ASME International Conference on Advanced Intelligent Mechatronics (AIM),Xueying Zhao; Mingxing Yuan; Zixuan Huo; Junsheng Huang; Xuebo Zhang,10.1109/aim64088.2025.11175733,,https://doi.org/10.1109/aim64088.2025.11175733,crossref,contact dynamics robot learning,concept,contact,,,contact dynamics; force control,2026-06-12T15:07:36Z,13.600,13.600
doi:10.1360/sspma-2024-0285,Multi-rate model predictive control based tracking control for on-orbit manipulation through contact,,2025,"SCIENTIA SINICA Physica, Mechanica & Astronomica",ZHENG ZiXuan; LI Chen; ZHANG JunHua; WANG YingJie,10.1360/sspma-2024-0285,,https://doi.org/10.1360/sspma-2024-0285,crossref,contact rich manipulation learning,concept,contact,,,contact rich manipulation; model predictive control,2026-06-12T15:07:36Z,13.600,14.600
doi:10.1109/3m-nano65639.2025.11261038,A Contact Force Control Method for Weak Stiffness Micro Parts Based on Optimized BP Neural Network,,2025,"2025 IEEE International Conference on Manipulation, Manufacturing and Measurement on the Nanoscale (3M-NANO)",Beichao Shi; Fujun Wang; Zhichen Huo; Yanling Tian; Hongqiang Lu; Cunman Liang,10.1109/3m-nano65639.2025.11261038,,https://doi.org/10.1109/3m-nano65639.2025.11261038,crossref,contact rich manipulation learning,concept,contact,,,contact rich manipulation; force control,2026-06-12T15:07:36Z,13.600,13.600
doi:10.1109/iros60139.2025.11247255,Optimization Based Human-Guided Variable-Stiffness Visual Impedance Control for Contact-Rich Tasks,,2025,2025 IEEE/RSJ International Conference on Intelligent Robots and Systems (IROS),Jiao Jiang; Yaonan Wang; Yiming Jiang; Danping Zeng; Chao Zeng; Chenguang Yang; Hui Zhang,10.1109/iros60139.2025.11247255,,https://doi.org/10.1109/iros60139.2025.11247255,crossref,contact rich manipulation learning,concept,contact,,,contact rich manipulation; impedance control,2026-06-12T15:07:36Z,13.600,13.600
doi:10.1007/978-3-032-09051-5_11,Foothold Planning for Hexapod Locomotion Based on FCP Gait Control Including the Foremost Leg to Contact,,2026,Lecture Notes in Networks and Systems AI Enabled Robotic Loco-Manipulation,Hirotaka Hosogaya; Shinkichi Inagaki; Ryota Kato; Ritsuki Kobayashi; Tatsuya Suzuki,10.1007/978-3-032-09051-5_11,,https://doi.org/10.1007/978-3-032-09051-5_11,crossref,contact rich manipulation learning,concept,contact,,,contact rich manipulation,2026-06-12T15:07:36Z,13.600,13.600
doi:10.1109/newcas64648.2025.11107072,Machine Learning Based Contact Force Estimation Using a PVDF Tactile Sensing System,,2025,2025 23rd IEEE Interregional NEWCAS Conference (NEWCAS),Mohamad Yaacoub; Razan Khalifeh; Christian Gianoglio; Ali Ibrahim; Lucia Seminara,10.1109/newcas64648.2025.11107072,,https://doi.org/10.1109/newcas64648.2025.11107072,crossref,contact rich manipulation learning,concept,contact,,,contact rich manipulation,2026-06-12T15:07:36Z,13.600,13.600
doi:10.1109/gaiis69281.2026.11519357,Dynamic Grounding Coordination for Sim-to-Real Transfer in Multi-Agent Traffic Control,,2026,2026 International Conference on Generative Artificial Intelligence and Information Security (GAIIS),Wang Qiang,10.1109/gaiis69281.2026.11519357,,https://doi.org/10.1109/gaiis69281.2026.11519357,crossref,sim to real robot manipulation,concept,sim2real,,,robot manipulation; sim to real transfer,2026-06-12T15:07:36Z,13.600,14.600
doi:10.1080/01691864.2025.2570105,Spider web bio-inspired soft tactile sensor for locating indentation and sliding load in large contact area,,2025,Advanced Robotics,Hiep Xuan Trinh; Cong Ich Le; Trang Xuan Mai,10.1080/01691864.2025.2570105,,https://doi.org/10.1080/01691864.2025.2570105,crossref,tactile language action robotics,concept,tactile,,,,2026-06-12T15:07:36Z,13.600,13.600
doi:10.1109/icra55743.2025.11127322,Shared Control for Cable Routing with Tactile Sensing,,2025,2025 IEEE International Conference on Robotics and Automation (ICRA),Ange Bao; Haoran Zheng; Xiaohang Shi; Pei Zhao,10.1109/icra55743.2025.11127322,,https://doi.org/10.1109/icra55743.2025.11127322,crossref,tactile language action robotics,concept,tactile,,,,2026-06-12T15:07:36Z,13.600,13.600
doi:10.1016/j.robot.2026.105484,Compliant control strategies for scrubbing tasks in intelligent assistive bathing robots: Integration of machine vision and tactile force sensing,,2026,Robotics and Autonomous Systems,Peng Xu; Shikai Feng; Xiaojin Liu; Qiaoling Meng; Hongliu Yu,10.1016/j.robot.2026.105484,,https://doi.org/10.1016/j.robot.2026.105484,crossref,tactile language action robotics,concept,tactile,,,,2026-06-12T15:07:36Z,13.600,13.600
doi:10.1109/rcar65431.2025.11139633,Robotic grasping control employing tactile image sensor with strain-sensing polymer,,2025,2025 IEEE International Conference on Real-time Computing and Robotics (RCAR),Daiki Ishida; Kazuhiro Shimonomura,10.1109/rcar65431.2025.11139633,,https://doi.org/10.1109/rcar65431.2025.11139633,crossref,tactile language action robotics,concept,tactile,,,,2026-06-12T15:07:36Z,13.600,13.600
doi:10.1109/icra55743.2025.11127425,Learning Active Tactile Perception Through Belief-Space Control,,2025,2025 IEEE International Conference on Robotics and Automation (ICRA),Jean-François Tremblay; David Meger; Francois R. Hogan; Gregory Dudek,10.1109/icra55743.2025.11127425,,https://doi.org/10.1109/icra55743.2025.11127425,crossref,tactile language action robotics,concept,tactile,,,tactile perception,2026-06-12T15:07:36Z,13.600,13.600
doi:10.1109/robosoft67810.2026.11522842,Development of a Force Distribution Control System for Tactile Force Reproduction Using a Fabric Actuator,,2026,2026 IEEE 9th International Conference on Soft Robotics (RoboSoft),Ayato Kuno; Shinichi Masaoka; Yanhong Peng; Yuki Funabora,10.1109/robosoft67810.2026.11522842,,https://doi.org/10.1109/robosoft67810.2026.11522842,crossref,tactile language action robotics,concept,tactile,,,,2026-06-12T15:07:36Z,13.600,13.600
doi:10.1109/lra.2026.3699162,Geometrically Consistent Tactile Servoing via Hybrid Force-Position Control at the Center of Pressure,,2026,IEEE Robotics and Automation Letters,Sébastien Kleff; Lucas Joseph; Vincent Padois,10.1109/lra.2026.3699162,,https://doi.org/10.1109/lra.2026.3699162,crossref,tactile language action robotics,concept,tactile,,,,2026-06-12T15:07:36Z,13.600,13.600
doi:10.5302/j.icros.2015.15.0005,Development of Contact Force Measurement Algorithm for a 3D Printing-type Flexible Tactile Sensor,,2015,"Journal of Institute of Control, Robotics and Systems",Kyeong-Hwa Jeong; Ju-Kyoung Lee; Suk Lee; Kyung-Chang Lee,10.5302/j.icros.2015.15.0005,,https://doi.org/10.5302/j.icros.2015.15.0005,crossref,tactile language action robotics,concept,tactile,,,,2026-06-12T15:07:36Z,13.600,13.600
doi:10.1109/robosoft67810.2026.11522886,Towards Scalable Multi-Contact Tactile Sensing with Two-Tower Neural Networks in EIT-Based Skins,,2026,2026 IEEE 9th International Conference on Soft Robotics (RoboSoft),Nandini Chavda; Gloria PouWai Lei; Yunqi Huang; Kiyanoush Nazari; Thomas George Thuruthel,10.1109/robosoft67810.2026.11522886,,https://doi.org/10.1109/robosoft67810.2026.11522886,crossref,tactile language action robotics,concept,tactile,,,,2026-06-12T15:07:36Z,13.600,13.600
doi:10.1109/icra55743.2025.11128719,Exploring the Domain-Invariant Flow Representation in Vision-Based Tactile Sensors for Omni-Hardness Perception,,2025,2025 IEEE International Conference on Robotics and Automation (ICRA),Xuewen Yang; Nan Wang; Jiayang Gu; Yugang Zhang; Guoyu Wang; Aiguo Song,10.1109/icra55743.2025.11128719,,https://doi.org/10.1109/icra55743.2025.11128719,crossref,tactile language action robotics,concept,tactile,,,,2026-06-12T15:07:36Z,13.600,13.600
doi:10.1109/lra.2026.3665445,Cooperative Object Transport and Assembly: Pose/Force Control by Visual-Tactile Feedback,,2026,IEEE Robotics and Automation Letters,Marco De Simone; Marco Costanzo; Giuseppe De Maria; Ciro Natale,10.1109/lra.2026.3665445,,https://doi.org/10.1109/lra.2026.3665445,crossref,tactile language action robotics,concept,tactile,,,force control,2026-06-12T15:07:36Z,13.600,13.600
doi:10.1109/lra.2026.3653324,Simultaneous Extrinsic Contact and In-Hand Pose Estimation via Distributed Tactile Sensing,,2026,IEEE Robotics and Automation Letters,Mark Van der Merwe; Kei Ota; Dmitry Berenson; Nima Fazeli; Devesh K. Jha,10.1109/lra.2026.3653324,,https://doi.org/10.1109/lra.2026.3653324,crossref,tactile language action robotics,concept,tactile,,,,2026-06-12T15:07:36Z,13.600,13.600
doi:10.1109/lra.2026.3692034,OSMO: Open-Source Tactile Glove for Human-to-Robot Skill Transfer,,2026,IEEE Robotics and Automation Letters,Jessica Yin; Haozhi Qi; Youngsun Wi; Sayantan Kundu; Mike Lambeta; William Yang; Changhao Wang; Tingfan Wu; Jitendra Malik; Tess Hellebrekers,10.1109/lra.2026.3692034,,https://doi.org/10.1109/lra.2026.3692034,crossref,tactile language action robotics,concept,tactile,,,,2026-06-12T15:07:36Z,13.600,13.600
doi:10.1007/978-3-032-11903-2_6,A Fuzzy Logic Control for Tactile Antenna-Based Wall-Following in Autonomous Robots,,2026,Lecture Notes in Computer Science Interactive Collaborative Robotics,Dung Tien Nguyen; Lac Van Duong,10.1007/978-3-032-11903-2_6,,https://doi.org/10.1007/978-3-032-11903-2_6,crossref,tactile language action robotics,concept,tactile,,,,2026-06-12T15:07:36Z,13.600,13.600
doi:10.1109/tim.2026.3667306,A Contact-Model-Guided Visuotactile Sensor Enabling Simultaneous Measurement of Hardness and Tactile Information,,2026,IEEE Transactions on Instrumentation and Measurement,Xiangyu Mi; Ke Qiu; Pingyu Xiang; Shudong Wang; Rong Xiong; Yue Wang; Xiazhen Yu; Haojian Lu,10.1109/tim.2026.3667306,,https://doi.org/10.1109/tim.2026.3667306,crossref,visuotactile robot manipulation,concept,tactile,,,robot manipulation,2026-06-12T15:07:36Z,13.600,13.600
doi:10.1109/iccsie65832.2025.00073,A 3D Scene Diversity Cross-Domain Transfer Method Based on Explicit Mesh Radiance Field Representation,,2025,2025 10th International Conference on Cyber Security and Information Engineering (ICCSIE),Xinyu Wang; Boyan Ji; Wei Xing; Huaizhong Lin; Lei Zhao,10.1109/iccsie65832.2025.00073,,https://doi.org/10.1109/iccsie65832.2025.00073,crossref,neural radiance field robotics,concept,architecture,,,neural radiance field robotics,2026-06-12T15:07:36Z,13.600,13.600
doi:10.1038/s41598-026-41454-x,U-Trans: a foundation model for seismic waveform representation and enhanced downstream earthquake tasks,,2026,Scientific Reports,Omar M. Saad; Yangkang Chen; Tariq Alkhalifah,10.1038/s41598-026-41454-x,,https://doi.org/10.1038/s41598-026-41454-x,crossref,robot foundation model,concept,architecture,,,robot foundation model,2026-06-12T15:07:36Z,13.600,13.600
doi:10.1016/j.conengprac.2025.106674,Trajectory-aware feedforward admittance control for contact force tracking with time-varying reference trajectory in a teleoperated robotic ultrasound system,,2026,Control Engineering Practice,Sen Li; Yufan Pi; Weihua Li; Giuseppe Carbone; Kai Wu,10.1016/j.conengprac.2025.106674,,https://doi.org/10.1016/j.conengprac.2025.106674,crossref,trajectory transformer,concept,architecture,,,trajectory transformer,2026-06-12T15:07:36Z,13.600,13.600
doi:10.1016/j.robot.2026.105468,Comparative analysis of force control strategies to reduce impact and rebound in industrial robotic arms for stable contact in manufacturing disassembly,,2026,Robotics and Autonomous Systems,Unai Granados; Axier Ugartemendia; Jorge Juan Gil; Emilio Sanchez,10.1016/j.robot.2026.105468,,https://doi.org/10.1016/j.robot.2026.105468,crossref,EBM transformer robotics contact rich manipulation,concept,architecture_x_embodiment,,,EBM transformer robotics; contact rich manipulation; industrial robot; force control,2026-06-12T15:07:36Z,13.600,13.600
doi:10.1016/j.birob.2026.100291,Reducing user training burden for myoelectric prosthetic hand control with CNN–LDA temporal-spectral transfer learning,,2026,Biomimetic Intelligence and Robotics,Hongquan Le; Marc in het Panhuis; Gursel Alici,10.1016/j.birob.2026.100291,,https://doi.org/10.1016/j.birob.2026.100291,crossref,robotics,concept,crossref_bulk_robotics,,,,2026-06-12T19:29:26Z,13.600,13.600
doi:10.5772/5826,Time-Frequency Representation of Signals Using Kalman Filter,,2008,Robotics Automation and Control,Jindrich Liska; Eduard Janecek,10.5772/5826,,https://doi.org/10.5772/5826,crossref,robotics,concept,crossref_bulk_robotics,,,,2026-06-12T19:29:26Z,13.600,13.600
doi:10.15607/rss.2025.xxi.135,emg2tendon: From sEMG Signals to Tendon Control in Musculoskeletal Hands,,2025,Robotics: Science and Systems XXI,Sagar Verma,10.15607/rss.2025.xxi.135,,https://doi.org/10.15607/rss.2025.xxi.135,crossref,robotics,concept,crossref_bulk_robotics,,,,2026-06-12T19:29:26Z,13.600,13.600
doi:10.1016/j.robot.2026.105559,Kinematic analysis and optimized self-adaptive impedance control of a compliant underactuated gripper featuring contact-aided flexure hinges,,2026,Robotics and Autonomous Systems,Weilin Chen; Yangfei Bai; Xiangting Chen; Mingxian Huang; Qinghua Lu; Zehao Wu; Huiling Wei; Lingbo Xie; Qinghua Zhang,10.1016/j.robot.2026.105559,,https://doi.org/10.1016/j.robot.2026.105559,crossref,robotics,concept,crossref_bulk_robotics,,,impedance control,2026-06-12T19:29:26Z,13.600,13.600
doi:10.1109/icra55743.2025.11127841,Manipulability Transfer and Tracking Control: Bridging Domain Adaptation with Predictive Feasibility,,2025,2025 IEEE International Conference on Robotics and Automation (ICRA),Yuhe Gong; Hao Xing; Guo Yu; Luis Figueredo,10.1109/icra55743.2025.11127841,,https://doi.org/10.1109/icra55743.2025.11127841,crossref,robotics,concept,crossref_bulk_robotics,,,,2026-06-12T19:29:26Z,13.600,13.600
doi:10.1109/icara64554.2025.10977583,Deep Learning-Based Implementation of Telerobotic Control with Gesture Recognition from EMG Signals,,2025,"2025 11th International Conference on Automation, Robotics, and Applications (ICARA)",Péter Zsoldos; Balázs Nagy; Feki Pangestu Wijaya,10.1109/icara64554.2025.10977583,,https://doi.org/10.1109/icara64554.2025.10977583,crossref,robotics,concept,crossref_bulk_robotics,,,,2026-06-12T19:29:26Z,13.600,13.600
doi:10.1109/robosoft63089.2025.11020909,Parametric curve-based State-Space Representation for Shape Control of Soft-Continuum Manipulators,,2025,2025 IEEE 8th International Conference on Soft Robotics (RoboSoft),Loic Bal; Steeve Mbakop; Guilherme Espindola-Winck; Christophe Sueur; Rochdi Merzouki,10.1109/robosoft63089.2025.11020909,,https://doi.org/10.1109/robosoft63089.2025.11020909,crossref,robotics,concept,crossref_bulk_robotics,,,,2026-06-12T19:29:26Z,13.600,13.600
doi:10.15607/rss.2023.xix.025,RT-1: Robotics Transformer for Real-World Control at Scale,"By transferring knowledge from large, diverse, taskagnostic datasets, modern machine learning models can solve specific downstream tasks either zero-shot or with small taskspecific datasets to a high level of performance.While this capability has been demonstrated in other fields such as computer vision, natural language processing or speech recognition, it remains to be shown in robotics, where the generalization capabilities of the models are particularly critical due to the difficulty of collecting real-world robotic data.We argue that one of the keys to the success of such general robotic models lies with open-ended task-agnostic training, combined with highcapacity architectures that can absorb all of the diverse, robotic data.In this paper, we present a model class, dubbed Robotics Transformer, that exhibits promising scalable model properties.We verify our conclusions in a study o",2023,,Anthony Brohan; Noah Brown; Justice Carbajal; Yevgen Chebotar; Joseph Dabis; Chelsea Finn; Keerthana Gopalakrishnan; Karol Hausman; Alexander Herzog; Jasmine Hsu; Julian Ibarz; Brian Ichter; Alex Irpan; Tomas Jackson; Sally Jesmonth; Nikhil Joshi; Ryan Julian; Dmitry Kalashnikov; Yuheng Kuang; Isabel Leal,10.15607/rss.2023.xix.025,,https://doi.org/10.15607/rss.2023.xix.025,openalex,energy based model robot learning,concept,ebm,,515,generalization,2026-06-12T18:05:07Z,13.600,15.600
doi:10.1109/iros40897.2019.8968158,Development of an adaptive hexapod robot based on Follow-the-contact-point gait control and Timekeeper control,,2019,2019 IEEE/RSJ International Conference on Intelligent Robots and Systems (IROS),Yuki Murata; Shinkichi Inagaki; Tatsuya Suzuki,10.1109/iros40897.2019.8968158,,https://doi.org/10.1109/iros40897.2019.8968158,crossref,contact dynamics robot learning,concept,contact,,10,contact dynamics,2026-06-12T15:07:36Z,13.599,13.599
doi:10.1038/s41467-024-51261-5,Multimodal tactile sensing fused with vision for dexterous robotic housekeeping,"As robots are increasingly participating in our daily lives, the quests to mimic human abilities have driven the advancements of robotic multimodal senses. However, current perceptual technologies still unsatisfied robotic needs for home tasks/environments, particularly facing great challenges in multisensory integration and fusion, rapid response capability, and highly sensitive perception. Here, we report a flexible tactile sensor utilizing thin-film thermistors to implement multimodal perceptions of pressure, temperature, matter thermal property, texture, and slippage. Notably, the tactile sensor is endowed with an ultrasensitive (0.05 mm/s) and ultrafast (4 ms) slip sensing that is indispensable for dexterous and reliable grasping control to avoid crushing fragile objects or dropping slippery objects. We further propose and develop a robotic tactile-visual fusion architecture that se",2024,Nature Communications,Qian Mao; Zijian Liao; Jinfeng Yuan; Rong Zhu,10.1038/s41467-024-51261-5,,https://doi.org/10.1038/s41467-024-51261-5,openalex,energy based model robot learning,concept,ebm,,132,,2026-06-12T18:05:07Z,13.595,13.595
doi:10.1115/detc2018-86378,Curvature Theory on Contact and Transfer Characteristics of Enveloping Curves,"In differential geometry, a curve is characterized by the curvature properties and so is a point trajectory in curvature theory. However, due to the rolling and sliding between contact curves, the characterization of enveloping curves embedded on rigid bodies in relative motion is not complete without the transfer (or shifting) characteristics of the contact point. This paper presents the new perspectives and the first comprehensive theory on not only the curvature characteristics but also the transfer characteristics between enveloping curves embedded on rigid bodies. The paper contains three parts. In the first part, a point traces a curve on the moving body and consequently traces a curve on the fixed body. Both generated curves form a pair of enveloping curves. This part establishes the foundation of the paper. Because each enveloping curve is treated as a point trajectory. One may e",2018,Volume 5B: 42nd Mechanisms and Robotics Conference,Kwun-Lon Ting; Cody Leeheng Chan,10.1115/detc2018-86378,,https://doi.org/10.1115/detc2018-86378,crossref,EBM transformer robotics contact rich manipulation,concept,architecture_x_embodiment,,3,EBM transformer robotics; contact rich manipulation,2026-06-12T15:07:36Z,13.593,13.593
doi:10.1109/icra.2016.7487126,Robotic grasp control with high-resolution combined tactile and proximity sensing,,2016,2016 IEEE International Conference on Robotics and Automation (ICRA),Kazuhiro Shimonomura; Hiroto Nakashima; Kentaro Nozu,10.1109/icra.2016.7487126,,https://doi.org/10.1109/icra.2016.7487126,crossref,tactile language action robotics,concept,tactile,,35,,2026-06-12T15:07:36Z,13.592,13.592
doi:10.1109/icra.2017.7989188,Control of linear and rotational slippage based on six-axis force/tactile sensor,,2017,2017 IEEE International Conference on Robotics and Automation (ICRA),Andrea Cirillo; Pasquale Cirillo; Giuseppe De Maria; Ciro Natale; Salvatore Pirozzi,10.1109/icra.2017.7989188,,https://doi.org/10.1109/icra.2017.7989188,crossref,tactile language action robotics,concept,tactile,,23,,2026-06-12T15:07:36Z,13.589,13.589
doi:10.1109/iros.2013.6697136,A modally adaptive control for multi-contact cyclic motions in compliantly actuated robotic systems,"Compliant actuators in robotic systems improve robustness against rigid impacts and increase the performance and efficiency of periodic motions such as hitting, jumping and running. However, in the case of rigid impacts, as they can occur during hitting or running, the system behavior is changed compared to free motions which turns the control into a challenging task. We introduce a controller that excites periodic motions along the direction of an intrinsic mechanical oscillation mode. The controller requires no model knowledge and adapts to a modal excitation by means of measurement of the states. We experimentally show that the controller is able to stabilize a hitting motion on the variable stiffness robot DLR Hand Arm System. Further, we demonstrate by simulation that the approach applies for legged robotic systems with compliantly actuated joints. The controlled system can approach",2013,,Dominic Lakatos; Martin Görner; Florian Petit; Alexander Dietrich; Alin Albu‐Schäffer,10.1109/iros.2013.6697136,,https://doi.org/10.1109/iros.2013.6697136,openalex,robotics,concept,openalex_bulk_robotics,,23,robustness,2026-06-12T18:57:17Z,13.589,14.589
doi:10.3844/jcssp.2016.246.254,Robot Control Using Natural Instructions Via Visual and Tactile Sensations,"Stress-free interaction between humans and robots is necessary to support humans in daily life. In order to achieve this, we anticipate the development of new robots equipped with tactile and vision sensors for receiving human instructions. In this article, we focus on spontaneous movements that do not require training, such as pointing and force adjustment and that are suitable for daily care. These movements, which we call natural instructions, involve the transmission of human instructions to robots. In this experiment, we examine a robot equipped with vision and tactile sensors capable of receiving natural instructions. Our new robot accomplishes a retrieving and passing task using the natural instructions of finger pointing and tapping with the palm.",2016,Journal of Computer Science,Takuya Ikai; Shota Kamiya; Masahiro Ohka,10.3844/jcssp.2016.246.254,,https://doi.org/10.3844/jcssp.2016.246.254,openalex,robotics,concept,openalex_bulk_robotics,,15,,2026-06-12T18:57:17Z,13.586,13.586
doi:10.1076/0042-3114(200002)33:2;1-1;ft069,Innovative Solutions for Overhead Catenary-Pantograph System: Wire Actuated Control and Observed Contact Force,,2000,Vehicle System Dynamics,Aldo Balestrino; Ottorino Bruno; Alberto Landi; Luca Sani,10.1076/0042-3114(200002)33:2;1-1;ft069,,https://doi.org/10.1076/0042-3114(200002)33:2;1-1;ft069,crossref,contact dynamics robot learning,concept,contact,,52,contact dynamics,2026-06-12T15:07:36Z,13.585,13.585
doi:10.1177/02783649241249194,Unified force-impedance control,"Unified force-impedance control (UFIC) aims at integrating the advantages of impedance control and force control. Compliance and exact force regulation are equally important abilities in modern robot manipulation. The developed passivity-based framework builds on the energy tank concept and is suitable for serial rigid and flexible-joint robots. Furthermore, it is able to deal either with direct force measurements or model-based contact force estimation. Thus, in this theoretical framework, the most relevant practical systems are covered and shown to be stable for arbitrary passive environments. Particular focus is also laid on a robust impedance-based contact/non-contact stabilization methodology that prevents abrupt, unwanted, and potentially dangerous movements of the manipulator in case of contact loss, a well-known problem of both impedance and force control. The validity of the app",2024,The International Journal of Robotics Research,Sami Haddadin; Erfan Shahriari,10.1177/02783649241249194,,https://doi.org/10.1177/02783649241249194,crossref,classical control robotics,anti_myopia,anti_thesis,,42,robot manipulation; force control; impedance control; classical control robotics,2026-06-12T15:07:36Z,13.581,17.581
doi:10.1016/j.promfg.2015.07.296,Towards a Robotic Knee Exoskeleton Control Based on Human Motion Intention through EEG and sEMGsignals,"The integration of lower limb exoskeletons with robotic walkers allows obtaining a system to improve mobility and security during gait rehabilitation. In this work, the evaluation of human motion intention (HMI) based on electroencephalogram (EEG) and surface electromyography (sEMG) signals are analyzed for a knee exoskeleton control as a preliminary study for gait neuro-rehabilitation with a hybrid robotic system. This system consists of the knee exoskeleton H2 and the UFES's Smart Walker, which are used to restore the neuromotor control function of subjects with neural injuries. An experimental protocol was developed to identify patterns to control the exoskeleton in accordance with the HMI-based on EEG/sEMG. The EEG and sEMG signals are recorded during the following activities: stand-up/sit-down and knee flexion/extension. HMI is analyzed through both event-related desynchronization/s",2015,Procedia Manufacturing,Ana Cecilia Villa-Parra; Denis Delisle-Rodríguez; Alberto López-Delis; Teodiano Bastos-Filho; Roberto Sagaró Zamora; Anselmo Frizera,10.1016/j.promfg.2015.07.296,,https://doi.org/10.1016/j.promfg.2015.07.296,openalex,robotics,concept,openalex_bulk_robotics,,42,,2026-06-12T18:57:17Z,13.581,14.581
doi:10.1146/annurev-control-042920-012811,Analysis and Control of Autonomous Mobility-on-Demand Systems,"Challenged by urbanization and increasing travel needs, existing transportation systems need new mobility paradigms. In this article, we present the emerging concept of autonomous mobility-on-demand, whereby centrally orchestrated fleets of autonomous vehicles provide mobility service to customers. We provide a comprehensive review of methods and tools to model and solve problems related to autonomous mobility-on-demand systems. Specifically, we first identify problem settings for their analysis and control, from both operational and planning perspectives. We then review modeling aspects, including transportation networks, transportation demand, congestion, operational constraints, and interactions with existing infrastructure. Thereafter, we provide a systematic analysis of existing solution methods and performance metrics, highlighting trends and trade-offs. Finally, we present various",2022,"Annual Review of Control, Robotics, and Autonomous Systems",Gioele Zardini; Nicolas Lanzetti; Marco Pavone; Emilio Frazzoli,10.1146/annurev-control-042920-012811,,https://doi.org/10.1146/annurev-control-042920-012811,crossref,hybrid systems robot control manipulation,anti_myopia,control,,94,hybrid systems,2026-06-12T15:07:36Z,13.577,16.577
doi:10.1109/robot.1996.506953,Contact stability issues in position based impedance control: theory and experiments,,1996,Proceedings of IEEE International Conference on Robotics and Automation,D. Surdilovic,10.1109/robot.1996.506953,,https://doi.org/10.1109/robot.1996.506953,crossref,EBM transformer robotics contact rich manipulation,concept,architecture_x_embodiment,,51,EBM transformer robotics; contact rich manipulation; impedance control,2026-06-12T15:07:36Z,13.576,13.576
doi:10.1007/978-94-007-7194-9_32-1,Multi-contact Motion Planning and Control,,2017,Humanoid Robotics: A Reference,Karim Bouyarmane; Stéphane Caron; Adrien Escande; Abderrahmane Kheddar,10.1007/978-94-007-7194-9_32-1,,https://doi.org/10.1007/978-94-007-7194-9_32-1,crossref,task and motion planning robotics,anti_myopia,classic,,6,motion planning; task and motion planning,2026-06-12T15:07:36Z,13.573,17.573
doi:10.1016/j.ifacol.2020.12.2687,Variable-Impedance and Force Control for Robust Learning of Contact-rich Manipulation Tasks from User Demonstration,,2020,IFAC-PapersOnLine,Nima Enayati; Stefano Mariani; Arne Wahrburg; Andrea M. Zanchettin,10.1016/j.ifacol.2020.12.2687,,https://doi.org/10.1016/j.ifacol.2020.12.2687,crossref,contact rich manipulation learning,concept,contact,,6,contact rich manipulation; force control,2026-06-12T14:45:03Z,13.573,13.573
doi:10.18178/ijmerr.9.4.481-488,Control of Active Multi-Point-Contact Feet for Quadrupedal Locomotion,,2020,International Journal of Mechanical Engineering and Robotics Research,Alexander Dettmann; Daniel Kühn; Frank Kirchner,10.18178/ijmerr.9.4.481-488,,https://doi.org/10.18178/ijmerr.9.4.481-488,crossref,EBM transformer robotics contact rich manipulation,concept,architecture_x_embodiment,,6,EBM transformer robotics; contact rich manipulation,2026-06-12T15:07:36Z,13.573,13.573
doi:10.1016/j.robot.2017.04.017,Tactile control based on Gaussian images and its application in bi-manual manipulation of deformable objects,,2017,Robotics and Autonomous Systems,A. Delgado; J.A. Corrales; Y. Mezouar; L. Lequievre; C. Jara; F. Torres,10.1016/j.robot.2017.04.017,,https://doi.org/10.1016/j.robot.2017.04.017,crossref,physical reasoning robotics manipulation,concept,physical_reasoning,,22,,2026-06-12T15:07:36Z,13.568,13.568
doi:10.1016/j.ejcon.2015.01.003,Adaptive position/force control for robot manipulators in contact with a rigid surface with uncertain parameters,,2015,European Journal of Control,Javier Pliego-Jiménez; Marco A. Arteaga-Pérez,10.1016/j.ejcon.2015.01.003,,https://doi.org/10.1016/j.ejcon.2015.01.003,crossref,contact dynamics robot learning,concept,contact,,49,contact dynamics; force control,2026-06-12T15:07:36Z,13.556,13.556
doi:10.1103/physrevlett.85.3053,Negative and Positive Magnetoresistance Manipulation in an Electrodeposited Nanometer Ni Contact,,2000,Physical Review Letters,N. García; H. Rohrer; I. G. Saveliev; Y.-W. Zhao,10.1103/physrevlett.85.3053,,https://doi.org/10.1103/physrevlett.85.3053,crossref,contact rich manipulation learning,concept,contact,,49,contact rich manipulation,2026-06-12T15:07:36Z,13.556,14.556
doi:10.1109/icra.2018.8461104,Detection and Control of Contact Force Transients in Robotic Manipulation Without a Force Sensor,,2018,2018 IEEE International Conference on Robotics and Automation (ICRA),Martin Karlsson; Anders Robertsson; Rolf Johansson,10.1109/icra.2018.8461104,,https://doi.org/10.1109/icra.2018.8461104,crossref,contact rich manipulation learning,concept,contact,,14,contact rich manipulation,2026-06-12T14:45:03Z,13.554,13.554
doi:10.1109/lra.2022.3186053,MOCA-S: A Sensitive Mobile Collaborative Robotic Assistant exploiting Low-Cost Capacitive Tactile Cover and Whole-Body Control,"Safety is one of the most fundamental aspects of robotics, especially when it comes to collaborative robots (cobots) that are expected to physically interact with humans. Although a large body of literature has focused on safety-related aspects for fixed-based cobots, a low effort has been put into developing collaborative mobile manipulators. In response to this need, this work presents MOCA-S, i.e., Sensitive Mobile Collaborative Robotic Assistant, that integrates a low-cost, capacitive tactile cover to measure interaction forces applied to the robot base. The tactile cover comprises a set of 11 capacitive large-area tactile sensors distributed as a 1-D tactile array around the base. Characterization of the tactile sensors with different materials is included. Moreover, two expanded whole-body controllers that exploit the platform's tactile cover and the loco-manipulation features are ",2022,arXiv,Mattia Leonori; Juan M. Gandarias; Arash Ajoudani,10.1109/lra.2022.3186053,2202.13401v1,http://arxiv.org/abs/2202.13401v1,arxiv,tactile language action robotics,concept,tactile,,,human robot interaction,2026-06-12T14:45:03Z,13.550,13.550
arxiv:2210.12387v1,Whisker-Inspired Tactile Sensing for Contact Localization on Robot Manipulators,"Perceiving the environment through touch is important for robots to reach in cluttered environments, but devising a way to sense without disturbing objects is challenging. This work presents the design and modelling of whisker-inspired sensors that attach to the surface of a robot manipulator to sense its surrounding through light contacts. We obtain a sensor model using a calibration process that applies to straight and curved whiskers. We then propose a sensing algorithm using Bayesian filtering to localize contact points. The algorithm combines the accurate proprioceptive sensing of the robot and sensor readings from the deflections of the whiskers. Our results show that our algorithm is able to track contact points with sub-millimeter accuracy, outperforming a baseline method. Finally, we demonstrate our sensor and perception method in a real-world system where a robot moves in betwe",2022,arXiv,Michael A. Lin; Emilio Reyes; Jeannette Bohg; Mark R. Cutkosky,,2210.12387v1,http://arxiv.org/abs/2210.12387v1,arxiv,Gaussian splatting robot perception contact rich manipulation,concept,architecture_x_embodiment,,,Gaussian splatting robot perception; contact rich manipulation,2026-06-12T15:07:36Z,13.550,14.550
doi:10.1109/jproc.2021.3058954,Toward Causal Representation Learning,"The two fields of machine learning and graphical causality arose and are developed separately. However, there is, now, cross-pollination and increasing interest in both fields to benefit from the advances of the other. In this article, we review fundamental concepts of causal inference and relate them to crucial open problems of machine learning, including transfer and generalization, thereby assaying how causality can contribute to modern machine learning research. This also applies in the opposite direction: we note that most work in causality starts from the premise that the causal variables are given. A central problem for AI and causality is, thus, causal representation learning, that is, the discovery of high-level causal variables from low-level observations. Finally, we delineate some implications of causality for machine learning and propose key research areas at the intersectio",2021,Proceedings of the IEEE,Bernhard Schölkopf; Francesco Locatello; Stefan Bauer; Nan Rosemary Ke; Nal Kalchbrenner; Anirudh Goyal; Yoshua Bengio,10.1109/jproc.2021.3058954,,https://doi.org/10.1109/jproc.2021.3058954,openalex,energy based model robot learning,concept,ebm,,1012,generalization,2026-06-12T18:05:07Z,13.550,15.550
doi:10.21831/jraee.v1i1.66,Quality Control Patient Trigger Ventilator using Negative Air Pressure,"This research aims to develop a quality control tool for patient trigger ventilators at PT Stechoq Robotika Indonesia. The increasing demand for ventilators has driven PT Stechoq Robotika Indonesia to create high-end ventilators. However, the production process faces challenges, particularly in the manual quality control of patient trigger alarms. Therefore, an automated quality control tool is needed to replace the manual mechanism. The research utilizes the Research and Development method. Trials are conducted on SIMV and CPAP modes with variations in pressure trigger and flow trigger parameters to evaluate the performance of patient trigger alarms on ventilators. The results of implementing the patient trigger quality control tool show an average accuracy rate of 70% for pressure and flow triggers in SIMV and CPAP modes. This tool is expected to reduce time and effort in the quality c",2023,"Journal of Robotics, Automation, and Electronics Engineering",Rahman Maulana Jundika; Ardy Seto Priambodo,10.21831/jraee.v1i1.66,,https://doi.org/10.21831/jraee.v1i1.66,crossref,robotics,concept,crossref_bulk_robotics,,,,2026-06-12T19:29:26Z,13.550,14.550
doi:10.1007/978-3-030-87212-0,Whole-Body Control for Multi-Contact Balancing of Humanoid Robots,,2022,Springer Tracts in Advanced Robotics,Bernd Henze,10.1007/978-3-030-87212-0,,https://doi.org/10.1007/978-3-030-87212-0,crossref,whole body manipulation humanoid,concept,humanoid,,2,humanoid robot,2026-06-12T14:45:03Z,13.549,13.549
doi:10.1109/case49997.2022.9926555,Dynamical Scene Representation and Control with Keypoint-Conditioned Neural Radiance Field,,2022,2022 IEEE 18th International Conference on Automation Science and Engineering (CASE),Weiyao Wang; Andrew S. Morgan; Aaron M. Dollar; Gregory D. Hager,10.1109/case49997.2022.9926555,,https://doi.org/10.1109/case49997.2022.9926555,crossref,neural radiance field robotics,concept,architecture,,2,neural radiance field robotics,2026-06-12T14:45:03Z,13.549,13.549
doi:10.1109/ur55393.2022.9826260,Contact Force Control During Soft Tissue Interaction Using Handheld Robot,,2022,2022 19th International Conference on Ubiquitous Robots (UR),Ingu Choi; Eunchan Kim; Myo-Taeg Lim; Sungwook Yang,10.1109/ur55393.2022.9826260,,https://doi.org/10.1109/ur55393.2022.9826260,crossref,contact dynamics robot learning,concept,contact,,2,contact dynamics; force control,2026-06-12T15:07:36Z,13.549,13.549
doi:10.1109/mesa55290.2022.10004391,On Force Control for Robot Manipulators in Contact with Uneven Planar Surfaces,,2022,2022 18th IEEE/ASME International Conference on Mechatronic and Embedded Systems and Applications (MESA),Antonio Rosales; Tapio Heikkila,10.1109/mesa55290.2022.10004391,,https://doi.org/10.1109/mesa55290.2022.10004391,crossref,contact dynamics robot learning,concept,contact,,2,contact dynamics; force control,2026-06-12T15:07:36Z,13.549,13.549
doi:10.1109/rcar54675.2022.9872292,Variable Admittance Control for Robotic Contact Force Tracking in Dynamic Environment Based on Reinforcement Learning,,2022,2022 IEEE International Conference on Real-time Computing and Robotics (RCAR),Yufei Zhou; Tianyu Liu; Jingkai Cui; Yanhui Li; Mingchao Zhu,10.1109/rcar54675.2022.9872292,,https://doi.org/10.1109/rcar54675.2022.9872292,crossref,model based reinforcement learning robotics,concept,architecture,,2,model based reinforcement learning robotics,2026-06-12T15:07:36Z,13.549,13.549
doi:10.1109/icrom57054.2022.10025236,Classification of Lower Limb Electromyographical Signals Based on Autoencoder Deep Neural Network Transfer Learning,,2022,2022 10th RSI International Conference on Robotics and Mechatronics (ICRoM),F.H. Daryakenari; M. Mollahossein; A. Taheri; G.R. Vossoughi,10.1109/icrom57054.2022.10025236,,https://doi.org/10.1109/icrom57054.2022.10025236,crossref,robotics,concept,crossref_bulk_robotics,,2,,2026-06-12T19:29:26Z,13.549,13.549
doi:10.1109/iciba56860.2023.10165261,Robot Control Policy Transfer based on Progressive Neural Network,,2023,"2023 IEEE 3rd International Conference on Information Technology, Big Data and Artificial Intelligence (ICIBA)",Li Sun,10.1109/iciba56860.2023.10165261,,https://doi.org/10.1109/iciba56860.2023.10165261,crossref,energy based transformer robot policy,concept,ebm_transformer,,1,energy based transformer robot policy,2026-06-12T15:07:36Z,13.547,13.547
doi:10.1109/ccdc58219.2023.10327388,Impedance control for biped modular reconfigurable robot with gait coordination under complex environmental contact,,2023,2023 35th Chinese Control and Decision Conference (CCDC),Yang Guo; Tianjiao An; Bing Ma; Bo Dong; Yuanchun Li,10.1109/ccdc58219.2023.10327388,,https://doi.org/10.1109/ccdc58219.2023.10327388,crossref,contact dynamics robot learning,concept,contact,,1,contact dynamics; impedance control,2026-06-12T15:07:36Z,13.547,13.547
doi:10.1109/robio58561.2023.10354792,Bilateral Teleoperation Control Using Unified Interactive Model for Manipulation in Contact Environment *,,2023,2023 IEEE International Conference on Robotics and Biomimetics (ROBIO),Xiao Yang; Fanghao Huang; Jason Gu; Zheng Chen,10.1109/robio58561.2023.10354792,,https://doi.org/10.1109/robio58561.2023.10354792,crossref,contact rich manipulation learning,concept,contact,,1,contact rich manipulation; teleoperation,2026-06-12T15:07:36Z,13.547,13.547
doi:10.1109/access.2023.3330782,Sim-to-Real Transfer Reinforcement Learning for Position Control of Pneumatic Continuum Manipulator,,2023,IEEE Access,Qiang Cheng; Hongshuai Liu; Xifeng Gao; Ying Zhang; Lina Hao,10.1109/access.2023.3330782,,https://doi.org/10.1109/access.2023.3330782,crossref,sim to real robot manipulation,concept,sim2real,,1,robot manipulation; sim to real transfer,2026-06-12T15:07:36Z,13.547,14.547
doi:10.1109/codit58514.2023.10284089,Model-Based Adaptation for Sample Efficient Transfer in Reinforcement Learning Control of Parameter-Varying Systems,,2023,"2023 9th International Conference on Control, Decision and Information Technologies (CoDIT)",Ibrahim Ahmed; Marcos Quinones-Grueiro; Gautam Biswas,10.1109/codit58514.2023.10284089,,https://doi.org/10.1109/codit58514.2023.10284089,crossref,model based reinforcement learning robotics,concept,architecture,,1,model based reinforcement learning robotics,2026-06-12T15:07:36Z,13.547,13.547
doi:10.1109/iccre57112.2023.10155568,Motion Control of Liquid Containers with Slosh Constraints during High-Speed Three-Dimensional Transfer,,2023,2023 8th International Conference on Control and Robotics Engineering (ICCRE),Ryuji Nakagawa; Takahito Yamashita; Ryosuke Tasaki,10.1109/iccre57112.2023.10155568,,https://doi.org/10.1109/iccre57112.2023.10155568,crossref,robotics,concept,crossref_bulk_robotics,,1,,2026-06-12T19:29:26Z,13.547,13.547
doi:10.1109/iccar57134.2023.10151722,Learning-Based Optimal Impedance Control for Space Manipulator Contact Tasks,,2023,"2023 9th International Conference on Control, Automation and Robotics (ICCAR)",Han Wu; Kaipeng Sun; Qinglei Hu; Yongxia Shi; Jianying Zheng; Jiawen Wang,10.1109/iccar57134.2023.10151722,,https://doi.org/10.1109/iccar57134.2023.10151722,crossref,robotics,concept,crossref_bulk_robotics,,1,impedance control,2026-06-12T19:29:26Z,13.547,13.547
doi:10.1109/icra.2012.6224872,A computationally fast algorithm for local contact shape and pose classification using a tactile array sensor,,2012,2012 IEEE International Conference on Robotics and Automation,Hongbin Liu; Xiaojing Song; Thrishantha Nanayakkara; Lakmal D. Seneviratne; Kaspar Althoefer,10.1109/icra.2012.6224872,,https://doi.org/10.1109/icra.2012.6224872,crossref,tactile language action robotics,concept,tactile,,48,,2026-06-12T15:07:36Z,13.546,13.546
doi:10.1109/robot.1993.292047,Model-based adaptive hybrid control for geometrically constrained robots,"A model-based adaptive controller for robot manipulators under geometric endpoint constraint is proposed. It is based on joint-space orthogonalization of feedback signals. The adaptive law is devised by referring to the basic properties of robot dynamics, which are passivity of robot dynamics, use of feedback of residual error velocity and position signals that are projected to the tangent plane in joint space and orthogonal to the joint force vector caused by the contact, and use of the fact that important but uncertain physical parameters enter linearly in the equation of motion of robots. The convergence of tracking errors on the surface is proved under an appropriate initial condition and the smoothness of the surface. The convergence of force error is proved provided that the endpoint is kept in contact with the surface. >",2002,,S. Arimoto; Yandong Liu; T. Naniwa,10.1109/robot.1993.292047,,https://doi.org/10.1109/robot.1993.292047,openalex,robotics,concept,openalex_bulk_robotics,,79,,2026-06-12T18:57:17Z,13.541,13.541
doi:10.1089/soro.2019.0055,Tapered Polymer Whiskers to Enable Three-Dimensional Tactile Feature Extraction,"Many mammals use their vibrissae (whiskers) to tactually explore their surrounding environment. Vibrissae are thin tapered structures that transmit mechanical signals to a wealth of mechanical receptors (sensors) located in a follicle at each vibrissal base. A recent study has shown that—provided that the whisker is tapered—three mechanical signals at the base are sufficient to determine the three-dimensional location at which a whisker made contact with an object. However, creating biomimetic tapered whiskers has proved challenging from both materials and manufacturing standpoints. This study develops and characterizes an artificial whisker for use as part of a sensory input device that is a biomimic of the biological rat whisker neurosensory system. A novel manufacturing process termed surface conforming fiber drawing (SCFD) is developed to produce artificial whiskers that meet the req",2021,Soft Robotics,David W. Collinson; Hannah M. Emnett; Jinqiang Ning; Mitra J.Z. Hartmann; Lynda Catherine Brinson,10.1089/soro.2019.0055,,https://doi.org/10.1089/soro.2019.0055,crossref,tactile language action robotics,concept,tactile,,7,,2026-06-12T14:45:03Z,13.540,13.540
doi:10.1126/scirobotics.adg1462,Reaching the limit in autonomous racing: Optimal control versus reinforcement learning,"A central question in robotics is how to design a control system for an agile mobile robot. This paper studies this question systematically, focusing on a challenging setting: autonomous drone racing. We show that a neural network controller trained with reinforcement learning (RL) outperformed optimal control (OC) methods in this setting. We then investigated which fundamental factors have contributed to the success of RL or have limited OC. Our study indicates that the fundamental advantage of RL over OC is not that it optimizes its objective better but that it optimizes a better objective. OC decomposes the problem into planning and control with an explicit intermediate representation, such as a trajectory, that serves as an interface. This decomposition limits the range of behaviors that can be expressed by the controller, leading to inferior control performance when facing unmodeled",2023,Science Robotics,Yunlong Song; Angel Romero; Matthias Müller; Vladlen Koltun; Davide Scaramuzza,10.1126/scirobotics.adg1462,,https://doi.org/10.1126/scirobotics.adg1462,crossref,model based reinforcement learning robotics,concept,architecture,,194,model based reinforcement learning robotics; domain randomization,2026-06-12T15:07:36Z,13.536,14.536
doi:10.1109/robot.2008.4543219,Adaptive grasping by multi fingered hand with tactile sensor based on robust force and position control,,2008,2008 IEEE International Conference on Robotics and Automation,Taro Takahashi; Toshimitsu Tsuboi; Takeo Kishida; Yasunori Kawanami; Satoru Shimizu; Masatsugu Iribe; Tetsuharu Fukushima; Masahiro Fujita,10.1109/robot.2008.4543219,,https://doi.org/10.1109/robot.2008.4543219,crossref,tactile language action robotics,concept,tactile,,47,,2026-06-12T15:07:36Z,13.536,13.536
doi:10.1109/icra.2016.7487159,Adaptive control for pivoting with visual and tactile feedback,,2016,2016 IEEE International Conference on Robotics and Automation (ICRA),Francisco E. Vina B.; Yiannis Karayiannidis; Christian Smith; Danica Kragic,10.1109/icra.2016.7487159,,https://doi.org/10.1109/icra.2016.7487159,crossref,tactile language action robotics,concept,tactile,,31,,2026-06-12T15:07:36Z,13.533,13.533
doi:10.9746/sicetr.46.632,"Development of Intelligent Robot Hand Using Proximity, Contact and Slip Sensing","To achieve the skilful task like the human, many researchers have been working on robot hand. An interaction with vision and tactile information are indispensable for realization of skillful tasks. In the existing research, the method using a camera to get the vision information is often found. But, near the object surface, vision has a weak point of the occlusion. In this research, we seamlessly detect from near to contact and achieve a reliable grasp through the integration of proximity, tactile and slip sensor in a three-fingered hand, and propose an appropriate grasp strength control derived from slippage information during grasping. As a practical task, Pick & Place was adopted, and was successful in implementation under the conditions of 1) weight/shape/friction conditions are unknown and 2) placement error exists. Although the sensor group did not necessarily provide a high accura",2010,Transactions of the Society of Instrument and Control Engineers,Yoshitomo Mizoguchi; Kenjiro Tadakuma; Hiroaki HASEGAWA; Aiguo Ming; Masatoshi Ishikawa; Makoto Shimojo,10.9746/sicetr.46.632,,https://doi.org/10.9746/sicetr.46.632,openalex,robotics,concept,openalex_bulk_robotics,,38,robot hand; occlusion,2026-06-12T18:57:17Z,13.532,13.532
doi:10.1109/robot.2005.1570706,Dynamical Wall Following for a Wheeled Robot Using a Passive Tactile Sensor,"Feedback from antennae - long, flexible tactile sensors - enables cockroaches and other arthropods to rapidly maneuver through poorly lit and cluttered environments. Inspired by their performance, we created a wall-following controller for a dynamic wheeled robot using tactile antenna feedback. We show this controller is stable for a wide range of control gains and robot system parameters. To test the controller, we constructed a two-link antenna that uses potentiometers and capacitive contact sensors. Experiments based on the prototype demonstrate that our controller robustly tracks unexpected corners ranging from -60° to +900.",2006,,Andrew Lamperski; Owen Loh; Beth Kutscher; Noah J. Cowan,10.1109/robot.2005.1570706,,https://doi.org/10.1109/robot.2005.1570706,openalex,robotics,concept,openalex_bulk_robotics,,36,,2026-06-12T18:57:17Z,13.505,13.505
arxiv:2509.16757v3,HDMI: Learning Interactive Humanoid Whole-Body Control from Human Videos,"Enabling robust whole-body humanoid-object interaction (HOI) remains challenging due to motion data scarcity and the contact-rich nature. We present HDMI (HumanoiD iMitation for Interaction), a simple and general framework that learns whole-body humanoid-object interaction skills directly from monocular RGB videos. Our pipeline (i) extracts and retargets human and object trajectories from unconstrained videos to build structured motion datasets, (ii) trains a reinforcement learning (RL) policy to co-track robot and object states with three key designs: a unified object representation, a residual action space, and a general interaction reward, and (iii) zero-shot deploys the RL policies on real humanoid robots. Extensive sim-to-real experiments on a Unitree G1 humanoid demonstrate the robustness and generality of our approach: HDMI achieves 67 consecutive door traversals and successfully ",2025,arXiv,Haoyang Weng; Yitang Li; Nikhil Sobanbabu; Zihan Wang; Zhengyi Luo; Tairan He; Deva Ramanan; Guanya Shi,,2509.16757v3,http://arxiv.org/abs/2509.16757v3,arxiv,whole body manipulation humanoid,concept,humanoid,,,humanoid robot; robustness,2026-06-12T14:45:03Z,13.500,15.500
arxiv:2011.06985v1,Robotic self-representation improves manipulation skills and transfer learning,"Cognitive science suggests that the self-representation is critical for learning and problem-solving. However, there is a lack of computational methods that relate this claim to cognitively plausible robots and reinforcement learning. In this paper, we bridge this gap by developing a model that learns bidirectional action-effect associations to encode the representations of body schema and the peripersonal space from multisensory information, which is named multimodal BidAL. Through three different robotic experiments, we demonstrate that this approach significantly stabilizes the learning-based problem-solving under noisy conditions and that it improves transfer learning of robotic manipulation skills.",2020,arXiv,Phuong D. H. Nguyen; Manfred Eppe; Stefan Wermter,,2011.06985v1,http://arxiv.org/abs/2011.06985v1,arxiv,physical reasoning robotics manipulation,concept,physical_reasoning,,,,2026-06-12T14:45:03Z,13.500,13.500
arxiv:2604.01833v2,Language-Pretraining-Induced Bias: A Strong Foundation for General Vision Tasks,"The ratio of outlier parameters in language pre-training models and vision pre-training models differs significantly, making cross-modality (language and vision) inherently more challenging than cross-domain adaptation. As a result, many prior studies have focused on cross-domain transfer rather than attempting to bridge language and vision modalities, assuming that language pre-trained models are unsuitable for downstream visual tasks due to disparate parameter spaces. Contrary to this assumption, we show that adding a bridge training stage as a modality adaptation learner can effectively align Large Language Model (LLM) parameters with vision tasks. Specifically, we propose a simple yet powerful solution random label bridge training that requires no manual labeling and helps LLM parameters adapt to vision foundation tasks. Moreover, our findings reveal that partial bridge training is o",2026,arXiv,Yaxin Luo; Zhiqiang Shen,,2604.01833v2,http://arxiv.org/abs/2604.01833v2,arxiv,robot foundation model vision language action,concept,vla,,,robot foundation model,2026-06-12T14:45:03Z,13.500,13.500
doi:10.1142/s0219843621500092,Dead-Zone ESO Based Sensorless Force/Position Control for Dynamic Contact Systems,"In this paper, the sensorless force/position control problem is investigated for a general class of dynamic contact systems with both motion sensor noise and unknown kinetic friction by designing a force observer-based controller. Firstly, in order to suppress the effect of motion sensor noise, a dead-zone extended state observer (ESO) is introduced, and the contact force is estimated. Then, based on the force estimate, a controller is designed to realize force/position tracking control, where the parameters of the observer and controller are obtained by a linear matrix inequality (LMI) method. The sufficient conditions are provided to ensure the stability of the closed-loop system in terms of LMIs. Finally, a numerical simulation is carried out to illustrate the applicability and effectiveness of the proposed method.",2021,International Journal of Humanoid Robotics,Mingchao Wang; Yuan Yuan; Huanhuan Yuan,10.1142/s0219843621500092,,https://doi.org/10.1142/s0219843621500092,crossref,contact dynamics robot learning,concept,contact,,,contact dynamics,2026-06-12T15:07:36Z,13.500,13.500
doi:10.5772/50899,Contact State Estimation by Vision-Based Tactile Sensors for Dexterous Manipulation with Robot Hands Based on Shape-Sensing,"We propose a new method for estimating the contact state of objects with varying shapes on a vision-based fluid-type tactile sensor, which touch pad is an elastic transparent membrane of silicon rubber with dotted pattern printed on its inner side. The membrane is filled with translucent red colored water. The proposed method leads to better understanding of the object's shape and movement, and can be applied for accomplishing reliable and dexterous handling tasks by robot hands.",2011,International Journal of Advanced Robotic Systems,Yuji Ito; Youngwoo Kim; Chikara Nagai; Goro Obinata,10.5772/50899,,https://doi.org/10.5772/50899,crossref,robot world models manipulation,concept,world_models,,10,robot world model; dexterous manipulation; robot hand; state estimation,2026-06-12T15:07:36Z,13.499,13.499
doi:10.1108/01439911011081704,Accurate and steady control on trajectory tracking for the wafer transfer robot,"Purpose The purpose of this paper is to focus on the accurate and steady control on trajectory tracking for wafer transfer robot, suppress the vibration and reduce the contour error. Design/methodology/approach The wafer transfer robot dynamic model is modeled. Through analyzing the characteristics of wafer transfer robot, cross‐coupled synchronized control is proposed based on the contour error model in task space to improve synchronization of the joints; the shaping for the joints by input shaper in task space is applied to suppress the vibration of the end effector during trajectory tracking. Then combining the cross‐coupled synchronized control with input shaping is proposed to improve accuracy and suppress the vibration. Findings The combination of cross‐coupled synchronized control and input shaping control method can improve the contour accuracy and reduce the vibration simultaneo",2010,Industrial Robot: An International Journal,Yanjie Liu; Yumei Cao; Lining Sun; Xiaofei Zheng,10.1108/01439911011081704,,https://doi.org/10.1108/01439911011081704,crossref,trajectory transformer robot control,concept,transformers,,10,trajectory transformer; limitation,2026-06-12T15:07:36Z,13.499,14.499
doi:10.1109/icra.2019.8794307,Shear-invariant Sliding Contact Perception with a Soft Tactile Sensor,,2019,2019 International Conference on Robotics and Automation (ICRA),Kirsty Aquilina; David A. W. Barton; Nathan F. Lepora,10.1109/icra.2019.8794307,,https://doi.org/10.1109/icra.2019.8794307,crossref,tactile language action robotics,concept,tactile,,8,,2026-06-12T15:07:36Z,13.499,13.499
doi:10.1109/icra.2019.8794343,Using Data-Driven Domain Randomization to Transfer Robust Control Policies to Mobile Robots,,2019,2019 International Conference on Robotics and Automation (ICRA),Matthew Sheckells; Gowtham Garimella; Subhransu Mishra; Marin Kobilarov,10.1109/icra.2019.8794343,,https://doi.org/10.1109/icra.2019.8794343,crossref,robotics,concept,crossref_bulk_robotics,,8,domain randomization,2026-06-12T19:29:26Z,13.499,13.499
doi:10.1080/01691864.2018.1503095,The DCM generalized inverse: efficient body-wrench distribution in multi-contact balance control,,2018,Advanced Robotics,Masahiro Hosokawa; Dragomir N. Nenchev; Takahide Hamano,10.1080/01691864.2018.1503095,,https://doi.org/10.1080/01691864.2018.1503095,crossref,EBM transformer robotics contact rich manipulation,concept,architecture_x_embodiment,,12,EBM transformer robotics; contact rich manipulation,2026-06-12T15:07:36Z,13.482,13.482
doi:10.1017/s0263574701003733,Feedback control for object manipulation by a pair of soft tip fingers,"This paper discusses the problem of stable grasping and object manipulation by a pair of robot fingers when fingertips are covered with soft compressible material and fingers are allowed to incline their last link against the object surface. The area contact between the fingertips and the rigid object surface leads to nonholonomic constraints even for the planar case; however, the variational principle can be applied and the equation of motion is derived as a set of nonlinear differential equations with extra terms of Langrange multipliers incorporating the constraints. The proposed feedback controller is a linear combination of simple feedback control signals each designed for realizing grasp stabilization, regulation of object rotation and regulation of object position respectively. The controller is shown to achieve asymptotic convergence to the desired state at a stable grasping conf",2002,Robotica,Z. Doulgeri; J. Fasoulas; S. Arimoto,10.1017/s0263574701003733,,https://doi.org/10.1017/s0263574701003733,crossref,deformable object manipulation robot learning,concept,deformable,,38,deformable object manipulation,2026-06-12T15:07:36Z,13.482,13.482
doi:10.3390/s23062927,"Reducing Noise, Artifacts and Interference in Single-Channel EMG Signals: A Review","Electromyography (EMG) is gaining importance in many research and clinical applications, including muscle fatigue detection, control of robotic mechanisms and prostheses, clinical diagnosis of neuromuscular diseases and quantification of force. However, EMG signals can be contaminated by various types of noise, interference and artifacts, leading to potential data misinterpretation. Even assuming best practices, the acquired signal may still contain contaminants. The aim of this paper is to review methods employed to reduce the contamination of single channel EMG signals. Specifically, we focus on methods which enable a full reconstruction of the EMG signal without loss of information. This includes subtraction methods used in the time domain, denoising methods performed after the signal decomposition and hybrid approaches that combine multiple methods. Finally, this paper provides a dis",2023,Sensors,Marianne Boyer; Laurent J. Bouyer; Jean‐Sébastien Roy; Alexandre Campeau‐Lecours,10.3390/s23062927,,https://doi.org/10.3390/s23062927,openalex,energy based model robot learning,concept,ebm,,148,,2026-06-12T18:26:24Z,13.452,13.452
doi:10.1115/detc2015-46501,Pantograph/Catenary Contact Force Control,"In this paper, a new continuum-based pantograph/catenary model based on the absolute nodal coordinate formulation (ANCF) is proposed and used to develop an effective method to control the contact force which arises from the pantograph/catenary interaction. In the proposed new model, only one ANCF gradient vector is used in the formulation of the pantograph/catenary contact conditions, thereby allowing for using the proposed approach for both fully parameterized and gradient deficient ANCF finite elements. A three-dimensional multibody system (MBS) model of a pantograph mounted on a train is developed using a nonlinear augmented MBS formulation. In order to take into account the catenary large deformation, ANCF finite elements are used. The contact between the pantograph and the catenary system is ensured using a sliding joint constraint whereas the contact between the rail vehicle wheels",2015,"Volume 6: 11th International Conference on Multibody Systems, Nonlinear Dynamics, and Control",Carmine M. Pappalardo; Mohil Patel; Brian Tinsley; Ahmed A. Shabana,10.1115/detc2015-46501,,https://doi.org/10.1115/detc2015-46501,crossref,contact dynamics robot learning,concept,contact,,9,contact dynamics; force control,2026-06-12T15:07:36Z,13.451,13.451
arxiv:2303.01455v1,Learning Contact-based Navigation in Crowds,"Navigation strategies that intentionally incorporate contact with humans (i.e. ""contact-based"" social navigation) in crowded environments are largely unexplored even though collision-free social navigation is a well studied problem. Traditional social navigation frameworks require the robot to stop suddenly or ""freeze"" whenever a collision is imminent. This paradigm poses two problems: 1) freezing while navigating a crowd may cause people to trip and fall over the robot, resulting in more harm than the collision itself, and 2) in very dense social environments where collisions are unavoidable, such a control scheme would render the robot unable to move and preclude the opportunity to study how humans incorporate robots into these environments. However, if robots are to be meaningfully included in crowded social spaces, such as busy streets, subways, stores, or other densely populated loc",2023,arXiv,Kyle Morgenstein; Junfeng Jiao; Luis Sentis,,2303.01455v1,http://arxiv.org/abs/2303.01455v1,arxiv,energy based model robot learning,concept,ebm,,,,2026-06-12T14:45:03Z,13.450,13.450
arxiv:2307.03839v2,Proximity and Visuotactile Point Cloud Fusion for Contact Patches in Extreme Deformation,"Visuotactile sensors are a popular tactile sensing strategy due to high-fidelity estimates of local object geometry. However, existing algorithms for processing raw sensor inputs to useful intermediate signals such as contact patches struggle in high-deformation regimes. This is due to physical constraints imposed by sensor hardware and small-deformation assumptions used by mechanics-based models. In this work, we propose a fusion algorithm for proximity and visuotactile point clouds for contact patch segmentation, entirely independent from membrane mechanics. This algorithm exploits the synchronous, high spatial resolution proximity and visuotactile modalities enabled by an extremely deformable, selectively transmissive soft membrane, which uses visible light for visuotactile sensing and infrared light for proximity depth. We evaluate our contact patch algorithm in low (10%), medium (60",2023,arXiv,Jessica Yin; Paarth Shah; Naveen Kuppuswamy; Andrew Beaulieu; Avinash Uttamchandani; Alejandro Castro; James Pikul; Russ Tedrake,,2307.03839v2,http://arxiv.org/abs/2307.03839v2,arxiv,visuotactile robot manipulation,concept,tactile,,,robot manipulation,2026-06-12T14:45:03Z,13.450,13.450
doi:10.1126/scirobotics.abm7187,A biomimetic elastomeric robot skin using electrical impedance and acoustic tomography for tactile sensing,"Human skin perceives physical stimuli applied to the body and mitigates the risk of physical interaction through its soft and resilient mechanical properties. Social robots would benefit from whole-body robotic skin (or tactile sensors) resembling human skin in realizing a safe, intuitive, and contact-rich human-robot interaction. However, existing soft tactile sensors show several drawbacks (complex structure, poor scalability, and fragility), which limit their application in whole-body robotic skin. Here, we introduce biomimetic robotic skin based on hydrogel-elastomer hybrids and tomographic imaging. The developed skin consists of a tough hydrogel and a silicone elastomer forming a skin-inspired multilayer structure, achieving sufficient softness and resilience for protection. The sensor structure can also be easily repaired with adhesives even after severe damage (incision). For mult",2022,Science Robotics,K. Park; H. Yuk; M. Yang; J. Cho; H. Lee; J. Kim,10.1126/scirobotics.abm7187,,https://doi.org/10.1126/scirobotics.abm7187,crossref,tactile language action robotics,concept,tactile,,241,human robot interaction,2026-06-12T15:07:36Z,13.444,13.444
doi:10.1016/s0921-8890(99)00032-9,Transfer control of a large object by a group of mobile robots,,1999,Robotics and Autonomous Systems,Jun Ota; Tamio Arai,10.1016/s0921-8890(99)00032-9,,https://doi.org/10.1016/s0921-8890(99)00032-9,crossref,classical control robotics,anti_myopia,anti_thesis,,11,classical control robotics,2026-06-12T15:07:36Z,13.442,17.442
doi:10.1109/ijcnn.2018.8489590,Contact Lens Detection using Transfer Learning with Deep Representations,,2018,2018 International Joint Conference on Neural Networks (IJCNN),Gunjan Gautam; Susanta Mukhopadhyay,10.1109/ijcnn.2018.8489590,,https://doi.org/10.1109/ijcnn.2018.8489590,crossref,contact rich manipulation learning,concept,contact,,11,contact rich manipulation,2026-06-12T15:07:36Z,13.442,13.442
doi:10.1109/biorob.2018.8488028,Exploratory Evaluation of the Force Myography (FMG) Signals Usage for Admittance Control of a Linear Actuator,,2018,2018 7th IEEE International Conference on Biomedical Robotics and Biomechatronics (Biorob),Maram Sakr; Carlo Menon,10.1109/biorob.2018.8488028,,https://doi.org/10.1109/biorob.2018.8488028,crossref,robotics,concept,crossref_bulk_robotics,,11,,2026-06-12T19:29:26Z,13.442,14.442
doi:10.1162/neco.2009.01-08-694,Visuotactile Representation of Peripersonal Space: A Neural Network Study,"Neurophysiological and behavioral studies suggest that the peripersonal space is represented in a multisensory fashion by integrating stimuli of different modalities. We developed a neural network to simulate the visual-tactile representation of the peripersonal space around the right and left hands. The model is composed of two networks (one per hemisphere), each with three areas of neurons: two are unimodal (visual and tactile) and communicate by synaptic connections with a third downstream multimodal (visual-tactile) area. The hemispheres are interconnected by inhibitory synapses. We applied a combination of analytic and computer simulation techniques. The analytic approach requires some simplifying assumptions and approximations (linearization and a reduced number of neurons) and is used to investigate network stability as a function of parameter values, providing some emergent prope",2010,Neural Computation,Elisa Magosso; Melissa Zavaglia; Andrea Serino; Giuseppe di Pellegrino; Mauro Ursino,10.1162/neco.2009.01-08-694,,https://doi.org/10.1162/neco.2009.01-08-694,crossref,visuotactile robot manipulation,concept,tactile,,35,robot manipulation,2026-06-12T15:07:36Z,13.442,13.442
doi:10.1109/robosoft.2019.8722757,ConTact Sensors: A Tactile Sensor Readily Integrable into Soft Robots,,2019,2019 2nd IEEE International Conference on Soft Robotics (RoboSoft),Pornthep Preechayasomboon; Eric Rombokas,10.1109/robosoft.2019.8722757,,https://doi.org/10.1109/robosoft.2019.8722757,crossref,tactile language action robotics,concept,tactile,,7,,2026-06-12T14:45:03Z,13.440,13.440
doi:10.1109/humanoids43949.2019.9035038,QP-based task-space hybrid / parallel control for multi-contact motion in a torque-controlled humanoid robot,,2019,2019 IEEE-RAS 19th International Conference on Humanoid Robots (Humanoids),Rafael Cisneros; Mehdi Benallegue; Mitsuharu Morisawa; Fumio Kanehiro,10.1109/humanoids43949.2019.9035038,,https://doi.org/10.1109/humanoids43949.2019.9035038,crossref,contact dynamics robot learning,concept,contact,,7,humanoid robot; contact dynamics,2026-06-12T15:07:36Z,13.440,13.440
doi:10.1109/ro-man46459.2019.8956306,Identifying Multiple Interaction Events from Tactile Data during Robot-Human Object Transfer,,2019,2019 28th IEEE International Conference on Robot and Human Interactive Communication (RO-MAN),Mohammad-Javad Davari; Michael Hegedus; Kamal Gupta; Mehran Mehrandezh,10.1109/ro-man46459.2019.8956306,,https://doi.org/10.1109/ro-man46459.2019.8956306,crossref,learning robot manipulation from human video,concept,human_data,,7,robot manipulation,2026-06-12T15:07:36Z,13.440,13.440
doi:10.1109/icra.2019.8794021,Deep n-Shot Transfer Learning for Tactile Material Classification with a Flexible Pressure-Sensitive Skin,,2019,2019 International Conference on Robotics and Automation (ICRA),Berthold Bauml; Andreea Tulbure,10.1109/icra.2019.8794021,,https://doi.org/10.1109/icra.2019.8794021,crossref,tactile language action robotics,concept,tactile,,7,,2026-06-12T15:07:36Z,13.440,13.440
doi:10.1109/icra.2019.8794087,"Soft tactile sensing: retrieving force, torque and contact point information from deformable surfaces",,2019,2019 International Conference on Robotics and Automation (ICRA),Simone Ciotti; Teng Sun; Edoardo Battaglia; Antonio Bicchi; Hongbin Liu; Matteo Bianchi,10.1109/icra.2019.8794087,,https://doi.org/10.1109/icra.2019.8794087,crossref,tactile language action robotics,concept,tactile,,7,,2026-06-12T15:07:36Z,13.440,13.440
doi:10.1109/rtsi.2019.8895544,Simplified State Space Building Energy Model and Transfer Learning Based Occupancy Estimation for HVAC Optimal Control,,2019,2019 IEEE 5th International forum on Research and Technology for Society and Industry (RTSI),Gabriele Mosaico; Matteo Saviozzi; Federico Silvestro; Andrea Bagnasco; Andrea Vinci,10.1109/rtsi.2019.8895544,,https://doi.org/10.1109/rtsi.2019.8895544,crossref,energy based model robot learning,concept,ebm,,7,,2026-06-12T17:50:07Z,13.440,14.440
doi:10.1007/978-3-030-01887-0_85,Assessment of a Hand Exoskeleton Control Strategy Based on User’s Intentions Classification Starting from Surface EMG Signals,,2019,Biosystems & Biorobotics Wearable Robotics: Challenges and Trends,Nicola Secciani; Matteo Bianchi; Alessandro Ridolfi; Federica Vannetti; Benedetto Allotta,10.1007/978-3-030-01887-0_85,,https://doi.org/10.1007/978-3-030-01887-0_85,crossref,robotics,concept,crossref_bulk_robotics,,7,,2026-06-12T19:29:26Z,13.440,13.440
doi:10.1109/robot.1993.292262,Motion planning and control for a robot performer,"The authors describe robot motion planning in a dynamic environment, that is, a trajectory generation to attain a working purpose with redundancy free to use under the restriction of time and space. Emphasis is placed on juggling. A parametric representation of the robot motion makes it easy to generate an appropriate trajectory of the end-effector for juggling tasks. A hierarchical learning control strategy is effective to generate a desired motion pattern for juggling which is not given beforehand. To juggle several balls repeatedly by a real robot the location and time at which a ball is caught by using sensory feedback signals is predicted, and the end-tip trajectory is modified. Experimental results obtained using a 2-degree-of-freedom direct-drive manipulator are shown. >",2002,,Takeshi Sakaguchi; Masahiro Fujita; H. Watanabe; F. Miyazaki,10.1109/robot.1993.292262,,https://doi.org/10.1109/robot.1993.292262,openalex,robotics,concept,openalex_bulk_robotics,,31,motion planning,2026-06-12T18:57:17Z,13.433,14.433
doi:10.1109/cyber.2015.7287903,Writing skills transfer from human to robot using stiffness extracted from sEMG,"Studies of human motor behaviors have shown that central neural system (CNS) is able to adapt force and impedance in order to optimally interact with interactive environment. Muscle activities regulated by CNS can be represented by surface electromyography (sEMG) measured by electrodes attached on the skin. Inspired by the idea that muscle impedance adaptation reflects motion skills, sEMG based human-robot skill transfer, in particular, the writing skill transfer has been developed based on impedance adaptation extracted from sEMG. Squaring and low-pass filtering based signal envelop extraction algorithm and as well as re-sampling method are employed to extract incremental smooth stiffness from sEMG signals which is then transferred to robot to mimic human motor behavior. The effect of the proposed sEMG based bio-control is evaluated by writing task in comparison with constant stiffness ",2015,,Peidong Liang; Chenguang Yang; Zhijun Li; Ruifeng Li,10.1109/cyber.2015.7287903,,https://doi.org/10.1109/cyber.2015.7287903,openalex,robotics,concept,openalex_bulk_robotics,,31,teleoperation,2026-06-12T18:57:17Z,13.433,13.433
doi:10.1109/70.478432,Contact transition control with semiactive soft fingertips,,1995,IEEE Transactions on Robotics and Automation,P.N. Akella; M.R. Cutkosky,10.1109/70.478432,,https://doi.org/10.1109/70.478432,crossref,contact dynamics robot learning,concept,contact,,38,contact dynamics,2026-06-12T15:07:36Z,13.432,13.432
doi:10.1109/icra.2013.6630983,Force and trajectory control of industrial robots in stiff contact,,2013,2013 IEEE International Conference on Robotics and Automation,Friedrich Lange; Wieland Bertleff; Michael Suppa,10.1109/icra.2013.6630983,,https://doi.org/10.1109/icra.2013.6630983,crossref,EBM transformer robotics contact rich manipulation,concept,architecture_x_embodiment,,38,EBM transformer robotics; contact rich manipulation; industrial robot,2026-06-12T15:07:36Z,13.432,13.432
doi:10.1016/j.robot.2006.02.006,"Aibo and Webots: Simulation, wireless remote control and controller transfer",,2006,Robotics and Autonomous Systems,Lukas Hohl; Ricardo Tellez; Olivier Michel; Auke Jan Ijspeert,10.1016/j.robot.2006.02.006,,https://doi.org/10.1016/j.robot.2006.02.006,crossref,robotics,concept,crossref_bulk_robotics,,38,,2026-06-12T19:29:26Z,13.432,13.432
doi:10.1016/s0005-1098(97)00113-1,Implicit force control for industrial robots in contact with stiff surfaces,,1997,Automatica,Paolo Rocco; Gianni Ferretti; G. Magnani,10.1016/s0005-1098(97)00113-1,,https://doi.org/10.1016/s0005-1098(97)00113-1,openalex,robotics,concept,openalex_bulk_robotics,,34,industrial robot; force control,2026-06-12T18:57:17Z,13.428,13.428
doi:10.1007/s12555-010-0218-4,Cooperative object manipulation with contact impact using multiple impedance control,,2010,"International Journal of Control, Automation and Systems",S. Ali A. Moosavian; Evangelos Papadopoulos,10.1007/s12555-010-0218-4,,https://doi.org/10.1007/s12555-010-0218-4,crossref,contact rich manipulation learning,concept,contact,,37,contact rich manipulation; impedance control,2026-06-12T15:07:36Z,13.419,13.419
doi:10.1109/robot.2005.1570459,Fuzzy Enhanced Control of an Underactuated Finger Using Tactile and Position Sensors,,2005,Proceedings of the 2005 IEEE International Conference on Robotics and Automation,L. Birglen; C.M. Gosselin,10.1109/robot.2005.1570459,,https://doi.org/10.1109/robot.2005.1570459,crossref,tactile language action robotics,concept,tactile,,37,,2026-06-12T15:07:36Z,13.419,13.419
doi:10.1002/adfm.202419209,"Wearable Pressure Sensor Based on Triboelectric Nanogenerator for Information Encoding, Gesture Recognition, and Wireless Real‐Time Robot Control","Abstract Wearable sensor has attracted a broad interesting in application prospect of human‐machine interaction (HMI). However, most of sensors are assembled in the shape of gloves to accurately capture complex hand motion information, thereby seriously blocking the hand to complete complex tasks. Herein, a wearable pressure sensor based on drum‐structured triboelectric nanogenerator (DS‐TENG) is developed to capture subtle pressure signals for physiological signal detection, information encoding, gesture recognition, and wireless real‐time robot control. The DS‐TENG enables a limit of detection down to 3.9 Pa pressure, which can sensitively capture human micromotion signals of pulse, throat sounds, and wrist muscles contraction. Especially, combined with a microprocessor and Morse code, the DS‐TENG worn on wrist can detect single‐finger motion signals to translate into regular voltage s",2025,Advanced Functional Materials,Mengjia Guo; Yifan Xia; Jiaxuan Liu; Yinghao Zhang; Min Li; Xin Wang,10.1002/adfm.202419209,,https://doi.org/10.1002/adfm.202419209,openalex,robotics,concept,openalex_bulk_robotics,,61,,2026-06-12T18:57:17Z,13.414,13.414
doi:10.1007/s00521-011-0744-x,New classification techniques for electroencephalogram (EEG) signals and a real-time EEG control of a robot,,2011,Neural Computing and Applications,E. Mine Çinar; Ferat Sahin,10.1007/s00521-011-0744-x,,https://doi.org/10.1007/s00521-011-0744-x,openalex,robotics,concept,openalex_bulk_robotics,,33,,2026-06-12T18:57:17Z,13.413,13.413
doi:10.1109/lra.2016.2524071,Tactile Quality Control With Biomimetic Active Touch,,2016,IEEE Robotics and Automation Letters,Nathan F. Lepora; Benjamin Ward-Cherrier,10.1109/lra.2016.2524071,,https://doi.org/10.1109/lra.2016.2524071,crossref,tactile language action robotics,concept,tactile,,24,,2026-06-12T15:07:36Z,13.409,13.409
doi:10.1109/access.2020.3042643,Untact Abnormal Heartbeat Wave Detection Using Non-Contact Sensor through Transfer Learning,,2020,IEEE Access,Jin-Soo Kim; Kangyoon Lee,10.1109/access.2020.3042643,,https://doi.org/10.1109/access.2020.3042643,crossref,contact rich manipulation learning,concept,contact,,4,contact rich manipulation,2026-06-12T15:07:36Z,13.405,13.405
doi:10.1007/978-3-030-43089-4_50,On the Effects of Measurement Uncertainty in Optimal Control of Contact Interactions,,2020,Springer Proceedings in Advanced Robotics Algorithmic Foundations of Robotics XII,Brahayam Pontón; Stefan Schaal; Ludovic Righetti,10.1007/978-3-030-43089-4_50,,https://doi.org/10.1007/978-3-030-43089-4_50,crossref,EBM transformer robotics contact rich manipulation,concept,architecture_x_embodiment,,4,EBM transformer robotics; contact rich manipulation,2026-06-12T15:07:36Z,13.405,15.405
doi:10.1109/tcyb.2021.3091531,Adaptive Prescribed Performance Control of A Flexible-Joint Robotic Manipulator With Dynamic Uncertainties,"An adaptive fuzzy control strategy is proposed for a single-link flexible-joint robotic manipulator (SFRM) with prescribed performance, in which the unknown nonlinearity is identified by adopting the fuzzy-logic system. By designing a performance function, the transient performance of the control system is guaranteed. To stabilize the SFRM, a dynamic signal is applied to handle the unmodeled dynamics. To cut down the communication load of the channel, the event-triggered control law is developed based on the switching threshold strategy. The Lyapunov stability theory and backstepping technique are applied coordinately to design the control strategy. The semiglobally ultimately uniformly boundedness can be ensured for all signals in the closed-loop system. The designed control method can also guarantee that the tracking error can converge to a small neighborhood of zero within the prescri",2021,IEEE Transactions on Cybernetics,Hui Ma; Qi Zhou; Hongyi Li; Renquan Lu,10.1109/tcyb.2021.3091531,,https://doi.org/10.1109/tcyb.2021.3091531,openalex,robotics,concept,openalex_bulk_robotics,,298,,2026-06-12T18:57:17Z,13.400,13.400
doi:10.1109/cacre62362.2024.10635040,Manipulation Modeling and Control Under Pure Rolling Contact Constraints,,2024,"2024 9th International Conference on Automation, Control and Robotics Engineering (CACRE)",Shuwei Zhao; Jin Yu; Yuan Jiao; Ruiying Zhao,10.1109/cacre62362.2024.10635040,,https://doi.org/10.1109/cacre62362.2024.10635040,crossref,contact rich manipulation learning,concept,contact,,,contact rich manipulation,2026-06-12T14:45:03Z,13.400,13.400
doi:10.1109/lra.2024.3371291,Fast Direct Optimal Control for Humanoids Based on Dynamics Representation in FPC Latent Space,,2024,IEEE Robotics and Automation Letters,Soya Shimizu; Ko Ayusawa; Gentiane Venture,10.1109/lra.2024.3371291,,https://doi.org/10.1109/lra.2024.3371291,crossref,latent dynamics model robotics,concept,architecture,,,latent dynamics model robotics,2026-06-12T14:45:03Z,13.400,14.400
doi:10.1109/sii58957.2024.10417207,Design Concept of Robot Actuator Module with Passive Cooling by Heat Transfer among Close Contact Components,,2024,2024 IEEE/SICE International Symposium on System Integration (SII),Kodai Hayashi; Yuki Asano; Yasushi Nishikawa; Junichiro Shiomi,10.1109/sii58957.2024.10417207,,https://doi.org/10.1109/sii58957.2024.10417207,crossref,contact dynamics robot learning,concept,contact,,,contact dynamics,2026-06-12T15:07:36Z,13.400,13.400
doi:10.1109/icarm62033.2024.10715752,A Two-Layer Adaptive Safety-Critical Control Framework for Uncertain Robot Contact Tasks *,,2024,2024 International Conference on Advanced Robotics and Mechatronics (ICARM),Zhitao Gao; Chen Chen; Fangyu Peng; Yukui Zhang; Haoyan Liu; Rong Yan,10.1109/icarm62033.2024.10715752,,https://doi.org/10.1109/icarm62033.2024.10715752,crossref,contact dynamics robot learning,concept,contact,,,contact dynamics,2026-06-12T15:07:36Z,13.400,13.400
doi:10.1109/robio64047.2024.10907480,Ramp Jump Attitude Control of Single-Track Two-Wheeled Robot via Contact-Implicit Trajectory Optimization,,2024,2024 IEEE International Conference on Robotics and Biomimetics (ROBIO),Feilong Jing; Boyi Wang; Yang Deng; Ke Bao; Zhang Chen; Bin Liang,10.1109/robio64047.2024.10907480,,https://doi.org/10.1109/robio64047.2024.10907480,crossref,contact dynamics robot learning,concept,contact,,,contact dynamics,2026-06-12T15:07:36Z,13.400,13.400
doi:10.1109/icit58233.2024.10540707,Spatial Iterative Learning Control for Robots in Contact with Unknown Environments,,2024,2024 IEEE International Conference on Industrial Technology (ICIT),Yuting Guo; Guangzhu Peng; Dengxiu Yu; Chenguang Yang,10.1109/icit58233.2024.10540707,,https://doi.org/10.1109/icit58233.2024.10540707,crossref,contact rich manipulation learning,concept,contact,,,contact rich manipulation,2026-06-12T15:07:36Z,13.400,13.400
doi:10.57086/radar.712,Les interfaces tactiles du Contact Improvisation The tactile in-betweens of Contact Improvisation,,2024,Radar,Alice Godfroy,10.57086/radar.712,,https://doi.org/10.57086/radar.712,crossref,contact rich manipulation learning,concept,contact,,,contact rich manipulation,2026-06-12T15:07:36Z,13.400,13.400
doi:10.1109/ricai64321.2024.10911507,Intelligent Recognition and Control System for Flexible Robotic Hands Based on Multi-channel Tactile Sensing,,2024,"2024 6th International Conference on Robotics, Intelligent Control and Artificial Intelligence (RICAI)",Kaibo Jin; Xiaoquan Ren,10.1109/ricai64321.2024.10911507,,https://doi.org/10.1109/ricai64321.2024.10911507,crossref,tactile language action robotics,concept,tactile,,,,2026-06-12T15:07:36Z,13.400,13.400
doi:10.1109/robio64047.2024.10907710,Contact Force Estimation by Fusing Current and Tactile Information Through KF for Robot Arm,,2024,2024 IEEE International Conference on Robotics and Biomimetics (ROBIO),Yujie Tian; Chengfang Guang; Ruiqing Luo; Sheng Bao; Jianjun Yuan; Liang Du; Zhengtao Hu,10.1109/robio64047.2024.10907710,,https://doi.org/10.1109/robio64047.2024.10907710,crossref,tactile language action robotics,concept,tactile,,,,2026-06-12T15:07:36Z,13.400,13.400
doi:10.1017/9781316798454.015,Dynamical Control of Quantum State Transfer in Hybrid Systems,,2021,Thermodynamics and Control of Open Quantum Systems,,10.1017/9781316798454.015,,https://doi.org/10.1017/9781316798454.015,crossref,hybrid systems robot control manipulation,anti_myopia,control,,,hybrid systems,2026-06-12T15:07:36Z,13.400,16.400
doi:10.1109/icra57147.2024.10611428,A Planar Compliant Contact Control Applied to Multi-dimensional Elastic Gripper for Unexpected Contact,,2024,2024 IEEE International Conference on Robotics and Automation (ICRA),Junnan Huang; Xuefeng Wang; Chongkun Xia; Houde Liu; Mingqi Shao; Bin Liang,10.1109/icra57147.2024.10611428,,https://doi.org/10.1109/icra57147.2024.10611428,crossref,EBM transformer robotics contact rich manipulation,concept,architecture_x_embodiment,,,EBM transformer robotics; contact rich manipulation,2026-06-12T15:07:36Z,13.400,13.400
doi:10.1109/embc53108.2024.10782806,On Human to Robot Skill Transfer for the Execution of Complex Tactile American Sign Language Tasks with a Bimanual Robot Platform,,2024,2024 46th Annual International Conference of the IEEE Engineering in Medicine and Biology Society (EMBC),Che-Ming Chang; Felipe Sanches; Geng Gao; Minas Liarokapis,10.1109/embc53108.2024.10782806,,https://doi.org/10.1109/embc53108.2024.10782806,crossref,Gaussian splatting robot perception bimanual manipulation,concept,architecture_x_embodiment,,,Gaussian splatting robot perception; bimanual manipulation,2026-06-12T15:07:36Z,13.400,13.400
doi:10.1109/sii58957.2024.10417390,Distributed Cascade Force Control of Soft-Tactile-Based Multi-robot System for Object Transportation,,2024,2024 IEEE/SICE International Symposium on System Integration (SII),Duy Anh Nguyen; Nhat Minh Dinh Le; Nhan Huu Nguyen; Pham Duy Hung; Van Anh Ho; Trung Dung Ngo,10.1109/sii58957.2024.10417390,,https://doi.org/10.1109/sii58957.2024.10417390,crossref,Gaussian splatting robot perception multi robot system,concept,architecture_x_embodiment,,,Gaussian splatting robot perception; multi robot system; force control,2026-06-12T15:07:36Z,13.400,13.400
doi:10.1007/978-3-031-63596-0_7,Invariance is Key to Generalization: Examining the Role of Representation in Sim-to-Real Transfer for Visual Navigation,,2024,Springer Proceedings in Advanced Robotics Experimental Robotics,Bo Ai; Zhanxin Wu; David Hsu,10.1007/978-3-031-63596-0_7,,https://doi.org/10.1007/978-3-031-63596-0_7,crossref,robotics,concept,crossref_bulk_robotics,,,sim to real transfer; generalization,2026-06-12T19:29:26Z,13.400,15.400
doi:10.1109/icra57147.2024.10611406,Differentiable Compliant Contact Primitives for Estimation and Model Predictive Control,,2024,2024 IEEE International Conference on Robotics and Automation (ICRA),Kevin Haninger; Kangwagye Samuel; Filippo Rozzi; Sehoon Oh; Loris Roveda,10.1109/icra57147.2024.10611406,,https://doi.org/10.1109/icra57147.2024.10611406,crossref,robotics,concept,crossref_bulk_robotics,,,model predictive control,2026-06-12T19:29:26Z,13.400,14.400
doi:10.1002/aisy.202300783,"A Review of Quadruped Robots: Structure, Control, and Autonomous Motion","With their unique point‐contact ability with the ground and exceptional adaptability to complex terrains, quadruped robots have become a focal point in the fields of automation and robotic engineering. Significant research progress has been made in aspects such as structural design, motion planning, and balance control of these robots. However, a primary challenge in current research lies in further enhancing the dynamic performance, environmental adaptability, and payload capacity. In this article, research achievements in key technical areas of quadruped robots, encompassing structural design, gait planning, traditional control strategies, intelligent control strategies, and autonomous movement, are comprehensively discussed. The focus of the article is on analyzing trends in intelligence and technological innovation within the aforementioned areas, aiming to provide robust theoretical",2024,Advanced Intelligent Systems,Yanan Fan; Zhongcai Pei; Chen Wang; Meng Li; Zhiyong Tang; Qinghua Liu,10.1002/aisy.202300783,,https://doi.org/10.1002/aisy.202300783,openalex,robotics,concept,openalex_bulk_robotics,,89,motion planning,2026-06-12T18:57:17Z,13.400,14.400
doi:10.1109/icsens.2013.6688445,Utilizing tactile feedback for biomimetic grasping control in upper limb prostheses,,2013,2013 IEEE SENSORS,Luke Osborn; Nitish V. Thakor; Rahul Kaliki,10.1109/icsens.2013.6688445,,https://doi.org/10.1109/icsens.2013.6688445,crossref,analytical grasping,anti_myopia,anti_thesis,,10,analytical grasping,2026-06-12T15:07:36Z,13.399,16.399
doi:10.3390/s25185898,Multimodal Large Language Model-Enabled Machine Intelligent Fault Diagnosis Method with Non-Contact Dynamic Vision Data,"Smart manufacturing demands ever-increasing equipment reliability and continuous availability. Traditional fault diagnosis relies on attached sensors and complex wiring to collect vibration signals. This approach suffers from poor environmental adaptability, difficult maintenance, and cumbersome preprocessing. This study pioneers the use of high-temporal-resolution dynamic visual information captured by an event camera to fine-tune a multimodal large model for the first time. Leveraging non-contact acquisition with an event camera, sparse pulse events are converted into event frames through time surface processing. These frames are then reconstructed into a high-temporal-resolution video using spatiotemporal denoising and region of interest definition. The study introduces the multimodal model Qwen2.5-VL-7B and employs two distinct LoRA fine-tuning strategies for bearing fault classifica",2025,Sensors,Zihan Lu; Cuiying Sun; Xiang Li,10.3390/s25185898,,https://doi.org/10.3390/s25185898,crossref,vision language action model limitation robotics,hostile,failure,,8,vision language action model; limitation,2026-06-12T15:07:36Z,13.399,18.399
doi:10.1177/153244000500500404,Institutions and Policy Representation in the States,"Abstract Can government institutions strengthen the influence of public opinion on policymaking? While institutions often limit representation, I identify two institutional features of state lawmaking that may enhance democratic control, but in somewhat different ways. I hypothesize that one institution external to the state legislature—the ballot initiative—improves representation on specific issues, while one institution internal to the legislature—the committee discharge procedure—enhances responsiveness to mass preferences generally. This difference emerges because legislators engage in repeated interactions and logrolling across a wide range of issues while advocates of ballot initiatives do not. My analyses largely, although not entirely, support these hypotheses, with the initiative making abortion policy more responsive and committee discharge making policy generally more respons",2005,State Politics & Policy Quarterly,Barry C. Burden,10.1177/153244000500500404,,https://doi.org/10.1177/153244000500500404,crossref,state space model robot policy,concept,architecture,,32,state space model robot policy,2026-06-12T15:07:36Z,13.398,13.398
doi:10.1109/iros.2016.7759519,Touch-based admittance control of a robotic arm using neural learning of an artificial skin,"Touch perception is an important sense to model in humanoid robots to interact physically and socially with humans. We present a neural controller that can adapt the compliance of the robot arm in four directions using as input the tactile information from an artificial skin and as output the estimated torque for admittance control-loop reference. This adaption is done in a self-organized fashion with a neural system that learns first the topology of the tactile map when we touch it and associates a torque vector to move the arm in the corresponding direction. The artificial skin is based on a large area piezoresistive tactile device (ungridded) that changes its electrical properties in the presence of the contact. Our results show the self-calibration of a robotic arm (2 degrees of freedom) controlled in the four directions and derived combination vectors, by the soft touch on all the t",2016,,Ganna Pugach; Artem Melnyk; Olga Tolochko; Alexandre Pitti; Philippe Gaussier,10.1109/iros.2016.7759519,,https://doi.org/10.1109/iros.2016.7759519,openalex,robotics,concept,openalex_bulk_robotics,,19,humanoid robot,2026-06-12T18:57:17Z,13.398,13.398
doi:10.24963/ijcai.2022/447,Cross-modal Representation Learning and Relation Reasoning for Bidirectional Adaptive Manipulation,"Since single-modal controllable manipulation typically requires supervision of information from other modalities or cooperation with complex software and experts, this paper addresses the problem of cross-modal adaptive manipulation (CAM). The novel task performs cross-modal semantic alignment from mutual supervision and implements bidirectional exchange of attributes, relations, or objects in parallel, benefiting both modalities while significantly reducing manual effort. We introduce a robust solution for CAM, which includes two essential modules, namely Heterogeneous Representation Learning (HRL) and Cross-modal Relation Reasoning (CRR). The former is designed to perform representation learning for cross-modal semantic alignment on heterogeneous graph nodes. The latter is adopted to identify and exchange the focused attributes, relations, or objects in both modalities. Our method prod",2022,Proceedings of the Thirty-First International Joint Conference on Artificial Intelligence,Lei Li; Kai Fan; Chun Yuan,10.24963/ijcai.2022/447,,https://doi.org/10.24963/ijcai.2022/447,crossref,contact rich manipulation learning,concept,contact,,3,contact rich manipulation,2026-06-12T15:07:36Z,13.393,13.393
doi:10.1007/978-94-011-4120-8_15,Vehicle Wheel-Ground Contact Angle Estimation: With Application to Mobile Robot Traction Control,,2000,Advances in Robot Kinematics,K. Iagnemma; S. Dubowsky,10.1007/978-94-011-4120-8_15,,https://doi.org/10.1007/978-94-011-4120-8_15,crossref,contact dynamics robot learning,concept,contact,,35,contact dynamics,2026-06-12T14:45:03Z,13.392,13.392
doi:10.1109/icra.2013.6631354,Hybrid modeling and control of a coaxial unmanned rotorcraft interacting with its environment through contact,,2013,2013 IEEE International Conference on Robotics and Automation,Kostas Alexis; Christoph Huerzeler; Roland Siegwart,10.1109/icra.2013.6631354,,https://doi.org/10.1109/icra.2013.6631354,crossref,robotics,concept,crossref_bulk_robotics,,35,,2026-06-12T19:29:26Z,13.392,13.392
doi:10.1007/s00170-017-0046-2,Adaptive tactile control for in-hand manipulation tasks of deformable objects,,2017,The International Journal of Advanced Manufacturing Technology,Angel Delgado; Carlos A. Jara; Fernando Torres,10.1007/s00170-017-0046-2,,https://doi.org/10.1007/s00170-017-0046-2,crossref,deformable object manipulation robot learning,concept,deformable,,15,deformable object manipulation,2026-06-12T15:07:36Z,13.386,13.386
doi:10.1109/icra.2015.7139743,Localizing the object contact through matching tactile features with visual map,,2015,2015 IEEE International Conference on Robotics and Automation (ICRA),Shan Luo; Wenxuan Mou; Kaspar Althoefer; Hongbin Liu,10.1109/icra.2015.7139743,,https://doi.org/10.1109/icra.2015.7139743,crossref,tactile language action robotics,concept,tactile,,34,,2026-06-12T15:07:36Z,13.378,13.378
doi:10.1007/bfb0112950,Mechanical design and control of a high-bandwidth shape memory alloy tactile display,,1998,Lecture Notes in Control and Information Sciences Experimental Robotics V,Parris S. Wellman; William J. Peine; Gregg Favalora; Robert D. Howe,10.1007/bfb0112950,,https://doi.org/10.1007/bfb0112950,crossref,tactile language action robotics,concept,tactile,,34,,2026-06-12T15:07:36Z,13.378,13.378
doi:10.15607/rss.2015.xi.019,Material Recognition from Heat Transfer given Varying Initial Conditions and Short-Duration Contact,,2015,Robotics: Science and Systems XI,Tapomayukh Bhattacharjee; Joshua Wade; Charles Kemp,10.15607/rss.2015.xi.019,,https://doi.org/10.15607/rss.2015.xi.019,crossref,EBM transformer robotics contact rich manipulation,concept,architecture_x_embodiment,,34,EBM transformer robotics; contact rich manipulation,2026-06-12T15:07:36Z,13.378,13.378
doi:10.1002/9781119422518,Dynamics and Control of Robotic Manipulators with Contact and Friction,,2019,,Shiping Liu; Gang (Sheng) Chen,10.1002/9781119422518,,https://doi.org/10.1002/9781119422518,crossref,contact dynamics robot learning,concept,contact,,6,contact dynamics,2026-06-12T15:07:36Z,13.373,13.373
doi:10.1007/978-3-319-89327-3_13,Enhancing Shared Control via Contact Force Classification in Human-Robot Cooperative Task Execution,,2019,Springer Proceedings in Advanced Robotics Human Friendly Robotics,Jonathan Cacace; Alberto Finzi; Vincenzo Lippiello,10.1007/978-3-319-89327-3_13,,https://doi.org/10.1007/978-3-319-89327-3_13,crossref,contact dynamics robot learning,concept,contact,,6,contact dynamics,2026-06-12T15:07:36Z,13.373,13.373
doi:10.1080/10798587.2009.10643026,Neural Network-Based Robust Tracking Control For Robots,"Abstract An adaptive robust tracking controller is proposed for robot systerns under plant uncertainties and external disturbances. Nonlinear robust control theory and neural network design aze combined to construct a hybrid adaptive-robust tracking control scheme which ensures that the joint positions track the desired reference signals. Neural network is used to identify the uncertainties, and the effects on tracking performance attributable to the approximation errors of NN aze regazded as external disturbances that aze attenuated to a prescribed level by robust controller. The neural network weights aze only tuned on-line without tedious and lengthy off-line leazning. A simple robust learning algorithm of neural network is derived such that the proposed adaptive controller can easily be implemented and the stability of the closed system can be ensured. A simulation example demonstrat",2009,Intelligent Automation & Soft Computing,Yaonan Wang; Wei Sun; Yangqin Xiang; Siyi Miao,10.1080/10798587.2009.10643026,,https://doi.org/10.1080/10798587.2009.10643026,openalex,robotics,concept,openalex_bulk_robotics,,27,,2026-06-12T18:57:17Z,13.366,13.366
doi:10.1145/1833349.1778865,Sampling-based contact-rich motion control,,2010,ACM SIGGRAPH 2010 papers,Libin Liu; KangKang Yin; Michiel van de Panne; Tianjia Shao; Weiwei Xu,10.1145/1833349.1778865,,https://doi.org/10.1145/1833349.1778865,crossref,contact rich manipulation learning,concept,contact,,33,contact rich manipulation,2026-06-12T14:45:03Z,13.363,13.363
doi:10.1016/j.rcim.2010.07.014,"Integration of product design, process planning, scheduling, and FMS control using XML data representation",,2010,Robotics and Computer-Integrated Manufacturing,Dušan N Šormaz; Jaikumar Arumugam; Ramachandra S Harihara; Chintankumar Patel; Narender Neerukonda,10.1016/j.rcim.2010.07.014,,https://doi.org/10.1016/j.rcim.2010.07.014,crossref,robotics,concept,crossref_bulk_robotics,,33,,2026-06-12T19:29:26Z,13.363,13.363
doi:10.1038/s42256-022-00487-3,Functional mimicry of Ruffini receptors with fibre Bragg gratings and deep neural networks enables a bio-inspired large-area tactile-sensitive skin,"Abstract Collaborative robots are expected to physically interact with humans in daily living and the workplace, including industrial and healthcare settings. A key related enabling technology is tactile sensing, which currently requires addressing the outstanding scientific challenge to simultaneously detect contact location and intensity by means of soft conformable artificial skins adapting over large areas to the complex curved geometries of robot embodiments. In this work, the development of a large-area sensitive soft skin with a curved geometry is presented, allowing for robot total-body coverage through modular patches. The biomimetic skin consists of a soft polymeric matrix, resembling a human forearm, embedded with photonic fibre Bragg grating transducers, which partially mimics Ruffini mechanoreceptor functionality with diffuse, overlapping receptive fields. A convolutional ne",2022,Nature Machine Intelligence,Luca Massari; Giulia Fransvea; Jessica D’Abbraccio; Mariangela Filosa; Giuseppe Terruso; Andrea Aliperta; Giacomo D’Alesio; Martina Zaltieri; Emiliano Schena; Eduardo Palermo; Edoardo Sinibaldi; Calogero Maria Oddo,10.1038/s42256-022-00487-3,,https://doi.org/10.1038/s42256-022-00487-3,openalex,energy based model robot learning,concept,ebm,,182,,2026-06-12T18:26:24Z,13.355,13.355
doi:10.5772/5757,Towards a Unified Representation of Mechanisms for Robotic Control Software,"This article gives an overview of the Mechanism Model paradigm. The mechanism model paradigm provides a framework to modeling mechanisms for robotic control. The emphasis is on the unification of mathematical models of kinematics/dynamics, geometric information and control system parameters for a variety of robotic systems (including serial manipulators, wheeled and legged locomotors), with algorithms that are needed for typical robot control applications.",2006,International Journal of Advanced Robotic Systems,Antonio Díaz-Calderón; Issa Nesnas; Hari Nayar; Won S. Kim,10.5772/5757,,https://doi.org/10.5772/5757,openalex,robotics,concept,openalex_bulk_robotics,,14,,2026-06-12T18:57:17Z,13.354,13.354
doi:10.1109/robot.1985.1087272,Control of tool/Workpiece contact force with application to robotic deburring,"The design and implementation of a microprocessor based control system to control the interaction forces between a five axis articulated robot and a workpiece is described. The control system works in parallel with a robot controller by calculating position corrections that allow force to be controlled in the desired manner. The corrections were successfully interfaced to the position control loop on an individual axis level. Stable force control algorithms were designed in spite of limitations imposed by flexibility in the robot drive train. In the multi-degree of freedom control case it is shown that each axis can be considered autonomous, obviating the need for a multivariable approach. Control was implemented in edge following experiments. Across levels of commanded normal force ranging from 0 to 15 N, the RMS force errors remain constant. Errors increased from 0.5 N to 1.5 N RMS as ",2005,,T. Stepien; L. M. Sweet; M C Good; M. Tomizuka,10.1109/robot.1985.1087272,,https://doi.org/10.1109/robot.1985.1087272,openalex,robotics,concept,openalex_bulk_robotics,,14,force control; limitation,2026-06-12T18:57:17Z,13.354,14.354
doi:10.1126/sciadv.adv2124,Super-resolution tactile sensor arrays with sparse units enabled by deep learning,"High-resolution tactile perception is essential for humanoid robots to perform contact-based interaction tasks. However, enhancing resolution is typically accompanied by increasing the density of sensing nodes, large numbers of interconnecting wires, and complex signal processing modules. This work presents super-resolution (SR) tactile sensor arrays with sparsely distributed taxels powered by a universal intelligent framework. Such smart sensor systems involve a general topological optimization strategy for taxel layout design and a deep learning model called self-attention-assisted tactile SR. Driven by the proposed model, they can dynamically distinguish high-density pressure stimuli by generating 2700 virtual taxels from only 23 physical taxels. An SR scale factor of more than 115 and an average localization error of 0.73 millimeters are achieved, approximating human fingertip accura",2025,Science Advances,Depeng Kong; Yuyao Lu; Shuyao Zhou; Mengke Wang; Gaoyang Pang; Baocheng Wang; Lipeng Chen; Xiaoyan Huang; Honghao Lyu; Kaichen Xu; Geng Yang,10.1126/sciadv.adv2124,,https://doi.org/10.1126/sciadv.adv2124,openalex,energy based model robot learning,concept,ebm,,54,humanoid robot; tactile perception,2026-06-12T18:05:07Z,13.354,13.354
doi:10.1007/978-1-4615-4545-3_4,Hybrid Approach of Centralized Control and Distributed Control For Flexible Transfer System,,2000,Distributed Manipulation,Toshio Fukuda; Isao Takagawa; Kosuke Sekiyama; Yasuhisa Hasegawa,10.1007/978-1-4615-4545-3_4,,https://doi.org/10.1007/978-1-4615-4545-3_4,crossref,hybrid systems robot control manipulation,anti_myopia,control,,9,hybrid systems,2026-06-12T15:07:36Z,13.351,16.351
