uid,title,abstract,year,venue,authors,doi,arxiv_id,url,source,query,query_role,family,advisor_seed,citation_count,matched_terms,retrieved_at,relevance_score,hostile_score
doi:10.3390/s19224925,Magnetic-based Soft Tactile Sensors with Deformable Continuous Force Transfer Medium for Resolving Contact Locations in Robotic Grasping and Manipulation,"The resolution of contact location is important in many applications in robotics and automation. This is generally done by using an array of contact or tactile receptors, which increases cost and complexity as the required resolution or area is increased. Tactile sensors have also been developed using a continuous deformable medium between the contact and the receptors, which allows few receptors to interpolate the information among them, avoiding the weakness highlighted in the former approach. The latter is generally used to measure contact force intensity or magnitude but rarely used to identify the contact locations. This paper presents a systematic design and characterisation procedure for magnetic-based soft tactile sensors (utilizing the latter approach with the deformable contact medium) with the goal of locating the contact force location. This systematic procedure provides cond",2019,Sensors,Alireza Mohammadi; Yangmengfei Xu; Ying Tan; Peter Choong; Denny Oetomo,10.3390/s19224925,,https://doi.org/10.3390/s19224925,crossref,contact rich manipulation learning,concept,contact,,50,contact rich manipulation,2026-06-12T15:07:36Z,22.416,22.416
arxiv:2509.16550v1,TranTac: Leveraging Transient Tactile Signals for Contact-Rich Robotic Manipulation,"Robotic manipulation tasks such as inserting a key into a lock or plugging a USB device into a port can fail when visual perception is insufficient to detect misalignment. In these situations, touch sensing is crucial for the robot to monitor the task's states and make precise, timely adjustments. Current touch sensing solutions are either insensitive to detect subtle changes or demand excessive sensor data. Here, we introduce TranTac, a data-efficient and low-cost tactile sensing and control framework that integrates a single contact-sensitive 6-axis inertial measurement unit within the elastomeric tips of a robotic gripper for completing fine insertion tasks. Our customized sensing system can detect dynamic translational and torsional deformations at the micrometer scale, enabling the tracking of visually imperceptible pose changes of the grasped object. By leveraging transformer-based",2025,arXiv,Yinghao Wu; Shuhong Hou; Haowen Zheng; Yichen Li; Weiyi Lu; Xun Zhou; Yitian Shao,,2509.16550v1,http://arxiv.org/abs/2509.16550v1,arxiv,Gaussian splatting robot perception contact rich manipulation,concept,architecture_x_embodiment,,,diffusion policy; Gaussian splatting robot perception; contact rich manipulation,2026-06-12T15:07:36Z,21.850,21.850
doi:10.1109/robot.1996.509203,A full tactile sensing suite for dextrous robot hands and use in contact force control,"A full tactile sensing suite for the finger segments and palm of the Utah/MIT dextrous hand is presented. The rubber-based sensors employ capacitance sensing and floating electrodes in the top layer, and contain local electronics for excitation, filtering, analog-to-digital conversion, and serial communication. Experimental results on static, dynamic, and spatial properties are presented. Use of the tactile sensor in contact force control is demonstrated.",2002,,D N Johnston; Ping Zhang; John M. Hollerbach; S.C. Jacobsen,10.1109/robot.1996.509203,,https://doi.org/10.1109/robot.1996.509203,openalex,robotics,concept,openalex_bulk_robotics,,78,robot hand; force control,2026-06-12T18:57:17Z,19.885,19.885
doi:10.1109/icra48891.2023.10161158,Simultaneous Tactile Estimation and Control of Extrinsic Contact,,2023,2023 IEEE International Conference on Robotics and Automation (ICRA),Sangwoon Kim; Devesh K. Jha; Diego Romeres; Parag Patre; Alberto Rodriguez,10.1109/icra48891.2023.10161158,,https://doi.org/10.1109/icra48891.2023.10161158,crossref,tactile language action robotics,concept,tactile,,25,,2026-06-12T15:07:36Z,19.829,19.829
doi:10.1109/robot.1989.100211,Human/robot interaction via the transfer of power and information signals. I. Dynamics and control analysis,"Extenders, a class of robot manipulators worn by humans to increase human mechanical strength while the wearer's intellect remains the central intelligent control system for manipulating the extender, are characterized, with a focus on the issues of the dynamics and control of human-machine interaction in the sense of the transfer of power and information signals. General models of the human, the extender, and the interaction between the human and the extender are developed. Unstructured modeling is chosen to include all the dynamics in the systems and to avoid specific models. The stability of the system of human, extender, and object being manipulated is analyzed, and the conditions for stable maneuvers derived. An expression for the performance of the extender is defined as a means to quantify the force augmentation. The tradeoff between stability and performance is described. >",2003,,H. Kazerooni,10.1109/robot.1989.100211,,https://doi.org/10.1109/robot.1989.100211,openalex,robotics,concept,openalex_bulk_robotics,,63,human robot interaction,2026-06-12T18:57:17Z,19.779,19.779
doi:10.1109/lra.2024.3475052,Whole-Body Multi-Contact Motion Control for Humanoid Robots Based on Distributed Tactile Sensors,,2024,IEEE Robotics and Automation Letters,Masaki Murooka; Kensuke Fukumitsu; Marwan Hamze; Mitsuharu Morisawa; Hiroshi Kaminaga; Fumio Kanehiro; Eiichi Yoshida,10.1109/lra.2024.3475052,,https://doi.org/10.1109/lra.2024.3475052,crossref,whole body manipulation humanoid,concept,humanoid,,11,humanoid robot,2026-06-12T14:45:03Z,19.642,19.642
doi:10.1109/icra55743.2025.11128094,Canonical Representation and Force-Based Pretraining of 3D Tactile for Dexterous Visuo-Tactile Policy Learning,,2025,2025 IEEE International Conference on Robotics and Automation (ICRA),Tianhao Wu; Jinzhou Li; Jiyao Zhang; Mingdong Wu; Hao Dong,10.1109/icra55743.2025.11128094,,https://doi.org/10.1109/icra55743.2025.11128094,crossref,tactile language action robotics,concept,tactile,,6,,2026-06-12T14:45:03Z,19.573,19.573
doi:10.1109/lra.2023.3303830,Improving the Representation and Extraction of Contact Information in Vision-Based Tactile Sensors Using Continuous Marker Pattern,,2023,IEEE Robotics and Automation Letters,Mingxuan Li; Yen Hang Zhou; Tiemin Li; Yao Jiang,10.1109/lra.2023.3303830,,https://doi.org/10.1109/lra.2023.3303830,crossref,tactile language action robotics,concept,tactile,,14,,2026-06-12T15:07:36Z,19.554,19.554
doi:10.1109/lra.2021.3084880,Zero-Shot Sim-to-Real Transfer of Tactile Control Policies for Aggressive Swing-Up Manipulation,,2021,IEEE Robotics and Automation Letters,Thomas Bi; Carmelo Sferrazza; Raffaello D’Andrea,10.1109/lra.2021.3084880,,https://doi.org/10.1109/lra.2021.3084880,crossref,sim to real robot manipulation,concept,sim2real,,30,robot manipulation; sim to real transfer,2026-06-12T14:45:03Z,19.517,20.517
arxiv:2602.00514v2,A Low-Cost Vision-Based Tactile Gripper with Pretraining Learning for Contact-Rich Manipulation,"Robotic manipulation in contact-rich environments remains challenging, particularly when relying on conventional tactile sensors that suffer from limited sensing range, reliability, and cost-effectiveness. In this work, we present LVTG, a low-cost visuo-tactile gripper designed for stable, robust, and efficient physical interaction. Unlike existing visuo-tactile sensors, LVTG enables more effective and stable grasping of larger and heavier everyday objects, thanks to its enhanced tactile sensing area and greater opening angle. Its surface skin is made of highly wear-resistant material, significantly improving durability and extending operational lifespan. The integration of vision and tactile feedback allows LVTG to provide rich, high-fidelity sensory data, facilitating reliable perception during complex manipulation tasks. Furthermore, LVTG features a modular design that supports rapid ",2026,arXiv,Yaohua Liu; Binkai Ou; Zicheng Qiu; Ce Hao; Hengjun Zhang,,2602.00514v2,http://arxiv.org/abs/2602.00514v2,arxiv,contact rich manipulation learning,concept,contact,,,contact rich manipulation; tactile perception,2026-06-12T14:45:03Z,19.500,19.500
doi:10.1109/lra.2023.3329764,Self-Supervised Regression of sEMG Signals Combining Non-Negative Matrix Factorization With Deep Neural Networks for Robot Hand Multiple Grasping Motion Control,,2023,IEEE Robotics and Automation Letters,Roberto Meattini; Alessio Caporali; Alessandra Bernardini; Gianluca Palli; Claudio Melchiorri,10.1109/lra.2023.3329764,,https://doi.org/10.1109/lra.2023.3329764,crossref,EBM transformer robotics robot hand,concept,architecture_x_embodiment,,9,EBM transformer robotics; robot hand,2026-06-12T15:07:36Z,19.351,20.351
doi:10.1126/scirobotics.ady2869,Visual-tactile pretraining and online multitask learning for humanlike manipulation dexterity,"Achieving humanlike dexterity with anthropomorphic multifingered robotic hands requires precise finger coordination. However, dexterous manipulation remains highly challenging because of high-dimensional action-observation spaces, complex hand-object contact dynamics, and frequent occlusions. To address this, we drew inspiration from the human learning paradigm of observation and practice and propose a two-stage learning framework by learning visual-tactile integration representations via self-supervised learning from human demonstrations. We trained a unified multitask policy through reinforcement learning and online imitation learning. This decoupled learning enabled the robot to acquire generalizable manipulation skills using only monocular images and simple binary tactile signals. With the unified policy, we built a multifingered hand manipulation system that performs multiple compli",2026,Science Robotics,Qi Ye; Qingtao Liu; Siyun Wang; Jiaying Chen; Yu Cui; Ke Jin; Huajin Chen; Xuan Cai; Gaofeng Li; Jiming Chen,10.1126/scirobotics.ady2869,,https://doi.org/10.1126/scirobotics.ady2869,crossref,robot world models manipulation,concept,world_models,,3,robot world model; dexterous manipulation; contact dynamics; imitation learning; self supervised learning; human demonstration; occlusion,2026-06-12T15:07:36Z,19.343,19.343
doi:10.15607/rss.2024.xx.135,Tactile-Driven Non-Prehensile Object Manipulation via Extrinsic Contact Mode Control,,2024,Robotics: Science and Systems XX,Miquel Oller; Dmitry Berenson; Nima Fazeli,10.15607/rss.2024.xx.135,,https://doi.org/10.15607/rss.2024.xx.135,crossref,contact rich manipulation learning,concept,contact,,5,contact rich manipulation,2026-06-12T14:45:03Z,19.296,19.296
doi:10.15607/rss.2025.xxi.054,ViTaSCOPE: Visuo-tactile Implicit Representation for In-hand Pose and Extrinsic Contact Estimation,,2025,Robotics: Science and Systems XXI,Jayjun Lee; Nima Fazeli,10.15607/rss.2025.xxi.054,,https://doi.org/10.15607/rss.2025.xxi.054,crossref,tactile language action robotics,concept,tactile,,3,,2026-06-12T14:45:03Z,19.293,19.293
arxiv:2603.19201v2,OmniVTA: Visuo-Tactile World Modeling for Contact-Rich Robotic Manipulation,"Contact-rich manipulation tasks, such as wiping and assembly, require accurate perception of contact forces, friction changes, and state transitions that cannot be reliably inferred from vision alone. Despite growing interest in visuo-tactile manipulation, progress is constrained by two persistent limitations: existing datasets are small in scale and narrow in task coverage, and current methods treat tactile signals as passive observations rather than using them to model contact dynamics or enable closed-loop control explicitly. In this paper, we present \textbf{OmniViTac}, a large-scale visuo-tactile-action dataset comprising $21{,}000+$ trajectories across $86$ tasks and $100+$ objects, organized into six physics-grounded interaction patterns. Building on this dataset, we propose \textbf{OmniVTA}, a world-model-based visuo-tactile manipulation framework that integrates four tightly cou",2026,arXiv,Yuhang Zheng; Songen Gu; Weize Li; Yupeng Zheng; Yujie Zang; Shuai Tian; Xiang Li; Ce Hao; Chen Gao; Si Liu; Haoran Li; Yilun Chen; Shuicheng Yan; Wenchao Ding,,2603.19201v2,http://arxiv.org/abs/2603.19201v2,arxiv,world action model robotics,concept,wam,,,world action model; contact rich manipulation; contact dynamics; limitation,2026-06-12T14:45:03Z,19.200,20.200
arxiv:2606.06281v1,Multi-Resolution Tactile Imitation Learning for Contact-Rich Robotic Manipulation,"Touch sensing is beneficial for solving a wide variety of manipulation tasks. While there exists a wide range of tactile sensors with different properties, exploiting the fusion of multiple heterogeneous tactile sensors to improve manipulation learning remains underexplored. We present Multi-Resolution Tactile Sensing (MiTaS), a representation framework that leverages multiple tactile sensors operating at different temporal resolutions in order to solve complex contact-rich manipulation tasks. We propose a novel architecture using modality-specific convolutional stems and transformer-based fusion that effectively fuses information from an RGB camera stream, a vision-based GelSight Mini sensor and a high-frequency event-based Evetac sensor. This multi-sensor representation then conditions a flow-matching policy for solving downstream tasks. Experimental results across five contact-rich ma",2026,arXiv,Rickmer Krohn; Erik Helmut; Niklas Funk; Jan Peters; Vignesh Prasad; Georgia Chalvatzaki,,2606.06281v1,http://arxiv.org/abs/2606.06281v1,arxiv,contact rich manipulation learning,concept,contact,,,flow matching policy; contact rich manipulation; imitation learning,2026-06-12T14:45:03Z,19.200,19.200
arxiv:2606.11184v1,TacForeSight: Force-Guided Tactile World Model for Contact-Rich Manipulation,"Contact-rich manipulation requires robots to continuously perceive and regulate evolving physical interactions under dynamic contact transitions or complex surface geometries. Recent imitation learning methods improve contact-aware control by incorporating tactile or force feedback, but they rarely model the asymmetric spatiotemporal roles of global force and local tactile sensing. To address this, we propose TacForeSight, a lightweight force-conditioned tactile foresight framework for real-time manipulation. The core component is TacForceWM, a tactile world model that predicts short-horizon tactile latent dynamics from dual-finger tactile observations conditioned on high-frequency wrist force and torque signals. Another key component, the Predictive Tactile-Conditioned Policy, leverages the predicted latents as anticipatory contact priors, models the current-to-future tactile evolution ",2026,arXiv,Yujie Zang; Yuhang Zheng; Xian Nie; Yupeng Zheng; Shuai Tian; Songen Gu; Chen Gao; Zining Wang; Shuicheng Yan; Wenchao Ding,,2606.11184v1,http://arxiv.org/abs/2606.11184v1,arxiv,contact rich manipulation learning,concept,contact,,,contact rich manipulation; imitation learning,2026-06-12T14:45:03Z,19.200,19.200
arxiv:2603.17851v1,DexViTac: Collecting Human Visuo-Tactile-Kinematic Demonstrations for Contact-Rich Dexterous Manipulation,"Large-scale, high-quality multimodal demonstrations are essential for robot learning of contact-rich dexterous manipulation. While human-centric data collection systems lower the barrier to scaling, they struggle to capture the tactile information during physical interactions. Motivated by this, we present DexViTac, a portable, human-centric data collection system tailored for contact-rich dexterous manipulation. The system enables the high-fidelity acquisition of first-person vision, high-density tactile sensing, end-effector poses, and hand kinematics within unstructured, in-the-wild environments. Building upon this hardware, we propose a kinematics-grounded tactile representation learning algorithm that effectively resolves semantic ambiguities within tactile signals. Leveraging the efficiency of DexViTac, we construct a multimodal dataset comprising over 2,400 visuo-tactile-kinematic",2026,arXiv,Xitong Chen; Yifeng Pan; Min Li; Xiaotian Ding,,2603.17851v1,http://arxiv.org/abs/2603.17851v1,arxiv,contact rich manipulation learning,concept,contact,,,contact rich manipulation; dexterous manipulation; occlusion; deployment,2026-06-12T14:45:03Z,19.200,21.200
arxiv:2503.17501v1,Shear-based Grasp Control for Multi-fingered Underactuated Tactile Robotic Hands,"This paper presents a shear-based control scheme for grasping and manipulating delicate objects with a Pisa/IIT anthropomorphic SoftHand equipped with soft biomimetic tactile sensors on all five fingertips. These `microTac' tactile sensors are miniature versions of the TacTip vision-based tactile sensor, and can extract precise contact geometry and force information at each fingertip for use as feedback into a controller to modulate the grasp while a held object is manipulated. Using a parallel processing pipeline, we asynchronously capture tactile images and predict contact pose and force from multiple tactile sensors. Consistent pose and force models across all sensors are developed using supervised deep learning with transfer learning techniques. We then develop a grasp control framework that uses contact force feedback from all fingertip sensors simultaneously, allowing the hand to s",2025,arXiv,Christopher J. Ford; Haoran Li; Manuel G. Catalano; Matteo Bianchi; Efi Psomopoulou; Nathan F. Lepora,,2503.17501v1,http://arxiv.org/abs/2503.17501v1,arxiv,tactile language action robotics,concept,tactile,,,,2026-06-12T14:45:03Z,19.200,19.200
arxiv:2509.14688v1,exUMI: Extensible Robot Teaching System with Action-aware Task-agnostic Tactile Representation,"Tactile-aware robot learning faces critical challenges in data collection and representation due to data scarcity and sparsity, and the absence of force feedback in existing systems. To address these limitations, we introduce a tactile robot learning system with both hardware and algorithm innovations. We present exUMI, an extensible data collection device that enhances the vanilla UMI with robust proprioception (via AR MoCap and rotary encoder), modular visuo-tactile sensing, and automated calibration, achieving 100% data usability. Building on an efficient collection of over 1 M tactile frames, we propose Tactile Prediction Pretraining (TPP), a representation learning framework through action-aware temporal tactile prediction, capturing contact dynamics and mitigating tactile sparsity. Real-world experiments show that TPP outperforms traditional tactile imitation learning. Our work bri",2025,arXiv,Yue Xu; Litao Wei; Pengyu An; Qingyu Zhang; Yong-Lu Li,,2509.14688v1,http://arxiv.org/abs/2509.14688v1,arxiv,tactile language action robotics,concept,tactile,,,contact rich manipulation; contact dynamics; proprioception; imitation learning; limitation,2026-06-12T14:45:03Z,19.200,21.200
doi:10.1002/rcs.2325,SuP‐Ring: A pneumatic tactile display with substitutional representation of contact force components using normal indentation,"Abstract Background Shear force is important for tumour detection and can contribute to minimally invasive surgery (MIS). A popular method uses lateral skin stretch to produce shear force but has some limitations. Methods We have developed a ring‐type pneumatic tactile display that employs normal indentation substituted for lateral skin stretch to represent normal and shear feedback, called SuP‐Ring. Psychophysical experiments were conducted to evaluate how users perceive the provided feedback and the effectiveness of SuP‐Ring in tumour localisation. Results The experimental results show that the participants could perceive the provided normal and shear feedback well. Shear feedback enables users to enhance their performance in localising the tumour and normal feedback could contribute to ensuring the safety requirements in MIS. Conclusions The proposed tactile display could be useful fo",2021,The International Journal of Medical Robotics and Computer Assisted Surgery,Hoang Hiep Ly; Yoshihiro Tanaka; Michitaka Fujiwara,10.1002/rcs.2325,,https://doi.org/10.1002/rcs.2325,crossref,tactile language action robotics,concept,tactile,,5,limitation,2026-06-12T15:07:36Z,19.046,20.046
doi:10.1089/soro.2016.0028,Tactile Sensing with Whiskers of Various Shapes: Determining the Three-Dimensional Location of Object Contact Based on Mechanical Signals at the Whisker Base,,2017,Soft Robotics,Lucie A. Huet; John W. Rudnicki; Mitra J.Z. Hartmann,10.1089/soro.2016.0028,,https://doi.org/10.1089/soro.2016.0028,crossref,tactile language action robotics,concept,tactile,,50,,2026-06-12T15:07:36Z,18.966,18.966
doi:10.1109/iros58592.2024.10801764,RTTF: Rapid Tactile Transfer Framework for Contact-Rich Manipulation Tasks,,2024,2024 IEEE/RSJ International Conference on Intelligent Robots and Systems (IROS),Qiwei Wu; Xuanbin Peng; Jiayu Zhou; Zhuoran Sun; Xiaogang Xiong; Yunjiang Lou,10.1109/iros58592.2024.10801764,,https://doi.org/10.1109/iros58592.2024.10801764,crossref,contact rich manipulation learning,concept,contact,,2,contact rich manipulation,2026-06-12T14:45:03Z,18.949,18.949
arxiv:2509.19047v1,ManipForce: Force-Guided Policy Learning with Frequency-Aware Representation for Contact-Rich Manipulation,"Contact-rich manipulation tasks such as precision assembly require precise control of interaction forces, yet existing imitation learning methods rely mainly on vision-only demonstrations. We propose ManipForce, a handheld system designed to capture high-frequency force-torque (F/T) and RGB data during natural human demonstrations for contact-rich manipulation. Building on these demonstrations, we introduce the Frequency-Aware Multimodal Transformer (FMT). FMT encodes asynchronous RGB and F/T signals using frequency- and modality-aware embeddings and fuses them via bi-directional cross-attention within a transformer diffusion policy. Through extensive experiments on six real-world contact-rich manipulation tasks - such as gear assembly, box flipping, and battery insertion - FMT trained on ManipForce demonstrations achieves robust performance with an average success rate of 83% across all",2025,arXiv,Geonhyup Lee; Yeongjin Lee; Kangmin Kim; Seongju Lee; Sangjun Noh; Seunghyeok Back; Kyoobin Lee,,2509.19047v1,http://arxiv.org/abs/2509.19047v1,arxiv,contact rich manipulation learning,concept,contact,,,diffusion policy; contact rich manipulation; imitation learning; human demonstration; ablation,2026-06-12T14:45:03Z,18.850,20.850
doi:10.1109/robot.2004.1308042,Control of thermal tactile display based on prediction of contact temperature,,2004,"IEEE International Conference on Robotics and Automation, 2004. Proceedings. ICRA '04. 2004",A. Yamamoto; B. Cros; H. Hashimoto; T. Higuchi,10.1109/robot.2004.1308042,,https://doi.org/10.1109/robot.2004.1308042,crossref,tactile language action robotics,concept,tactile,,75,,2026-06-12T15:07:36Z,18.765,18.765
doi:10.1109/iros58592.2024.10802386,Zero-Shot Transfer of a Tactile-based Continuous Force Control Policy from Simulation to Robot,,2024,2024 IEEE/RSJ International Conference on Intelligent Robots and Systems (IROS),Luca Lach; Robert Haschke; Davide Tateo; Jan Peters; Helge Ritter; Júlia Borràs; Carme Torras,10.1109/iros58592.2024.10802386,,https://doi.org/10.1109/iros58592.2024.10802386,crossref,recurrent robot policy,concept,architecture,,1,recurrent robot policy; force control,2026-06-12T15:07:36Z,18.747,18.747
doi:10.48550/arxiv.2307.15818,RT-2: Vision-Language-Action Models Transfer Web Knowledge to Robotic Control,"We study how vision-language models trained on Internet-scale data can be incorporated directly into end-to-end robotic control to boost generalization and enable emergent semantic reasoning. Our goal is to enable a single end-to-end trained model to both learn to map robot observations to actions and enjoy the benefits of large-scale pretraining on language and vision-language data from the web. To this end, we propose to co-fine-tune state-of-the-art vision-language models on both robotic trajectory data and Internet-scale vision-language tasks, such as visual question answering. In contrast to other approaches, we propose a simple, general recipe to achieve this goal: in order to fit both natural language responses and robotic actions into the same format, we express the actions as text tokens and incorporate them directly into the training set of the model in the same way as natural ",2023,arXiv (Cornell University),Anthony Brohan; Noah Brown; Justice Carbajal; Yevgen Chebotar; Xi Chen; Krzysztof Choromański; Tianli Ding; Danny Driess; Avinava Dubey; Chelsea Finn; Pete Florence; Chuyuan Fu; Montse Gonzalez Arenas; Keerthana Gopalakrishnan; Kehang Han; Karol Hausman; Alexander Herzog; Jasmine Hsu; Brian Ichter; Alex Irpan,10.48550/arxiv.2307.15818,,https://doi.org/10.48550/arxiv.2307.15818,openalex,robotics,concept,openalex_bulk_robotics,,267,vision language action model; generalization,2026-06-12T18:57:17Z,18.745,19.745
doi:10.1109/70.880799,Control of contact via tactile sensing,,2000,IEEE Transactions on Robotics and Automation,H. Zhang; N.N. Chen,10.1109/70.880799,,https://doi.org/10.1109/70.880799,crossref,contact dynamics robot learning,concept,contact,,65,contact dynamics,2026-06-12T15:07:36Z,18.695,18.695
doi:10.1146/annurev.neuro.26.041002.131032,SENSORY SIGNALS IN NEURAL POPULATIONS UNDERLYING TACTILE PERCEPTION AND MANIPULATION,"▪ Abstract For humans to manipulate an object successfully, the motor control system must have accurate information about parameters such as the shape of the stimulus, its position of contact on the skin, and the magnitude and direction of contact force. The same information is required for perception during haptic exploration of an object. Much of these data are relayed by the mechanoreceptive afferents innervating the glabrous skin of the digits. Single afferent responses are modulated by all the relevant stimulus parameters. Thus, only in complete population reconstructions is it clear how each of the parameters can be signaled to the brain independently when many are changing simultaneously, as occurs in most normal movements or haptic exploration. Modeling population responses reveals how resolution is affected by neural noise and intrinsic properties of the population such as the p",2004,Annual Review of Neuroscience,Antony W. Goodwin; Heather E. Wheat,10.1146/annurev.neuro.26.041002.131032,,https://doi.org/10.1146/annurev.neuro.26.041002.131032,crossref,Gaussian splatting robot perception bimanual manipulation,concept,architecture_x_embodiment,,116,Gaussian splatting robot perception; bimanual manipulation; tactile perception,2026-06-12T15:07:36Z,18.681,18.681
arxiv:2210.03836v1,Learning the Dynamics of Compliant Tool-Environment Interaction for Visuo-Tactile Contact Servoing,"Many manipulation tasks require the robot to control the contact between a grasped compliant tool and the environment, e.g. scraping a frying pan with a spatula. However, modeling tool-environment interaction is difficult, especially when the tool is compliant, and the robot cannot be expected to have the full geometry and physical properties (e.g., mass, stiffness, and friction) of all the tools it must use. We propose a framework that learns to predict the effects of a robot's actions on the contact between the tool and the environment given visuo-tactile perception. Key to our framework is a novel contact feature representation that consists of a binary contact value, the line of contact, and an end-effector wrench. We propose a method to learn the dynamics of these contact features from real world data that does not require predicting the geometry of the compliant tool. We then propo",2022,arXiv,Mark Van der Merwe; Dmitry Berenson; Nima Fazeli,,2210.03836v1,http://arxiv.org/abs/2210.03836v1,arxiv,contact dynamics robot learning,concept,contact,,,contact dynamics; tactile perception,2026-06-12T14:45:03Z,18.600,19.600
doi:10.1109/iros60139.2025.11246218,Semantic-Geometric-Physical-Driven Robot Manipulation Skill Transfer via Skill Library and Tactile Representation,,2025,2025 IEEE/RSJ International Conference on Intelligent Robots and Systems (IROS),Mingchao Qi; Yuanjin Li; Xing Liu; Zhengxiong Liu; Panfeng Huang,10.1109/iros60139.2025.11246218,,https://doi.org/10.1109/iros60139.2025.11246218,crossref,robot world models manipulation,concept,world_models,,,robot world model; robot manipulation,2026-06-12T15:07:36Z,18.600,18.600
doi:10.1109/icassp55912.2026.11460391,CARE: Multi-Task Pretraining For Latent Continuous Action Representation in Robot Control,,2026,"ICASSP 2026 - 2026 IEEE International Conference on Acoustics, Speech and Signal Processing (ICASSP)",Jiaqi Shi; Xulong Zhang; Xiaoyang Qu; Jianzong Wang,10.1109/icassp55912.2026.11460391,,https://doi.org/10.1109/icassp55912.2026.11460391,crossref,latent dynamics model robot control,concept,latent_dynamics,,,,2026-06-12T15:07:36Z,18.600,18.600
doi:10.1007/978-1-4615-0713-0_45,Dynamic Use of Tactile Afferent Signals in Control of Dexterous Manipulation,,2002,Advances in Experimental Medicine and Biology Sensorimotor Control of Movement and Posture,Roland S. Johansson,10.1007/978-1-4615-0713-0_45,,https://doi.org/10.1007/978-1-4615-0713-0_45,crossref,EBM transformer robotics dexterous manipulation,concept,architecture_x_embodiment,,43,EBM transformer robotics; dexterous manipulation,2026-06-12T15:07:36Z,18.492,18.492
doi:10.3390/s20041050,Grasping Force Control of Multi-Fingered Robotic Hands through Tactile Sensing for Object Stabilization,"Grasping force control is important for multi-fingered robotic hands to stabilize the grasped object. Humans are able to adjust their grasping force and react quickly to instabilities through tactile sensing. However, grasping force control through tactile sensing with robotic hands is still relatively unexplored. In this paper, we make use of tactile sensing for multi-fingered robot hands to adjust the grasping force to stabilize unknown objects without prior knowledge of their shape or physical properties. In particular, an online detection module based on Deep Neural Network (DNN) is designed to detect contact events and object material simultaneously from tactile data. In addition, a force estimation method based on Gaussian Mixture Model (GMM) is proposed to compute the contact information (i.e., contact force and contact location) from tactile data. According to the results of tact",2020,Sensors,Zhen Deng; Yannick Jonetzko; Liwei Zhang; Jianwei Zhang,10.3390/s20041050,,https://doi.org/10.3390/s20041050,crossref,analytical grasping,anti_myopia,anti_thesis,,77,robot hand; force control; analytical grasping,2026-06-12T15:07:36Z,18.428,21.428
arxiv:2103.00410v2,Sim-to-Real Transfer for Robotic Manipulation with Tactile Sensory,"Reinforcement Learning (RL) methods have been widely applied for robotic manipulations via sim-to-real transfer, typically with proprioceptive and visual information. However, the incorporation of tactile sensing into RL for contact-rich tasks lacks investigation. In this paper, we model a tactile sensor in simulation and study the effects of its feedback in RL-based robotic control via a zero-shot sim-to-real approach with domain randomization. We demonstrate that learning and controlling with feedback from tactile sensor arrays at the gripper, both in simulation and reality, can enhance grasping stability, which leads to a significant improvement in robotic manipulation performance for a door opening task. In real-world experiments, the door open angle was increased by 45% on average for transferred policies with tactile sensing over those without it.",2021,arXiv,Zihan Ding; Ya-Yen Tsai; Wang Wei Lee; Bidan Huang,,2103.00410v2,http://arxiv.org/abs/2103.00410v2,arxiv,sim to real robot manipulation,concept,sim2real,,,robot manipulation; sim to real transfer; domain randomization,2026-06-12T14:45:03Z,18.400,20.400
doi:10.1109/icarm62033.2024.10715919,Visual-Tactile Based Manipulation Control for Complex Robot Manipulation Process via Geometric and Contact State Modeling,,2024,2024 International Conference on Advanced Robotics and Mechatronics (ICARM),Gaozhao Wang; Xing Liu; Zhengxiong Liu; Yizhai Zhang; Panfeng Huang,10.1109/icarm62033.2024.10715919,,https://doi.org/10.1109/icarm62033.2024.10715919,crossref,robot world models manipulation,concept,world_models,,,robot world model; robot manipulation,2026-06-12T14:45:03Z,18.400,18.400
doi:10.1016/j.robot.2014.09.011,Towards the creation of tactile maps for robots and their use in robot contact motion control,,2015,Robotics and Autonomous Systems,S. Denei; F. Mastrogiovanni; G. Cannata,10.1016/j.robot.2014.09.011,,https://doi.org/10.1016/j.robot.2014.09.011,crossref,tactile language action robotics,concept,tactile,,32,,2026-06-12T14:45:03Z,18.348,18.348
doi:10.1145/3294109.3302958,Tangible Signals - Physical Representation of Sound and Haptic Control Feedback,,2019,"Proceedings of the Thirteenth International Conference on Tangible, Embedded, and Embodied Interaction",Jens Vetter,10.1145/3294109.3302958,,https://doi.org/10.1145/3294109.3302958,crossref,embodied world model planning control,concept,world_models,,4,,2026-06-12T15:07:36Z,18.205,18.205
arxiv:2504.19341v1,PolyTouch: A Robust Multi-Modal Tactile Sensor for Contact-rich Manipulation Using Tactile-Diffusion Policies,"Achieving robust dexterous manipulation in unstructured domestic environments remains a significant challenge in robotics. Even with state-of-the-art robot learning methods, haptic-oblivious control strategies (i.e. those relying only on external vision and/or proprioception) often fall short due to occlusions, visual complexities, and the need for precise contact interaction control. To address these limitations, we introduce PolyTouch, a novel robot finger that integrates camera-based tactile sensing, acoustic sensing, and peripheral visual sensing into a single design that is compact and durable. PolyTouch provides high-resolution tactile feedback across multiple temporal scales, which is essential for efficiently learning complex manipulation tasks. Experiments demonstrate an at least 20-fold increase in lifespan over commercial tactile sensors, with a design that is both easy to man",2025,arXiv,Jialiang Zhao; Naveen Kuppuswamy; Siyuan Feng; Benjamin Burchfiel; Edward Adelson,,2504.19341v1,http://arxiv.org/abs/2504.19341v1,arxiv,diffusion policy limitation robot manipulation,hostile,failure,,,diffusion policy; robot manipulation; contact rich manipulation; dexterous manipulation; proprioception; human demonstration; limitation; occlusion; diffusion policy limitation,2026-06-12T15:07:36Z,17.850,22.850
doi:10.1109/tnsre.2024.3358491,Cross-Subject Motor Imagery Decoding by Transfer Learning of Tactile ERD,"For Brain-Computer Interface (BCI) based on motor imagery (MI), the MI task is abstract and spontaneous, presenting challenges in measurement and control and resulting in a lower signal-to-noise ratio. The quality of the collected MI data significantly impacts the cross-subject calibration results. To address this challenge, we introduce a novel cross-subject calibration method based on passive tactile afferent stimulation, in which data induced by tactile stimulation is utilized to calibrate transfer learning models for cross-subject decoding. During the experiments, tactile stimulation was applied to either the left or right hand, with subjects only required to sense tactile stimulation. Data from these tactile tasks were used to train or fine-tune models and subsequently applied to decode pure MI data. We evaluated BCI performance using both the classical Common Spatial Pattern (CSP) ",2024,IEEE Transactions on Neural Systems and Rehabilitation Engineering,Yucun Zhong; Lin Yao; Gang Pan; Yueming Wang,10.1109/tnsre.2024.3358491,,https://doi.org/10.1109/tnsre.2024.3358491,openalex,energy based model robot learning,concept,ebm,,12,,2026-06-12T18:26:24Z,17.782,18.782
doi:10.1109/sii.2019.8700383,Control System Based on Contact Force Distribution for Wearable Robot with Tactile Sensor,,2019,2019 IEEE/SICE International Symposium on System Integration (SII),Daiki Ito; Yuki Funabora; Shinji Doki; Kae Doki,10.1109/sii.2019.8700383,,https://doi.org/10.1109/sii.2019.8700383,crossref,contact dynamics robot learning,concept,contact,,1,contact dynamics,2026-06-12T15:07:36Z,17.747,17.747
doi:10.1177/0142331215583327,Identification of a vertical hopping robot model via harmonic transfer functions,"A common approach to understanding and controlling robotic legged locomotion is the construction and analysis of simplified mathematical models that capture essential features of locomotor behaviours. However, the representational power of such simple mathematical models is inevitably limited due to the non-linear and complex nature of biological locomotor systems. Attempting to identify and explicitly incorporate key non-linearities into the model is challenging, increases complexity, and decreases the analytic utility of the resulting models. In this paper, we adopt a data-driven approach, with the goal of furnishing an input–output representation of a locomotor system. Our method is based on approximating the hybrid dynamics of a legged locomotion model around its limit cycle as a Linear Time Periodic (LTP) system. Perturbing inputs to the locomotor system with small chirp signals yie",2016,Transactions of the Institute of Measurement and Control,İsmail Uyanık; Mustafa M. Ankaralı; Noah J. Cowan; Uluç Saranlı; Ömer Morgül,10.1177/0142331215583327,,https://doi.org/10.1177/0142331215583327,crossref,control barrier functions robot learning,anti_myopia,control,,12,system identification; control barrier function,2026-06-12T15:07:36Z,17.732,20.732
doi:10.1109/jsen.2019.2959311,Soft Sensitive Skin for Safety Control of a Nursing Robot Using Proximity and Tactile Sensors,"This article presents a novel robot skin that integrates both proximity and tactile sensors in a nursing robot to maximize the safety of patient transfer tasks. Two types of sensors are mounted on a honeycomb substrate made of flexible photosensitive resin. The proximity sensor consists of several distance sensor arrays, each with 16 laser sensors connected to a microprocessor via an inter-integrated circuit bus. The sensor array is made of a flexible printed circuit, and the distance between the robotic arm and object is measured based on the time-of-flight principle. The tactile sensor consists of multiple 125 mm $\times125$ mm pressure sensor patches, each integrating 64 piezoresistive pressure sensors. This article presents the design and manufacture of the sensitive skin and proposes the safety control strategies of a nursing robotic arm using sensor information. In particular, by e",2019,IEEE Sensors Journal,Jiale Liang; Jiahao Wu; Hailin Huang; Wenfu Xu; Bing Li; Fengfeng Xi,10.1109/jsen.2019.2959311,,https://doi.org/10.1109/jsen.2019.2959311,openalex,robotics,concept,openalex_bulk_robotics,,76,,2026-06-12T18:57:17Z,17.672,17.672
doi:10.20965/jrm.1997.p0412,Study on Non-Contact Hold and Transfer Control of Spherical Magnetic Body by Magnetic Robot Hand with Prototype Gap Sensor System,"In the exploitation of magnetic robot hands, it is extremely important to develop a gap sensor with high and stable performance for the relative motion in three-dimensional space between the held body and the magnetic robot hand. In this study, first, a prototype gap sensor system is developed for the instrument of the gap between a magnetic robot hand and a spherical magnetic body held and transferred without contact. The prototype gap sensor system consists of a magnetic flux sensor, an exciting current sensor and a data base calculation system. The data base calculation system is constructed using instrument data obtained in previous experiments for the gap, the magnetic flux and the exciting current. The magnetic robot hand is composed of a prototype gap sensor system and an electromagnet. Second, experiments on the noncontact hold and transfer control of the spherical magnetic body ",1997,Journal of Robotics and Mechatronics,Hiroyuki Kojima; Osamu Itagaki; Toshikazu Okabe; Toshio Kobayashi,10.20965/jrm.1997.p0412,,https://doi.org/10.20965/jrm.1997.p0412,crossref,contact dynamics robot learning,concept,contact,,,robot hand; contact dynamics,2026-06-12T15:07:36Z,17.650,17.650
doi:10.1177/02783649211047634,Interpreting and predicting tactile signals for the SynTouch BioTac,"In the human hand, high-density contact information provided by afferent neurons is essential for many human grasping and manipulation capabilities. In contrast, robotic tactile sensors, including the state-of-the-art SynTouch BioTac, are typically used to provide low-density contact information, such as contact location, center of pressure, and net force. Although useful, these data do not convey or leverage the rich information content that some tactile sensors naturally measure. This research extends robotic tactile sensing beyond reduced-order models through (1) the automated creation of a precise experimental tactile dataset for the BioTac over a diverse range of physical interactions, (2) a 3D finite-element (FE) model of the BioTac, which complements the experimental dataset with high-density, distributed contact data, (3) neural-network-based mappings from raw BioTac signals to n",2021,The International Journal of Robotics Research,Yashraj S. Narang; Balakumar Sundaralingam; Karl Van Wyk; Arsalan Mousavian; Dieter Fox,10.1177/02783649211047634,,https://doi.org/10.1177/02783649211047634,crossref,tactile language action robotics,concept,tactile,,32,,2026-06-12T15:07:36Z,17.598,17.598
doi:10.1049/csy2.12009,Phantom motion intent decoding for transhumeral prosthesis control with fused neuromuscular and brain wave signals,"Abstract In recent years, the electroencephalography (EEG) brain–computer interface (BCI) has been researched in the area of upper‐limb prosthesis control due to the promise of being able to record neurological signals which follow activation patterns in the cortex directly from the brain with non‐invasive electrodes. This is seen as a way of bypassing the limitation posed by acquiring neuromuscular signals predominantly with electromyography (EMG) directly from the stump, which possesses residual limb anatomy post‐amputation. In this study, the sequential forward selection algorithm to form a 10‐optimal‐channel representation, alongside an extended signal feature vector was applied, to investigate the motion intent decoding performance of EMG‐only, EEG‐only, and a fused EMG–EEG sensing configuration for four transhumeral amputees with varying stump lengths. The results showed a consider",2021,IET Cyber-Systems and Robotics,Ejay Nsugbe; Oluwarotimi Williams Samuel; Mojisola Grace Asogbon; Guanglin Li,10.1049/csy2.12009,,https://doi.org/10.1049/csy2.12009,crossref,robotics,concept,crossref_bulk_robotics,,30,limitation,2026-06-12T19:29:26Z,17.567,18.567
doi:10.1109/ascc.2017.8287372,Contact force distribution predictive control system for wearable robot with tactile sensors,,2017,2017 11th Asian Control Conference (ASCC),Asuka Sato; Yuki Funabora; Shinji Doki; Kae Doki,10.1109/ascc.2017.8287372,,https://doi.org/10.1109/ascc.2017.8287372,crossref,contact dynamics robot learning,concept,contact,,2,contact dynamics,2026-06-12T15:07:36Z,17.549,17.549
doi:10.3390/s25133892,"Emerging Frontiers in Robotic Upper-Limb Prostheses: Mechanisms, Materials, Tactile Sensors and Machine Learning-Based EMG Control: A Comprehensive Review","Hands are central to nearly every aspect of daily life, so losing an upper limb due to amputation can severely affect a person's independence. Robotic prostheses offer a promising solution by mimicking many of the functions of a natural arm, leading to an increasing need for advanced prosthetic designs. However, developing an effective robotic hand prosthesis is far from straightforward. It involves several critical steps, including creating accurate models, choosing materials that balance biocompatibility with durability, integrating electronic and sensory components, and perfecting control systems before final production. A key factor in ensuring smooth, natural movements lies in the method of control. One popular approach is to use electromyography (EMG), which relies on electrical signals from the user's remaining muscle activity to direct the prosthesis. By decoding these signals, w",2025,Sensors,Beibit Abdikenov; Darkhan Zholtayev; Kanat Suleimenov; Nazgul Assan; Кassymbek Ozhikenov; Aiman Ozhikenova; Nurbek Nadirov; Akim Kapsalyamov,10.3390/s25133892,,https://doi.org/10.3390/s25133892,openalex,transformer energy based model robotics,concept,ebm_transformer,,10,energy based model robotics,2026-06-12T18:05:07Z,17.549,17.549
doi:10.3390/electronics9010174,Motor Imagery Based Continuous Teleoperation Robot Control with Tactile Feedback,"Brain computer interface (BCI) adopts human brain signals to control external devices directly without using normal neural pathway. Recent study has explored many applications, such as controlling a teleoperation robot by electroencephalography (EEG) signals. However, utilizing the motor imagery EEG-based BCI to perform teleoperation for reach and grasp task still has many difficulties, especially in continuous multidimensional control of robot and tactile feedback. In this research, a motor imagery EEG-based continuous teleoperation robot control system with tactile feedback was proposed. Firstly, mental imagination of different hand movements was translated into continuous command to control the remote robotic arm to reach the hover area of the target through a wireless local area network (LAN). Then, the robotic arm automatically completed the task of grasping the target. Meanwhile, t",2020,Electronics,Baoguo Xu; Wenlong Li; Xiaohang He; Zhiwei Wei; Dalin Zhang; Changcheng Wu; Aiguo Song,10.3390/electronics9010174,,https://doi.org/10.3390/electronics9010174,crossref,teleoperation data robot foundation model,concept,human_data,,41,robot foundation model; teleoperation,2026-06-12T15:07:36Z,17.519,17.519
doi:10.3390/robotics8040091,Control of the Sit-To-Stand Transfer of a Biped Robotic Device for Postural Rehabilitation,"This paper deals with the control of the sit-to-stand transfer of a biped robotic device (either an autonomous biped robot or a haptic assistive exoskeleton for postural rehabilitation). The control has been synthesized, instead of considering the physiology, analyzing the basic laws of dynamics. The transfer of a human from sitting on a chair to an erect posture is an interesting case study, because it treats biped balance in a two-phase dynamic setting, with an external force disturbance (the chair–pelvis contact) affecting the center of pressure under the feet. At the beginning, a body is sitting, with a fixed pelvis moving with the hips going toward the supporting feet and, contemporaneously, releasing the load from the chair with ankles and knee torques. Then, after lift-off, it reaches and maintains an erect posture. The paper objectives are threefold: identifying the major dynamic",2019,Robotics,Giuseppe Menga; Marco Ghirardi,10.3390/robotics8040091,,https://doi.org/10.3390/robotics8040091,crossref,classical control robotics,anti_myopia,anti_thesis,,15,classical control robotics,2026-06-12T15:07:36Z,17.436,21.436
doi:10.3389/fnbot.2019.00008,Tactile Sensing and Control of Robotic Manipulator Integrating Fiber Bragg Grating Strain-Sensor,"Tactile sensing is an instrumental modality of robotic manipulation, as it provides information that is not accessible via remote sensors such as cameras or lidars. Touch is particularly crucial in unstructured environments, where the robot's internal representation of manipulated objects is uncertain. In this study we present the sensorization of an existing artificial hand, with the aim to achieve fine control of robotic limbs and perception of object's physical properties. Tactile feedback is conveyed by means of a soft sensor integrated at the fingertip of a robotic hand. The sensor consists of an optical fiber, housing Fiber Bragg Gratings (FBGs) transducers, embedded into a soft polymeric material integrated on a rigid hand. Through several tasks involving grasps of different objects in various conditions, the ability of the system to acquire information is assessed. Results show t",2019,Frontiers in Neurorobotics,Luca Massari; Calogero Maria Oddo; Edoardo Sinibaldi; Renaud Detry; Joseph Bowkett; Kalind Carpenter,10.3389/fnbot.2019.00008,,https://doi.org/10.3389/fnbot.2019.00008,openalex,robotics,concept,openalex_bulk_robotics,,46,,2026-06-12T18:57:17Z,17.425,17.425
doi:10.1109/tase.2017.2691136,Motor-Current-Based Estimation of Cartesian Contact Forces and Torques for Robotic Manipulators and Its Application to Force Control,"We present a Kalman filter-based approach for estimating external forces and torques relying on a dynamic model of a serial-chain robotic manipulator where only motor signals (currents, joint angles, and joint speeds) are measurable. The method does not require any additional sensing compared to standard robot control systems. The approach exploits redundancy in 7DOF arms, but also applies to traditional 6DOF manipulators. Automatic filter calibration routines are presented minimizing the number of parameters that must be tuned in order to successfully apply the proposed scheme and to optimize estimation quality. The approach is verified by measurement data gathered from an ABB YuMi, a dual-arm collaborative robot with 7DOF each arm. Furthermore, measurement results are presented employing force and torque estimates in a compliance control scheme, verifying that the estimation quality ac",2017,IEEE Transactions on Automation Science and Engineering,Arne Wahrburg; J.F.T. Bos; Kim D. Listmann; Fan Dai; Björn Matthias; Hao Ding,10.1109/tase.2017.2691136,,https://doi.org/10.1109/tase.2017.2691136,openalex,robotics,concept,openalex_bulk_robotics,,181,force control,2026-06-12T18:57:17Z,17.352,17.352
doi:10.1109/jsen.2019.2912968,CNN-Based Methods for Object Recognition With High-Resolution Tactile Sensors,"Novel high-resolution pressure-sensor arrays allow treating pressure readings as standard images. Computer vision algorithms and methods such as convolutional neural networks (CNN) can be used to identify contact objects. In this paper, a high-resolution tactile sensor has been attached to a robotic end-effector to identify contacted objects. Two CNN-based approaches have been employed to classify pressure images. These methods include a transfer learning approach using a pre-trained CNN on an RGB-images dataset and a custom-made CNN (TactNet) trained from scratch with tactile information. The transfer learning approach can be carried out by retraining the classification layers of the network or replacing these layers with an SVM. Overall, 11 configurations based on these methods have been tested: eight transfer learning-based, and three TactNet-based. Moreover, a study of the performanc",2019,IEEE Sensors Journal,Juan M. Gandarías; Alfonso García-Cerezo; Jesús M. Gómez-de-Gabriel,10.1109/jsen.2019.2912968,,https://doi.org/10.1109/jsen.2019.2912968,openalex,energy based model robot learning,concept,ebm,,137,,2026-06-12T18:05:07Z,17.314,17.314
doi:10.1109/cdc.2010.5717306,Contact based robot control through tactile maps,,2010,49th IEEE Conference on Decision and Control (CDC),Giorgio Cannata; Simone Denei; Fulvio Mastrogiovanni,10.1109/cdc.2010.5717306,,https://doi.org/10.1109/cdc.2010.5717306,crossref,contact dynamics robot learning,concept,contact,,3,contact dynamics,2026-06-12T15:07:36Z,17.293,17.293
doi:10.1109/iros.2012.6385899,Parallel Force-Position control mediated by tactile maps for robot contact tasks,,2012,2012 IEEE/RSJ International Conference on Intelligent Robots and Systems,Simone Denei; Fulvio Mastrogiovanni; Giorgio Cannata,10.1109/iros.2012.6385899,,https://doi.org/10.1109/iros.2012.6385899,crossref,contact dynamics robot learning,concept,contact,,3,contact dynamics,2026-06-12T15:07:36Z,17.293,17.293
doi:10.1089/soro.2018.0172,A Machine-Learning-Based Approach to Solve Both Contact Location and Force in Soft Material Tactile Sensors,"This study addresses a design and calibration methodology based on numerical finite element method (FEM) modeling for the development of a soft tactile sensor able to simultaneously solve the magnitude and the application location of a normal load exerted onto its surface. The sensor entails the integration of a Bragg grating fiber optic sensor in a Dragon Skin 10 polymer brick (110 mm length, 24 mm width). The soft polymer mediates the transmission of the applied load to the buried fiber Bragg gratings (FBGs), and we also investigated the effect of sensor thickness on receptive field and sensitivity, both with the developed model and experimentally. Force-controlled indentations of the sensor (up to 2.5 N) were carried out through a cylindrical probe applied along the direction of the optical fiber (over an ∼90 mm span in length). A finite element model of the sensor was built and exper",2020,Soft Robotics,Luca Massari; Emiliano Schena; Carlo Massaroni; Paola Saccomandi; Arianna Menciassi; Edoardo Sinibaldi; Calogero Maria Oddo,10.1089/soro.2018.0172,,https://doi.org/10.1089/soro.2018.0172,crossref,tactile language action robotics,concept,tactile,,102,force control,2026-06-12T15:07:36Z,17.267,17.267
doi:10.3390/jmse12071126,Development of a Control System for Underwater Vehicles with Multilink Manipulators Performing Contact Manipulation Operations,"This article proposes a new method for the synthesis of autonomous underwater vehicles (AUVs) with a multilink manipulators control system, which provides for the automatic execution of contact manipulation operations by AUVs in stabilized hovering mode near or above target objects. To achieve the desired magnitude of the working tool’s force effect on the object surface, the force vector exerted by this tool is calculated. Next, control signals providing additional movements of the manipulator’s tool in the direction of the desired force vector are generated. Simultaneously, based on the calculated effects from the manipulator on the AUV, the thrusts of the latter’s thrusters create the necessary pull at the manipulator’s attachment point, which allows it to exert the desired force effects on the object surface. To compensate for the inevitable AUV stabilization system errors, leading t",2024,Journal of Marine Science and Engineering,Alexander Konoplin; Nikita Krasavin; Alexander Yurmanov; Pavel Piatavin; Roman Vasilenko; Maxim Panchuk,10.3390/jmse12071126,,https://doi.org/10.3390/jmse12071126,crossref,contact rich manipulation learning,concept,contact,,4,contact rich manipulation,2026-06-12T15:07:36Z,17.255,17.255
doi:10.1007/s40747-023-01246-6,Assist-as-needed control with a soft robotic glove based on human-object contact estimation,"Abstract Assist-as-needed control with a soft robotic hand glove for active rehabilitation is studied in this work. There are two resources of the grasping force, the robotic glove and the subject. Compared with traditional passive rehabilitation where the grasping force is merely provided by a robotic hand rehabilitation device (such as hand exoskeleton, robotic glove), assist-as-needed control accounts for the user contribute to performing grasping tasks collaboratively. In this control method, the human muscle strength for grasping is estimated through the myoelectrical signals of the human forearm collected by the MYO armband. A neural network is used for the recognition of human-object contact estimation. The assist-as-needed control is finally implemented to assist humans in grasping tasks. Experiment results on a soft robotic glove show the effectiveness of the proposed assistive ",2023,Complex & Intelligent Systems,Chi Sun; Xianhe Wang; Long Teng; Zhijun Zhang; Chak Yin Tang,10.1007/s40747-023-01246-6,,https://doi.org/10.1007/s40747-023-01246-6,openalex,energy based model robot learning,concept,ebm,,5,,2026-06-12T18:26:24Z,17.196,17.196
doi:10.1109/tro.2023.3278455,Tactile and Chemical Sensing With Haptic Feedback for a Telepresence Explosive Ordnance Disposal Robot,"Robots can be used to mitigate risks in unsafe and austere settings. In recent years, explosive ordnance disposal robots have reduced the technician's time-on-target, and thus, reduce the direct risk of exposure. This article focuses on the study and development of innovative techniques as the foundational work for a new robot platform. The proposed system includes an organic electrochemical transistor device to detect the existence of explosive residues, and lead to decisions for safe-removal progress. Taurus' surgical gripper facilitates object tactile exploration, and manipulation with control precision to the millimeter range. The highly sensitive triboelectric tactile sensor could reduce intrusiveness during contact, and mitigate the risk of detonation. Haptic devices and visual displays are used to convey important signals, in order to improve the situational awareness of the teleo",2023,IEEE Transactions on Robotics,Chenxi Xiao; Aaron B. Woeppel; Gina Marie Clepper; Shengjie Gao; Shujia Xu; Johannes F. Rueschen; Daniel Kruse; Wenzhuo Wu; Hong Z. Tan; Thomas Low; Stephen P. Beaudoin; Bryan W. Boudouris; William G. Haris; Juan Wachs,10.1109/tro.2023.3278455,,https://doi.org/10.1109/tro.2023.3278455,openalex,robotics,concept,openalex_bulk_robotics,,18,,2026-06-12T18:57:17Z,17.122,17.122
arxiv:2509.15876v1,High-Bandwidth Tactile-Reactive Control for Grasp Adjustment,"Vision-only grasping systems are fundamentally constrained by calibration errors, sensor noise, and grasp pose prediction inaccuracies, leading to unavoidable contact uncertainty in the final stage of grasping. High-bandwidth tactile feedback, when paired with a well-designed tactile-reactive controller, can significantly improve robustness in the presence of perception errors. This paper contributes to controller design by proposing a purely tactile-feedback grasp-adjustment algorithm. The proposed controller requires neither prior knowledge of the object's geometry nor an accurate grasp pose, and is capable of refining a grasp even when starting from a crude, imprecise initial configuration and uncertain contact points. Through simulation studies and real-world experiments on a 15-DoF arm-hand system (featuring an 8-DoF hand) equipped with fingertip tactile sensors operating at 200 Hz,",2025,arXiv,Yonghyeon Lee; Tzu-Yuan Lin; Alexander Alexiev; Sangbae Kim,,2509.15876v1,http://arxiv.org/abs/2509.15876v1,arxiv,analytical grasping,anti_myopia,anti_thesis,,,robustness; analytical grasping,2026-06-12T15:07:36Z,17.100,23.100
doi:10.1142/s0219843618500019,Active Tactile Transfer Learning for Object Discrimination in an Unstructured Environment Using Multimodal Robotic Skin,"In this paper, we propose a probabilistic active tactile transfer learning (ATTL) method to enable robotic systems to exploit their prior tactile knowledge while discriminating among objects via their physical properties (surface texture, stiffness, and thermal conductivity). Using the proposed method, the robot autonomously selects and exploits its most relevant prior tactile knowledge to efficiently learn about new unknown objects with a few training samples or even one. The experimental results show that using our proposed method, the robot successfully discriminated among new objects with [Formula: see text] discrimination accuracy using only one training sample (on-shot-tactile-learning). Furthermore, the results demonstrate that our method is robust against transferring irrelevant prior tactile knowledge (negative tactile knowledge transfer).",2018,International Journal of Humanoid Robotics,Mohsen Kaboli; Di Feng; Gordon Cheng,10.1142/s0219843618500019,,https://doi.org/10.1142/s0219843618500019,crossref,tactile language action robotics,concept,tactile,,37,,2026-06-12T15:07:36Z,17.069,18.069
doi:10.3390/s22249569,Classification of Heart Sounds Using Chaogram Transform and Deep Convolutional Neural Network Transfer Learning,"Heart sounds convey important information regarding potential heart diseases. Currently, heart sound classification attracts many researchers from the fields of telemedicine, digital signal processing, and machine learning-among others-mainly to identify cardiac pathology as quickly as possible. This article proposes chaogram as a new transform to convert heart sound signals to colour images. In the proposed approach, the output image is, therefore, the projection of the reconstructed phase space representation of the phonocardiogram (PCG) signal on three coordinate planes. This has two major benefits: (1) it makes possible to apply deep convolutional neural networks to heart sounds and (2) it is also possible to employ a transfer learning scheme by converting a heart sound signal to an image. The performance of the proposed approach was verified on the PhysioNet dataset. Due to the imba",2022,Sensors,Ali Harimi; Yahya Majd; Abdorreza Alavi Gharahbagh; Vahid Hajihashemi; Zeynab Esmaileyan; José J. M. Machado; João Manuel R. S. Tavares,10.3390/s22249569,,https://doi.org/10.3390/s22249569,openalex,energy based model robot learning,concept,ebm,,24,,2026-06-12T18:26:24Z,17.059,17.059
doi:10.3390/jmse14040384,System-Level Optimization of AUV Swarm Control and Perception: An Energy-Aware Federated Meta-Transfer Learning Framework with Digital Twin Validation,"Deep-sea exploration increasingly relies on Autonomous Underwater Vehicles (AUVs) to enable persistent, wide-area surveying in harsh and uncertain environments. In practice, however, deployments are constrained by tight energy budgets and bandwidth-limited, intermittent acoustic links, which complicate mission-level coordination. Moreover, many existing systems treat perception and control as loosely coupled modules, often resulting in redundant sensing, inefficient communication, and degraded overall performance—particularly under heterogeneous sensing modalities and shifting geological conditions. To address these challenges, we propose a hierarchical Federated Meta-Transfer Learning (FMTL) framework that tightly integrates collaborative perception with adaptive control for swarm optimization. The framework operates at three levels: (1) Representation Learning aligns heterogeneous sens",2026,Journal of Marine Science and Engineering,Zinan Nie; Hongjun Tian; Yijie Yin; Yuhan Zhou; Wei Li; Yang Xiong; Yuyi Wang; Z. Zhang; Yang Yang; Dongxiao Xie; Manlin Wang; Shijie Huang,10.3390/jmse14040384,,https://doi.org/10.3390/jmse14040384,openalex,energy based transformer robot policy,concept,ebm_transformer,,1,energy based transformer robot policy; deployment,2026-06-12T18:05:07Z,17.047,18.047
doi:10.1109/sii.2017.8279340,Impedance control system based on contact force distribution for wearable robot with tactile sensors,,2017,2017 IEEE/SICE International Symposium on System Integration (SII),Asuka Sato; Yuki Funabora; Shinji Doki; Kae Doki,10.1109/sii.2017.8279340,,https://doi.org/10.1109/sii.2017.8279340,crossref,contact dynamics robot learning,concept,contact,,,contact dynamics; impedance control,2026-06-12T15:07:36Z,17.000,17.000
doi:10.3390/aerospace11050390,Speech Recognition for Air Traffic Control Utilizing a Multi-Head State-Space Model and Transfer Learning,"In the present study, a novel end-to-end automatic speech recognition (ASR) framework, namely, ResNeXt-Mssm-CTC, has been developed for air traffic control (ATC) systems. This framework is built upon the Multi-Head State-Space Model (Mssm) and incorporates transfer learning techniques. Residual Networks with Cardinality (ResNeXt) employ multi-layered convolutions with residual connections to augment the extraction of intricate feature representations from speech signals. The Mssm is endowed with specialized gating mechanisms, which incorporate parallel heads that acquire knowledge of both local and global temporal dynamics in sequence data. Connectionist temporal classification (CTC) is utilized in the context of sequence labeling, eliminating the requirement for forced alignment and accommodating labels of varying lengths. Moreover, the utilization of transfer learning has been shown to",2024,Aerospace,Haijun Liang; Hanwen Chang; Jianguo Kong,10.3390/aerospace11050390,,https://doi.org/10.3390/aerospace11050390,crossref,state space model robot policy,concept,architecture,,2,state space model robot policy,2026-06-12T15:07:36Z,16.999,16.999
doi:10.1142/s0219843622500141,Whole-Body Compliant Control of Robot Arms Based on Distributed Flexible Tactile Electronic Skin,"Robots are now working outside of industrial fences more and more closely with humans. Safety is the primary requirement for intimate human–robot interactions. Contacts could happen at any and multipoints of robot. Tactile sensors have great potentials for contact sensing. However, their implementation for the whole-body compliance of robots upon unknown contacts is still challenging. In this work, a systematic solution is proposed. A dual-arm humanoid platform is constructed with distributed tactile sensors on its arms and body. Cheap and easy accessed resistive flexible tactile sensors are used. A data collection and signal processing system is developed for the sensing system with scalable capabilities. External contacts on the robot can be monitored by a visualized system. The multipoint contact force is calculated with the sensor positions taken into consideration. A PD controller-b",2023,International Journal of Humanoid Robotics,Bin He; Hao Liu; Caiyue Xu; Yafei Wang; Ping Lu; Yanmin Zhou,10.1142/s0219843622500141,,https://doi.org/10.1142/s0219843622500141,crossref,whole body manipulation humanoid,concept,humanoid,,8,force control; human robot interaction,2026-06-12T14:45:03Z,16.999,16.999
doi:10.3390/app13127154,Design and Development of an Optimal Control Model in System Dynamics through State-Space Representation,"Control engineering and state-space representation are valuable tools in the analysis and design of dynamic systems. In this research, a methodology is proposed that uses these approaches to transform a system-dynamics simulation model into a mathematical model. This is achieved by expressing input, output and state variables as input, output and state vectors, respectively, allowing the representation of the model in matrix form. The resulting model is linear and time-invariant, facilitating its analysis and design. Through the use of this methodology, the system transfer matrix is obtained, which allows the analysis and design of the optimal control of the simulation model. The Ackermann gain-control technique is used to determine the optimal control of the system, which results in a shorter settlement time. This research proposal seeks to mathematically strengthen simulation models an",2023,Applied Sciences,Jorge Manuel Barrios Sánchez; Roberto Baeza Serrato,10.3390/app13127154,,https://doi.org/10.3390/app13127154,crossref,state space model robot policy,concept,architecture,,3,state space model robot policy,2026-06-12T15:07:36Z,16.943,17.943
doi:10.3390/s18020634,Active Prior Tactile Knowledge Transfer for Learning Tactual Properties of New Objects,"Reusing the tactile knowledge of some previously-explored objects (prior objects) helps us to easily recognize the tactual properties of new objects. In this paper, we enable a robotic arm equipped with multi-modal artificial skin, like humans, to actively transfer the prior tactile exploratory action experiences when it learns the detailed physical properties of new objects. These experiences, or prior tactile knowledge, are built by the feature observations that the robot perceives from multiple sensory modalities, when it applies the pressing, sliding, and static contact movements on objects with different action parameters. We call our method Active Prior Tactile Knowledge Transfer (APTKT), and systematically evaluated its performance by several experiments. Results show that the robot improved the discrimination accuracy by around 10 % when it used only one training sample with the ",2018,Sensors,Di Feng; Mohsen Kaboli; Gordon Cheng,10.3390/s18020634,,https://doi.org/10.3390/s18020634,openalex,energy based model robot learning,concept,ebm,,25,,2026-06-12T18:26:24Z,16.929,16.929
doi:10.1609/aaai.v38i19.30169,Physics-Informed Representation and Learning: Control and Risk Quantification,"Optimal and safety-critical control are fundamental problems for stochastic systems, and are widely considered in real-world scenarios such as robotic manipulation and autonomous driving. In this paper, we consider the problem of efficiently finding optimal and safe control for high-dimensional systems. Specifically, we propose to use dimensionality reduction techniques from a comparison theorem for stochastic differential equations together with a generalizable physics-informed neural network to estimate the optimal value function and the safety probability of the system. The proposed framework results in substantial sample efficiency improvement compared to existing methods. We further develop an autoencoder-like neural network to automatically identify the low-dimensional features in the system to enhance the ease of design for system integration. We also provide experiments and quant",2024,Proceedings of the AAAI Conference on Artificial Intelligence,Zhuoyuan Wang; Reece Keller; Xiyu Deng; Kenta Hoshino; Takashi Tanaka; Yorie Nakahira,10.1609/aaai.v38i19.30169,,https://doi.org/10.1609/aaai.v38i19.30169,crossref,physics informed robot learning,concept,architecture,,4,physics informed robot learning; sample efficiency,2026-06-12T15:07:36Z,16.905,17.905
arxiv:2509.17812v2,Tac2Motion: Contact-Aware Reinforcement Learning with Tactile Feedback for Robotic Hand Manipulation,"This paper proposes Tac2Motion, a contact-aware reinforcement learning framework to facilitate the learning of contact-rich in-hand manipulation tasks, such as removing a lid. To this end, we propose tactile sensing-based reward shaping and incorporate the sensing into the observation space through embedding. The designed rewards encourage an agent to ensure firm grasping and smooth finger gaiting at the same time, leading to higher data efficiency and robust performance compared to the baseline. We verify the proposed framework on the opening a lid scenario, showing generalization of the trained policy into a couple of object types and various dynamics such as torsional friction. Lastly, the learned policy is demonstrated on the multi-fingered robot, Shadow Robot, showing that the control policy can be transferred to the real world. The video is available: https://youtu.be/poeJBPR7urQ.",2025,arXiv,Yitaek Kim; Casper Hewson Rask; Christoffer Sloth,,2509.17812v2,http://arxiv.org/abs/2509.17812v2,arxiv,robot world models manipulation,concept,world_models,,,robot world model; generalization; data efficiency,2026-06-12T14:45:03Z,16.850,18.850
arxiv:2604.23609v1,Tube Diffusion Policy: Reactive Visual-Tactile Policy Learning for Contact-rich Manipulation,"Contact-rich manipulation is central to many everyday human activities, requiring continuous adaptation to contact uncertainty and external disturbances through multi-modal perception, particularly vision and tactile feedback. While imitation learning has shown strong potential for learning complex manipulation behaviors, most existing approaches rely on action chunking, which fundamentally limits their ability to react to unforeseen observations during execution. This limitation becomes especially critical in contact-rich scenarios, where physical uncertainty and high-frequency tactile feedback demand rapid, reactive control. To address this challenge, we propose Tube Diffusion Policy (TDP), a novel reactive visual-tactile policy learning framework that bridges diffusion-based imitation learning with tube-based feedback control. By leveraging the expressive power of generative models, T",2026,arXiv,Teng Xue; Alberto Rigo; Bingjian Huang; Jiayi Shen; Zhengtong Xu; Nick Colonnese; Amirhossein H. Memar,,2604.23609v1,http://arxiv.org/abs/2604.23609v1,arxiv,contact rich manipulation learning,concept,contact,,,diffusion policy; contact rich manipulation; dexterous manipulation; imitation learning; limitation; benchmark,2026-06-12T14:45:03Z,16.850,19.850
arxiv:2503.02881v3,Reactive Diffusion Policy: Slow-Fast Visual-Tactile Policy Learning for Contact-Rich Manipulation,"Humans can accomplish complex contact-rich tasks using vision and touch, with highly reactive capabilities such as fast response to external changes and adaptive control of contact forces; however, this remains challenging for robots. Existing visual imitation learning (IL) approaches rely on action chunking to model complex behaviors, which lacks the ability to respond instantly to real-time tactile feedback during the chunk execution. Furthermore, most teleoperation systems struggle to provide fine-grained tactile / force feedback, which limits the range of tasks that can be performed. To address these challenges, we introduce TactAR, a low-cost teleoperation system that provides real-time tactile feedback through Augmented Reality (AR), along with Reactive Diffusion Policy (RDP), a novel slow-fast visual-tactile imitation learning algorithm for learning contact-rich manipulation skill",2025,arXiv,Han Xue; Jieji Ren; Wendi Chen; Gu Zhang; Yuan Fang; Guoying Gu; Huazhe Xu; Cewu Lu,,2503.02881v3,http://arxiv.org/abs/2503.02881v3,arxiv,contact rich manipulation learning,concept,contact,,,diffusion policy; contact rich manipulation; imitation learning; teleoperation,2026-06-12T14:45:03Z,16.850,16.850
arxiv:2504.06156v2,ViTaMIn: Learning Contact-Rich Tasks Through Robot-Free Visuo-Tactile Manipulation Interface,"Tactile information plays a crucial role for humans and robots to interact effectively with their environment, particularly for tasks requiring the understanding of contact properties. Solving such dexterous manipulation tasks often relies on imitation learning from demonstration datasets, which are typically collected via teleoperation systems and often demand substantial time and effort. To address these challenges, we present ViTaMIn, an embodiment-free manipulation interface that seamlessly integrates visual and tactile sensing into a hand-held gripper, enabling data collection without the need for teleoperation. Our design employs a compliant Fin Ray gripper with tactile sensing, allowing operators to perceive force feedback during manipulation for more intuitive operation. Additionally, we propose a multimodal representation learning strategy to obtain pre-trained tactile represent",2025,arXiv,Fangchen Liu; Chuanyu Li; Yihua Qin; Jing Xu; Pieter Abbeel; Rui Chen,,2504.06156v2,http://arxiv.org/abs/2504.06156v2,arxiv,contact rich manipulation learning,concept,contact,,,contact rich manipulation; dexterous manipulation; imitation learning; teleoperation; robustness; data efficiency,2026-06-12T14:45:03Z,16.850,17.850
arxiv:2510.25725v2,A Humanoid Visual-Tactile-Action Dataset for Contact-Rich Manipulation,"Contact-rich manipulation has become increasingly important in robot learning. However, previous studies on robot learning datasets have focused on rigid objects and underrepresented the diversity of pressure conditions for real-world manipulation. To address this gap, we present a humanoid visual-tactile-action dataset designed for manipulating deformable soft objects. The dataset was collected via teleoperation using a humanoid robot equipped with dexterous hands, capturing multi-modal interactions under varying pressure conditions. This work also motivates future research on models with advanced optimization strategies capable of effectively leveraging the complexity and diversity of tactile signals.",2025,arXiv,Eunju Kwon; Seungwon Oh; In-Chang Baek; Yucheon Park; Gyungbo Kim; JaeYoung Moon; Yunho Choi; Kyung-Joong Kim,,2510.25725v2,http://arxiv.org/abs/2510.25725v2,arxiv,contact rich manipulation learning,concept,contact,,,contact rich manipulation; humanoid robot; teleoperation,2026-06-12T14:45:03Z,16.850,17.850
arxiv:2606.08737v1,Dream-Tac: A Unified Tactile World Action Model for Contact-Rich Robot Manipulation,"World action models inherit the predictive capability of world models, enabling action generation to be guided by anticipated future observations. However, they rely primarily on vision and often fail in contact-rich manipulation, where critical cues arise from physical interaction. In this paper, we propose Dream-Tac, a unified Tactile-World Action Model that jointly models actions, future visual observations, and tactile dynamics. Specifically, Dream-Tac introduces (i) contact-gated visuotactile fusion to selectively integrate tactile signals and (ii) a contact-aware attention bias to better regulate cross-modal interactions during manipulation. To support real-time deployment, we further design a dual-level acceleration strategy, reformulating the contact-aware bias to preserve the fused attention path during training and introducing cache-based diffusion acceleration at inference, ac",2026,arXiv,Yunfan Lou; Yifan Ye; Yankai Fu; Jun Cen; Xiaowei Chi; Yaoxu Lyu; Peidong Jia; Sirui Han; Zhihe Lu; Shanghang Zhang,,2606.08737v1,http://arxiv.org/abs/2606.08737v1,arxiv,contact rich manipulation learning,concept,contact,,,world action model; robot manipulation; contact rich manipulation; deployment,2026-06-12T14:45:03Z,16.850,17.850
arxiv:2603.10871v1,FG-CLTP: Fine-Grained Contrastive Language Tactile Pretraining for Robotic Manipulation,"Recent advancements in integrating tactile sensing into vision-language-action (VLA) models have demonstrated transformative potential for robotic perception. However, existing tactile representations predominantly rely on qualitative descriptors (e.g., texture), neglecting quantitative contact states such as force magnitude, contact geometry, and principal axis orientation, which are indispensable for fine-grained manipulation. To bridge this gap, we propose FG-CLTP, a fine-grained contrastive language tactile pretraining framework. We first introduce a novel dataset comprising over 100k tactile 3D point cloud-language pairs that explicitly capture multidimensional contact states from the sensor's perspective. We then implement a discretized numerical tokenization mechanism to achieve quantitative-semantic alignment, effectively injecting explicit physical metrics into the multimodal fe",2026,arXiv,Wenxuan Ma; Chaofan Zhang; Yinghao Cai; Guocai Yao; Shaowei Cui; Shuo Wang,,2603.10871v1,http://arxiv.org/abs/2603.10871v1,arxiv,tactile language action robotics,concept,tactile,,,flow matching policy; contact rich manipulation,2026-06-12T14:45:03Z,16.850,16.850
arxiv:2501.09468v2,Sensorimotor Control Strategies for Tactile Robotics,"How are robots becoming smarter at interacting with their surroundings? Recent advances have reshaped how robots use tactile sensing to perceive and engage with the world. Tactile sensing is a game-changer, allowing robots to embed sensorimotor control strategies to interact with complex environments and skillfully handle heterogeneous objects. Such control frameworks plan contact-driven motions while staying responsive to sudden changes. We review the latest methods for building perception and control systems in tactile robotics while offering practical guidelines for their design and implementation. We also address key challenges to shape the future of intelligent robots.",2025,arXiv,Enrico Donato; Matteo Lo Preti; Lucia Beccai; Egidio Falotico,,2501.09468v2,http://arxiv.org/abs/2501.09468v2,arxiv,tactile language action robotics,concept,tactile,,,,2026-06-12T14:45:03Z,16.850,16.850
arxiv:2506.01941v4,FreeTacMan: Robot-free Visuo-Tactile Data Collection System for Contact-rich Manipulation,"Enabling robots with contact-rich manipulation remains a pivotal challenge in robot learning, which is substantially hindered by the data collection gap, including its inefficiency and limited sensor setup. While prior work has explored handheld paradigms, their rod-based mechanical structures remain rigid and unintuitive, providing limited tactile feedback and posing challenges for operators. Motivated by the dexterity and force feedback of human motion, we propose FreeTacMan, a human-centric and robot-free data collection system for accurate and efficient robot manipulation. Concretely, we design a wearable gripper with visuo-tactile sensors for data collection, which can be worn by human fingers for intuitive control. A high-precision optical tracking system is introduced to capture end-effector poses while synchronizing visual and tactile feedback simultaneously. We leverage FreeTacM",2025,arXiv,Longyan Wu; Checheng Yu; Jieji Ren; Li Chen; Yufei Jiang; Ran Huang; Guoying Gu; Hongyang Li,,2506.01941v4,http://arxiv.org/abs/2506.01941v4,arxiv,EBM transformer robotics contact rich manipulation,concept,architecture_x_embodiment,,,EBM transformer robotics; robot manipulation; contact rich manipulation; reproducibility,2026-06-12T15:07:36Z,16.850,16.850
doi:10.1609/aaai.v38i12.29288,Jointly Modeling Spatio-Temporal Features of Tactile Signals for Action Classification,"Tactile signals collected by wearable electronics are essential in modeling and understanding human behavior. One of the main applications of tactile signals is action classification, especially in healthcare and robotics. However, existing tactile classification methods fail to capture the spatial and temporal features of tactile signals simultaneously, which results in sub-optimal performances. In this paper, we design Spatio-Temporal Aware tactility Transformer (STAT) to utilize continuous tactile signals for action classification. We propose spatial and temporal embeddings along with a new temporal pretraining task in our model, which aims to enhance the transformer in modeling the spatio-temporal features of tactile signals. Specially, the designed temporal pretraining task is to differentiate the time order of tubelet inputs to model the temporal properties explicitly. Experimental",2024,Proceedings of the AAAI Conference on Artificial Intelligence,Jimmy Lin; Junkai Li; Jiasi Gao; Weizhi Ma; Yang Liu,10.1609/aaai.v38i12.29288,,https://doi.org/10.1609/aaai.v38i12.29288,crossref,tactile language action robotics,concept,tactile,,1,,2026-06-12T15:07:36Z,16.797,16.797
doi:10.3389/frobt.2021.672315,Optical-Tactile Sensor for Lump Detection Using Pneumatic Control,"Soft tactile sensors are an attractive solution when robotic systems must interact with delicate objects in unstructured and obscured environments, such as most medical robotics applications. The soft nature of such a system increases both comfort and safety, while the addition of simultaneous soft active actuation provides additional features and can also improve the sensing range. This paper presents the development of a compact soft tactile sensor which is able to measure the profile of objects and, through an integrated pneumatic system, actuate and change the effective stiffness of its tactile contact surface. We report experimental results which demonstrate the sensor’s ability to detect lumps on the surface of objects or embedded within a silicone matrix. These results show the potential of this approach as a versatile method of tactile sensing with potential application in medica",2021,Frontiers in Robotics and AI,Jonathan Bewley; George P. Jenkinson; Antonia Tzemanaki,10.3389/frobt.2021.672315,,https://doi.org/10.3389/frobt.2021.672315,crossref,tactile language action robotics,concept,tactile,,12,,2026-06-12T15:07:36Z,16.782,16.782
doi:10.15607/rss.2016.xii.005,An Inverse Optimal Control Approach for the Transfer of Human Walking Motions in Constrained Environment to Humanoid Robots,"In this paper we present an inverse optimal control based transfer of motions from human experiments to humanoid robots and apply it to walking in constrained environments. To this end we introduce a 3D template model, which describes motion on the basis of center of mass trajectory, foot trajectories, upper body orientation and phase duration. Despite of its abstract architecture with prismatic joints combined with damped series elastic actuators instead of knees, the model (including dynamics and constraints) is suitable to describe both, human and humanoid locomotion with appropriate parameters. We present and apply an inverse optimal control approach to identify optimality criteria based on human motion capture experiments. The identified optimal strategy is then transferred to the humanoid robot for gait generation by solving an optimal control problem, which takes into account the ",2016,,Debora Clever; Katja Mombaur,10.15607/rss.2016.xii.005,,https://doi.org/10.15607/rss.2016.xii.005,openalex,robotics,concept,openalex_bulk_robotics,,35,humanoid robot,2026-06-12T18:57:17Z,16.692,17.692
arxiv:2404.05051v1,Skill Transfer and Discovery for Sim-to-Real Learning: A Representation-Based Viewpoint,"We study sim-to-real skill transfer and discovery in the context of robotics control using representation learning. We draw inspiration from spectral decomposition of Markov decision processes. The spectral decomposition brings about representation that can linearly represent the state-action value function induced by any policies, thus can be regarded as skills. The skill representations are transferable across arbitrary tasks with the same transition dynamics. Moreover, to handle the sim-to-real gap in the dynamics, we propose a skill discovery algorithm that learns new skills caused by the sim-to-real gap from real-world data. We promote the discovery of new skills by enforcing orthogonal constraints between the skills to learn and the skills from simulators, and then synthesize the policy using the enlarged skill sets. We demonstrate our methodology by transferring quadrotor controll",2024,arXiv,Haitong Ma; Zhaolin Ren; Bo Dai; Na Li,,2404.05051v1,http://arxiv.org/abs/2404.05051v1,arxiv,sim to real robot manipulation,concept,sim2real,,,robot manipulation,2026-06-12T14:45:03Z,16.650,18.650
doi:10.1108/ir-11-2024-0510,3D tactile servo control: a peg-in-hole strategy for hole with dynamic random motion,"Purpose In space robot assembly scenarios, the microgravity environment causes target components to move randomly, making traditional peg-in-hole assembly methods in static scenario ineffective. The purpose of this paper is to develop a robot assisted peg-in-hole assembly strategy for holes in random motion, which is a primary step for in-space assembly. Design/methodology/approach The proposed 3D tactile servo control based dynamic hole assembly strategy includes three main parts. First, by using the in-hand tactile information of the grasped peg, i.e. curl and the center of pressure, a tactile servo controller is developed for the real-time tracking of the random motion of the hole platform. Then, a hole searching method which includes active contact exploration and the exponentially growing sinusoidal search trajectory is designed toward dynamic hole searching. Lastly, they design ext",2026,Industrial Robot: the international journal of robotics research and application,Haoxun Lin; Yu Xie; Haibo Zhang; Minghang Liu; Yiwei Chen; Yi Zhang; Wei Zhou,10.1108/ir-11-2024-0510,,https://doi.org/10.1108/ir-11-2024-0510,crossref,tactile language action robotics,concept,tactile,,,industrial robot; ablation,2026-06-12T15:07:36Z,16.650,17.650
arxiv:2405.07237v1,Soft Contact Simulation and Manipulation Learning of Deformable Objects with Vision-based Tactile Sensor,"Deformable object manipulation is a classical and challenging research area in robotics. Compared with rigid object manipulation, this problem is more complex due to the deformation properties including elastic, plastic, and elastoplastic deformation. In this paper, we describe a new deformable object manipulation method including soft contact simulation, manipulation learning, and sim-to-real transfer. We propose a novel approach utilizing Vision-Based Tactile Sensors (VBTSs) as the end-effector in simulation to produce observations like relative position, squeezed area, and object contour, which are transferable to real robots. For a more realistic contact simulation, a new simulation environment including elastic, plastic, and elastoplastic deformations is created. We utilize RL strategies to train agents in the simulation, and expert demonstrations are applied for challenging tasks. ",2024,arXiv,Jianhua Shan; Yuhao Sun; Shixin Zhang; Fuchun Sun; Zixi Chen; Zirong Shen; Cesare Stefanini; Yiyong Yang; Shan Luo; Bin Fang,,2405.07237v1,http://arxiv.org/abs/2405.07237v1,arxiv,deformable object manipulation robot learning,concept,deformable,,,deformable object manipulation; sim to real transfer; robustness,2026-06-12T15:07:36Z,16.650,19.650
doi:10.1515/amcs-2016-0002,"An integrodifferential approach to modeling, control, state estimation and optimization for heat transfer systems","Abstract In this paper, control-oriented modeling approaches are presented for distributed parameter systems. These systems, which are in the focus of this contribution, are assumed to be described by suitable partial differential equations. They arise naturally during the modeling of dynamic heat transfer processes. The presented approaches aim at developing finite-dimensional system descriptions for the design of various open-loop, closed-loop, and optimal control strategies as well as state, disturbance, and parameter estimation techniques. Here, the modeling is based on the method of integrodifferential relations, which can be employed to determine accurate, finite-dimensional sets of state equations by using projection techniques. These lead to a finite element representation of the distributed parameter system. Where applicable, these finite element models are combined with finite ",2016,International Journal of Applied Mathematics and Computer Science,Andreas Rauh; Luise Senkel; Harald Aschemann; Vasily Saurin; Georgy Kostin,10.1515/amcs-2016-0002,,https://doi.org/10.1515/amcs-2016-0002,openalex,energy based model robot learning,concept,ebm,,32,state estimation; benchmark,2026-06-12T18:26:24Z,16.648,18.648
doi:10.1126/science.abd0380,A brain-computer interface that evokes tactile sensations improves robotic arm control,"Prosthetic arms controlled by a brain-computer interface can enable people with tetraplegia to perform functional movements. However, vision provides limited feedback because information about grasping objects is best relayed through tactile feedback. We supplemented vision with tactile percepts evoked using a bidirectional brain-computer interface that records neural activity from the motor cortex and generates tactile sensations through intracortical microstimulation of the somatosensory cortex. This enabled a person with tetraplegia to substantially improve performance with a robotic limb; trial times on a clinical upper-limb assessment were reduced by half, from a median time of 20.9 to 10.2 seconds. Faster times were primarily due to less time spent attempting to grasp objects, revealing that mimicking known biological control principles results in task performance that is closer to",2021,Science,Sharlene N. Flesher; John E. Downey; Jeffrey M. Weiss; Christopher Hughes; Angelica J. Herrera; Elizabeth C. Tyler‐Kabara; Michael L. Boninger; Jennifer L. Collinger; Robert A. Gaunt,10.1126/science.abd0380,,https://doi.org/10.1126/science.abd0380,openalex,robotics,concept,openalex_bulk_robotics,,581,,2026-06-12T18:57:17Z,16.550,16.550
arxiv:2310.16917v4,MimicTouch: Leveraging Multi-modal Human Tactile Demonstrations for Contact-rich Manipulation,"Tactile sensing is critical to fine-grained, contact-rich manipulation tasks, such as insertion and assembly. Prior research has shown the possibility of learning tactile-guided policy from teleoperated demonstration data. However, to provide the demonstration, human users often rely on visual feedback to control the robot. This creates a gap between the sensing modality used for controlling the robot (visual) and the modality of interest (tactile). To bridge this gap, we introduce ""MimicTouch"", a novel framework for learning policies directly from demonstrations provided by human users with their hands. The key innovations are i) a human tactile data collection system which collects multi-modal tactile dataset for learning human's tactile-guided control strategy, ii) an imitation learning-based framework for learning human's tactile-guided control strategy through such data, and iii) an",2023,arXiv,Kelin Yu; Yunhai Han; Qixian Wang; Vaibhav Saxena; Danfei Xu; Ye Zhao,,2310.16917v4,http://arxiv.org/abs/2310.16917v4,arxiv,contact rich manipulation learning,concept,contact,,,contact rich manipulation; imitation learning,2026-06-12T14:45:03Z,16.450,16.450
doi:10.1155/2019/5802453,Disturbance Observer‐Based Robot End Constant Contact Force‐Tracking Control,"A disturbance observer‐based hybrid sliding mode impedance control method is proposed in this paper, which is able to achieve robot end constant contact force‐tracking control without force/torque sensors. The method requires only the values of joint torque, joint angle, and joint angular velocity, which are converted by robot servo motor signals, to implement the control. The control scheme consists of two parts: one is a disturbance observer and the other is a hybrid sliding mode impedance controller. The disturbance observer, which takes robot internal signals mentioned above as the inputs to estimate the robot end contact force, is designed based on generalized momentum, thus improving the estimation accuracy. The hybrid sliding mode impedance controller, which uses the values estimated by the disturbance observer and the robot internal signals as the inputs to calculate the correspo",2019,Complexity,Tie Zhang; Xiaohong Liang,10.1155/2019/5802453,,https://doi.org/10.1155/2019/5802453,crossref,contact dynamics robot learning,concept,contact,,6,contact dynamics; impedance control; robustness,2026-06-12T15:07:36Z,16.423,17.423
doi:10.1177/0278364917693690,A shared control method for obstacle avoidance with mobile robots and its interaction with communication delay,Teleoperation allows human operators to safely extend themselves to remote environments that are typically difficult or dangerous to access. The remote environments are often unstructured (i.e. not having clear roads or paths to follow) and only accessible by wireless communication (introducing factors such as degraded signals and communication delay). Teleoperated driving under these conditions can result in slow operation speeds and unintended collisions with obstacles. Automating portions of the teleoperation task can help mitigate some of the negative effects of wireless communication. Shared control is used to combine inputs from the human teleoperator and automation. This work presents a new model predictive control based shared control method. We introduce a new representation for obstacle free regions that works well with unstructured robot environments and allows for an model pr,2017,The International Journal of Robotics Research,Justin Storms; Kevin Chen; Dawn M. Tilbury,10.1177/0278364917693690,,https://doi.org/10.1177/0278364917693690,openalex,robotics,concept,openalex_bulk_robotics,,48,model predictive control; teleoperation,2026-06-12T18:57:17Z,16.396,18.396
doi:10.3390/s91209689,Survey of Visual and Force/Tactile Control of Robots for Physical Interaction in Spain,"Sensors provide robotic systems with the information required to perceive the changes that happen in unstructured environments and modify their actions accordingly. The robotic controllers which process and analyze this sensory information are usually based on three types of sensors (visual, force/torque and tactile) which identify the most widespread robotic control strategies: visual servoing control, force control and tactile control. This paper presents a detailed review on the sensor architectures, algorithmic techniques and applications which have been developed by Spanish researchers in order to implement these mono-sensor and multi-sensor controllers which combine several sensors.",2009,Sensors,Gabriel J. García; Juan Antonio Corrales Ramón; Jorge Pomares; Fernando Torres,10.3390/s91209689,,https://doi.org/10.3390/s91209689,openalex,robotics,concept,openalex_bulk_robotics,,24,force control; visual servoing,2026-06-12T18:57:17Z,16.309,16.309
doi:10.1109/icra55743.2025.11127851,ACROSS: A Deformation-Based Cross-Modal Representation for Robotic Tactile Perception,"Tactile perception is essential for human interaction with the environment and is becoming increasingly crucial in robotics. Tactile sensors like the BioTac mimic human fingertips and provide detailed interaction data. Despite its utility in applications like slip detection and object identification, this sensor is now deprecated, making many valuable datasets obsolete. However, recreating similar datasets with newer sensor technologies is both tedious and time-consuming. Therefore, adapting these existing datasets for use with new setups and modalities is crucial. In response, we introduce ACROSS, a novel framework for translating data between tactile sensors by exploiting sensor deformation information. We demonstrate the approach by translating BioTac signals into the DIGIT sensor. Our framework consists of first converting the input signals into 3D deformation meshes. We then transit",2024,arXiv,Wadhah Zai El Amri; Malte Kuhlmann; Nicolás Navarro-Guerrero,10.1109/icra55743.2025.11127851,2411.08533v2,http://arxiv.org/abs/2411.08533v2,arxiv,tactile language action robotics,concept,tactile,,,tactile perception,2026-06-12T14:45:03Z,16.300,16.300
doi:10.1609/aaai.v40i47.41424,TactGen: Tactile Sensory Data Generation via Zero-Shot Sim-to-Real Transfer (Abstract Reprint),"Recent advances in machine learning have driven a step-change in robot perception with modalities such as vision, where large amounts of training data are readily available or cheap to collect. However, in tactile perception, the relatively high cost of data collection still largely impedes the adoption of such data-driven learning solutions. In this article, we introduce TactGen, a novel, cross-modal framework to tackle this challenge. In particular, using a two-step data generation pipeline, we leverage easily accessible vision data to synthesise artificial tactile data for downstream classifier training. Specifically, we use readily collected video data of objects of interest to efficiently learn neural radiance field (NeRF) representations. The NeRF models are then used to render red–green–blue-depth (RGBD) images from any desired vantage points. In the second stage, the RGBD images ",2026,Proceedings of the AAAI Conference on Artificial Intelligence,Shaohong Zhong; Alessandro Albini; Perla Maiolino; Ingmar Posner,10.1609/aaai.v40i47.41424,,https://doi.org/10.1609/aaai.v40i47.41424,crossref,sim to real robot manipulation,concept,sim2real,,,robot manipulation; tactile perception; sim to real transfer,2026-06-12T15:07:36Z,16.300,17.300
doi:10.1109/roman.1993.367756,Extender: a case study for human-robot interaction via transfer of power and information signals,"A human's ability to perform physical tasks is limited by physical strength, not by intelligence. The author defines ""extenders"" as a class of robot manipulators worn by humans to augment human mechanical strength, while the wearer's intellect remains the central control system for manipulating the extender. The author's research objective is to determine the ground rules for the control of robotic systems worn by humans through the design, construction, and control of several prototype experimental direct-drive/non-direct-drive multi-degree-of-freedom hydraulic/electric extenders. The design of extenders is different from the design of conventional robots because the extender interfaces with the human on a physical level. Two sets of force sensors measure the forces imposed on the extender by the human and by the environment (i.e., the load). The extender's compliances in response to su",2002,,H. Kazerooni,10.1109/roman.1993.367756,,https://doi.org/10.1109/roman.1993.367756,openalex,robotics,concept,openalex_bulk_robotics,,98,human robot interaction,2026-06-12T18:57:17Z,16.298,16.298
arxiv:2512.23864v3,Learning to Feel the Future: DreamTacVLA for Contact-Rich Manipulation,"Vision-Language-Action (VLA) models have shown remarkable generalization by mapping web-scale knowledge to robotic control, yet they remain blind to physical contact. Consequently, they struggle with contact-rich manipulation tasks that require reasoning about force, texture, and slip. While some approaches incorporate low-dimensional tactile signals, they fail to capture the high-resolution dynamics essential for such interactions. To address this limitation, we introduce DreamTacVLA, a framework that grounds VLA models in contact physics by learning to feel the future. Our model adopts a hierarchical perception scheme in which high-resolution tactile images serve as micro-vision inputs coupled with wrist-camera local vision and third-person macro vision. To reconcile these multi-scale sensory streams, we first train a unified policy with a Hierarchical Spatial Alignment (HSA) loss that",2025,arXiv,Guo Ye; Zexi Zhang; Xu Zhao; Shang Wu; Haoran Lu; Shihan Lu; Han Liu,,2512.23864v3,http://arxiv.org/abs/2512.23864v3,arxiv,contact rich manipulation learning,concept,contact,,,contact rich manipulation; contact dynamics; limitation; generalization,2026-06-12T14:45:03Z,16.200,18.200
doi:10.1109/tro.2024.3351554,Fast Contact-Implicit Model Predictive Control,,2024,IEEE Transactions on Robotics,Simon Le Cleac'h; Taylor A. Howell; Shuo Yang; Chi-Yen Lee; John Zhang; Arun Bishop; Mac Schwager; Zachary Manchester,10.1109/tro.2024.3351554,,https://doi.org/10.1109/tro.2024.3351554,crossref,model predictive control robot learning,anti_myopia,control,,80,model predictive control,2026-06-12T15:07:36Z,16.197,20.197
doi:10.1109/tits.2023.3276416,CoTV: Cooperative Control for Traffic Light Signals and Connected Autonomous Vehicles Using Deep Reinforcement Learning,"The target of reducing travel time only is insufficient to support the development of future smart transportation systems. To align with the United Nations Sustainable Development Goals (UN-SDG), a further reduction of fuel and emissions, improvements of traffic safety, and the ease of infrastructure deployment and maintenance should also be considered. Different from existing work focusing on optimizing the control in either traffic light signal (to improve the intersection throughput), or vehicle speed (to stabilize the traffic), this paper presents a multi-agent Deep Reinforcement Learning (DRL) system called CoTV, which Cooperatively controls both Traffic light signals and Connected Autonomous Vehicles (CAV). Therefore, our CoTV can well balance the reduction of travel time, fuel, and emissions. CoTV is also scalable to complex urban scenarios by cooperating with only one CAV that is",2023,IEEE Transactions on Intelligent Transportation Systems,Jiaying Guo; Long Cheng; Shen Wang,10.1109/tits.2023.3276416,,https://doi.org/10.1109/tits.2023.3276416,openalex,energy based model robot learning,concept,ebm,,77,deployment,2026-06-12T18:26:24Z,16.128,17.128
doi:10.1109/robot.1995.525393,Robot manipulator contact force control application of fuzzy-neural network,"A lot of researches have been done on fuzzy-neural control, the combination of neural networks control which has a learning ability from experiments and fuzzy control which has an ability of dealing with human knowledge, in order to make up for each other's weak points. In this paper, fuzzy-neural controller is introduced for robot manipulator contact force control to an unknown environment. A robot manipulator controller, which approaches, contacts and applies force to the environment, is designed using fuzzy logic in order to realize human like control and then modeled as a neural network to adjust membership functions and rules in order to achieve desired contact force control. Error between desired force and measured force and momentum of robot manipulator are used as input signals of the controller. Simulation has done using a 3DOF planar robot manipulator to confirm the effectivene",2002,,Kazuo Kiguchi; Toshio Fukuda,10.1109/robot.1995.525393,,https://doi.org/10.1109/robot.1995.525393,openalex,robotics,concept,openalex_bulk_robotics,,16,force control,2026-06-12T18:57:17Z,16.117,16.117
doi:10.1002/inf2.12424,Advanced polymer materials‐based electronic skins for tactile and non‐contact sensing applications,"Abstract Recently, polymer materials have been at the forefront of other materials in building high‐performance flexible electronic skin (e‐skin) devices due to conspicuous advantages including excellent mechanical flexibility, good compatibility, and high plasticity. However, most research works just paid considerable attention and effort to the design, construction, and possible application of e‐skins that reproduce the tactile perception of the human skin sensory system. Compared with tactile sensing devices, e‐skins that aim to imitate the non‐contact sensing features in the sensory system of human skin tend to avoid undesired issues such as bacteria spreading and mechanical wear. To further promote the development of e‐skins to the human skin sensory system where tactile perception and non‐contact sensing complement each other, significant progress and advances have been achieved in",2023,InfoMat,F Yin; Hongsen Niu; Eun‐Seong Kim; Young Kee Shin; Yang Li; Nam‐Young Kim,10.1002/inf2.12424,,https://doi.org/10.1002/inf2.12424,openalex,energy based model robot learning,concept,ebm,,75,tactile perception,2026-06-12T18:26:24Z,16.115,16.115
arxiv:2307.15818v1,RT-2: Vision-Language-Action Models Transfer Web Knowledge to Robotic Control,"We study how vision-language models trained on Internet-scale data can be incorporated directly into end-to-end robotic control to boost generalization and enable emergent semantic reasoning. Our goal is to enable a single end-to-end trained model to both learn to map robot observations to actions and enjoy the benefits of large-scale pretraining on language and vision-language data from the web. To this end, we propose to co-fine-tune state-of-the-art vision-language models on both robotic trajectory data and Internet-scale vision-language tasks, such as visual question answering. In contrast to other approaches, we propose a simple, general recipe to achieve this goal: in order to fit both natural language responses and robotic actions into the same format, we express the actions as text tokens and incorporate them directly into the training set of the model in the same way as natural ",2023,arXiv,Anthony Brohan; Noah Brown; Justice Carbajal; Yevgen Chebotar; Xi Chen; Krzysztof Choromanski; Tianli Ding; Danny Driess; Avinava Dubey; Chelsea Finn; Pete Florence; Chuyuan Fu; Montse Gonzalez Arenas; Keerthana Gopalakrishnan; Kehang Han; Karol Hausman; Alexander Herzog; Jasmine Hsu; Brian Ichter; Alex Irpan,,2307.15818v1,http://arxiv.org/abs/2307.15818v1,arxiv,world action model robotics,concept,wam,,,world action model; vision language action model; generalization,2026-06-12T14:45:03Z,16.100,17.100
arxiv:2310.10509v1,Efficient Sim-to-real Transfer of Contact-Rich Manipulation Skills with Online Admittance Residual Learning,"Learning contact-rich manipulation skills is essential. Such skills require the robots to interact with the environment with feasible manipulation trajectories and suitable compliance control parameters to enable safe and stable contact. However, learning these skills is challenging due to data inefficiency in the real world and the sim-to-real gap in simulation. In this paper, we introduce a hybrid offline-online framework to learn robust manipulation skills. We employ model-free reinforcement learning for the offline phase to obtain the robot motion and compliance control parameters in simulation \RV{with domain randomization}. Subsequently, in the online phase, we learn the residual of the compliance control parameters to maximize robot performance-related criteria with force sensor measurements in real time. To demonstrate the effectiveness and robustness of our approach, we provide ",2023,arXiv,Xiang Zhang; Changhao Wang; Lingfeng Sun; Zheng Wu; Xinghao Zhu; Masayoshi Tomizuka,,2310.10509v1,http://arxiv.org/abs/2310.10509v1,arxiv,online adaptation robot learning,concept,adaptation,,,contact rich manipulation; sim to real transfer; domain randomization; online adaptation; robustness,2026-06-12T14:45:03Z,16.100,19.100
doi:10.1109/robot.2000.844084,Control algorithm for grasping and manipulation by multifingered robot hands using virtual truss model representation of internal force,"A unified control algorithm for grasping and manipulation of rigid objects by multifingered robot hands with fixed, rolling and/or sliding point contacts is established. Control algorithms have been proposed in the past for the cases of fixed contacts, rolling contacts, or sliding contacts separately. However, force control part of these control algorithms was not given enough consideration with respect to making clear the essential force variables that can be arbitrarily controlled. Also the sliding contact case was formulated only for 2D work space. Adopting the virtual truss model characterization of the internal force, this paper formulates a dynamic control algorithm that has a clear feedback structure in a general 3D setting. Some examples of bases of internal force parameter vectors are also given that are useful for determining the desired internal force vector in the control alg",2002,,T. Yoshikawa,10.1109/robot.2000.844084,,https://doi.org/10.1109/robot.2000.844084,openalex,robotics,concept,openalex_bulk_robotics,,30,robot hand; force control,2026-06-12T18:57:17Z,16.067,16.067
arxiv:2407.07885v2,Learning In-Hand Translation Using Tactile Skin With Shear and Normal Force Sensing,"Recent progress in reinforcement learning (RL) and tactile sensing has significantly advanced dexterous manipulation. However, these methods often utilize simplified tactile signals due to the gap between tactile simulation and the real world. We introduce a sensor model for tactile skin that enables zero-shot sim-to-real transfer of ternary shear and binary normal forces. Using this model, we develop an RL policy that leverages sliding contact for dexterous in-hand translation. We conduct extensive real-world experiments to assess how tactile sensing facilitates policy adaptation to various unseen object properties and robot hand orientations. We demonstrate that our 3-axis tactile policies consistently outperform baselines that use only shear forces, only normal forces, or only proprioception. Website: https://jessicayin.github.io/tactile-skin-rl/",2024,arXiv,Jessica Yin; Haozhi Qi; Jitendra Malik; James Pikul; Mark Yim; Tess Hellebrekers,,2407.07885v2,http://arxiv.org/abs/2407.07885v2,arxiv,tactile language action robotics,concept,tactile,,,dexterous manipulation; robot hand; proprioception; sim to real transfer,2026-06-12T14:45:03Z,16.000,18.000
doi:10.1371/journal.pone.0335922,Quantum-topological meta-learning for tire-road contact stability and multi-modal road prediction in autonomous driving,"This paper addresses the critical challenge of tire-road contact dynamics in intelligent transportation systems, particularly for Level 4 autonomous driving. Traditional empirical models fail to accurately predict tire behavior on unstructured road surfaces, especially under low-adhesion conditions, leading to control delays and safety risks. To address these issues, we propose a novel dual-drive architecture that integrates Quantum Topological Field Theory with meta-learning techniques. A differential homeomorphism model is developed for tire contact stability, using Seiberg-Witten instanton decomposition to create a quantized representation of the contact stress field. Additionally, a multi-modal road prediction system is introduced, combining CBAM-LSTM quantum feature extraction with MAML meta-learning to generalize acceleration signals across different road conditions. Experimental v",2025,PLOS One,Na Wang,10.1371/journal.pone.0335922,,https://doi.org/10.1371/journal.pone.0335922,crossref,contact rich manipulation learning,concept,contact,,,contact rich manipulation; contact dynamics,2026-06-12T15:07:36Z,16.000,16.000
doi:10.1109/tro.2020.3046415,Representation-Free Model Predictive Control for Dynamic Motions in Quadrupeds,,2021,IEEE Transactions on Robotics,Yanran Ding; Abhishek Pandala; Chuanzheng Li; Young-Ha Shin; Hae-Won Park,10.1109/tro.2020.3046415,,https://doi.org/10.1109/tro.2020.3046415,crossref,model predictive control robot learning,anti_myopia,control,,171,model predictive control,2026-06-12T15:07:36Z,15.974,19.974
doi:10.1109/tcyb.2020.2999556,Efficient Representation and Approximation of Model Predictive Control Laws via Deep Learning,,2020,IEEE Transactions on Cybernetics,Benjamin Karg; Sergio Lucia,10.1109/tcyb.2020.2999556,,https://doi.org/10.1109/tcyb.2020.2999556,crossref,model predictive control robot learning,anti_myopia,control,,253,model predictive control,2026-06-12T15:07:36Z,15.969,19.969
doi:10.1177/02783649241273645,Contact-implicit Model Predictive Control: Controlling diverse quadruped motions without pre-planned contact modes or trajectories,"This paper presents a contact-implicit model predictive control (MPC) framework for the real-time discovery of multi-contact motions, without predefined contact mode sequences or foothold positions. This approach utilizes the contact-implicit differential dynamic programming (DDP) framework, merging the hard contact model with a linear complementarity constraint. We propose the analytical gradient of the contact impulse based on relaxed complementarity constraints to further the exploration of a variety of contact modes. By leveraging a hard contact model-based simulation and computation of search direction through a smooth gradient, our methodology identifies dynamically feasible state trajectories, control inputs, and contact forces while simultaneously unveiling new contact mode sequences. However, the broadened scope of contact modes does not always ensure real-world applicability. R",2025,The International Journal of Robotics Research,Gijeong Kim; Dongyun Kang; Joon-Ha Kim; Seungwoo Hong; Hae-Won Park,10.1177/02783649241273645,,https://doi.org/10.1177/02783649241273645,crossref,EBM transformer robotics contact rich manipulation,concept,architecture_x_embodiment,,27,EBM transformer robotics; contact rich manipulation; model predictive control,2026-06-12T15:07:36Z,15.966,17.966
doi:10.1109/robot.2002.1014313,Reactive motion control for human-robot tactile interaction,"In the field of service robotics, robots serve and assist human beings. It is natural for humans to directly interact with the robot via tactile interfaces. This paper introduces several kinds of tactile interactions between a user and the robot as well as interactions of the robot with the environment. All interactions are implemented in a single paradigm: Forces measured from tactile sensors result in motion vectors at the contact points. The motion vectors from different sensors are superimposed and then determine the robot's joint velocities. We present results from our experimental setup consisting of an 8 degrees of freedom manipulator arm mounted on a mobile platform. In the illustrated example, a human interacts with the robot using only the tactile interface.",2003,,T. Wosch; Wendelin Feiten,10.1109/robot.2002.1014313,,https://doi.org/10.1109/robot.2002.1014313,openalex,robotics,concept,openalex_bulk_robotics,,24,,2026-06-12T18:57:17Z,15.959,15.959
doi:10.1109/iccrt63554.2025.11072742,Tactile Contact Patterns for Robotic Grasping: A Dataset of Real and Simulated Data,,2025,2025 3rd International Conference on Control and Robot Technology (ICCRT),Berith Atemoztli De la Cruz Sánchez; Jennifer Kwiatkowski; Jean-Philippe Roberge,10.1109/iccrt63554.2025.11072742,,https://doi.org/10.1109/iccrt63554.2025.11072742,crossref,contact dynamics robot learning,concept,contact,,1,contact dynamics,2026-06-12T15:07:36Z,15.947,15.947
doi:10.1109/tim.2024.3372209,Optimization-Based Variable Impedance Control of Robotic Manipulator for Medical Contact Tasks,"This work presents an optimization-based variable impedance control strategy for controlling a robotic manipulator in medical contact tasks. Specifically, the optimal robot stiffness for performing the medical contact task is obtained using online Quadratic Programming (QP). In the meantime, an energy tank approach is incorporated into the control loop to regulate the system’s passivity. To verify the performance of the proposed strategy, experiments are conducted on both “ static ” and “ scanning ” medical contact tasks, utilizing materials with different properties, different magnitudes of contact forces, as well as uneven conditions with a human torso phantom model and slope surface. The maximum Root Mean Square Error (RMSE) of force tracking with the proposed method in the “ static ” and “ scanning ” tasks , across all setups, is 0.88 N and 0.5 N, respectively. The experiment results",2024,IEEE Transactions on Instrumentation and Measurement,Junling Fu; Ilaria Burzo; Elisa Iovene; Jianzhuang Zhao; Giancarlo Ferrigno; Elena De Momi,10.1109/tim.2024.3372209,,https://doi.org/10.1109/tim.2024.3372209,openalex,energy based model robot learning,concept,ebm,,32,impedance control,2026-06-12T18:05:07Z,15.898,15.898
arxiv:2004.00136v1,Sim-to-Real Transfer for Optical Tactile Sensing,"Deep learning and reinforcement learning methods have been shown to enable learning of flexible and complex robot controllers. However, the reliance on large amounts of training data often requires data collection to be carried out in simulation, with a number of sim-to-real transfer methods being developed in recent years. In this paper, we study these techniques for tactile sensing using the TacTip optical tactile sensor, which consists of a deformable tip with a camera observing the positions of pins inside this tip. We designed a model for soft body simulation which was implemented using the Unity physics engine, and trained a neural network to predict the locations and angles of edges when in contact with the sensor. Using domain randomisation techniques for sim-to-real transfer, we show how this framework can be used to accurately predict edges with less than 1 mm prediction error ",2020,arXiv,Zihan Ding; Nathan F. Lepora; Edward Johns,,2004.00136v1,http://arxiv.org/abs/2004.00136v1,arxiv,sim to real robot manipulation,concept,sim2real,,,robot manipulation; sim to real transfer,2026-06-12T14:45:03Z,15.850,16.850
doi:10.3390/pr11010197,Deep Transfer Learning for Approximate Model Predictive Control,"Transfer learning is a machine learning technique that takes a pre-trained model that has already been trained on a related task, and adapts it for use on a new, related task. This is particularly useful in the context of model predictive control (MPC), where deep transfer learning is used to improve the training of the MPC by leveraging the knowledge gained from related controllers. One way in which transfer learning is applied in the context of MPC is by using a pre-trained deep learning model of the MPC, and then fine-tuning the controller training for a new process automation task. This is similar to how an equipment operator quickly learns to manually control a new processing unit because of related skills learned from controlling the prior unit. This reduces the amount of data required to train the approximate MPC controller, and also improves the performance on the target system. ",2023,Processes,Samuel Arce Munoz; Junho Park; Cristina M. Stewart; Adam M. Martin; John D. Hedengren,10.3390/pr11010197,,https://doi.org/10.3390/pr11010197,crossref,model predictive control robot learning,anti_myopia,control,,13,model predictive control,2026-06-12T15:07:36Z,15.820,19.820
arxiv:2311.03855v1,Terrain Recognition and Contact Force Estimation through a Sensorized Paw for Legged Robots,"This paper introduces the Terrain Recognition And Contact Force Estimation Paw, a compact and sensorized shoe designed for legged robots. The paw end-effector is made of silicon that deforms upon the application of contact forces, while an embedded micro camera is utilized to capture images of the deformed inner surface inside the shoe, and a microphone picks up audio signals. Processed through machine learning techniques, the images are mapped to compute an accurate estimate of the cumulative 3D force vector, while the audio signals are analyzed to identify the terrain class (e.g., gravel, snow). By leveraging its on-edge computation ability, the paw enhances the capabilities of legged robots by providing key information in real-time that can be used to adapt locomotion control strategies. To assess the performance of this novel sensorized paw, we conducted experiments on the data colle",2023,arXiv,Aleksander Vangen; Tejal Barnwal; Jørgen Anker Olsen; Kostas Alexis,,2311.03855v1,http://arxiv.org/abs/2311.03855v1,arxiv,EBM transformer robotics legged manipulation,concept,architecture_x_embodiment,,,EBM transformer robotics; legged manipulation,2026-06-12T15:07:36Z,15.800,15.800
doi:10.1017/s0263574722000625,Generalization in transfer learning: robust control of robot locomotion,"Abstract In this paper, we propose a set of robust training methods for deep reinforcement learning to transfer learning acquired in one control task to a set of previously unseen control tasks. We improve generalization in commonly used transfer learning benchmarks by a novel sample elimination technique, early stopping, and maximum entropy adversarial reinforcement learning. To generate robust policies, we use sample elimination during training via a method we call strict clipping. We apply early stopping, a method previously used in supervised learning, to deep reinforcement learning. Subsequently, we introduce maximum entropy adversarial reinforcement learning to increase the domain randomization during training for a better target task performance. Finally, we evaluate the robustness of these methods compared to previous work on simulated robots in target environments where the grav",2022,Robotica,Suzan Ece Ada; Emre Ugur; H. Levent Akin,10.1017/s0263574722000625,,https://doi.org/10.1017/s0263574722000625,crossref,control barrier functions robot learning,anti_myopia,control,,19,domain randomization; control barrier function; benchmark; generalization; robustness,2026-06-12T15:07:36Z,15.798,21.798
doi:10.1088/2516-1091/ac8193,A review on interaction control for contact robots through intent detection,"Abstract Interaction control presents opportunities for contact robots physically interacting with their human user, such as assistance targeted to each human user, communication of goals to enable effective teamwork, and task-directed motion resistance in physical training and rehabilitation contexts. Here we review the burgeoning field of interaction control in the control theory and machine learning communities, by analysing the exchange of haptic information between the robot and its human user, and how they share the task effort. We first review the estimation and learning methods to predict the human user intent with the large uncertainty, variability and noise and limited observation of human motion. Based on this motion intent core, typical interaction control strategies are described using a homotopy of shared control parameters. Recent methods of haptic communication and game t",2022,Progress in Biomedical Engineering,Yanan Li; Aran Sena; Ziwei Wang; Xueyan Xing; Jan Babič; Edwin van Asseldonk; Etienne Burdet,10.1088/2516-1091/ac8193,,https://doi.org/10.1088/2516-1091/ac8193,openalex,energy based model robot learning,concept,ebm,,54,limitation,2026-06-12T18:05:07Z,15.754,17.754
doi:10.1016/j.rcim.2023.102573,Precise and smooth contact force control for a hybrid mobile robot used in polishing,,2023,Robotics and Computer-Integrated Manufacturing,Fugui Xie; Zenghui Chong; Xin-Jun Liu; Huichan Zhao; Jinsong Wang,10.1016/j.rcim.2023.102573,,https://doi.org/10.1016/j.rcim.2023.102573,crossref,non smooth mechanics robotics,anti_myopia,anti_thesis,,45,force control; non smooth mechanics robotics,2026-06-12T15:07:36Z,15.714,18.714
doi:10.1109/tmech.2022.3216314,Robotic Polishing of Unknown-Model Workpieces With Constant Normal Contact Force Control,"Industrial robots are increasingly being considered for application in performing polishing operations. Most research has been performed on workpieces with a priori (CAD) model, and used impedance control or hybrid force-position control to achieve constant force operation. For workpieces without priori models, it is still difficult to maintain a constant normal contact force during the polishing process. To address this challenge, this paper proposes a cooperative force-position control method consisting of three parts: constructing a model between contact forces and robotic poses during polishing operations and obtaining a real-time pose deviation of the current tool-workpiece contact state and the desired (normal) contact state; based on the deviation, a method of real-time adjustment of 2D predefined polishing paths to 3D actual polishing paths is proposed; finally, constant normal c",2022,IEEE/ASME Transactions on Mechatronics,Jian Li; Yisheng Guan; Hao Chen; Bing Wang; Tao Zhang,10.1109/tmech.2022.3216314,,https://doi.org/10.1109/tmech.2022.3216314,openalex,robotics,concept,openalex_bulk_robotics,,48,industrial robot; force control; impedance control,2026-06-12T18:57:17Z,15.696,15.696
doi:10.1109/iccar55106.2022.9782665,Coupling Analysis of EEG and EMG Signals Based on Transfer Entropy after Consistent Empirical Fourier Decomposition,,2022,"2022 8th International Conference on Control, Automation and Robotics (ICCAR)",Zhengyi Shi; Yurong Li; Heng Lin; Feifei Zhu,10.1109/iccar55106.2022.9782665,,https://doi.org/10.1109/iccar55106.2022.9782665,crossref,robotics,concept,crossref_bulk_robotics,,3,,2026-06-12T19:29:26Z,15.693,15.693
doi:10.1109/robot.1989.100212,Human/robot interaction via the transfer of power and information signals. II. An experimental analysis,"For pt.I see ibid., vol.3, p.1632-40. The author presents concepts involving constrained motion of a class of human-controlled robotic manipulators called extenders. Extenders amplify the strength of the human operator, while utilizing the intelligence of the operator to generate spontaneously the command signal to the system. A single-degree-of-freedom extender has been built for theoretical and experimental verification of the dynamics and control involved in this hardware. The system performance is defined as the amplification of the human power. It is shown that the more amplification is required, the smaller is the stability range of the system. >",2003,,H. Kazerooni,10.1109/robot.1989.100212,,https://doi.org/10.1109/robot.1989.100212,openalex,robotics,concept,openalex_bulk_robotics,,28,human robot interaction,2026-06-12T18:57:17Z,15.684,15.684
doi:10.1109/tim.2023.3343795,A Nonarray Soft Capacitive Tactile Sensor With Simultaneous Contact Force and Location Measurement for Intelligent Robotic Grippers,"Tactile sensing is essential for robotic manipulations and human–machine interactions. It is vital to provide contact location and force information between the robotic gripper and objects for safe and effective operation. Many existing tactile sensors deploy an array of sensing units for pressure mapping and contact location recognition. However, it is still challenging to utilize such array sensors in robotic grippers for real-world applications due to the complex wiring and electronics, high cost, and low reliability. In this work, we propose a nonarray soft tactile sensor (NA-STS) that utilizes two triangle textile electrodes and a rectangle electrode to form a pair of soft capacitive pressure sensors in a differential configuration along its length. The sum of the two capacitance variations represents the amplitude of the force, whereas the difference between them represents the con",2023,IEEE Transactions on Instrumentation and Measurement,Chao Tang; Xinxin Chang; Jinxing Wang; Yulian Peng; Houping Wu; Hongbo Wang,10.1109/tim.2023.3343795,,https://doi.org/10.1109/tim.2023.3343795,openalex,robotics,concept,openalex_bulk_robotics,,29,,2026-06-12T18:57:17Z,15.651,16.651
arxiv:1910.03973v1,Towards Learning to Detect and Predict Contact Events on Vision-based Tactile Sensors,"In essence, successful grasp boils down to correct responses to multiple contact events between fingertips and objects. In most scenarios, tactile sensing is adequate to distinguish contact events. Due to the nature of high dimensionality of tactile information, classifying spatiotemporal tactile signals using conventional model-based methods is difficult. In this work, we propose to predict and classify tactile signal using deep learning methods, seeking to enhance the adaptability of the robotic grasp system to external event changes that may lead to grasping failure. We develop a deep learning framework and collect 6650 tactile image sequences with a vision-based tactile sensor, and the neural network is integrated into a contact-event-based robotic grasping system. In grasping experiments, we achieved 52% increase in terms of object lifting success rate with contact detection, signif",2019,arXiv,Yazhan Zhang; Weihao Yuan; Zicheng Kan; Michael Yu Wang,,1910.03973v1,http://arxiv.org/abs/1910.03973v1,arxiv,contact dynamics robot learning,concept,contact,,,contact dynamics; robustness,2026-06-12T14:45:03Z,15.650,17.650
doi:10.1177/02783649251344635,Inverse dynamics trajectory optimization for contact-implicit model predictive control,"Robots must make and break contact with the environment to perform useful tasks, but planning and control through contact remains a formidable challenge. In this work, we achieve real-time contact-implicit model predictive control with a surprisingly simple method: inverse dynamics trajectory optimization. While trajectory optimization with inverse dynamics is not new, we introduce a series of incremental innovations that collectively enable fast model predictive control on a variety of challenging manipulation and locomotion tasks. We implement these innovations in an open-source solver and present simulation examples to support the effectiveness of the proposed approach. Additionally, we demonstrate contact-implicit model predictive control on hardware at over 100 Hz for a 20-degree-of-freedom bi-manual manipulation task. Video and code are available at https://idto.github.io .",2026,The International Journal of Robotics Research,Vince Kurtz; Alejandro Castro; Aykut Özgün Önol; Hai Lin,10.1177/02783649251344635,,https://doi.org/10.1177/02783649251344635,crossref,latent dynamics model robotics,concept,architecture,,13,latent dynamics model robotics; model predictive control,2026-06-12T14:45:03Z,15.620,16.620
doi:10.1109/rpic68328.2026.11518489,Cooperative Optimization Method for Intersection Signals Based on Transformer-BEV Representation and QMIX Value Decomposition Reinforcement Learning,,2026,2026 International Conference on Robot Perception and Intelligent Control (RPIC),Shun Li,10.1109/rpic68328.2026.11518489,,https://doi.org/10.1109/rpic68328.2026.11518489,crossref,energy based transformer robot policy,concept,ebm_transformer,,,energy based transformer robot policy,2026-06-12T14:45:03Z,15.600,15.600
doi:10.1109/icra55743.2025.11127230,UpViTaL: Unpaired Visual-Tactile Self-Supervised Representation Learning for Dexterous Robotic Manipulation,,2025,2025 IEEE International Conference on Robotics and Automation (ICRA),Guwen Han; Qingtao Liu; Yu Cui; Anjun Chen; Jiming Chen; Qi Ye,10.1109/icra55743.2025.11127230,,https://doi.org/10.1109/icra55743.2025.11127230,crossref,contact rich manipulation learning,concept,contact,,,contact rich manipulation,2026-06-12T15:07:36Z,15.600,15.600
doi:10.3390/s17061384,Instrumented Compliant Wrist with Proximity and Contact Sensing for Close Robot Interaction Control,"Compliance has been exploited in various forms in robotic systems to allow rigid mechanisms to come into contact with fragile objects, or with complex shapes that cannot be accurately modeled. Force feedback control has been the classical approach for providing compliance in robotic systems. However, by integrating other forms of instrumentation with compliance into a single device, it is possible to extend close monitoring of nearby objects before and after contact occurs. As a result, safer and smoother robot control can be achieved both while approaching and while touching surfaces. This paper presents the design and extensive experimental evaluation of a versatile, lightweight, and low-cost instrumented compliant wrist mechanism which can be mounted on any rigid robotic manipulator in order to introduce a layer of compliance while providing the controller with extra sensing signals d",2017,Sensors,Pascal Laferrière; Pierre Payeur,10.3390/s17061384,,https://doi.org/10.3390/s17061384,crossref,contact dynamics robot learning,concept,contact,,2,industrial robot; contact dynamics; human robot interaction,2026-06-12T15:07:36Z,15.599,17.599
doi:10.1109/tsg.2023.3267069,Physics-Informed Graphical Representation-Enabled Deep Reinforcement Learning for Robust Distribution System Voltage Control,,2024,IEEE Transactions on Smart Grid,Di Cao; Junbo Zhao; Jiaxiang Hu; Yansong Pei; Qi Huang; Zhe Chen; Weihao Hu,10.1109/tsg.2023.3267069,,https://doi.org/10.1109/tsg.2023.3267069,crossref,physics informed robot learning,concept,architecture,,80,physics informed robot learning,2026-06-12T15:07:36Z,15.597,15.597
doi:10.1089/soro.2020.0213,Sim-to-Real for High-Resolution Optical Tactile Sensing: From Images to Three-Dimensional Contact Force Distributions,"The images captured by vision-based tactile sensors carry information about high-resolution tactile fields, such as the distribution of the contact forces applied to their soft sensing surface. However, extracting the information encoded in the images is challenging and often addressed with learning-based approaches, which generally require a large amount of training data. This article proposes a strategy to generate tactile images in simulation for a vision-based tactile sensor based on an internal camera that tracks the motion of spherical particles within a soft material. The deformation of the material is simulated in a finite element environment under a diverse set of contact conditions, and spherical particles are projected to a simulated image. Features extracted from the images are mapped to the three-dimensional contact force distribution, with the ground truth also obtained usi",2022,Soft Robotics,Carmelo Sferrazza; Raffaello D'Andrea,10.1089/soro.2020.0213,,https://doi.org/10.1089/soro.2020.0213,crossref,tactile language action robotics,concept,tactile,,40,,2026-06-12T14:45:03Z,15.557,16.557
arxiv:2603.00110v2,Learning Physics from Pretrained Video Models: A Multimodal Continuous and Sequential World Interaction Models for Robotic Manipulation,"The scarcity of large-scale robotic data has motivated the repurposing of foundation models from other modalities for policy learning. In this work, we introduce PhysGen (Learning Physics from Pretrained Video Generation Models), a scalable continuous and sequential world interaction framework that leverages autoregressive video generation to solve robotic manipulation tasks. By treating the pretrained video model as a proxy for a physics simulator, PhysGen models the dynamic interplay between the external environment and robot actions. We introduce a multimodal continuous representation that unifies video and action into shared physical tokens, bridging the gap between discrete video generation and continuous robotic control. This approach enables the seamless transfer of implicit physical knowledge-such as object permanence and dynamics-from video pretraining to downstream manipulation",2026,arXiv,Zijian Song; Qichang Li; Sihan Qin; Yuhao Chen; Tianshui Chen; Liang Lin; Guangrun Wang,,2603.00110v2,http://arxiv.org/abs/2603.00110v2,arxiv,robot world models manipulation,concept,world_models,,,robot world model; benchmark,2026-06-12T14:45:03Z,15.550,16.550
doi:10.1089/soro.2022.0221,Compliant Grasping Control for a Tactile Self-Sensing Soft Gripper,"Soft grippers with good passive compliance can effectively adapt to the shape of a target object and have better safe grasping performance than rigid grippers. However, for soft or fragile objects, passive compliance is insufficient to prevent grippers from crushing the target. Thus, to complete nondestructive grasping tasks, precision force sensing and control are immensely important for soft grippers. In this article, we proposed an online learning self-tuning nonlinearity impedance controller for a tactile self-sensing two-finger soft gripper so that its grasping force can be controlled accurately. For the soft gripper, its grasping force is sensed by a liquid lens-based optical tactile sensing unit that contains a self-sensing fingertip and a liquid lens module and has many advantages of a rapid response time (about 0.04 s), stable output, good sensitivity (>0.4985 V/N), resolution (",2024,Soft Robotics,Hui Yang; Jiaqi Liu; Wenbo Liu; Weirui Liu; Zilong Deng; Yunzhi Ling; Changan Wang; Meixia Wu; Lihui Wang; Li Wen,10.1089/soro.2022.0221,,https://doi.org/10.1089/soro.2022.0221,crossref,tactile language action robotics,concept,tactile,,17,impedance control,2026-06-12T15:07:36Z,15.545,15.545
doi:10.1016/j.automatica.2022.110235,Robust formation control for networked robotic systems using Negative Imaginary dynamics,This paper proposes a consensus-based formation tracking scheme for multi-robot systems utilizing the Negative Imaginary (NI) theory. The proposed scheme applies to a class of networked robotic systems that can be modelled as a group of single integrator agents with stable uncertainties connected via an undirected graph. NI/SNI property of networked agents facilitates the design of a distributed Strictly Negative Imaginary (SNI) controller to achieve the desired formation tracking. A new theoretical proof of asymptotic convergence of the formation tracking trajectories is derived based on the integral controllability of a networked SNI systems. The proposed scheme is an alternative to the conventional Lyapunov-based formation tracking schemes. It offers robustness to NI/SNI-type model uncertainties and fault-tolerance to a sudden loss of robots due to hardware/communication fault. The fe,2022,Automatica,Junyan Hu; Barry Lennox; Farshad Arvin,10.1016/j.automatica.2022.110235,,https://doi.org/10.1016/j.automatica.2022.110235,openalex,robotics,concept,openalex_bulk_robotics,,67,multi robot system; robustness,2026-06-12T18:57:17Z,15.510,17.510
doi:10.1007/s40820-023-01216-0,Intelligent Recognition Using Ultralight Multifunctional Nano-Layered Carbon Aerogel Sensors with Human-Like Tactile Perception,"Abstract Humans can perceive our complex world through multi-sensory fusion. Under limited visual conditions, people can sense a variety of tactile signals to identify objects accurately and rapidly. However, replicating this unique capability in robots remains a significant challenge. Here, we present a new form of ultralight multifunctional tactile nano-layered carbon aerogel sensor that provides pressure, temperature, material recognition and 3D location capabilities, which is combined with multimodal supervised learning algorithms for object recognition. The sensor exhibits human-like pressure (0.04–100 kPa) and temperature (21.5–66.2 °C) detection, millisecond response times (11 ms), a pressure sensitivity of 92.22 kPa −1 and triboelectric durability of over 6000 cycles. The devised algorithm has universality and can accommodate a range of application scenarios. The tactile system c",2023,Nano-Micro Letters,Huiqi Zhao; Yizheng Zhang; Lei Han; Weiqi Qian; Jiabin Wang; Heting Wu; Jingchen Li; Yuan Dai; Zhengyou Zhang; Chris Bowen; Ya Yang,10.1007/s40820-023-01216-0,,https://doi.org/10.1007/s40820-023-01216-0,openalex,energy based model robot learning,concept,ebm,,82,tactile perception,2026-06-12T18:26:24Z,15.509,15.509
doi:10.1126/sciadv.adk5260,"Skin preparation–free, stretchable microneedle adhesive patches for reliable electrophysiological sensing and exoskeleton robot control","High-fidelity and comfortable recording of electrophysiological (EP) signals with on-the-fly setup is essential for health care and human-machine interfaces (HMIs). Microneedle electrodes allow direct access to the epidermis and eliminate time-consuming skin preparation. However, existing microneedle electrodes lack elasticity and reliability required for robust skin interfacing, thereby making long-term, high-quality EP sensing challenging during body movement. Here, we introduce a stretchable microneedle adhesive patch (SNAP) providing excellent skin penetrability and a robust electromechanical skin interface for prolonged and reliable EP monitoring under varying skin conditions. Results demonstrate that the SNAP can substantially reduce skin contact impedance under skin contamination and enhance wearing comfort during motion, outperforming gel and flexible microneedle electrodes. Our ",2024,Science Advances,Hee‐Soo Kim; Juhyun Lee; Ung Heo; Dhileep Kumar Jayashankar; Karen‐Christian Agno; Yeji Kim; Choong Yeon Kim; Youngjun Oh; Sanghyuk Byun; Bohyung Choi; Hwayeong Jeong; Woon‐Hong Yeo; Zhuo Li; Seongjun Park; Jianliang Xiao; Jung Kim; Jae‐Woong Jeong,10.1126/sciadv.adk5260,,https://doi.org/10.1126/sciadv.adk5260,openalex,energy based model robot learning,concept,ebm,,102,,2026-06-12T18:05:07Z,15.467,15.467
doi:10.1609/aaai.v38i1.27758,Prompt to Transfer: Sim-to-Real Transfer for Traffic Signal Control with Prompt Learning,"Numerous solutions are proposed for the Traffic Signal Control (TSC) tasks aiming to provide efficient transportation and alleviate traffic congestion. Recently, promising results have been attained by Reinforcement Learning (RL) methods through trial and error in simulators, bringing confidence in solving cities' congestion problems. However, performance gaps still exist when simulator-trained policies are deployed to the real world. This issue is mainly introduced by the system dynamic difference between the training simulators and the real-world environments. In this work, we leverage the knowledge of Large Language Models (LLMs) to understand and profile the system dynamics by a prompt-based grounded action transformation to bridge the performance gap. Specifically, this paper exploits the pre-trained LLM's inference ability to understand how traffic dynamics change with weather cond",2024,Proceedings of the AAAI Conference on Artificial Intelligence,Longchao Da; Minquan Gao; Hao Mei; Hua Wei,10.1609/aaai.v38i1.27758,,https://doi.org/10.1609/aaai.v38i1.27758,crossref,sim to real robot manipulation,concept,sim2real,,30,robot manipulation; sim to real transfer,2026-06-12T15:07:36Z,15.467,17.467
doi:10.1038/s41467-023-40426-3,Deep transfer learning for inter-chain contact predictions of transmembrane protein complexes,"Abstract Membrane proteins are encoded by approximately a quarter of human genes. Inter-chain residue-residue contact information is important for structure prediction of membrane protein complexes and valuable for understanding their molecular mechanism. Although many deep learning methods have been proposed to predict the intra-protein contacts or helix-helix interactions in membrane proteins, it is still challenging to accurately predict their inter-chain contacts due to the limited number of transmembrane proteins. Addressing the challenge, here we develop a deep transfer learning method for predicting inter-chain contacts of transmembrane protein complexes, named DeepTMP, by taking advantage of the knowledge pre-trained from a large data set of non-transmembrane proteins. DeepTMP utilizes a geometric triangle-aware module to capture the correct inter-chain interaction from the coevo",2023,Nature Communications,Peicong Lin; Yumeng Yan; Huanyu Tao; Sheng-You Huang,10.1038/s41467-023-40426-3,,https://doi.org/10.1038/s41467-023-40426-3,crossref,contact rich manipulation learning,concept,contact,,21,contact rich manipulation; robustness,2026-06-12T15:07:36Z,15.446,16.446
doi:10.1109/iros.1993.583198,Development of a multi-fingered robot hand with fingertip tactile sensors,"The authors are developing a multifingered robot hand which is modeled on a human hand. The aim is to identify the technologies necessary for this type of robot hand. The hand consists of 4 fingers, each with 4 joints actuated by DC motors via wires. The hand is attached to the tip of a 6-degree-of-freedom arm. The fingers and the arm are controlled by 6 32-bit microprocessor boards. Each finger has a tactile sensor on the fingertip. This consisting of a silicone rubber cap with a cavity filled with an incompressible fluid. Using these sensors and potentiometers mounted at one side of each joint, contact forces and positions of the fingertips are controlled. Three or four fingers grasp an object cooperatively when each finger is force-controlled using the tactile sensors independently. Evaluation tests of the position and the force control were executed, and experiments requiring the rob",2002,,Hideki Hashimoto; Hideki Ogawa; Masao Obama; Toshiya Umeda; Kyoichi Tatuno; Tomonari Furukawa,10.1109/iros.1993.583198,,https://doi.org/10.1109/iros.1993.583198,openalex,robotics,concept,openalex_bulk_robotics,,15,robot hand; force control,2026-06-12T18:57:17Z,15.436,16.436
doi:10.1109/tie.2016.2538741,Adaptive Impedance Control for an Upper Limb Robotic Exoskeleton Using Biological Signals,"This paper presents adaptive impedance control of an upper limb robotic exoskeleton using biological signals. First, we develop a reference musculoskeletal model of the human upper limb and experimentally calibrate the model to match the operator's motion behavior. Then, the proposed novel impedance algorithm transfers stiffness from human operator through the surface electromyography (sEMG) signals, being utilized to design the optimal reference impedance model. Considering the unknown deadzone effects in the robot joints and the absence of the precise knowledge of the robot's dynamics, an adaptive neural network control incorporating with a high-gain observer is developed to approximate the deadzone effect and robot's dynamics and drive the robot tracking desired trajectories without velocity measurements. In order to verify the robustness of the proposed approach, the actual implement",2016,IEEE Transactions on Industrial Electronics,Zhijun Li; Zhicong Huang; Wei He; Chun‐Yi Su,10.1109/tie.2016.2538741,,https://doi.org/10.1109/tie.2016.2538741,openalex,robotics,concept,openalex_bulk_robotics,,320,impedance control; robustness,2026-06-12T18:57:17Z,15.436,16.436
doi:10.1109/tmech.2023.3264650,GTac-Hand: A Robotic Hand With Integrated Tactile Sensing and Extrinsic Contact Sensing Capabilities,"In many interaction and manipulation tasks, robots need to estimate the state or properties, such as extrinsic contact states (ECSs), on the object being manipulated. Tactile sensing is an essential sensor modality for robots to acquire this relevant information. In this article, we present a robotic hand integrated with tactile sensors that combine two force sensing principles as skin-like heterogeneity, piezoresistive, and Hall effect, and can obtain normal and shear contact force feedback simultaneously from the fingers and palm, resulting in 285 tactile sensing measurements at a rate of 150 Hz. In the contact-rich manipulation task, there would be complicatedly coupled contact relationships between the robotic hand and the grasped objects during external contact. Sectionwise features (SWFs) are implemented to leverage these tactile features by means of incorporating distributed force",2023,IEEE/ASME Transactions on Mechatronics,Zeyu Lu; Haoyong Yu,10.1109/tmech.2023.3264650,,https://doi.org/10.1109/tmech.2023.3264650,openalex,robotics,concept,openalex_bulk_robotics,,18,contact rich manipulation,2026-06-12T18:57:17Z,15.422,15.422
doi:10.3390/robotics10010032,Adaptive Position/Force Control of a Robotic Manipulator in Contact with a Flexible and Uncertain Environment,"The present paper concerns the synthesis of robot movement control systems in the cases of disturbances of natural position constraints, which are the result of surface susceptibility and inaccuracies in its description. The study contains the synthesis of control laws, in which the knowledge of parameters of the susceptible environment is not required, and which guarantee stability of the system in the case of an inaccurately described contact surface. The novelty of the presented solution is based on introducing an additional module to the control law in directions normal to the interaction surface, which allows for a fluent change of control strategy in the case of occurrence of distortions in the surface. An additional module in the control law is perceived as a virtual viscotic resistance force and resilient environment acting upon the robot. This interpretation facilitates intuitiv",2021,Robotics,Piotr Gierlak,10.3390/robotics10010032,,https://doi.org/10.3390/robotics10010032,crossref,classical control robotics,anti_myopia,anti_thesis,,13,force control; classical control robotics,2026-06-12T15:07:36Z,15.420,19.420
doi:10.1109/tase.2022.3162207,Image-Based Visual Impedance Force Control for Contact Aerial Manipulation,,2023,IEEE Transactions on Automation Science and Engineering,Mengxin Xu; An Hu; Hesheng Wang,10.1109/tase.2022.3162207,,https://doi.org/10.1109/tase.2022.3162207,crossref,contact rich manipulation learning,concept,contact,,83,contact rich manipulation; force control,2026-06-12T15:07:36Z,15.415,15.415
doi:10.1109/icra46639.2022.9811957,Real-Time Multi-Contact Model Predictive Control via ADMM,,2022,2022 International Conference on Robotics and Automation (ICRA),Alp Aydinoglu; Michael Posa,10.1109/icra46639.2022.9811957,,https://doi.org/10.1109/icra46639.2022.9811957,crossref,foundation model limitation robotics,anti_myopia,anti_thesis,,36,model predictive control; limitation; foundation model limitation robotics,2026-06-12T15:07:36Z,15.405,20.405
doi:10.1109/iccma63715.2024.10843928,Sim-to-Real Transfer for Cable Manipulation with Tactile Sensing and Homotopy-Constrained Path Planning,,2024,"2024 12th International Conference on Control, Mechatronics and Automation (ICCMA)",Haegu Lee; Victor Melbye Staven; Christoffer Sloth,10.1109/iccma63715.2024.10843928,,https://doi.org/10.1109/iccma63715.2024.10843928,crossref,sim to real robot manipulation,concept,sim2real,,,robot manipulation; sim to real transfer,2026-06-12T14:45:03Z,15.400,16.400
arxiv:2103.14359v1,A Tactile Sensing Foot for Single Robot Leg Stabilization,"Tactile sensing on human feet is crucial for motion control, however, has not been explored in robotic counterparts. This work is dedicated to endowing tactile sensing to legged robot's feet and showing that a single-legged robot can be stabilized with only tactile sensing signals from its foot. We propose a robot leg with a novel vision-based tactile sensing foot system and implement a processing algorithm to extract contact information for feedback control in stabilizing tasks. A pipeline to convert images of the foot skin into high-level contact information using a deep learning framework is presented. The leg was quantitatively evaluated in a stabilization task on a tilting surface to show that the tactile foot was able to estimate both the surface tilting angle and the foot poses. Feasibility and effectiveness of the tactile system were investigated qualitatively in comparison with ",2021,arXiv,Guanlan Zhang; Yipai Du; Yazhan Zhan; Michael Yu Wang,,2103.14359v1,http://arxiv.org/abs/2103.14359v1,arxiv,tactile language action robotics,concept,tactile,,,humanoid robot,2026-06-12T14:45:03Z,15.400,15.400
doi:10.1109/lra.2021.3139675,Unified Method for Task-Space Motion/Force/Impedance Control of Manipulator With Unknown Contact Reaction Strategy,,2022,IEEE Robotics and Automation Letters,Yinjie Lin; Zheng Chen; Bin Yao,10.1109/lra.2021.3139675,,https://doi.org/10.1109/lra.2021.3139675,crossref,task and motion planning robotics,anti_myopia,classic,,35,impedance control; motion planning; task and motion planning,2026-06-12T15:07:36Z,15.392,19.392
doi:10.48550/arxiv.1904.05240,Compare Contact Model-based Control and Contact Model-free Learning: A Survey of Robotic Peg-in-hole Assembly Strategies,"In this paper, we present an overview of robotic peg-in-hole assembly and analyze two main strategies: contact model-based and contact model-free strategies. More specifically, we first introduce the contact model control approaches, including contact state recognition and compliant control two steps. Additionally, we focus on a comprehensive analysis of the whole robotic assembly system. Second, without the contact state recognition process, we decompose the contact model-free learning algorithms into two main subfields: learning from demonstrations and learning from environments (mainly based on reinforcement learning). For each subfield, we survey the landmark studies and ongoing research to compare the different categories. We hope to strengthen the relation between these two research communities by revealing the underlying links. Ultimately, the remaining challenges and open questio",2019,arXiv (Cornell University),Jing Xu; Zhimin Hou; Zhi Liu; Hong Qiao,10.48550/arxiv.1904.05240,,https://doi.org/10.48550/arxiv.1904.05240,openalex,robotics,concept,openalex_bulk_robotics,,84,,2026-06-12T18:57:17Z,15.371,15.371
doi:10.3390/brainsci11060734,Improved Transfer-Learning-Based Facial Recognition Framework to Detect Autistic Children at an Early Stage,"Autism spectrum disorder (ASD) is a complex neuro-developmental disorder that affects social skills, language, speech and communication. Early detection of ASD individuals, especially children, could help to devise and strategize right therapeutic plan at right time. Human faces encode important markers that can be used to identify ASD by analyzing facial features, eye contact, and so on. In this work, an improved transfer-learning-based autism face recognition framework is proposed to identify kids with ASD in the early stages more precisely. Therefore, we have collected face images of children with ASD from the Kaggle data repository, and various machine learning and deep learning classifiers and other transfer-learning-based pre-trained models were applied. We observed that our improved MobileNet-V1 model demonstrates the best accuracy of 90.67% and the lowest 9.33% value of both fall",2021,Brain Sciences,Tania Akter; Mohammad Hanif Ali; Md. Imran Khan; Md. Shahriare Satu; Md. Jamal Uddin; Salem A. Alyami; S. Syed Ali; AKM Azad; Mohammad Ali Moni,10.3390/brainsci11060734,,https://doi.org/10.3390/brainsci11060734,openalex,energy based model robot learning,concept,ebm,,138,,2026-06-12T18:05:07Z,15.367,15.367
doi:10.1017/s0140525x04000093,"The emulation theory of representation: Motor control, imagery, and perception","The emulation theory of representation is developed and explored as a framework that can revealingly synthesize a wide variety of representational functions of the brain. The framework is based on constructs from control theory (forward models) and signal processing (Kalman filters). The idea is that in addition to simply engaging with the body and environment, the brain constructs neural circuits that act as models of the body and environment. During overt sensorimotor engagement, these models are driven by efference copies in parallel with the body and environment, in order to provide expectations of the sensory feedback, and to enhance and process sensory information. These models can also be run off-line in order to produce imagery, estimate outcomes of different actions, and evaluate and develop motor plans. The framework is initially developed within the context of motor control, w",2004,Behavioral and Brain Sciences,Rick Grush,10.1017/s0140525x04000093,,https://doi.org/10.1017/s0140525x04000093,openalex,energy based model robot learning,concept,ebm,,1382,,2026-06-12T18:05:07Z,15.350,15.350
doi:10.1109/jestpe.2014.2382569,Primary-Side Power Flow Control of Wireless Power Transfer for Electric Vehicle Charging,"Various noncontacting methods of plug-in electric vehicle charging are either under development or now deployed as aftermarket options in the light-duty automotive market. Wireless power transfer (WPT) is now the accepted term for wireless charging and is used synonymously for inductive power transfer and magnetic resonance coupling. WPT technology is in its infancy; standardization is lacking, especially on interoperability, center frequency selection, magnetic fringe field suppression, and the methods employed for power flow regulation. This paper proposes a new analysis concept for power flow in WPT in which the primary provides frequency selection and the tuned secondary, with its resemblance to a power transmission network having a reactive power voltage control, is analyzed as a transmission network. Analysis is supported with experimental data taken from Oak Ridge National Laborat",2014,IEEE Journal of Emerging and Selected Topics in Power Electronics,John M. Miller; Omer C. Onar; Madhu Chinthavali,10.1109/jestpe.2014.2382569,,https://doi.org/10.1109/jestpe.2014.2382569,openalex,transformer energy based model robotics,concept,ebm_transformer,,516,energy based model robotics; latency,2026-06-12T18:05:07Z,15.350,15.350
doi:10.1177/02783649241272115,Sim-to-real transfer of adaptive control parameters for AUV stabilisation under current disturbance,"Learning-based adaptive control methods hold the potential to empower autonomous agents in mitigating the impact of process variations with minimal human intervention. However, their application to autonomous underwater vehicles (AUVs) has been constrained by two main challenges: (1) the presence of unknown dynamics in the form of sea current disturbances, which cannot be modelled or measured due to limited sensor capability, particularly on smaller low-cost AUVs, and (2) the nonlinearity of AUV tasks, where the controller response at certain operating points must be excessively conservative to meet specifications at other points. Deep Reinforcement Learning (DRL) offers a solution to these challenges by training versatile neural network policies. Nevertheless, the application of DRL algorithms to AUVs has been predominantly limited to simulated environments due to their inherent high sa",2025,The International Journal of Robotics Research,Thomas Chaffre; Jonathan Wheare; Andrew Lammas; Paulo Santos; Gilles Le Chenadec; Karl Sammut; Benoit Clement,10.1177/02783649241272115,,https://doi.org/10.1177/02783649241272115,crossref,robotics,concept,crossref_bulk_robotics,,15,sim to real transfer; distribution shift,2026-06-12T19:29:26Z,15.336,16.336
doi:10.3389/fnins.2022.1000716,Emotion recognition based on multi-modal physiological signals and transfer learning,"In emotion recognition based on physiological signals, collecting enough labeled data of a single subject for training is time-consuming and expensive. The physiological signals' individual differences and the inherent noise will significantly affect emotion recognition accuracy. To overcome the difference in subject physiological signals, we propose a joint probability domain adaptation with the bi-projection matrix algorithm (JPDA-BPM). The bi-projection matrix method fully considers the source and target domain's different feature distributions. It can better project the source and target domains into the feature space, thereby increasing the algorithm's performance. We propose a substructure-based joint probability domain adaptation algorithm (SSJPDA) to overcome physiological signals' noise effect. This method can avoid the shortcomings that the domain level matching is too rough an",2022,Frontiers in Neuroscience,Zhongzheng Fu; Boning Zhang; Xinrun He; Yixuan Li; Haoyuan Wang; Jian Huang,10.3389/fnins.2022.1000716,,https://doi.org/10.3389/fnins.2022.1000716,openalex,energy based model robot learning,concept,ebm,,47,,2026-06-12T18:05:07Z,15.336,15.336
doi:10.1109/tcyb.2018.2838573,Adaptive Fuzzy Control for Coordinated Multiple Robots With Constraint Using Impedance Learning,"In this paper, we investigate fuzzy neural network (FNN) control using impedance learning for coordinated multiple constrained robots carrying a common object in the presence of the unknown robotic dynamics and the unknown environment with which the robot comes into contact. First, an FNN learning algorithm is developed to identify the unknown plant model. Second, impedance learning is introduced to regulate the control input in order to improve the environment-robot interaction, and the robot can track the desired trajectory generated by impedance learning. Third, in light of the condition requiring the robot to move in a finite space or to move at a limited velocity in a finite space, the algorithm based on the position constraint and the velocity constraint are proposed, respectively. To guarantee the position constraint and the velocity constraint, an integral barrier Lyapunov functi",2019,IEEE Transactions on Cybernetics,Linghuan Kong; Wei He; Chenguang Yang; Zhijun Li; Changyin Sun,10.1109/tcyb.2018.2838573,,https://doi.org/10.1109/tcyb.2018.2838573,openalex,robotics,concept,openalex_bulk_robotics,,285,,2026-06-12T18:57:17Z,15.328,15.328
doi:10.1016/j.enbuild.2024.114135,Application of transfer learning to overcome data imbalance and extrapolation for model predictive control: A real-life case,,2024,Energy and Buildings,Seongkwon Cho; Seonjung Ra; Seohee Choi; Cheol Soo Park,10.1016/j.enbuild.2024.114135,,https://doi.org/10.1016/j.enbuild.2024.114135,crossref,model predictive control robot learning,anti_myopia,control,,13,model predictive control,2026-06-12T15:07:36Z,15.320,19.320
doi:10.1109/tnsre.2023.3299350,Shared Three-Dimensional Robotic Arm Control Based on Asynchronous BCI and Computer Vision,"OBJECTIVE: A brain-computer interface (BCI) can be used to translate neuronal activity into commands to control external devices. However, using noninvasive BCI to control a robotic arm for movements in three-dimensional (3D) environments and accomplish complicated daily tasks, such as grasping and drinking, remains a challenge. APPROACH: In this study, a shared robotic arm control system based on hybrid asynchronous BCI and computer vision was presented. The BCI model, which combines steady-state visual evoked potentials (SSVEPs) and blink-related electrooculography (EOG) signals, allows users to freely choose from fifteen commands in an asynchronous mode corresponding to robot actions in a 3D workspace and reach targets with a wide movement range, while computer vision can identify objects and assist a robotic arm in completing more precise tasks, such as grasping a target automaticall",2023,IEEE Transactions on Neural Systems and Rehabilitation Engineering,Yajun Zhou; Tianyou Yu; Wei Gao; Weichen Huang; Zilin Lu; Qiyun Huang; Yuanqing Li,10.1109/tnsre.2023.3299350,,https://doi.org/10.1109/tnsre.2023.3299350,openalex,energy based model robot learning,concept,ebm,,55,,2026-06-12T18:05:07Z,15.313,15.313
doi:10.1177/02783649241273565,Transfer learning in robotics: An upcoming breakthrough? A review of promises and challenges,"Transfer learning is a conceptually-enticing paradigm in pursuit of truly intelligent embodied agents. The core concept—reusing prior knowledge to learn in and from novel situations—is successfully leveraged by humans to handle novel situations. In recent years, transfer learning has received renewed interest from the community from different perspectives, including imitation learning, domain adaptation, and transfer of experience from simulation to the real world, among others. In this paper, we unify the concept of transfer learning in robotics and provide the first taxonomy of its kind considering the key concepts of robot, task, and environment. Through a review of the promises and challenges in the field, we identify the need of transferring at different abstraction levels, the need of quantifying the transfer gap and the quality of transfer, as well as the dangers of negative trans",2024,The International Journal of Robotics Research,Noémie Jaquier; Michael C. Welle; Andrej Gams; Kunpeng Yao; Bernardo Fichera; Aude Billard; Aleš Ude; Tamim Asfour; Danica Kragic,10.1177/02783649241273565,,https://doi.org/10.1177/02783649241273565,openalex,robotics,concept,openalex_bulk_robotics,,36,embodied agent; imitation learning,2026-06-12T18:57:17Z,15.305,17.305
doi:10.1145/3527660,DiffCloth: Differentiable Cloth Simulation with Dry Frictional Contact,"Cloth simulation has wide applications in computer animation, garment design, and robot-assisted dressing. This work presents a differentiable cloth simulator whose additional gradient information facilitates cloth-related applications. Our differentiable simulator extends a state-of-the-art cloth simulator based on Projective Dynamics (PD) and with dry frictional contact [Ly et al. 2020 ]. We draw inspiration from previous work [Du et al. 2021 ] to propose a fast and novel method for deriving gradients in PD-based cloth simulation with dry frictional contact. Furthermore, we conduct a comprehensive analysis and evaluation of the usefulness of gradients in contact-rich cloth simulation. Finally, we demonstrate the efficacy of our simulator in a number of downstream applications, including system identification, trajectory optimization for assisted dressing, closed-loop control, inverse d",2022,ACM Transactions on Graphics,Yifei Li; Tao Du; Kui Wu; Jie Xu; Wojciech Matusik,10.1145/3527660,,https://doi.org/10.1145/3527660,openalex,energy based policy robotics,concept,ebm,,80,system identification,2026-06-12T18:43:24Z,15.297,16.297
doi:10.1089/soro.2020.0051,Parasitic Capacitance-Free Flexible Tactile Sensor with a Real-Contact Trigger,"In this study, a parasitic capacitance-free tactile sensor with a floating electrode that is capable of identifying actual physical contact pressure by distinguishing from parasitic effects and applicable to sensor arrays is presented. Although capacitive pressure sensors are known for their excellent pressure sensing capabilities in wide range with high sensitivity, they tend to suffer from a parasitic capacitance noise and unwanted proximity effects. Electromagnetic interference shielding was conventionally used to prevent this noise; however, it was not entirely successful in multicell array sensors. Parasitic capacitance-free method involves the use of a floating electrode, which functions as a contact trigger by causing sudden changes in capacitance only when the actual physical contact pressure has been applied or removed. The proposed method is robust, consistent, and precise. Exp",2022,Soft Robotics,Seonggi Kim; Youngdo Jung; Sunjong Oh; Hyungpil Moon; Hyuneui Lim,10.1089/soro.2020.0051,,https://doi.org/10.1089/soro.2020.0051,crossref,tactile language action robotics,concept,tactile,,23,hysteresis,2026-06-12T14:45:03Z,15.289,15.289
doi:10.15607/rss.2025.xxi.052,Reactive Diffusion Policy: Slow-Fast Visual-Tactile Policy Learning for Contact-Rich Manipulation,,2025,Robotics: Science and Systems XXI,Han Xue; Jieji Ren; Wendi Chen; Gu Zhang; Fang Yuan; Guoying Gu; Huazhe Xu; Cewu Lu,10.15607/rss.2025.xxi.052,,https://doi.org/10.15607/rss.2025.xxi.052,crossref,contact rich manipulation learning,concept,contact,,28,diffusion policy; contact rich manipulation,2026-06-12T14:45:03Z,15.284,15.284
doi:10.1002/aisy.202100047,Interactive Force Control Based on Multimodal Robot Skin for Physical Human−Robot Collaboration,"This work proposes and realizes a control architecture that can support the deployment of a large‐scale robot skin in a Human‐Robot Collaboration scenario. It is shown, how whole‐body tactile feedback can extend the capabilities of robots during dynamic interactions by providing information about multiple contacts across the robot's surface. Specifically, an uncalibrated skin system is used to implement stable force control while simultaneously handling the multi‐contact interactions of a user. The system formulates control tasks for force control, tactile guidance, collision avoidance, and compliance, and fuses them with a multi‐priority redundancy resolution strategy. The approach is evaluated on an omnidirectional mobile‐manipulator with dual arms covered with robot skin. Results are assessed under dynamic conditions, showing that multi‐modal tactile information enables robust force c",2022,Advanced Intelligent Systems,Simon Armleder; Emmanuel Dean-Leon; Florian Bergner; Gordon Cheng,10.1002/aisy.202100047,,https://doi.org/10.1002/aisy.202100047,crossref,hybrid systems robot control manipulation,anti_myopia,control,,25,force control; hybrid systems; deployment,2026-06-12T15:07:36Z,15.279,19.279
doi:10.47852/bonviewswt52025770,Flexible Tactile Sensors for Enhancing Robotic Perception,"As robotic technology advances towards autonomy and intelligence, tactile sensing systems have become a key technology for overcoming the bottleneck of environmental interaction. Unlike visual perception, which captures macroscopic information, tactile sensing provides precise mechanical feedback for robotic manipulation by real-time analysis of microscopic physical parameters such as contact force, material properties, and surface morphology. This is particularly important in application scenarios that require high precision in force control, such as minimally invasive surgery and precision assembly, where the sensitivity, multimodal perception capabilities, and environmental adaptability of tactile sensors directly determine the operational performance of the robotic system. However, traditional tactile sensors are limited by rigid structures, limited sensitivity, and a single percepti",2025,Smart Wearable Technology,Huiwen Ren; Wangyang Li; Yanan Ding; Yuming Feng; Hexin Li; Jianyang Li; Jia Zhang; Haiying Xiao; Jialu Li; Shuai Wang; Cong Huang; Li Jiang; PingAn Hu,10.47852/bonviewswt52025770,,https://doi.org/10.47852/bonviewswt52025770,openalex,energy based model robot learning,concept,ebm,,22,force control,2026-06-12T18:26:24Z,15.268,15.268
doi:10.3390/machines11080778,Transfer Learning Based Fault Detection for Suspension System Using Vibrational Analysis and Radar Plots,"The suspension system is of paramount importance in any automobile. Thanks to the suspension system, every journey benefits from pleasant rides, stable driving and precise handling. However, the suspension system is prone to faults that can significantly impact the driving quality of the vehicle. This makes it essential to find and diagnose any faults in the suspension system and rectify them immediately. Numerous techniques have been used to identify and diagnose suspension faults, each with drawbacks. This paper’s proposed suspension fault detection system aims to detect these faults using deep transfer learning techniques instead of the time-consuming and expensive conventional methods. This paper used pre-trained networks such as Alex Net, ResNet-50, Google Net and VGG16 to identify the faults using radar plots of the vibration signals generated by the suspension system in eight case",2023,Machines,Samavedam Aditya Sai; Sridharan Naveen Venkatesh; Seshathiri Dhanasekaran; Parameshwaran Arun Balaji; V. Sugumaran; Natrayan Lakshmaiya; Prabhu Paramasivam,10.3390/machines11080778,,https://doi.org/10.3390/machines11080778,openalex,energy based model robot learning,concept,ebm,,50,,2026-06-12T18:05:07Z,15.266,15.266
doi:10.1109/tnnls.2018.2869375,Adaptive Neural Network Tracking Control for Robotic Manipulators With Dead Zone,"In this paper, the adaptive neural network (NN) tracking control problem is addressed for robot manipulators subject to dead-zone input. The control objective is to design an adaptive NN controller to guarantee the stability of the systems and obtain good performance. Different from the existing results, which used NN to approximate the nonlinearities directly, NNs are employed to identify the originally designed virtual control signals with unknown nonlinear items in this paper. Moreover, a sequence of virtual control signals and real controller are designed. The adaptive backstepping control method and Lyapunov stability theory are used to prove the proposed controller can ensure all the signals in the systems are semiglobally uniformly ultimately bounded, and the output of the systems can track the reference signal closely. Finally, the proposed adaptive control strategy is applied to",2018,IEEE Transactions on Neural Networks and Learning Systems,Qi Zhou; Shiyi Zhao; Hongyi Li; Renquan Lu; Chengwei Wu,10.1109/tnnls.2018.2869375,,https://doi.org/10.1109/tnnls.2018.2869375,openalex,robotics,concept,openalex_bulk_robotics,,374,,2026-06-12T18:57:17Z,15.263,15.263
doi:10.1115/dscc2018-8945,Contact and Tracking Hybrid Control With Impulse-Momentum Sliding Surface and Terminal Sliding Mode,"The control system proposed in the paper is motivated by robotic testing of prosthetic legs, where a test robot is used to emulate the mechanics of walking. Previously, robust trajectory tracking of walking profiles was used on the test robot’s hip axes, both for swing and stance phases. For the stance phase, a tracking controller does not reproduce the dynamics of weight transfer and release during the swing-stance transitions of human walking. To address this problem, a novel contact mode controller is proposed which allows the test robot to emulate weight transfer and momentum exchange in the stance phase. The swing phase controller is still designed for tracking, but introduces a fast terminal sliding mode controller for rapid convergence to reference swing trajectories with small chattering. This paper introduces the concept of an impulse-momentum sliding surface and develops the co",2018,"Volume 1: Advances in Control Design Methods; Advances in Nonlinear Control; Advances in Robotics; Assistive and Rehabilitation Robotics; Automotive Dynamics and Emerging Powertrain Technologies; Automotive Systems; Bio Engineering Applications; Bio-Mechatronics and Physical Human Robot Interaction; Biomedical and Neural Systems; Biomedical and Neural Systems Modeling, Diagnostics, and Healthcare",Hanz Richter; Saleh Mobayen; Dan Simon,10.1115/dscc2018-8945,,https://doi.org/10.1115/dscc2018-8945,crossref,contact dynamics robot learning,concept,contact,,,contact dynamics,2026-06-12T15:07:36Z,15.250,15.250
doi:10.3390/sym16091180,Transfer Learning-Based Steering Angle Prediction and Control with Fuzzy Signatures-Enhanced Fuzzy Systems for Autonomous Vehicles,"This research introduces an innovative approach for End-to-End steering angle prediction and its control in electric power steering (EPS) systems. The methodology integrates transfer learning-based computer vision techniques for prediction and control with fuzzy signatures-enhanced fuzzy systems. Fuzzy signatures are unique multidimensional data structures that represent data symbolically. This enhancement enables the fuzzy systems to effectively manage the inherent imprecision and uncertainty in various driving scenarios. The ultimate goal of this work is to assess the efficiency and performance of this combined approach by highlighting the pivotal role of steering angle prediction and control in the field of autonomous driving systems. Specifically, within EPS systems, the control of the motor directly influences the vehicle’s path and maneuverability. A significant breakthrough of thi",2024,Symmetry,Ahmet Mehmet Karadeniz; Áron Ballagi; László T. Kóczy,10.3390/sym16091180,,https://doi.org/10.3390/sym16091180,openalex,energy based model robot learning,concept,ebm,,8,,2026-06-12T18:26:24Z,15.249,16.249
doi:10.3390/robotics14120180,Sim2Real Transfer of Imitation Learning of Motion Control for Car-like Mobile Robots Using Digital Twin Testbed,"Reliable transfer of control policies from simulation to real-world robotic systems remains a central challenge in robotics, particularly for car-like mobile robots. Digital Twin (DT) technology provides a robust framework for high-fidelity replication of physical platforms and bi-directional synchronization between virtual and real environments. In this study, a DT-based testbed is developed to train and evaluate an imitation learning (IL) control framework in which a neural network policy learns to replicate the behavior of a hybrid Model Predictive Control (MPC)–Backstepping expert controller. The DT framework ensures consistent benchmarking between simulated and physical execution, supporting a structured and safe process for policy validation and deployment. Experimental analysis demonstrates that the learned policy effectively reproduces expert behavior, achieving bounded trajector",2025,Robotics,Narges Mohaghegh; Hai Wang; Amirmehdi Yazdani,10.3390/robotics14120180,,https://doi.org/10.3390/robotics14120180,crossref,task and motion planning robotics,anti_myopia,classic,,1,model predictive control; motion planning; task and motion planning; imitation learning; benchmark; deployment,2026-06-12T15:07:36Z,15.247,23.247
doi:10.3390/s21175882,Human–Machine Interface: Multiclass Classification by Machine Learning on 1D EOG Signals for the Control of an Omnidirectional Robot,"People with severe disabilities require assistance to perform their routine activities; a Human-Machine Interface (HMI) will allow them to activate devices that respond according to their needs. In this work, an HMI based on electrooculography (EOG) is presented, the instrumentation is placed on portable glasses that have the task of acquiring both horizontal and vertical EOG signals. The registration of each eye movement is identified by a class and categorized using the one hot encoding technique to test precision and sensitivity of different machine learning classification algorithms capable of identifying new data from the eye registration; the algorithm allows to discriminate blinks in order not to disturb the acquisition of the eyeball position commands. The implementation of the classifier consists of the control of a three-wheeled omnidirectional robot to validate the response of",2021,Sensors,Francisco David Pérez-Reynoso; Liliam Rodríguez‐Guerrero; Julio C. Salgado-Ramírez; R. Ortega-Palacios,10.3390/s21175882,,https://doi.org/10.3390/s21175882,openalex,energy based model robot learning,concept,ebm,,28,,2026-06-12T18:05:07Z,15.234,15.234
doi:10.1108/ir-09-2019-0191,Smooth adaptive hybrid impedance control for robotic contact force tracking in dynamic environments,"Purpose The purpose of this paper is to take transient contact force response, overshoots and steady-state force tracking error problems into account to form an excellent force controller. Design/methodology/approach The basic impedance function with a pre-PID tuner is designed to improve the force response. A dynamic adaptive adjustment function that combines the advantages of hybrid impedance and adaptive hybrid impedance control is presented to achieve both force overshoots suppressing and tracking ability. Findings The introduced pre-PID tuner impedance function can achieve more than the pure impedance function in aspects of converging to the desired value and reducing the force overshoots. The performance of force overshoots suppression and force tracking error are maintained by introducing the dynamic adaptive sigma adjustment function. The simulation and experimental results both ",2020,Industrial Robot: the international journal of robotics research and application,Hongli Cao; Ye He; Xiaoan Chen; Xue Zhao,10.1108/ir-09-2019-0191,,https://doi.org/10.1108/ir-09-2019-0191,crossref,EBM transformer robotics industrial robot,concept,architecture_x_embodiment,,46,EBM transformer robotics; industrial robot; force control; impedance control,2026-06-12T15:07:36Z,15.225,15.225
doi:10.1016/j.ijmecsci.2022.107449,Contact force plan and control of robotic grinding towards ensuring contour accuracy of curved surfaces,,2022,International Journal of Mechanical Sciences,Dingwei Li; Jixiang Yang; Huan Zhao; Han Ding,10.1016/j.ijmecsci.2022.107449,,https://doi.org/10.1016/j.ijmecsci.2022.107449,openalex,robotics,concept,openalex_bulk_robotics,,76,,2026-06-12T18:57:17Z,15.222,15.222
doi:10.1016/j.nahs.2022.101327,Time and switching signal scheduled bumpless transfer control for switched systems with application to aero-engines,,2023,Nonlinear Analysis: Hybrid Systems,Weizhong Chen; Yan Shi; Zhongyang Fei,10.1016/j.nahs.2022.101327,,https://doi.org/10.1016/j.nahs.2022.101327,crossref,hybrid systems robot control manipulation,anti_myopia,control,,16,hybrid systems,2026-06-12T15:07:36Z,15.217,18.217
doi:10.1109/icra.2018.8460528,Sim-to-Real Transfer of Robotic Control with Dynamics Randomization,,2018,2018 IEEE International Conference on Robotics and Automation (ICRA),Xue Bin Peng; Marcin Andrychowicz; Wojciech Zaremba; Pieter Abbeel,10.1109/icra.2018.8460528,,https://doi.org/10.1109/icra.2018.8460528,crossref,sim to real robot manipulation,concept,sim2real,,782,robot manipulation; sim to real transfer,2026-06-12T15:07:36Z,15.200,16.200
doi:10.1109/robosoft60065.2024.10522000,Safe Control for Soft-Rigid Robots with Self-Contact Using Control Barrier Functions,,2024,2024 IEEE 7th International Conference on Soft Robotics (RoboSoft),Zach J. Patterson; Wei Xiao; Emily Sologuren; Daniela Rus,10.1109/robosoft60065.2024.10522000,,https://doi.org/10.1109/robosoft60065.2024.10522000,crossref,control barrier functions robot learning,anti_myopia,control,,10,control barrier function,2026-06-12T15:07:36Z,15.199,18.199
doi:10.3390/app15169193,RBF Neural Network-Based Anti-Disturbance Trajectory Tracking Control for Wafer Transfer Robot Under Variable Payload Conditions,"Variations in the drive motor’s load inertia during wafer transfer robot arm motion critically degrade end-effector trajectory accuracy. To address this challenge, this study proposes an anti-disturbance control strategy integrating Radial Basis Function Neural Network (RBFNN) and event-triggered mechanisms. Firstly, dynamic simulations reveal that nonlinear load inertia growth increases joint reaction forces and diminishes trajectory precision. The RBFNN dynamically approximates system nonlinearities, while an adaptive law updates its weights online to compensate for load variations and external disturbances. Secondly, an event-triggered mechanism is introduced, updating the controller only when specific conditions are met, thereby reducing communication burden and actuator wear. Subsequently, Lyapunov stability analysis proves the closed-loop system is Uniformly Ultimately Bounded (UUB",2025,Applied Sciences,Bo Xu; Luyao Yuan; Hao Yu,10.3390/app15169193,,https://doi.org/10.3390/app15169193,crossref,trajectory transformer robot control,concept,transformers,,5,trajectory transformer,2026-06-12T15:07:36Z,15.196,15.196
doi:10.3390/act12040147,Negative-Stiffness Structure Vibration-Isolation Design and Impedance Control for a Lower Limb Exoskeleton Robot,"The series elastic actuator (SEA) is generally used as the torque source of the exoskeleton robot for human–robot interaction (HRI). In this paper, an impedance control method for lower limb exoskeleton robots driven by SEA is presented. First, considering the low-frequency vibrations generated by the lower limb exoskeleton robot during walking, the displacement generated by the robot is regarded as an external disturbance to the SEA motor. An SEA structure with negative stiffness structure (NSS) is designed to achieve vibration isolation in the low-frequency excitation region. Second, the dynamics model of the SEA-driven exoskeleton robot system is proposed, and the impedance control strategy is integrated into the proposed system. In addition, the numerical responses of the vibration-isolation system in both time and frequency domains are given, and the designed NSS is designed to achi",2023,Actuators,Yaohui Sun; Jiangping Hu; Rui Huang,10.3390/act12040147,,https://doi.org/10.3390/act12040147,openalex,energy based policy robotics,concept,ebm,,11,impedance control; human robot interaction,2026-06-12T18:05:07Z,15.192,16.192
doi:10.1063/5.0147190,Policy transfer of reinforcement learning-based flow control: From two- to three-dimensional environment,"In the current paper, the zero-mass synthetic jet flow control combined with a proximal policy optimization (PPO) algorithm in deep reinforcement learning is constructed, and a policy transfer strategy which is trained in two-dimensional (2D) environment and migrated to three-dimensional (3D) environment is proposed and analyzed. By policy, we mean the flow control strategy of the agent learned by interacting with environment through deep reinforcement learning (DRL) algorithm. Through comprehensive evaluations of vortex separation in the cylindrical boundary layer and wake region at different Reynolds (Re) numbers, the PPO model trained in the 2D environment can reduce the drag coefficient by approximately 6.3%, 18.6%, and 23.7% at Re = 100, 200, and 300, respectively, when the spanwise length of the 3D environment is equal to the cylinder's diameter. Moreover, when the spanwise length ",2023,Physics of Fluids,,10.1063/5.0147190,,https://doi.org/10.1063/5.0147190,crossref,flow matching policy,concept,architecture,,12,flow matching policy,2026-06-12T15:07:36Z,15.182,16.182
doi:10.3390/s22239102,Applying Self-Supervised Representation Learning for Emotion Recognition Using Physiological Signals,"The use of machine learning (ML) techniques in affective computing applications focuses on improving the user experience in emotion recognition. The collection of input data (e.g., physiological signals), together with expert annotations are part of the established standard supervised learning methodology used to train human emotion recognition models. However, these models generally require large amounts of labeled data, which is expensive and impractical in the healthcare context, in which data annotation requires even more expert knowledge. To address this problem, this paper explores the use of the self-supervised learning (SSL) paradigm in the development of emotion recognition methods. This approach makes it possible to learn representations directly from unlabeled signals and subsequently use them to classify affective states. This paper presents the key concepts of emotions and h",2022,Sensors,Kevin G. Montero Quispe; Daniel M. S. Utyiama; Eulanda M. dos Santos; Horácio A.B.F. Oliveira; Eduardo Souto,10.3390/s22239102,,https://doi.org/10.3390/s22239102,openalex,energy based model robot learning,concept,ebm,,34,self supervised learning; data efficiency,2026-06-12T18:26:24Z,15.178,15.178
doi:10.1016/j.robot.2018.01.009,Adaptive variable impedance control for dynamic contact force tracking in uncertain environment,,2018,Robotics and Autonomous Systems,Jinjun Duan; Yahui Gan; Ming Chen; Xianzhong Dai,10.1016/j.robot.2018.01.009,,https://doi.org/10.1016/j.robot.2018.01.009,crossref,EBM transformer robotics contact rich manipulation,concept,architecture_x_embodiment,,383,EBM transformer robotics; contact rich manipulation; impedance control,2026-06-12T15:07:36Z,15.175,15.175
doi:10.1109/lra.2025.3621965,Contact-Aware Safety in Soft Robots Using High-Order Control Barrier and Lyapunov Functions,,2025,IEEE Robotics and Automation Letters,Kiwan Wong; Maximilian Stölzle; Wei Xiao; Cosimo Della Santina; Daniela Rus; Gioele Zardini,10.1109/lra.2025.3621965,,https://doi.org/10.1109/lra.2025.3621965,crossref,control barrier functions robot learning,anti_myopia,control,,6,control barrier function,2026-06-12T15:07:36Z,15.173,18.173
doi:10.1109/lra.2025.3609669,Safe Autonomous Environmental Contact for Soft Robots Using Control Barrier Functions,,2025,IEEE Robotics and Automation Letters,Akua K. Dickson; Juan C. Pacheco Garcia; Meredith L. Anderson; Ran Jing; Sarah Alizadeh-Shabdiz; Audrey X. Wang; Charles DeLorey; Zach J. Patterson; Andrew P. Sabelhaus,10.1109/lra.2025.3609669,,https://doi.org/10.1109/lra.2025.3609669,crossref,control barrier functions robot learning,anti_myopia,control,,6,control barrier function,2026-06-12T15:07:36Z,15.173,18.173
doi:10.3389/frobt.2024.1344367,Safe contact-based robot active search using Bayesian optimization and control barrier functions,"In robotics, active exploration and learning in uncertain environments must take into account safety, as the robot may otherwise damage itself or its surroundings. This paper presents a method for safe active search using Bayesian optimization and control barrier functions. As robot paths undertaken during sampling are continuous, we consider an informative continuous expected improvement acquisition function. To safely bound the contact forces between the robot and its surroundings, we leverage exponential control barrier functions, utilizing the derivative of the force in the contact model to increase robustness to uncertainty in the contact boundary. Our approach is demonstrated on a fully autonomous robot for ultrasound scanning of rheumatoid arthritis (RA). Here, active search is a critical component of ensuring high image quality. Furthermore, bounded contact forces between the ult",2024,Frontiers in Robotics and AI,Frederik Vinter-Hviid; Christoffer Sloth; Thiusius Rajeeth Savarimuthu; Iñigo Iturrate,10.3389/frobt.2024.1344367,,https://doi.org/10.3389/frobt.2024.1344367,crossref,contact dynamics robot learning,concept,contact,,7,contact dynamics; control barrier function; robustness,2026-06-12T14:45:03Z,15.140,17.140
doi:10.1108/ria-01-2023-0002,A novel human-robot skill transfer method for contact-rich manipulation task,"Purpose The purpose of this paper is to enhance the robot’s ability to complete multi-step contact tasks in unknown or dynamic environments, as well as the generalization ability of the same task in different environments. Design/methodology/approach This paper proposes a framework that combines learning from demonstration (LfD), behavior tree (BT) and broad learning system (BLS). First, the original dynamic motion primitive is modified to have a better generalization ability for representing motion primitives. Then, a BT based on tasks is constructed, which will select appropriate motion primitives according to the environment state and robot ontology state, and then the BLS will generate specific parameters of the motion primitives based on the state. The weights of the BLS can also be optimized after each successful execution. Findings The authors carried out the tasks of cleaning the",2023,Robotic Intelligence and Automation,Jiale Dong; Weiyong Si; Chenguang Yang,10.1108/ria-01-2023-0002,,https://doi.org/10.1108/ria-01-2023-0002,crossref,contact rich manipulation learning,concept,contact,,22,contact rich manipulation; generalization,2026-06-12T14:45:03Z,15.118,16.118
doi:10.1002/rob.22464,Robust Shared Control With Stable Contact Servoing for Enhanced Object Transportation by Telerobotic Bimanual Mobile Manipulators,"ABSTRACT Bimanual mobile manipulation significantly enhances the capabilities of field robots that interact with diverse dynamic environments and expands the range of possible manipulation actions. This paper introduces a robust shared control architecture for remote manipulation of the Collaborative Dual‐arm Robot Manipulator (CURI), aimed at stable object transportation. Given that stable contact is pivotal for successful object transportation, our focus is on stabilizing the contact between the robot end‐effectors and the object using a contact servoing strategy. To maintain stable contact, it is essential that the contact wrenches consistently stay within the predefined friction cones throughout the task. We propose a novel shared control strategy to stabilize the contact using the contact parameterization model. This model formulates the contact stability manifold using a set of unc",2025,Journal of Field Robotics,Tao Teng; Xi Wu; Zhihao Li; Darwin Caldwell; Fei Chen,10.1002/rob.22464,,https://doi.org/10.1002/rob.22464,crossref,neural radiance field robotics,concept,architecture,,4,neural radiance field robotics; mobile manipulation; robustness,2026-06-12T15:07:36Z,15.105,16.105
doi:10.1109/humanoids.2011.6100882,Posture and balance control for biped robots based on contact force optimization,"This paper presents a new balancing control approach for regulating the center of mass position and trunk orientation of a bipedal robot in a compliant way. The controller computes a desired wrench (force and torque) required to recover the posture when an unknown external perturbation has changed the posture of the robot. This wrench is later distributed as forces at predefined contact points via a constrained optimization, which aims at achieving the desired wrench while minimizing the Euclidean norm of the contact forces. The formulation of the force distribution as an optimization problem adopted from the grasping literature and allows to consider restrictions coming from the friction between the contact points and the ground.",2011,,Christian Ott; Máximo A. Roa; Gerd Hirzinger,10.1109/humanoids.2011.6100882,,https://doi.org/10.1109/humanoids.2011.6100882,openalex,robotics,concept,openalex_bulk_robotics,,245,,2026-06-12T18:57:17Z,15.103,15.103
arxiv:2511.03002v2,Robust reduced-order model predictive control using peak-to-peak analysis of filtered signals,"We address the design of a model predictive control (MPC) scheme for large-scale linear systems using reduced-order models (ROMs). Our approach uses a ROM, leverages tools from robust control, and integrates them into an MPC framework to achieve computational tractability with robust constraint satisfaction. Our key contribution is a method to obtain guaranteed bounds on the predicted outputs of the full-order system by predicting a (scalar) error-bounding system alongside the ROM. This bound is then used to formulate a robust ROM-based MPC that guarantees constraint satisfaction and robust performance. Our method is developed step-by-step by (i) analysing the error, (ii) bounding the peak-to-peak gain, an (iii) using filtered signals. We demonstrate our method on a 100-dimensional mass-spring-damper system, achieving over four orders of magnitude reduction in conservatism relative to ex",2025,arXiv,Johannes Köhler; Carlo Scholz; Melanie Zeilinger,,2511.03002v2,http://arxiv.org/abs/2511.03002v2,arxiv,model predictive control manipulation,anti_myopia,anti_thesis,,,model predictive control; model predictive control manipulation,2026-06-12T15:07:36Z,15.100,19.100
arxiv:1812.03399v1,Efficient transfer learning and online adaptation with latent variable models for continuous control,"Traditional model-based RL relies on hand-specified or learned models of transition dynamics of the environment. These methods are sample efficient and facilitate learning in the real world but fail to generalize to subtle variations in the underlying dynamics, e.g., due to differences in mass, friction, or actuators across robotic agents or across time. We propose using variational inference to learn an explicit latent representation of unknown environment properties that accelerates learning and facilitates generalization on novel environments at test time. We use Online Bayesian Inference of these learned latents to rapidly adapt online to changes in environments without retaining large replay buffers of recent data. Combined with a neural network ensemble that models dynamics and captures uncertainty over dynamics, our approach demonstrates positive transfer during training and onlin",2018,arXiv,Christian F. Perez; Felipe Petroski Such; Theofanis Karaletsos,,1812.03399v1,http://arxiv.org/abs/1812.03399v1,arxiv,online adaptation robot learning,concept,adaptation,,,online adaptation; generalization,2026-06-12T14:45:03Z,15.100,18.100
doi:10.1115/dscc2020-3210,An Online Transfer Learning Approach for Identification and Predictive Control Design With Application to RCCI Engines,"Abstract This paper presents a framework to refine identified artificial neural networks (ANN) based state-space linear parameter-varying (LPV-SS) models with closed-loop data using online transfer learning. An LPV-SS model is assumed to be first identified offline using inputs/outputs data and a model predictive controller (MPC) designed based on this model. Using collected closed-loop batch data, the model is further refined using online transfer learning and thus the control performance is improved. Specifically, fine-tuning, a transfer learning technique, is employed to improve the model. Furthermore, the scenario where the offline identified model and the online controlled system are “similar but not identitical” is discussed. The proposed method is verified by testing on an experimentally validated high-fidelity reactivity controlled compression ignition (RCCI) engine model. The ve",2020,Volume 1: Adaptive/Intelligent Sys. Control; Driver Assistance/Autonomous Tech.; Control Design Methods; Nonlinear Control; Robotics; Assistive/Rehabilitation Devices; Biomedical/Neural Systems; Building Energy Systems; Connected Vehicle Systems; Control/Estimation of Energy Systems; Control Apps.; Smart Buildings/Microgrids; Education; Human-Robot Systems; Soft Mechatronics/Robotic Components/Systems; Energy/Power Systems; Energy Storage; Estimation/Identification; Vehicle Efficiency/Emissions,Yajie Bao; Javad Mohammadpour Velni; Mahdi Shahbakhti,10.1115/dscc2020-3210,,https://doi.org/10.1115/dscc2020-3210,crossref,hybrid systems robot control manipulation,anti_myopia,control,,10,model predictive control; hybrid systems,2026-06-12T15:07:36Z,15.099,19.099
doi:10.1109/tmech.2024.3461968,Unified Contact Model and Hybrid Motion/force Control for Teleoperated Manipulation in Unknown Environments,,2025,IEEE/ASME Transactions on Mechatronics,Fanghao Huang; Xiao Yang; Deqing Mei; Zheng Chen,10.1109/tmech.2024.3461968,,https://doi.org/10.1109/tmech.2024.3461968,crossref,contact rich manipulation learning,concept,contact,,19,contact rich manipulation; force control,2026-06-12T15:07:36Z,15.098,15.098
doi:10.1177/02783649231225811,Pose-and-shear-based tactile servoing,"Tactile servoing is an important technique because it enables robots to manipulate objects with precision and accuracy while adapting to changes in their environments in real-time. One approach for tactile servo control with high-resolution soft tactile sensors is to estimate the contact pose relative to an object surface using a convolutional neural network (CNN) for use as a feedback signal. In this paper, we investigate how the surface pose estimation model can be extended to include shear, and utilise these combined pose-and-shear models to develop a tactile robotic system that can be programmed for diverse non-prehensile manipulation tasks, such as object tracking, surface-following, single-arm object pushing and dual-arm object pushing. In doing this, two technical challenges had to be overcome. Firstly, the use of tactile data that includes shear-induced slippage can lead to error",2024,The International Journal of Robotics Research,John Lloyd; Nathan F. Lepora,10.1177/02783649231225811,,https://doi.org/10.1177/02783649231225811,crossref,tactile language action robotics,concept,tactile,,25,robot hand,2026-06-12T14:45:03Z,15.079,15.079
doi:10.1109/lra.2020.3010739,Learning Force Control for Contact-Rich Manipulation Tasks With Rigid Position-Controlled Robots,,2020,IEEE Robotics and Automation Letters,Cristian Camilo Beltran-Hernandez; Damien Petit; Ixchel Georgina Ramirez-Alpizar; Takayuki Nishi; Shinichi Kikuchi; Takamitsu Matsubara; Kensuke Harada,10.1109/lra.2020.3010739,,https://doi.org/10.1109/lra.2020.3010739,crossref,contact rich manipulation learning,concept,contact,,139,contact rich manipulation; force control,2026-06-12T14:45:03Z,15.071,15.071
doi:10.1016/j.enbuild.2021.110860,Reinforcement learning of occupant behavior model for cross-building transfer learning to various HVAC control systems,,2021,Energy and Buildings,Zhipeng Deng; Qingyan Chen,10.1016/j.enbuild.2021.110860,,https://doi.org/10.1016/j.enbuild.2021.110860,crossref,energy based model robot learning,concept,ebm,,92,,2026-06-12T15:07:36Z,15.066,15.066
doi:10.1038/s41598-023-34540-x,A Deep Q-Network based hand gesture recognition system for control of robotic platforms,"Hand gesture recognition (HGR) based on electromyography signals (EMGs) and inertial measurement unit signals (IMUs) has been investigated for human-machine applications in the last few years. The information obtained from the HGR systems has the potential to be helpful to control machines such as video games, vehicles, and even robots. Therefore, the key idea of the HGR system is to identify the moment in which a hand gesture was performed and it's class. Several human-machine state-of-the-art approaches use supervised machine learning (ML) techniques for the HGR system. However, the use of reinforcement learning (RL) approaches to build HGR systems for human-machine interfaces is still an open problem. This work presents a reinforcement learning (RL) approach to classify EMG-IMU signals obtained using a Myo Armband sensor. For this, we create an agent based on the Deep Q-learning algor",2023,Scientific Reports,Patricio J. Cruz; Juan Pablo Vásconez; Ricardo Romero; Alex Chico; Marco E. Benalcázar; Robin Álvarez; Lorena Isabel Barona López; Ángel Leonardo Valdivieso Caraguay,10.1038/s41598-023-34540-x,,https://doi.org/10.1038/s41598-023-34540-x,openalex,energy based model robot learning,concept,ebm,,33,,2026-06-12T18:05:07Z,15.063,15.063
doi:10.1109/tro.2023.3308773,Hybrid iLQR Model Predictive Control for Contact Implicit Stabilization on Legged Robots,,2023,IEEE Transactions on Robotics,Nathan J. Kong; Chuanzheng Li; George Council; Aaron M. Johnson,10.1109/tro.2023.3308773,,https://doi.org/10.1109/tro.2023.3308773,crossref,contact dynamics robot learning,concept,contact,,40,contact dynamics; model predictive control,2026-06-12T15:07:36Z,15.057,16.057
doi:10.1021/acs.iecr.3c01435,Modeling and Control of a Chemical Process Network Using Physics-Informed Transfer Learning,,2023,Industrial & Engineering Chemistry Research,Ming Xiao; Zhe Wu,10.1021/acs.iecr.3c01435,,https://doi.org/10.1021/acs.iecr.3c01435,crossref,physics informed robot learning,concept,architecture,,40,physics informed robot learning,2026-06-12T15:07:36Z,15.057,15.057
doi:10.1115/dscc2016-9920,Hysteresis Compensation for Ground Contact Force Measurement With Shoe-Embedded Air Pressure Sensors,"This paper reviews the design of smart shoes, a wearable device that measures ground contact forces (GCFs) for gait analysis. Smart shoes utilize four coils of silicone tubes adhered directly underneath the shoe insole at key points of interest. Air pressure sensors connect to each tube coil to measure pressure changes caused by compression. This paper presents static and dynamic calibration performed on each sensing coil to establish a model of internal pressure and the GCF. Based on the model, a phase lead filter is designed to account for the hysteresis effect and visco-elastic properties of the silicone tube in order to provide accurate GCF measurements. To design this filter, the air bladder is modeled using a standard linear solid (SLS) model. The prediction error minimization (PEM) algorithm is then implemented to identify the continuous-time transfer function of this SLS model, w",2016,"Volume 1: Advances in Control Design Methods, Nonlinear and Optimal Control, Robotics, and Wind Energy Systems; Aerospace Applications; Assistive and Rehabilitation Robotics; Assistive Robotics; Battery and Oil and Gas Systems; Bioengineering Applications; Biomedical and Neural Systems Modeling, Diagnostics and Healthcare; Control and Monitoring of Vibratory Systems; Diagnostics and Detection; Energy Harvesting; Estimation and Identification; Fuel Cells/Energy Storage; Intelligent Transportation",Prudhvi Tej Chinimilli; Sean Wolfgang Wachtel; Panagiotis Polygerinos; Wenlong Zhang,10.1115/dscc2016-9920,,https://doi.org/10.1115/dscc2016-9920,crossref,EBM transformer robotics assistive robot,concept,architecture_x_embodiment,,10,EBM transformer robotics; assistive robot; hysteresis,2026-06-12T15:07:36Z,15.049,16.049
doi:10.1088/1741-2552/ac5757,Corticomuscular integrated representation of voluntary motor effort in robotic control for wrist-hand rehabilitation after stroke,"Abstract Objective. The central-to-peripheral voluntary motor effort (VME) in the affected limb is a dominant force for driving the functional neuroplasticity on motor restoration post-stroke. However, current rehabilitation robots isolated the central and peripheral involvements in the control design, resulting in limited rehabilitation effectiveness. This study was to design a corticomuscular coherence (CMC) and electromyography (EMG)-driven control to integrate the central and peripheral VMEs in neuromuscular systems in stroke survivors. Approach. The CMC-EMG-driven control was developed in a neuromuscular electrical stimulation (NMES)-robot system, i.e. CMC-EMG-driven NMES-robot system, to instruct and assist the wrist-hand extension and flexion in persons after stroke. A pilot single-group trial of 20 training sessions was conducted with the developed system to assess the feasibilit",2022,Journal of Neural Engineering,Ziqi Guo; Sa Zhou; Kailai Ji; Yongqi Zhuang; Jie Song; Chingyi Nam; Xiaoling Hu; Yong‐Ping Zheng,10.1088/1741-2552/ac5757,,https://doi.org/10.1088/1741-2552/ac5757,openalex,robotics,concept,openalex_bulk_robotics,,26,,2026-06-12T18:57:17Z,15.048,15.048
doi:10.1002/aisy.202400175,A Bioinspired Robotic Finger for Multimodal Tactile Sensing Powered by Fiber Optic Sensors,"The rapid advancement of soft robotic technology emphasizes the growing importance of tactile perception. Soft grippers, equipped with tactile sensing, can gather interactive information crucial for safe human–robot interaction, wearable devices, and dexterous manipulation. However, most soft grippers with tactile sensing abilities have limited modes of tactile perception, restricting their dexterity and safety. In addition, existing tactile systems are often complicated, leading to unstable perception signals. Inspired by various organisms, a novel multimodal tactile‐sensing soft robotic finger is proposed. This finger, based on a modified fin ray structure, integrates a distributed fiber optic sensing system as part of its tactile sensory neural system. It replicates human finger capabilities, discerning contact forces as low as 0.01 N with exceptional sensitivity (106.96 mN nm −1 ). T",2024,Advanced Intelligent Systems,Baijin Mao; Kunyu Zhou; Yuyaocen Xiang; Yuzhu Zhang; Qiangjing Yuan; Hongwei Hao; Yaozhen Chen; Houde Liu; Xueqian Wang; Xiaohao Wang; Juntian Qu,10.1002/aisy.202400175,,https://doi.org/10.1002/aisy.202400175,openalex,energy based model robot learning,concept,ebm,,21,dexterous manipulation; tactile perception; human robot interaction; limitation,2026-06-12T18:26:24Z,15.046,16.046
doi:10.1186/s40648-024-00273-3,Tactile sensor-less fingertip contact detection and force estimation for stable grasping with an under-actuated hand,"Abstract Detecting contact when fingers are approaching an object and estimating the magnitude of the force the fingers are exerting on the object after contact are important tasks for a multi-fingered robotic hand to stably grasp objects. However, for a linkage-based under-actuated robotic hand with a self-locking mechanism to realize stable grasping without using external sensors, such tasks are difficult to perform when only analyzing the robot model or only applying data-driven methods. Therefore, in this paper, a hybrid of previous approaches is used to find a solution for realizing stable grasping with an under-actuated hand. First, data from the internal sensors of a robotic hand are collected during its operation. Subsequently, using the robot model to analyze the collected data, the differences between the model and real data are explained. From the analysis, novel data-driven-b",2024,ROBOMECH Journal,Ha Thang Long Doan; Hikaru Arita; Kenji Tahara,10.1186/s40648-024-00273-3,,https://doi.org/10.1186/s40648-024-00273-3,crossref,analytical grasping,anti_myopia,anti_thesis,,3,dexterous manipulation; analytical grasping,2026-06-12T15:07:36Z,15.043,18.043
doi:10.1109/icra57147.2024.10610228,Multimodal Visual-Tactile Representation Learning through Self-Supervised Contrastive Pre-Training,,2024,2024 IEEE International Conference on Robotics and Automation (ICRA),Vedant Dave; Fotios Lygerakis; Elmar Rueckert,10.1109/icra57147.2024.10610228,,https://doi.org/10.1109/icra57147.2024.10610228,crossref,tactile language action robotics,concept,tactile,,25,,2026-06-12T15:07:36Z,15.029,15.029
doi:10.1109/lra.2024.3387111,BioTacTip: A Soft Biomimetic Optical Tactile Sensor for Efficient 3D Contact Localization and 3D Force Estimation,,2024,IEEE Robotics and Automation Letters,Haoran Li; Saekwang Nam; Zhenyu Lu; Chenguang Yang; Efi Psomopoulou; Nathan F. Lepora,10.1109/lra.2024.3387111,,https://doi.org/10.1109/lra.2024.3387111,crossref,tactile language action robotics,concept,tactile,,25,,2026-06-12T15:07:36Z,15.029,15.029
doi:10.1109/lra.2021.3066974,Bilateral Teleoperation With Adaptive Impedance Control for Contact Tasks,,2021,IEEE Robotics and Automation Letters,Youssef Michel; Rahaf Rahal; Claudio Pacchierotti; Paolo Robuffo Giordano; Dongheui Lee,10.1109/lra.2021.3066974,,https://doi.org/10.1109/lra.2021.3066974,crossref,contact dynamics robot learning,concept,contact,,83,contact dynamics; impedance control; teleoperation,2026-06-12T15:07:36Z,15.015,15.015
doi:10.3389/fnbot.2021.711047,Control of Newly-Designed Wearable Robotic Hand Exoskeleton Based on Surface Electromyographic Signals,"The human hand plays a role in a variety of daily activities. This intricate instrument is vulnerable to trauma or neuromuscular disorders. Wearable robotic exoskeletons are an advanced technology with the potential to remarkably promote the recovery of hand function. However, the still face persistent challenges in mechanical and functional integration, with real-time control of the multiactuators in accordance with the motion intentions of the user being a particular sticking point. In this study, we demonstrated a newly-designed wearable robotic hand exoskeleton with multijoints, more degrees of freedom (DOFs), and a larger range of motion (ROM). The exoskeleton hand comprises six linear actuators (two for the thumb and the other four for the fingers) and can realize both independent movements of each digit and coordinative movement involving multiple fingers for grasp and pinch. The ",2021,Frontiers in Neurorobotics,Ke Li; Zhengzhen Li; Haibin Zeng; Na Wei,10.3389/fnbot.2021.711047,,https://doi.org/10.3389/fnbot.2021.711047,openalex,energy based model robot learning,concept,ebm,,36,,2026-06-12T18:05:07Z,15.005,15.005
doi:10.1016/b978-0-32-390445-2.00025-8,"Key components of dexterous manipulation: tactile sensing, skill learning, and adaptive control",,2022,"Tactile Sensing, Skill Learning, and Robotic Dexterous Manipulation",Qiang Li; Shan Luo; Zhaopeng Chen; Chenguang Yang; Jianwei Zhang,10.1016/b978-0-32-390445-2.00025-8,,https://doi.org/10.1016/b978-0-32-390445-2.00025-8,crossref,contact rich manipulation learning,concept,contact,,,contact rich manipulation; dexterous manipulation; skill learning,2026-06-12T14:45:03Z,15.000,15.000
doi:10.1002/rcs.2617,"i‐MYO: A multi‐grasp prosthetic hand control system based on gaze movements, augmented reality, and myoelectric signals","Abstract Background Controlling a multi‐grasp prosthetic hand still remains a challenge. This study explores the influence of merging gaze movements and augmented reality in bionics on improving prosthetic hand control. Methods A control system based on gaze movements, augmented reality, and myoelectric signals (i‐MYO) was proposed. In the i‐MYO, the GazeButton was introduced into the controller to detect the grasp‐type intention from the eye‐tracking signals, and the proportional velocity scheme based on the i‐MYO was used to control hand movement. Results The able‐bodied subjects with no prior training successfully transferred objects in 91.6% of the cases and switched the optimal grasp types in 97.5%. The patient could successfully trigger the EMG to control the hand holding the objects in 98.7% of trials in around 3.2 s and spend around 1.3 s switching the optimal grasp types in 99.2",2024,The International Journal of Medical Robotics and Computer Assisted Surgery,Chunyuan Shi; Jingdong Zhao; Dapeng Yang; Li Jiang,10.1002/rcs.2617,,https://doi.org/10.1002/rcs.2617,crossref,robotics,concept,crossref_bulk_robotics,,5,,2026-06-12T19:29:26Z,14.996,14.996
doi:10.1016/j.mechmachtheory.2022.105199,Whole-body stability control with high contact redundancy for wheel-legged hexapod robot driving over rough terrain,,2023,Mechanism and Machine Theory,Kang Xu; Yanqun Lu; Lei Shi; Jianyong Li; Shoukun Wang; Tao Lei,10.1016/j.mechmachtheory.2022.105199,,https://doi.org/10.1016/j.mechmachtheory.2022.105199,crossref,Gaussian splatting robot perception legged manipulation,concept,architecture_x_embodiment,,35,Gaussian splatting robot perception; legged manipulation,2026-06-12T15:07:36Z,14.992,14.992
doi:10.1109/humanoids47582.2021.9555775,MPC-based Locomotion Control of Bipedal Robots with Line-Feet Contact using Centroidal Dynamics,"Recently we have seen a lot of progress done in dynamic locomotion with quadrupedal robots using the Single-Rigid Body Model, which contains simplified dynamics that considers the robot a single “potato”. This approach performs poorly when the robot contains heavy links, because those links take a considerable momentum to move and because they also change the overall inertia of the robot. In this paper, we generalize the SRBM using the Centroidal Dynamics model plus an orientation variable, whose dynamics contain the linearized effects of other links’ momentum and variable inertia. We are designing this Enhanced Centroidal Dynamics using the Full-Body Dynamics, so the trajectories we obtain are instantaneously dynamically feasible. We show our approach in a full-body dynamic simulation of the MIT Humanoid, a biped with line-feet contact, and we show a simplification in the modeling of th",2021,,Gabriel J. García; Robert J. Griffin; Jerry Pratt,10.1109/humanoids47582.2021.9555775,,https://doi.org/10.1109/humanoids47582.2021.9555775,openalex,robotics,concept,openalex_bulk_robotics,,35,,2026-06-12T18:57:17Z,14.992,14.992
doi:10.1109/lra.2022.3186635,Generalizable Task Planning Through Representation Pretraining,,2022,IEEE Robotics and Automation Letters,Chen Wang; Danfei Xu; Li Fei-Fei,10.1109/lra.2022.3186635,,https://doi.org/10.1109/lra.2022.3186635,crossref,task and motion planning robotics,anti_myopia,classic,,15,motion planning; task and motion planning,2026-06-12T15:07:36Z,14.986,18.986
doi:10.1007/s10796-023-10371-z,Transfer Learning Enabled Bearing Fault Detection Methods Based on Image Representations of Single-Dimensional Signals,"Abstract Bearings are vital components in rotating machinery. Undetected bearing faults may result not only in financial loss, but also in the loss of lives. Hence, there exists an abundance of studies working on the early detection of bearing faults. The rising use of deep learning in recent years increased the number of imaging types/neural network architectures used for bearing fault classification, making it challenging to choose the most suitable 2-D imaging method and neural network. This study aims to address this challenge, by sharing the results of the training of eighteen imaging methods with four different networks using the same vibration data and training metrics. To further strengthen the results, the validation dataset size was taken as five times the training dataset size. The best results obtained is 99.89% accuracy by using Scattergram Filter Bank 1 as the image input, ",2023,Information Systems Frontiers,Bilgin Umut Deveci; Mert Celtikoglu; Özlem Albayrak; Perin Ünal; Pınar Kirci,10.1007/s10796-023-10371-z,,https://doi.org/10.1007/s10796-023-10371-z,openalex,energy based model robot learning,concept,ebm,,31,,2026-06-12T18:26:24Z,14.983,14.983
doi:10.3390/mi13122051,"MEMS-Based Tactile Sensors: Materials, Processes and Applications in Robotics","Commonly encountered problems in the manipulation of objects with robotic hands are the contact force control and the setting of approaching motion. Microelectromechanical systems (MEMS) sensors on robots offer several solutions to these problems along with new capabilities. In this review, we analyze tactile, force and/or pressure sensors produced by MEMS technologies including off-the-shelf products such as MEMS barometric sensors. Alone or in conjunction with other sensors, MEMS platforms are considered very promising for robots to detect the contact forces, slippage and the distance to the objects for effective dexterous manipulation. We briefly reviewed several sensing mechanisms and principles, such as capacitive, resistive, piezoresistive and triboelectric, combined with new flexible materials technologies including polymers processing and MEMS-embedded textiles for flexible and s",2022,Micromachines,Ilker S. Bayer,10.3390/mi13122051,,https://doi.org/10.3390/mi13122051,crossref,tactile language action robotics,concept,tactile,,46,dexterous manipulation; force control,2026-06-12T14:45:03Z,14.975,14.975
doi:10.3390/app10051555,Real–Sim–Real Transfer for Real-World Robot Control Policy Learning with Deep Reinforcement Learning,"Compared to traditional data-driven learning methods, recently developed deep reinforcement learning (DRL) approaches can be employed to train robot agents to obtain control policies with appealing performance. However, learning control policies for real-world robots through DRL is costly and cumbersome. A promising alternative is to train policies in simulated environments and transfer the learned policies to real-world scenarios. Unfortunately, due to the reality gap between simulated and real-world environments, the policies learned in simulated environments often cannot be generalized well to the real world. Bridging the reality gap is still a challenging problem. In this paper, we propose a novel real–sim–real (RSR) transfer method that includes a real-to-sim training phase and a sim-to-real inference phase. In the real-to-sim training phase, a task-relevant simulated environment is",2020,Applied Sciences,Naijun Liu; Yinghao Cai; Tao Lu; Rui Wang; Shuo Wang,10.3390/app10051555,,https://doi.org/10.3390/app10051555,crossref,sim to real robot manipulation,concept,sim2real,,27,robot manipulation; generalization,2026-06-12T14:45:03Z,14.966,17.966
doi:10.1016/j.enbuild.2023.113637,Transfer learning for occupancy-based HVAC control: A data-driven approach using unsupervised learning of occupancy profiles and deep reinforcement learning,,2023,Energy and Buildings,Mohammad Esrafilian-Najafabadi; Fariborz Haghighat,10.1016/j.enbuild.2023.113637,,https://doi.org/10.1016/j.enbuild.2023.113637,crossref,energy based model robot learning,concept,ebm,,33,,2026-06-12T15:07:36Z,14.963,14.963
doi:10.1089/soro.2019.0095,Modal-Based Kinematics and Contact Detection of Soft Robots,"Soft robots offer an alternative approach to manipulate within a constrained space while maintaining a safe interaction with the external environment. Owing to its adaptable compliance characteristic, external contact force can easily deform the robot shapes and lead to undesired robot kinematic and dynamic properties. Accurate contact detection and contact location estimation are of critical importance for soft robot modeling, control, trajectory planning, and eventually affect the success of task completion. In this article, we focus on the investigation of a one degree of freedom (1-DoF) soft pneumatic bending robot, which is regarded as one of the fundamental components to construct complex, multi-DoFs soft robots. This 1-DoF soft robot is modeled through the integral representation of the spatial curve, where direct and instantaneous kinematics are calculated explicitly through a mo",2021,Soft Robotics,Yue Chen; Long Wang; Kevin Galloway; Isuru Godage; Nabil Simaan; Eric Barth,10.1089/soro.2019.0095,,https://doi.org/10.1089/soro.2019.0095,crossref,score based policy robotics,concept,diffusion,,67,,2026-06-12T15:07:36Z,14.960,14.960
doi:10.1016/j.rcim.2024.102896,Variable impedance control on contact-rich manipulation of a collaborative industrial mobile manipulator: An imitation learning approach,,2025,Robotics and Computer-Integrated Manufacturing,Zhengxue Zhou; Xingyu Yang; Xuping Zhang,10.1016/j.rcim.2024.102896,,https://doi.org/10.1016/j.rcim.2024.102896,crossref,contact rich manipulation learning,concept,contact,,14,contact rich manipulation; impedance control; imitation learning,2026-06-12T14:45:03Z,14.954,14.954
doi:10.1109/tro.2025.3548493,Human-Inspired Active Compliant and Passive Shared Control Framework for Robotic Contact-Rich Tasks in Medical Applications,,2025,IEEE Transactions on Robotics,Junling Fu; Giorgia Maimone; Elisa Iovene; Jianzhuang Zhao; Alberto Redaelli; Giancarlo Ferrigno; Elena De Momi,10.1109/tro.2025.3548493,,https://doi.org/10.1109/tro.2025.3548493,crossref,contact rich manipulation learning,concept,contact,,14,contact rich manipulation,2026-06-12T15:07:36Z,14.954,14.954
doi:10.1016/j.rcim.2018.12.019,Contact force control and vibration suppression in robotic polishing with a smart end effector,,2019,Robotics and Computer-Integrated Manufacturing,Fan Chen; Huan Zhao; Dingwei Li; Lin Chen; Chao Tan; Han Ding,10.1016/j.rcim.2018.12.019,,https://doi.org/10.1016/j.rcim.2018.12.019,crossref,EBM transformer robotics contact rich manipulation,concept,architecture_x_embodiment,,164,EBM transformer robotics; contact rich manipulation; force control,2026-06-12T15:07:36Z,14.953,14.953
doi:10.3389/fnhum.2024.1320457,A comprehensive dataset for home appliance control using ERP-based BCIs with the application of inter-subject transfer learning,"Brain-computer interfaces (BCIs) have a potential to revolutionize human-computer interaction by enabling direct links between the brain and computer systems. Recent studies are increasingly focusing on practical applications of BCIs-e.g., home appliance control just by thoughts. One of the non-invasive BCIs using electroencephalography (EEG) capitalizes on event-related potentials (ERPs) in response to target stimuli and have shown promise in controlling home appliance. In this paper, we present a comprehensive dataset of online ERP-based BCIs for controlling various home appliances in diverse stimulus presentation environments. We collected online BCI data from a total of 84 subjects among whom 60 subjects controlled three types of appliances (TV: 30, door lock: 15, and electric light: 15) with 4 functions per appliance, 14 subjects controlled a Bluetooth speaker with 6 functions via a",2024,Frontiers in Human Neuroscience,Jong‐Min Lee; Minju Kim; Dojin Heo; Jongsu Kim; Min‐Ki Kim; Taejun Lee; Jong-Woo Park; Hyun‐Young Kim; Minho Hwang; Laehyun Kim; Sung-Phil Kim,10.3389/fnhum.2024.1320457,,https://doi.org/10.3389/fnhum.2024.1320457,openalex,energy based model robot learning,concept,ebm,,9,,2026-06-12T18:26:24Z,14.951,14.951
doi:10.1163/9789004395169,"Ten Lectures on the Representation of Events in Language, Perception, Memory, and Action Control",,2019,,Jeffrey M. Zacks,10.1163/9789004395169,,https://doi.org/10.1163/9789004395169,crossref,tactile language action robotics,concept,tactile,,2,,2026-06-12T15:07:36Z,14.949,14.949
doi:10.3390/info12020063,Fall Detection from Electrocardiogram (ECG) Signals and Classification by Deep Transfer Learning,"Fall is a prominent issue due to its severe consequences both physically and mentally. Fall detection and prevention is a critical area of research because it can help elderly people to depend less on caregivers and allow them to live and move more independently. Using electrocardiograms (ECG) signals independently for fall detection and activity classification is a novel approach used in this paper. An algorithm has been proposed which uses pre-trained convolutional neural networks AlexNet and GoogLeNet as a classifier between the fall and no fall scenarios using electrocardiogram signals. The ECGs for both falling and no falling cases were obtained as part of the study using eight volunteers. The signals are pre-processed using an elliptical filter for signal noises such as baseline wander and power-line interface. As feature extractors, frequency-time representations (scalograms) were",2021,Information,Fatima Sajid Butt; Luigi La Blunda; Matthias Wagner; Jörg Schäfer; Inmaculada Medina‐Bulo; David Gómez‐Ullate,10.3390/info12020063,,https://doi.org/10.3390/info12020063,openalex,energy based model robot learning,concept,ebm,,32,robustness,2026-06-12T18:26:24Z,14.948,15.948
doi:10.1109/tfuzz.2004.832525,Neuro-Fuzzy Control of a Robotic Exoskeleton With EMG Signals,"We have been developing robotic exoskeletons to assist motion of physically weak persons such as elderly, disabled, and injured persons. The robotic exoskeleton is controlled basically based on the electromyogram (EMG) signals, since the EMG signals of human muscles are important signals to understand how the user intends to move. Even though the EMG signals contain very important information, however, it is not very easy to predict the user's upper-limb motion (elbow and shoulder motion) based on the EMG signals in real-time because of the difficulty in using the EMG signals as the controller input signals. In this paper, we propose a robotic exoskeleton for human upper-limb motion assist, a hierarchical neuro-fuzzy controller for the robotic exoskeleton, and its adaptation method.",2004,IEEE Transactions on Fuzzy Systems,Kazuo Kiguchi; Toru Tanaka; Toshio Fukuda,10.1109/tfuzz.2004.832525,,https://doi.org/10.1109/tfuzz.2004.832525,openalex,robotics,concept,openalex_bulk_robotics,,361,,2026-06-12T18:57:17Z,14.946,14.946
doi:10.1145/3610977.3634975,Feel the Bite: Robot-Assisted Inside-Mouth Bite Transfer using Robust Mouth Perception and Physical Interaction-Aware Control,,2024,Proceedings of the 2024 ACM/IEEE International Conference on Human-Robot Interaction,Rajat Kumar Jenamani; Daniel Stabile; Ziang Liu; Abrar Anwar; Katherine Dimitropoulou; Tapomayukh Bhattacharjee,10.1145/3610977.3634975,,https://doi.org/10.1145/3610977.3634975,crossref,Gaussian splatting robot perception,concept,architecture,,21,Gaussian splatting robot perception,2026-06-12T15:07:36Z,14.946,14.946
doi:10.1017/s0263574723000103,Contact force cancelation in robot impedance control by target impedance modification,"Abstract A force sensorless impedance controller is proposed in this paper for robot manipulators without using force estimators. From the observation of the impedance control law, the force feedback term can be canceled if the inertia matrix in the target impedance is the same as the robot inertia matrix. However, the inertia matrix in the target impedance is almost always a constant matrix, while the robot inertia matrix is a function of the robot configuration, and hence, they may not be identical in general. A modification of the coefficient matrix for the contact force term in the target impedance is suggested in this paper to enable cancelation of the force feedback term in the impedance control law so that a force sensorless impedance controller without using force estimators can be obtained. The tracking performance in the free space phase and the motion trajectory in the complia",2023,Robotica,An-Chyau Huang; Kun-Ju Lee; Wei-Lin Du,10.1017/s0263574723000103,,https://doi.org/10.1017/s0263574723000103,crossref,contact dynamics robot learning,concept,contact,,7,contact dynamics; impedance control,2026-06-12T15:07:36Z,14.940,14.940
doi:10.1109/lra.2023.3306670,TIRgel: A Visuo-Tactile Sensor With Total Internal Reflection Mechanism for External Observation and Contact Detection,,2023,IEEE Robotics and Automation Letters,Shixin Zhang; Yuhao Sun; Jianhua Shan; Zixi Chen; Fuchun Sun; Yiyong Yang; Bin Fang,10.1109/lra.2023.3306670,,https://doi.org/10.1109/lra.2023.3306670,crossref,tactile language action robotics,concept,tactile,,31,,2026-06-12T15:07:36Z,14.933,14.933
doi:10.1109/tii.2023.3256369,Tactile Perception-Based Depth and Angle Control During Robot-Assisted Bent Bone Grinding,,2024,IEEE Transactions on Industrial Informatics,Guangming Xia; Jinggang Wang; Bin Yao; Yu Dai; Yuan Xue; Jianxun Zhang,10.1109/tii.2023.3256369,,https://doi.org/10.1109/tii.2023.3256369,crossref,Gaussian splatting robot perception,concept,architecture,,20,Gaussian splatting robot perception; tactile perception,2026-06-12T15:07:36Z,14.922,14.922
doi:10.1109/iros45743.2020.9341203,Towards Vision-Based Impedance Control for the Contact Inspection of Unknown Generically-Shaped Surfaces with a Fully-Actuated UAV,"The integration of computer vision techniques for the accomplishment of autonomous interaction tasks represents a challenging research direction in the context of aerial robotics. In this paper, we consider the problem of contact-based inspection of a textured target of unknown geometry and pose. Exploiting state of the art techniques in computer graphics, tuned and improved for the task at hand, we designed a framework for the projection of a desired trajectory for the robot end-effector on a generically-shaped surface to be inspected. Combining these results with previous work on energy-based interaction control, we are laying the basis of what we call vision-based impedance control paradigm. To demonstrate the feasibility and the effectiveness of our methodology, we present the results of both realistic ROS/Gazebo simulations and preliminary experiments with a fully-actuated hexarotor",2020,,Ramy Rashad; Davide Bicego; Ran Jiao; Santiago Sanchez-Escalonilla; Stefano Stramigioli,10.1109/iros45743.2020.9341203,,https://doi.org/10.1109/iros45743.2020.9341203,openalex,energy based model robot learning,concept,ebm,,22,impedance control,2026-06-12T18:26:24Z,14.918,14.918
doi:10.1007/s10489-022-04148-1,Sim-to-real transfer and reality gap modeling in model predictive control for autonomous driving,"Abstract The main challenge for the adoption of autonomous driving is to ensure an adequate level of safety. Considering the almost infinite variability of possible scenarios that autonomous vehicles would have to face, the use of autonomous driving simulators is becoming of utmost importance. Simulation suites allow the used of automated validation techniques in a wide variety of scenarios, and enable the development of closed-loop validation methods, such as machine learning and reinforcement learning approaches. However, simulation tools suffer from a standing flaw in that there is a noticeable gap between the simulation conditions and real-world scenarios. Although the use of simulators powers most of the research around autonomous driving, and is generally used within all domains it is divided into, there is an inherent source of error given the stochastic nature of activities perfo",2023,Applied Intelligence,Iván García Daza; Rubén Izquierdo; Luis Miguel Martínez; Ola Benderius; David Fernández Llorca,10.1007/s10489-022-04148-1,,https://doi.org/10.1007/s10489-022-04148-1,crossref,sim to real robot manipulation,concept,sim2real,,30,robot manipulation; sim to real transfer; model predictive control,2026-06-12T15:07:36Z,14.917,17.917
doi:10.1177/02783649211017642,Contact-initiated shared control strategies for four-arm supernumerary manipulation with foot interfaces,"In industrial or surgical settings, to achieve many tasks successfully, at least two people are needed. To this end, robotic assistance could be used to enable a single person to perform such tasks alone, with the help of robots through direct, shared, or autonomous control. We are interested in four-arm manipulation scenarios, where both feet are used to control two robotic arms via bi-pedal haptic interfaces. The robotic arms complement the tasks of the biological arms, for instance, in supporting and moving an object while working on it (using both hands). To reduce fatigue, cognitive workload, and to ease the execution of the foot manipulation, we propose two types of assistance that can be enabled upon contact with the object (i.e., based on the interaction forces): autonomous-contact force generation and auto-coordination of the robotic arms. The latter relates to controlling both ",2021,The International Journal of Robotics Research,Walid Amanhoud; Jacob Hernandez Sanchez; Mohamed Bouri; Aude Billard,10.1177/02783649211017642,,https://doi.org/10.1177/02783649211017642,crossref,contact rich manipulation learning,concept,contact,,16,contact rich manipulation,2026-06-12T15:07:36Z,14.917,14.917
doi:10.1109/tcds.2023.3237734,A Sim-to-Real Learning-Based Framework for Contact-Rich Assembly by Utilizing CycleGAN and Force Control,,2023,IEEE Transactions on Cognitive and Developmental Systems,Yunlei Shi; Chengjie Yuan; Athanasios Tsitos; Lin Cong; Hamid Hadjar; Zhaopeng Chen; Jianwei Zhang,10.1109/tcds.2023.3237734,,https://doi.org/10.1109/tcds.2023.3237734,crossref,contact rich manipulation learning,concept,contact,,29,contact rich manipulation; force control,2026-06-12T14:45:03Z,14.901,15.901
arxiv:2403.16046v1,Digital control of negative imaginary systems: a discrete-time hybrid integrator-gain system approach,"A hybrid integrator-gain system (HIGS) is a control element that switches between an integrator and a gain, which overcomes some inherent limitations of linear controllers. In this paper, we consider using discrete-time HIGS controllers for the digital control of negative imaginary (NI) systems. We show that the discrete-time HIGS themselves are step-advanced negative imaginary systems. For a minimal linear NI system, there always exists a HIGS controller that can asymptotically stablize it. An illustrative example is provided, where we use the proposed HIGS control method to stabilize a discrete-time mass-spring system.",2024,arXiv,Kanghong Shi; Ian R. Petersen,,2403.16046v1,http://arxiv.org/abs/2403.16046v1,arxiv,hybrid systems robot control manipulation,anti_myopia,control,,,hybrid systems; limitation,2026-06-12T15:07:36Z,14.900,19.900
doi:10.1002/asjc.70001,Output‐constrained adaptive optimal control for physical human–robot interaction using electromyography signals,"Abstract This paper investigates the output‐constrained control problem for physical human–robot interaction using electromyography signals. An interaction force estimation method based on surface electromyography (sEMG) signals is introduced, where random forest is provided to extract interaction force information from sEMG signals. Using sEMG, the interaction force between the robotic and human operator can be separated from that in the environment. An adaptive optimal tracking controller based on robot velocity prediction error feedback is designed, in which an asymmetric time‐varying integral barrier Lyapunov function is used to deal with dynamic spatial constraints. Finally, stability analysis is provided, and the effectiveness is verified by experiments based on a 7‐degree‐of‐freedom Franka Panda robot.",2025,Asian Journal of Control,Yan Wei; Mingshuang Hao; Kehong Jin; Xinyi Yu; Linlin Ou,10.1002/asjc.70001,,https://doi.org/10.1002/asjc.70001,crossref,optimal control robot manipulation,anti_myopia,anti_thesis,,,robot manipulation; human robot interaction; optimal control robot manipulation,2026-06-12T15:07:36Z,14.900,18.900
doi:10.3390/s22093424,Pattern Recognition of EMG Signals by Machine Learning for the Control of a Manipulator Robot,"Human Machine Interfaces (HMI) principles are for the development of interfaces for assistance or support systems in physiotherapy or rehabilitation processes. One of the main problems is the degree of customization when applying some rehabilitation therapy or when adapting an assistance system to the individual characteristics of the users. To solve this inconvenience, it is proposed to implement a database of surface Electromyography (sEMG) of a channel in healthy individuals for pattern recognition through Neural Networks of contraction in the muscular region of the biceps brachii. Each movement is labeled using the One-Hot Encoding technique, which activates a state machine to control the position of an anthropomorphic manipulator robot and validate the response time of the designed HMI. Preliminary results show that the learning curve decreases when customizing the interface. The de",2022,Sensors,Francisco David Pérez-Reynoso; Neín Farrera Vázquez; César Capetillo; Néstor Méndez‐Lozano; Carlos Alberto González-Gutiérrez; Emmanuel López-Neri,10.3390/s22093424,,https://doi.org/10.3390/s22093424,openalex,energy based model robot learning,concept,ebm,,19,,2026-06-12T18:05:07Z,14.898,14.898
doi:10.1002/asjc.3768,Hybrid FOPID and DL on EMG signals for gait phases classification to rehabilitation robot control: A comparative study,"Abstract Rehabilitation after neurological or musculoskeletal impairments requires accurate detection and prediction of gait phases to support motor recovery and ensure safe, adaptive assistance. However, traditional assessment techniques often depend on subjective clinical evaluations, lacking the precision and responsiveness needed for real‐time robotic interventions. To overcome these limitations, we propose a hybrid intelligent rehabilitation system that combines machine learning (ML) models with fractional order proportional‐integral‐derivative (FOPID) controllers for enhanced gait phase classification and trajectory correction. The proposed methodology integrates electromyography (EMG) signals, joint angle kinematics (hip and knee), and foot pressure data of 1000 samples to train and evaluate three machine learning models: random forest (RF), support vector machine (SVM), and long ",2026,Asian Journal of Control,Intissar Zaway,10.1002/asjc.3768,,https://doi.org/10.1002/asjc.3768,crossref,hybrid systems robot control manipulation,anti_myopia,control,,1,hybrid systems; limitation; robustness,2026-06-12T15:07:36Z,14.897,20.897
doi:10.1016/j.sysconle.2025.106103,Representation of practical nonsmooth control Lyapunov functions by piecewise affine functions and neural networks,,2025,Systems & Control Letters,Lars Grüne; Mario Sperl; Debasish Chatterjee,10.1016/j.sysconle.2025.106103,,https://doi.org/10.1016/j.sysconle.2025.106103,crossref,control barrier functions robot learning,anti_myopia,control,,3,control barrier function,2026-06-12T15:07:36Z,14.893,17.893
doi:10.1109/icra55743.2025.11127605,Reduced-Order Model Guided Contact-Implicit Model Predictive Control for Humanoid Locomotion,,2025,2025 IEEE International Conference on Robotics and Automation (ICRA),Sergio A. Esteban; Vince Kurtz; Adrian B. Ghansah; Aaron D. Ames,10.1109/icra55743.2025.11127605,,https://doi.org/10.1109/icra55743.2025.11127605,crossref,foundation model limitation robotics,anti_myopia,anti_thesis,,3,model predictive control; limitation; foundation model limitation robotics,2026-06-12T15:07:36Z,14.893,19.893
doi:10.1109/icarcv.2018.8581233,Prototype of Wearable Robot with Tactile Sensor Measurable Contact Force Distribution with User,,2018,"2018 15th International Conference on Control, Automation, Robotics and Vision (ICARCV)",Daiki Ito; Yuki Funabora; Shinji Doki; Kae Doki,10.1109/icarcv.2018.8581233,,https://doi.org/10.1109/icarcv.2018.8581233,crossref,contact dynamics robot learning,concept,contact,,3,contact dynamics,2026-06-12T15:07:36Z,14.893,14.893
doi:10.1088/2632-2153/ad7228,"Accelerating scientific discovery with generative knowledge extraction, graph-based representation, and multimodal intelligent graph reasoning","Abstract Leveraging generative Artificial Intelligence (AI), we have transformed a dataset comprising 1000 scientific papers focused on biological materials into a comprehensive ontological knowledge graph. Through an in-depth structural analysis of this graph, we have calculated node degrees, identified communities along with their connectivities, and evaluated clustering coefficients and betweenness centrality of pivotal nodes, uncovering fascinating knowledge architectures. We find that the graph has an inherently scale-free nature, shows a high level of connectedness, and can be used as a rich source for downstream graph reasoning by taking advantage of transitive and isomorphic properties to reveal insights into unprecedented interdisciplinary relationships that can be used to answer queries, identify gaps in knowledge, propose never-before-seen material designs, and predict materia",2024,Machine Learning: Science and Technology,Markus J Buehler,10.1088/2632-2153/ad7228,,https://doi.org/10.1088/2632-2153/ad7228,crossref,scene graph robot learning,concept,architecture,,35,scene graph robot learning,2026-06-12T15:07:36Z,14.892,14.892
doi:10.1109/tcyb.2023.3310505,Multimodality Driven Impedance-Based Sim2Real Transfer Learning for Robotic Multiple Peg-in-Hole Assembly,"Robotic rigid contact-rich manipulation in an unstructured dynamic environment requires an effective resolution for smart manufacturing. As the most common use case for the intelligence industry, a lot of studies based on reinforcement learning (RL) algorithms have been conducted to improve the performances of single peg-in-hole assembly. However, existing RL methods are difficult to apply to multiple peg-in-hole issues due to more complicated geometric and physical constraints. In addition, previously limited solutions for multiple peg-in-hole assembly are hard to transfer into real industrial scenarios flexibly. To effectively address these issues, this work designs a novel and more challenging multiple peg-in-hole assembly setup by using the advantage of the Industrial Metaverse. We propose a detailed solution scheme to solve this task. Specifically, multiple modalities, including vis",2023,IEEE Transactions on Cybernetics,Wenkai Chen; Chao Zeng; Hongzhuo Liang; Fuchun Sun; Jianwei Zhang,10.1109/tcyb.2023.3310505,,https://doi.org/10.1109/tcyb.2023.3310505,openalex,robotics,concept,openalex_bulk_robotics,,47,contact rich manipulation; impedance control; proprioception; domain randomization; generalization; sample efficiency,2026-06-12T18:57:17Z,14.886,15.886
doi:10.1109/lra.2021.3131750,Model Predictive Control and Transfer Learning of Hybrid Systems Using Lifting Linearization Applied to Cable Suspension Systems,,2022,IEEE Robotics and Automation Letters,Jerry Ng; Harry Asada,10.1109/lra.2021.3131750,,https://doi.org/10.1109/lra.2021.3131750,crossref,control barrier functions robot learning,anti_myopia,control,,12,control barrier function; model predictive control; hybrid systems,2026-06-12T15:07:36Z,14.882,18.882
doi:10.1109/tro.2025.3563046,Shear-Based Grasp Control for Multifingered Underactuated Tactile Robotic Hands,,2025,IEEE Transactions on Robotics,Christopher J. Ford; Haoran Li; Manuel G. Catalano; Matteo Bianchi; Efi Psomopoulou; Nathan F. Lepora,10.1109/tro.2025.3563046,,https://doi.org/10.1109/tro.2025.3563046,crossref,tactile language action robotics,concept,tactile,,12,,2026-06-12T15:07:36Z,14.882,14.882
doi:10.1016/j.rcim.2025.102966,A novel dynamic observer-based contact force control strategy in robotic grinding to improve blade profile accuracy,,2025,Robotics and Computer-Integrated Manufacturing,Yilin Mu; Lai Zou; Ziling Wang; Heng Li; Shengbo Yan; Wenxi Wang,10.1016/j.rcim.2025.102966,,https://doi.org/10.1016/j.rcim.2025.102966,crossref,EBM transformer robotics contact rich manipulation,concept,architecture_x_embodiment,,12,EBM transformer robotics; contact rich manipulation; force control,2026-06-12T15:07:36Z,14.882,14.882
doi:10.1109/iros40897.2019.8968201,Variable Impedance Control in End-Effector Space: An Action Space for Reinforcement Learning in Contact-Rich Tasks,,2019,2019 IEEE/RSJ International Conference on Intelligent Robots and Systems (IROS),Roberto Martin-Martin; Michelle A. Lee; Rachel Gardner; Silvio Savarese; Jeannette Bohg; Animesh Garg,10.1109/iros40897.2019.8968201,,https://doi.org/10.1109/iros40897.2019.8968201,crossref,contact rich manipulation learning,concept,contact,,142,contact rich manipulation; impedance control,2026-06-12T14:45:03Z,14.881,14.881
doi:10.1016/j.robot.2024.104731,Sim-to-real transfer of active suspension control using deep reinforcement learning,,2024,Robotics and Autonomous Systems,Viktor Wiberg; Erik Wallin; Arvid Fälldin; Tobias Semberg; Morgan Rossander; Eddie Wadbro; Martin Servin,10.1016/j.robot.2024.104731,,https://doi.org/10.1016/j.robot.2024.104731,crossref,sim to real robot manipulation,concept,sim2real,,18,robot manipulation; sim to real transfer,2026-06-12T15:07:36Z,14.872,15.872
doi:10.1109/lra.2020.3011379,Learning Variable Impedance Control for Contact Sensitive Tasks,,2020,IEEE Robotics and Automation Letters,Miroslav Bogdanovic; Majid Khadiv; Ludovic Righetti,10.1109/lra.2020.3011379,,https://doi.org/10.1109/lra.2020.3011379,crossref,contact dynamics robot learning,concept,contact,,90,contact dynamics; impedance control,2026-06-12T14:45:03Z,14.855,14.855
doi:10.3390/s22176470,Model-Based 3D Contact Geometry Perception for Visual Tactile Sensor,"Tactile sensing plays an important role for robots’ perception, but the existing tactile technologies have multiple limitations. Visual-tactile sensor (VTS) is a newly developed tactile detector; it perceives the contacting surface shape, or even more refined texture, by way of the contact deformation image captured by a camera. A conventional visual perception is usually formulated as a data processing. It suffers issues of cumbersome training set and complicated calibration procedures. A novel model-based depth perceptual scheme is proposed where a mapping from the image intensity to the contact geometry is mathematically formulated with an associated tailored fast solver. The hardware calibration requires single image only, leading to an outstanding algorithmic robustness. The non-uniformity of the illumination condition is embodied by the stereo model, resulting in a robust depth per",2022,Sensors,Jingjing Ji; Yuting Liu; Huan Ma,10.3390/s22176470,,https://doi.org/10.3390/s22176470,crossref,Gaussian splatting robot perception contact rich manipulation,concept,architecture_x_embodiment,,9,Gaussian splatting robot perception; contact rich manipulation; limitation; robustness,2026-06-12T15:07:36Z,14.851,16.851
doi:10.3390/biomimetics10040214,"Myoelectric Control in Rehabilitative and Assistive Soft Exoskeletons: A Comprehensive Review of Trends, Challenges, and Integration with Soft Robotic Devices","Soft robotic exoskeletons have emerged as a transformative solution for rehabilitation and assistance, offering greater adaptability and comfort than rigid designs. Myoelectric control, based on electromyography (EMG) signals, plays a key role in enabling intuitive and adaptive interaction between the user and the exoskeleton. This review analyzes recent advancements in myoelectric control strategies, emphasizing their integration into soft robotic exoskeletons. Unlike previous studies, this work highlights the unique challenges posed by the deformability and compliance of soft structures, requiring novel approaches to motion intention estimation and control. Key contributions include critically evaluating machine learning-based motion prediction, model-free adaptive control methods, and real-time validation strategies to enhance rehabilitation outcomes. Additionally, we identify persist",2025,Biomimetics,Alejandro Toro-Ossaba; Juan C. Tejada; Daniel Sanín-Villa,10.3390/biomimetics10040214,,https://doi.org/10.3390/biomimetics10040214,openalex,energy based model robot learning,concept,ebm,,9,,2026-06-12T18:26:24Z,14.851,14.851
doi:10.3390/app16042026,Industrial Robotics and Adaptive Control Systems in STEM Education: Systematic Review of Technology Transfer from Industry to Classroom and Competency Development Framework,"The Fourth Industrial Revolution reshapes manufacturing and workforce demands, yet a persistent gap remains between industry needs and engineering education. While proficiency in industrial robotics, adaptive control, and automation becomes critical, traditional education struggles to bridge the theory–practice divide. This systematic review examines technology transfer from factory to classroom to develop authentic Industry 4.0 competencies. Following PRISMA 2020 guidelines, we synthesized 52 empirical studies (2019–2025) focusing on technology complexity, pedagogical approaches, and learning outcomes. Random-effects meta-analysis of 12 representative studies reveals large positive effects: Hedges’ g of 0.786 (95% CI: 0.726–0.846, p",2026,Applied Sciences,Claudio Urrea,10.3390/app16042026,,https://doi.org/10.3390/app16042026,crossref,robotics,concept,crossref_bulk_robotics,,2,industrial robot,2026-06-12T19:29:26Z,14.849,14.849
doi:10.1002/rnc.4880,High‐gain nonlinear observer‐based impedance control for deformable object cooperative teleoperation with nonlinear contact model,"Summary Unmeasurable object deformation and local communication time delays between the slave robots influence the manipulation effect for multirobot multioperator teleoperation. In this article, a distributed control method based on high‐gain nonlinear observer, interactive identification, and impedance control is proposed for this problem. First, we use Hunt‐Crossley contact model and deduce the desired synchronizing object state in cooperative teleoperation. Second, an impedance item expressed by the internal position errors is presented to decrease object position tracking errors. For the unmeasurable object deformation, an interactive identification method is proposed for estimating unknown variables. Third, we consider both varying communication time delays and local time delays in the slave side. Two mirror high‐gain nonlinear observers are designed for estimating other slave robo",2020,International Journal of Robust and Nonlinear Control,Zhenyu Lu; Panfeng Huang; Zhengxiong Liu,10.1002/rnc.4880,,https://doi.org/10.1002/rnc.4880,crossref,teleoperation data robot foundation model,concept,human_data,,21,robot foundation model; impedance control; teleoperation,2026-06-12T15:07:36Z,14.846,14.846
doi:10.1002/advs.202300935,A Soft Reconfigurable Circulator Enabled by Magnetic Liquid Metal Droplet for Multifunctional Control of Soft Robots,"Integrated control circuits with multiple computation functions are essential for soft robots to achieve diverse complex real tasks. However, designing compliant yet simple circuits to embed multiple computation functions in soft electronic systems above the centimeter scale is still a tough challenge. Herein, utilizing smooth cyclic motions of magnetic liquid metal droplets (MLMD) in specially designed and surface-modified circulating channels, a soft reconfigurable circulator (SRC) consisting of three simple and reconfigurable basic modules is described. Through these modules, MLMD can utilize their conductivity and extreme deformation capabilities to transfer their simple cyclic motions as input signals to programmable electrical output signals carrying computing information. The obtained SRCs make it possible for soft robots to perform complex computing tasks, such as logic, programm",2023,Advanced Science,Yi Xu; Jiaqi Zhu; Han Chen; Haochen Yong; Zhigang Wu,10.1002/advs.202300935,,https://doi.org/10.1002/advs.202300935,openalex,robotics,concept,openalex_bulk_robotics,,21,,2026-06-12T18:57:17Z,14.846,14.846
doi:10.1109/tro.2024.3463470,LeTac-MPC: Learning Model Predictive Control for Tactile-Reactive Grasping,,2024,IEEE Transactions on Robotics,Zhengtong Xu; Yu She,10.1109/tro.2024.3463470,,https://doi.org/10.1109/tro.2024.3463470,crossref,energy based model robot learning,concept,ebm,,17,model predictive control,2026-06-12T15:07:36Z,14.845,15.845
doi:10.1007/s11071-024-09894-0,Dynamics analysis and control of positive–negative information propagation model considering individual conformity psychology,,2024,Nonlinear Dynamics,Yutao Yan; Shuzhen Yu; Zhiyong Yu; Haijun Jiang,10.1007/s11071-024-09894-0,,https://doi.org/10.1007/s11071-024-09894-0,crossref,latent dynamics model robot control,concept,latent_dynamics,,17,,2026-06-12T15:07:36Z,14.845,15.845
doi:10.1177/0278364912469821,Optimal distribution of contact forces with inverse-dynamics control,"The development of legged robots for complex environments requires controllers that guarantee both high tracking performance and compliance with the environment. More specifically the control of the contact interaction with the environment is of crucial importance to ensure stable, robust and safe motions. In this contribution we develop an inverse-dynamics controller for floating-base robots under contact constraints that can minimize any combination of linear and quadratic costs in the contact constraints and the commands. Our main result is the exact analytical derivation of the controller. Such a result is particularly relevant for legged robots as it allows us to use torque redundancy to directly optimize contact interactions. For example, given a desired locomotion behavior, we can guarantee the minimization of contact forces to reduce slipping on difficult terrains while ensuring ",2013,The International Journal of Robotics Research,Ludovic Righetti; Jonas Buchli; Michael Mistry; Mrinal Kalakrishnan; Stefan Schaal,10.1177/0278364912469821,,https://doi.org/10.1177/0278364912469821,crossref,latent dynamics model robotics,concept,architecture,,161,latent dynamics model robotics; robustness,2026-06-12T15:07:36Z,14.844,15.844
doi:10.1109/icra55743.2025.11128816,PolyTouch: A Robust Multi-Modal Tactile Sensor for Contact-Rich Manipulation Using Tactile-Diffusion Policies,,2025,2025 IEEE International Conference on Robotics and Automation (ICRA),Jialiang Zhao; Naveen Kuppuswamy; Siyuan Feng; Benjamin Burchfiel; Edward Adelson,10.1109/icra55743.2025.11128816,,https://doi.org/10.1109/icra55743.2025.11128816,crossref,contact rich manipulation learning,concept,contact,,11,contact rich manipulation,2026-06-12T14:45:03Z,14.842,14.842
doi:10.1109/tro.2024.3502197,iFEM2.0: Dense 3-D Contact Force Field Reconstruction and Assessment for Vision-Based Tactile Sensors,,2025,IEEE Transactions on Robotics,Can Zhao; Jin Liu; Daolin Ma,10.1109/tro.2024.3502197,,https://doi.org/10.1109/tro.2024.3502197,crossref,contact dynamics robot learning,concept,contact,,11,contact dynamics,2026-06-12T15:07:36Z,14.842,14.842
doi:10.1109/tmech.2023.3287789,A Variable Impedance Scheme Based on Power-Shaping Signals and Partial Knowledge of Link-Side Dynamics for Flexible-Joint Robot Interaction and Tracking Control,"This article proposes a novel scheme—based on power-shaping control (PSC)—that can endow flexible-joint robots with both tracking, and interactional, capabilities. In virtue of relying upon the PSC method, this approach entails modest modeling requirements restricted to computation of the gravitational torque vector, and motor-side dynamics terms (typically available in manufacturer datasheets). Hence, it distinguishes itself by obviating the need for calculation of computationally cumbersome link-side dynamics elements, such as the Coriolis and link inertia matrices. In contrast to analogous schemes, the highest order term required by the proposed design is the third derivative of the motor position vector; it therefore avoids the usage of link-jerk feedback that can be detrimental to interactional performance. Moreover, the propounded framework enables utilisation of noncollocated feed",2023,IEEE/ASME Transactions on Mechatronics,Emmanouil Spyrakos-Papastavridis; Jian S. Dai,10.1109/tmech.2023.3287789,,https://doi.org/10.1109/tmech.2023.3287789,openalex,energy based model robot learning,concept,ebm,,11,impedance control,2026-06-12T18:26:24Z,14.842,14.842
doi:10.3390/act13010031,"Research on Some Control Algorithms to Compensate for the Negative Effects of Model Uncertainty Parameters, External Interference, and Wheeled Slip for Mobile Robot","In this article, the research team systematically developed a method to model the kinematics and dynamics of a 3-wheeled robot subjected to external disturbances and sideways wheel sliding. These models will be used to design control laws that compensate for wheel slippage, model uncertainties, and external disturbances. These control algorithms were developed based on dynamic surface control (DSC). An adaptive trajectory tracking DSC algorithm using a fuzzy logic system (AFDSC) and a radial neural network (RBFNN) with a fuzzy logic system were used to overcome the disadvantages of DSC and expand the application domain for non-holonomic wheeled mobile robots with lateral slip (WMR). However, this adaptive fuzzy neural network dynamic surface control (AFNNDSC) adaptive controller ensures the closed system is stable, follows the preset trajectory in the presence of wheel slippage model unc",2024,Actuators,Vo Thu Hà; Thân Thị Thương; Nguyễn Thị Thanh; Vo Quang Vinh,10.3390/act13010031,,https://doi.org/10.3390/act13010031,openalex,energy based model robot learning,concept,ebm,,7,,2026-06-12T18:26:24Z,14.840,16.840
doi:10.1109/lra.2022.3167064,Bidirectional Sim-to-Real Transfer for GelSight Tactile Sensors With CycleGAN,,2022,IEEE Robotics and Automation Letters,Weihang Chen; Yuan Xu; Zhenyang Chen; Peiyu Zeng; Renjun Dang; Rui Chen; Jing Xu,10.1109/lra.2022.3167064,,https://doi.org/10.1109/lra.2022.3167064,crossref,sim to real robot manipulation,concept,sim2real,,38,robot manipulation; sim to real transfer,2026-06-12T14:45:03Z,14.832,15.832
doi:10.1016/j.compag.2022.107026,Contact force modeling and variable damping impedance control of apple harvesting robot,,2022,Computers and Electronics in Agriculture,Wei Ji; Chencheng Tang; Bo Xu; Guozhi He,10.1016/j.compag.2022.107026,,https://doi.org/10.1016/j.compag.2022.107026,crossref,contact dynamics robot learning,concept,contact,,38,contact dynamics; impedance control,2026-06-12T15:07:36Z,14.832,14.832
doi:10.3390/biomimetics8050398,Modeling Contact Stiffness of Soft Fingertips for Grasping Applications,"Soft fingertips have distinct intrinsic features that allow robotic hands to offer adjustable and manageable stiffness for grasping. The stability of the grasp is determined by the contact stiffness between the soft fingertip and the object. Within this work, we proposed a line vector representation method based on the Winkler Model and investigated the contact stiffness between soft fingertips and objects to achieve control over the gripping force and fingertip displacement of the gripper without the need for sensors integrated in the fingertip. First, we derived the stiffness matrix of the soft fingertip, analyzed the contact stiffness, and constructed the global stiffness matrix; then, we established the grasp stiffness matrix based on the contact stiffness model, allowing for the analysis and evaluation of the soft fingertip’s manipulating process. Finally, our experiment demonstrate",2023,Biomimetics,Xiaolong Ma; Lingfeng Chen; Yanfeng Gao; Daliang Liu; Binrui Wang,10.3390/biomimetics8050398,,https://doi.org/10.3390/biomimetics8050398,crossref,analytical grasping,anti_myopia,anti_thesis,,6,analytical grasping,2026-06-12T15:07:36Z,14.823,18.823
doi:10.15607/rss.2023.xix.018,Self-Supervised Visuo-Tactile Pretraining to Locate and Follow Garment Features,,2023,Robotics: Science and Systems XIX,Justin Kerr; Huang Huang; Albert Wilcox; Ryan Hoque; Jeffrey Ichnowski; Roberto Calandra; Ken Goldberg,10.15607/rss.2023.xix.018,,https://doi.org/10.15607/rss.2023.xix.018,crossref,tactile language action robotics,concept,tactile,,24,,2026-06-12T15:07:36Z,14.809,14.809
doi:10.1002/aisy.202300042,Minsight: A Fingertip‐Sized Vision‐Based Tactile Sensor for Robotic Manipulation,"Intelligent interaction with the physical world requires perceptual abilities beyond vision and hearing; vibrant tactile sensing is essential for autonomous robots to dexterously manipulate unfamiliar objects or safely contact humans. Therefore, robotic manipulators need high‐resolution touch sensors that are compact, robust, inexpensive, and efficient. The soft vision‐based haptic sensor presented herein is a miniaturized and optimized version of the previously published sensor Insight. Minsight has the size and shape of a human fingertip and uses machine learning methods to output high‐resolution maps of 3D contact force vectors at 60 Hz. Experiments confirm its excellent sensing performance, with a mean absolute force error of 0.07 N and contact location error of 0.6 mm across its surface area. Minsight's utility is shown in two robotic tasks on a 3‐DoF manipulator. First, closed‐loop",2023,Advanced Intelligent Systems,Iris Andrussow; Huanbo Sun; Katherine J. Kuchenbecker; Georg Martius,10.1002/aisy.202300042,,https://doi.org/10.1002/aisy.202300042,openalex,robotics,concept,openalex_bulk_robotics,,40,dexterous manipulation; force control; human robot interaction,2026-06-12T18:57:17Z,14.807,14.807
doi:10.1109/crc.2017.49,Design of a Two-Point-Contact Fingertip Tactile Force Feedback Device,,2017,"2017 2nd International Conference on Cybernetics, Robotics and Control (CRC)",Zhen Zhang; Adiljan Yimit; Xin Lu; Yoshihiro Hagihara,10.1109/crc.2017.49,,https://doi.org/10.1109/crc.2017.49,crossref,tactile language action robotics,concept,tactile,,4,,2026-06-12T15:07:36Z,14.805,14.805
doi:10.1201/9781003119173-3,Human-Robot Stiffness Transfer-Based on sEMG Signals,,2021,Robot Learning Human Skills and Intelligent Control Design,Chenguang Yang; Chao Zeng; Jianwei Zhang,10.1201/9781003119173-3,,https://doi.org/10.1201/9781003119173-3,crossref,energy based model robot learning,concept,ebm,,,,2026-06-12T14:45:03Z,14.800,14.800
doi:10.1109/tase.2017.2743000,Interface Design of a Physical Human–Robot Interaction System for Human Impedance Adaptive Skill Transfer,"It has been established that the transfer of human adaptive impedance is of great significance for physical human-robot interaction (pHRI). By processing the electromyography (EMG) signals collected from human muscles, the limb impedance could be extracted and transferred to robots. The existing impedance transfer interfaces rely only on visual feedback and, thus, may be insufficient for skill transfer in a sophisticated environment. In this paper, physical haptic feedback mechanism is introduced to result in muscle activity that would generate EMG signals in a natural manner, in order to achieve intuitive human impedance transfer through a designed coupling interface. Relevant processing methods are integrated into the system, including the spectral collaborative representation-based classifications method used for hand motion recognition; fast smooth envelop and dimensionality reductio",2017,IEEE Transactions on Automation Science and Engineering,Chenguang Yang; Chao Zeng; Peidong Liang; Zhijun Li; Ruifeng Li; Chun‐Yi Su,10.1109/tase.2017.2743000,,https://doi.org/10.1109/tase.2017.2743000,openalex,robotics,concept,openalex_bulk_robotics,,220,skill learning; human robot interaction,2026-06-12T18:57:17Z,14.799,14.799
doi:10.1109/lra.2025.3568570,A Novel Robust Adaptive Impedance Control Scheme for Contact Force Tracking With Unknown Environment,,2025,IEEE Robotics and Automation Letters,Tangzhong Song; Lijin Fang; Yian Qian,10.1109/lra.2025.3568570,,https://doi.org/10.1109/lra.2025.3568570,crossref,contact dynamics robot learning,concept,contact,,10,contact dynamics; impedance control,2026-06-12T15:07:36Z,14.799,14.799
doi:10.1109/tie.2023.3323695,Enhancing Robotic Tactile Exploration With Multireceptive Graph Convolutional Networks,"While robotic tactile sensors have been developed to help robots to perceive and interact effectively with their surrounding environment by mimicking the structure and function of human skin, most of them overlook the role of near-contact behavior and data structure modeling in robotic perception, which limits robotic exploration capabilities. To address this problem, this article presents a novel proximity-tactile fingertip (PT-TIP) sensor, and a new multireceptive graph convolutional network (MR-GCN) that seamlessly integrates near-contact behavior and tactile perception in rich sensory data. Moreover, MR-GCN utilizes two graph structures, including topology graph and affinity graph, to capture temporal and spatial connections and differences among sensing units on PT-TIP, and it learns a robust feature representation from different receptive fields with attention mechanisms. The perfo",2023,IEEE Transactions on Industrial Electronics,Junjie Liao; Pengwen Xiong; Peter Liu; Zhijun Li; Aiguo Song,10.1109/tie.2023.3323695,,https://doi.org/10.1109/tie.2023.3323695,openalex,robotics,concept,openalex_bulk_robotics,,19,tactile perception,2026-06-12T18:57:17Z,14.798,14.798
doi:10.3390/robotics12010017,Based on the Foot–Ground Contact Mechanics Model and Velocity Planning Buffer Control,"In order to reduce the impact of the leg joint motors and body electric devices of a falling robot, active flexible control based on force and velocity is proposed. A velocity planning buffer method based on a virtual model is proposed. We established a mechanical model of leg and ground contact. Then, we controlled the knee joint angular velocity change after the robot contacted the ground to reduce the collision impact force and to protect the robot’s joint motors and body’s internal parts. First, the relationship between contact force and velocity was analyzed through the contact mechanical model between leg and ground, and the target was determined. Then, by planning the velocity of the robot’s thigh and hip joint, the velocity mutation during contact was reduced so that the impact on the robot was reduced. This method can avoid complex accurate physics model building and complex tor",2023,Robotics,Boxuan Zhang; Lichao Wang; Yangwei Wang; Zehao Yuan,10.3390/robotics12010017,,https://doi.org/10.3390/robotics12010017,crossref,energy based model robotics,concept,architecture,,5,energy based model robotics,2026-06-12T14:45:03Z,14.796,14.796
doi:10.3390/coatings13010081,Convective Heat Transfer Coefficient of Insulation Paper–Oil Contact Surface of Transformer Vertical Oil Channel,"Insulation paper is the primary inter-turn insulation material for transformer windings. However, insulation paper is a poor conductor of heat and seriously impacts the natural convective heat dissipation in the winding oil channels. In order to study the convective heat transfer performance of the transformer vertical oil channel, the heat transfer characteristics of the two-dimensional boundary layer of the insulation paper–oil contact surface were analysed, and a characteristic number equation with a roughness correction factor was established. Based on the similarity principle and modelling theory, an experimental apparatus was designed to determine the convective heat transfer coefficient of the insulation paper–oil contact surface. Coefficients were obtained for different qualitative temperatures and characteristic lengths. Parametric fitting of the experimental data was carried ou",2023,Coatings,Chuan Luo; Chuan Li; Xiaorong Wan; Zhengang Zhao,10.3390/coatings13010081,,https://doi.org/10.3390/coatings13010081,crossref,EBM transformer robotics contact rich manipulation,concept,architecture_x_embodiment,,5,EBM transformer robotics; contact rich manipulation,2026-06-12T15:07:36Z,14.796,14.796
doi:10.1007/s10514-024-10164-6,Guiding real-world reinforcement learning for in-contact manipulation tasks with Shared Control Templates,"Abstract The requirement for a high number of training episodes has been a major limiting factor for the application of Reinforcement Learning (RL) in robotics. Learning skills directly on real robots requires time, causes wear and tear and can lead to damage to the robot and environment due to unsafe exploratory actions. The success of learning skills in simulation and transferring them to real robots has also been limited by the gap between reality and simulation. This is particularly problematic for tasks involving contact with the environment as contact dynamics are hard to model and simulate. In this paper we propose a framework which leverages a shared control framework for modeling known constraints defined by object interactions and task geometry to reduce the state and action spaces and hence the overall dimensionality of the reinforcement learning problem. The unknown task know",2024,Autonomous Robots,Abhishek Padalkar; Gabriel Quere; Antonin Raffin; João Silvério; Freek Stulp,10.1007/s10514-024-10164-6,,https://doi.org/10.1007/s10514-024-10164-6,crossref,robot world models manipulation,concept,world_models,,3,robot world model; contact dynamics,2026-06-12T14:45:03Z,14.793,15.793
doi:10.3389/fnbot.2024.1349752,Deep learning-based control framework for dynamic contact processes in humanoid grasping,"Humanoid grasping is a critical ability for anthropomorphic hand, and plays a significant role in the development of humanoid robots. In this article, we present a deep learning-based control framework for humanoid grasping, incorporating the dynamic contact process among the anthropomorphic hand, the object, and the environment. This method efficiently eliminates the constraints imposed by inaccessible grasping points on both the contact surface of the object and the table surface. To mimic human-like grasping movements, an underactuated anthropomorphic hand is utilized, which is designed based on human hand data. The utilization of hand gestures, rather than controlling each motor separately, has significantly decreased the control dimensionality. Additionally, a deep learning framework is used to select gestures and grasp actions. Our methodology, proven both in simulation and on real",2024,Frontiers in Neurorobotics,Shaowen Cheng; Yongbin Jin; Hongtao Wang,10.3389/fnbot.2024.1349752,,https://doi.org/10.3389/fnbot.2024.1349752,crossref,contact rich manipulation learning,concept,contact,,3,contact rich manipulation; humanoid robot,2026-06-12T15:07:36Z,14.793,14.793
doi:10.1115/1.4052700,Design and Compliant Control of a Piggyback Transfer Robot,"Abstract Patient transfer, such as lifting and moving a bedridden patient from a bed to a wheelchair or a pedestal pan, is one of the most physically challenging tasks in nursing care. Although many transfer devices have been developed, they are rarely used because of the large time consumption in performing transfer tasks and the lack of safety and comfortableness. We developed a piggyback transfer robot that can conduct patient transfer by imitating the motion when a person holds another person on his/her back. The robot consisted of a chest holder that moves like a human back. In this paper, we present an active stiffness control approach for the motion control of the chest holder, combined with a passive cushion, for lifting a care-receiver comfortably. A human-robot dynamic model was built and a subjective evaluation was conducted to optimize the parameters of both the active stiffn",2021,Journal of Mechanisms and Robotics,Yuxin Liu; Shijie Guo; Yuting Yin; Zhiwen Jiang; Teng Liu,10.1115/1.4052700,,https://doi.org/10.1115/1.4052700,openalex,robotics,concept,openalex_bulk_robotics,,11,,2026-06-12T18:57:17Z,14.792,15.792
doi:10.1109/lra.2022.3150051,Towards High-Payload Admittance Control for Manual Guidance With Environmental Contact,,2022,IEEE Robotics and Automation Letters,Kevin Haninger; Marcel Radke; Axel Vick; Jorg Kruger,10.1109/lra.2022.3150051,,https://doi.org/10.1109/lra.2022.3150051,crossref,contact dynamics robot learning,concept,contact,,35,contact dynamics,2026-06-12T15:07:36Z,14.792,14.792
doi:10.1109/lra.2022.3205768,A Soft Barometric Tactile Sensor to Simultaneously Localize Contact and Estimate Normal Force With Validation to Detect Slip in a Robotic Gripper,,2022,IEEE Robotics and Automation Letters,Thomas De Clercq; Anatolii Sianov; Guillaume Crevecoeur,10.1109/lra.2022.3205768,,https://doi.org/10.1109/lra.2022.3205768,crossref,tactile language action robotics,concept,tactile,,35,,2026-06-12T15:07:36Z,14.792,14.792
doi:10.1038/s41598-024-79606-6,Sensorless contact force estimation and robust impedance control for a quadrotor manipulation system,"Abstract The research on aerial manipulation systems has been increased rapidly in recent years. These systems are very attractive for a wide range of applications due to their unique features. However, dynamics, control and manipulation tasks of such systems are quite challenging because they are naturally unstable, have very fast dynamics, have strong nonlinearities, are very susceptible to parameters variations due to carrying a payload besides the external disturbances, and have complex inverse kinematics. In addition, the manipulation tasks require estimating (applying) a certain force of (at) the end-effector as well as the accurate positioning of it. Thus, in this article, a robust force estimation and impedance control scheme is proposed to address these issues. The robustness is achieved based on the Disturbance Observer (DOb) technique. Then, a tracking and performance low comp",2024,Scientific Reports,Alaa Khalifa; Mohamed Fanni; Ahmed Khalifa,10.1038/s41598-024-79606-6,,https://doi.org/10.1038/s41598-024-79606-6,crossref,contact rich manipulation learning,concept,contact,,7,contact rich manipulation; impedance control; teleoperation; limitation; robustness,2026-06-12T14:45:03Z,14.790,16.790
doi:10.1109/tro.2023.3286070,Real-Time Deformable-Contact-Aware Model Predictive Control for Force-Modulated Manipulation,,2023,IEEE Transactions on Robotics,Lasitha Wijayarathne; Ziyi Zhou; Ye Zhao; Frank L. Hammond,10.1109/tro.2023.3286070,,https://doi.org/10.1109/tro.2023.3286070,crossref,sim to real robot manipulation,concept,sim2real,,23,robot manipulation; model predictive control,2026-06-12T14:45:03Z,14.789,16.789
title:robust adaptive learning control of space robot for target capturing using neural network,Robust adaptive learning control of space robot for target capturing using neural network,"This article investigates the robust adaptive learning control for space robots with target capturing. Based on the momentum conservation theory, the impact dynamics is constructed to derive the relationship of generalized velocity in the pre-impact and post-impact phase. Considering the nonlinear dynamics with contact impact, the robust control using nonsingular terminal sliding mode (NTSM) and fast NTSM is designed to achieve the fast realization of the desired states. Furthermore, for the unknown dynamics of the combination system after capturing a target, the adaptive learning control is developed based on neural network and disturbance observer. Through the serial-parallel estimation model, the prediction error is constructed for the update of adaptive law. The system signals involved in the Lyapunov function are proved to be bounded and the sliding mode surface converges in finite ",2022,Murdoch Research Repository (Murdoch University),"Wang, X.; Xu, B.; Cheng, Y.; Wang, H.; Sun, F.",,,https://openalex.org/W4213297191,openalex,robotics,concept,openalex_bulk_robotics,,28,,2026-06-12T18:57:17Z,14.784,14.784
doi:10.1109/tim.2023.3268458,Unsupervised Adversarial Domain Adaptation for Sim-to-Real Transfer of Tactile Images,,2023,IEEE Transactions on Instrumentation and Measurement,Xingshuo Jing; Kun Qian; Tudor Jianu; Shan Luo,10.1109/tim.2023.3268458,,https://doi.org/10.1109/tim.2023.3268458,crossref,sim to real robot manipulation,concept,sim2real,,22,robot manipulation; sim to real transfer,2026-06-12T15:07:36Z,14.768,15.768
doi:10.3390/en16217238,Novel Control Approach for Resonant Class-DE Inverters Applied in Wireless Power Transfer Systems,"Regulating the load voltage is of major importance for ensuring high transmission efficiency in wireless power transfer (WPT) systems. In this context, this work presents a novel control strategy applied in the dc-ac converter used in the primary side of a WPT system. The performance of a class-DE resonant inverter is investigated considering that such topology presents inherent soft-switching characteristics, thus implying reduced switching losses. The controller relies on an autoregressive with exogenous output (ARX) model based on an adaptive linear neuron (ADALINE) network, which allows for determining the turn-on time of the active switches accurately while providing the system with the ability to adapt to distinct alignment conditions. The performance of the proposed controller is compared with that of a linear controller, which does not prove to be an effective solution if misalig",2023,Energies,Juan Avilés; Fernando Lessa Tofoli; Ênio Roberto Ribeiro,10.3390/en16217238,,https://doi.org/10.3390/en16217238,openalex,energy based transformer robot policy,concept,ebm_transformer,,4,energy based transformer robot policy,2026-06-12T18:05:07Z,14.755,14.755
doi:10.1109/lra.2024.3486236,Flying Calligrapher: Contact-Aware Motion and Force Planning and Control for Aerial Manipulation,,2024,IEEE Robotics and Automation Letters,Xiaofeng Guo; Guanqi He; Jiahe Xu; Mohammadreza Mousaei; Junyi Geng; Sebastian Scherer; Guanya Shi,10.1109/lra.2024.3486236,,https://doi.org/10.1109/lra.2024.3486236,crossref,robot world models manipulation,concept,world_models,,14,robot world model,2026-06-12T15:07:36Z,14.754,14.754
doi:10.1109/icra55743.2025.11128834,Motion Tracks: A Unified Representation for Human-Robot Transfer in Few-Shot Imitation Learning,,2025,2025 IEEE International Conference on Robotics and Automation (ICRA),Juntao Ren; Priya Sundaresan; Dorsa Sadigh; Sanjiban Choudhury; Jeannette Bohg,10.1109/icra55743.2025.11128834,,https://doi.org/10.1109/icra55743.2025.11128834,crossref,robotics,concept,crossref_bulk_robotics,,9,imitation learning,2026-06-12T19:29:26Z,14.751,14.751
doi:10.1007/s12206-022-0142-6,Climbing control of autonomous mobile robot with estimation of wheel slip and wheel-ground contact angle,,2022,Journal of Mechanical Science and Technology,Nabih Pico; Hong-ryul Jung; Juan Medrano; Meseret Abayebas; Dong Yeop Kim; Jung-Hoon Hwang; Hyungpil Moon,10.1007/s12206-022-0142-6,,https://doi.org/10.1007/s12206-022-0142-6,openalex,robotics,concept,openalex_bulk_robotics,,29,,2026-06-12T18:57:17Z,14.751,14.751
doi:10.1016/j.jobe.2025.113341,Transfer learning for cross-building forecasting of building energy and indoor air temperature in model predictive control applications,,2025,Journal of Building Engineering,Hongwen Dou; Kun Zhang,10.1016/j.jobe.2025.113341,,https://doi.org/10.1016/j.jobe.2025.113341,crossref,model predictive control robot learning,anti_myopia,control,,2,model predictive control,2026-06-12T15:07:36Z,14.749,18.749
doi:10.3389/frobt.2023.1164660,Control and evaluation of a humanoid robot with rolling contact joints on its lower body,"In this paper, we introduce a new teen-sized humanoid platform dubbed DRACO 3, custom-built by Apptronik and altered for practical use by the Human Centered Robotics Laboratory at The University of Texas at Austin. The form factor of DRACO 3 is such that it can operate safely in human environments while reaching objects at human heights. To approximate the range of motion of humans, this robot features proximal actuation and mechanical artifacts to provide a high range of hip, knee, and ankle motions. In particular, rolling contact mechanisms on the lower body are incorporated using a proximal actuation principle to provide an extensive vertical pose workspace. To enable DRACO 3 to perform dexterous tasks while dealing with these complex transmissions, we introduce a novel whole-body controller (WBC) incorporating internal constraints to model the rolling motion behavior. In addition, de",2023,Frontiers in Robotics and AI,Seung Hyeon Bang; Carlos Gonzalez; Junhyeok Ahn; Nicholas Paine; Luis Sentis,10.3389/frobt.2023.1164660,,https://doi.org/10.3389/frobt.2023.1164660,crossref,contact dynamics robot learning,concept,contact,,10,humanoid robot; contact dynamics,2026-06-12T15:07:36Z,14.749,15.749
doi:10.1109/mra.2022.3198372,Contact Shape and Pose Recognition: Utilizing a Multipole Magnetic Tactile Sensor With a Metalearning Model,,2022,IEEE Robotics & Automation Magazine,Ziwei Xia; Bin Fang; Fuchun Sun; Huaping Liu; Weifeng Xu; Ling Fu; Yiyong Yang,10.1109/mra.2022.3198372,,https://doi.org/10.1109/mra.2022.3198372,crossref,tactile language action robotics,concept,tactile,,32,,2026-06-12T15:07:36Z,14.748,14.748
doi:10.1109/lra.2022.3191563,"Tactile Robotic Telemedicine for Safe Remote Diagnostics in Times of Corona: System Design, Feasibility and Usability Study","The current crisis surrounding the COVID-19 pandemic demonstrates the amount of responsibility and the workload on our healthcare system and, above all, on the medical staff around the world. In this work, we propose a promising approach to overcome this problem using robot-assisted telediagnostics, which allows medical experts to examine patients from distance. The designed telediagnostic system consists of two robotic arms. Each robot is located at the doctor and patient sites. Such a system enables the doctor to have a direct conversation via telepresence and to examine patients through robot-assisted inspection (guided tactile and audiovisual contact). The proposed bilateral teleoperation system is redundant in terms of teleoperation control algorithms and visual feedback. Specifically, we implemented two main control modes: joint-based and displacement-based teleoperation. The joint",2022,IEEE Robotics and Automation Letters,Abdeldjallil Naceri; Jean Elsner; Mario Tröbinger; Hamid Sadeghian; Lars Johannsmeier; Florian Voigt; Xiao Chen; Daniela Macari; Christoph Jahne; Maximilian Berlet; Jonas Fuchtmann; Luis Figueredo; Hubertus Feusner; Dirk Wilhelm; Sami Haddadin,10.1109/lra.2022.3191563,,https://doi.org/10.1109/lra.2022.3191563,openalex,energy based model robot learning,concept,ebm,,26,teleoperation,2026-06-12T18:26:24Z,14.748,14.748
doi:10.1109/icra48891.2023.10160507,Contact Optimization for Non-Prehensile Loco-Manipulation via Hierarchical Model Predictive Control,,2023,2023 IEEE International Conference on Robotics and Automation (ICRA),Alberto Rigo; Yiyu Chen; Satyandra K. Gupta; Quan Nguyen,10.1109/icra48891.2023.10160507,,https://doi.org/10.1109/icra48891.2023.10160507,crossref,contact rich manipulation learning,concept,contact,,21,contact rich manipulation; model predictive control,2026-06-12T14:45:03Z,14.746,15.746
doi:10.1109/tro.2019.2935336,Tactile Sensing and Terrain-Based Gait Control for Small Legged Robots,,2020,IEEE Transactions on Robotics,X. Alice Wu; Tae Myung Huh; Aaron Sabin; Srinivasan A. Suresh; Mark R. Cutkosky,10.1109/tro.2019.2935336,,https://doi.org/10.1109/tro.2019.2935336,crossref,tactile language action robotics,concept,tactile,,71,,2026-06-12T15:07:36Z,14.738,14.738
doi:10.1109/lra.2022.3194315,Learning Variable Impedance Control for Aerial Sliding on Uneven Heterogeneous Surfaces by Proprioceptive and Tactile Sensing,,2022,IEEE Robotics and Automation Letters,Weixuan Zhang; Lionel Ott; Marco Tognon; Roland Siegwart,10.1109/lra.2022.3194315,,https://doi.org/10.1109/lra.2022.3194315,crossref,tactile language action robotics,concept,tactile,,31,impedance control,2026-06-12T15:07:36Z,14.733,14.733
doi:10.3390/s22114083,Large-Area and Low-Cost Force/Tactile Capacitive Sensor for Soft Robotic Applications,"This paper presents a novel design and development of a low-cost and multi-touch sensor based on capacitive variations. This new sensor is very flexible and easy to fabricate, making it an appropriate choice for soft robot applications. Materials (conductive ink, silicone, and control boards) used in this sensor are inexpensive and easily found in the market. The proposed sensor is made of a wafer of different layers, silicone layers with electrically conductive ink, and a pressure-sensitive conductive paper sheet. Previous approaches like e-skin can measure the contact point or pressure of conductive objects like the human body or finger, while the proposed design enables the sensor to detect the object's contact point and the applied force without considering the material conductivity of the object. The sensor can detect five multi-touch points at the same time. A neural network archit",2022,Sensors,Amir Pagoli; Frédéric Chapelle; Juan Antonio Corrales Ramón; Youcef Mezouar; Yuri Lapusta,10.3390/s22114083,,https://doi.org/10.3390/s22114083,openalex,robotics,concept,openalex_bulk_robotics,,51,,2026-06-12T18:57:17Z,14.726,14.726
title:real time classification of electromyographic signals for robotic control,Real-time classification of electromyographic signals for robotic control,"Advances in bioengineering have led to increasingly sophisticated prosthetic devices for amputees and paralyzed individuals. Control of such devices necessitates real-time classification of biosignals, e.g., electromyographic (EMG) signals recorded from intact muscles. In this paper, we show that a 4-degrees-of-freedom robotic arm can be controlled in real-time using non-invasive surface EMG signals recorded from the forearm. The innovative features of our system include a physiologically-informed selection of forearm muscles for recording EMG signals, intelligent choice of hand gestures for easy classification, and fast, simple feature extraction from EMG signals. Our selection of gestures is meant to intuitively map to appropriate degrees of freedom in the robotic arm. These design decisions allow us to build fast accurate classifiers online, and control a 4-DOF robotic arm in real-tim",2005,,Beau Crawford; Kai J. Miller; Pradeep Shenoy; Rajesh P. N. Rao,,,https://openalex.org/W2155981274,openalex,robotics,concept,openalex_bulk_robotics,,114,,2026-06-12T18:57:17Z,14.722,14.722
doi:10.1109/access.2023.3259539,Robotic Manipulation System Design and Control for Non-Contact Remote Diagnosis in Otolaryngology: Digital Twin Approach,,2023,IEEE Access,Sho-Hyun Lee; Dong-Woo Lee; Hwa-Seob Song; Seonmin Jeong; Yongbae Ji; Ji-Sung Song; Jiyoung Kim; Byung-Ju Yi,10.1109/access.2023.3259539,,https://doi.org/10.1109/access.2023.3259539,crossref,contact rich manipulation learning,concept,contact,,20,contact rich manipulation,2026-06-12T15:07:36Z,14.722,14.722
doi:10.1016/j.robot.2023.104448,Multi-contact planning and control for humanoid robots: Design and validation of a complete framework,,2023,Robotics and Autonomous Systems,Paolo Ferrari; Luca Rossini; Francesco Ruscelli; Arturo Laurenzi; Giuseppe Oriolo; Nikos G. Tsagarakis; Enrico Mingo Hoffman,10.1016/j.robot.2023.104448,,https://doi.org/10.1016/j.robot.2023.104448,crossref,EBM transformer robotics contact rich manipulation,concept,architecture_x_embodiment,,20,EBM transformer robotics; contact rich manipulation; humanoid robot,2026-06-12T15:07:36Z,14.722,14.722
doi:10.1016/j.desal.2024.117557,Transfer learning and pretraining enhanced physics-informed machine learning for closed-circuit reverse osmosis modeling,,2024,Desalination,Yunquan Chen; Zhiqiang Wu; Bingjian Zhang; Jingzheng Ren; Chang He; Qinglin Chen,10.1016/j.desal.2024.117557,,https://doi.org/10.1016/j.desal.2024.117557,crossref,physics informed robot learning,concept,architecture,,13,physics informed robot learning,2026-06-12T15:07:36Z,14.720,14.720
doi:10.1002/aisy.202200408,Persistent Human–Machine Interfaces for Robotic Arm Control Via Gaze and Eye Direction Tracking,"Recent advances in sensors and electronics have enabled electrooculogram (EOG) detection systems for capturing eye movements. However, EOG signals are susceptible to the sensor's skin‐contact quality, limiting the precise detection of eye angles and gaze. Herein, a two‐camera eye‐tracking system and a data classification method for persistent human–machine interfaces (HMIs) are introduced. Machine‐learning technology is used for a continuous real‐time classification of gaze and eye directions, to precisely control a robotic arm. In addition, a deep‐learning algorithm for classifying eye directions is developed and the pupil center‐corneal reflection method of an eye tracker for gaze tracking is utilized. A supervisory control and data acquisition architecture that can be universally applied to any screen‐based HMI task are used by the system. It is shown in the study that the classificat",2023,Advanced Intelligent Systems,Seunghyeb Ban; Yoon Jae Lee; Ki Jun Yu; Jae Won Chang; Jong‐Hoon Kim; Woon‐Hong Yeo,10.1002/aisy.202200408,,https://doi.org/10.1002/aisy.202200408,openalex,energy based model robot learning,concept,ebm,,16,,2026-06-12T18:26:24Z,14.717,14.717
doi:10.1109/tsmc.2017.2706694,Coordination Control of a Dual-Arm Exoskeleton Robot Using Human Impedance Transfer Skills,"This paper has developed a coordination control method for a dual-arm exoskeleton robot based on human impedance transfer skills, where the left (master) robot arm extracts the human limb impedance stiffness and position profiles, and then transfers the information to the right (slave) arm of the exoskeleton. A computationally efficient model of the arm endpoint stiffness behavior is developed and a co-contraction index is defined using muscular activities of a dominant antagonistic muscle pair. A reference command consisting of the stiffness and position profiles of the operator is computed and realized by one robot in real-time. Considering the dynamics uncertainties of the robotic exoskeleton, an adaptive-robust impedance controller in task space is proposed to drive the slave arm tracking the desired trajectories with convergent errors. To verify the robustness of the developed appro",2017,IEEE Transactions on Systems Man and Cybernetics Systems,Bo Huang; Zhijun Li; Xinyu Wu; Arash Ajoudani; Antonio Bicchi; Junqiang Liu,10.1109/tsmc.2017.2706694,,https://doi.org/10.1109/tsmc.2017.2706694,openalex,robotics,concept,openalex_bulk_robotics,,50,impedance control; robustness,2026-06-12T18:57:17Z,14.716,15.716
doi:10.1016/j.segy.2021.100044,Transfer learning applied to DRL-Based heat pump control to leverage microgrid energy efficiency,,2021,Smart Energy,Paulo Lissa; Michael Schukat; Marcus Keane; Enda Barrett,10.1016/j.segy.2021.100044,,https://doi.org/10.1016/j.segy.2021.100044,crossref,energy based model robot learning,concept,ebm,,45,,2026-06-12T15:07:36Z,14.714,14.714
doi:10.1016/j.rcim.2018.05.003,Adaptive robust control and admittance control for contact-driven robotic surface conditioning,,2018,Robotics and Computer-Integrated Manufacturing,J. Ernesto Solanes; Luis Gracia; Pau Muñoz-Benavent; Alicia Esparza; Jaime Valls Miro; Josep Tornero,10.1016/j.rcim.2018.05.003,,https://doi.org/10.1016/j.rcim.2018.05.003,crossref,classical control robotics,anti_myopia,anti_thesis,,44,classical control robotics,2026-06-12T15:07:36Z,14.703,18.703
doi:10.1109/lra.2022.3186515,Centroidal Trajectory Generation and Stabilization Based on Preview Control for Humanoid Multi-Contact Motion,,2022,IEEE Robotics and Automation Letters,Masaki Murooka; Mitsuharu Morisawa; Fumio Kanehiro,10.1109/lra.2022.3186515,,https://doi.org/10.1109/lra.2022.3186515,crossref,contact dynamics robot learning,concept,contact,,29,contact dynamics,2026-06-12T15:07:36Z,14.701,14.701
doi:10.1109/iros47612.2022.9981863,Grasp Stability Prediction with Sim-to-Real Transfer from Tactile Sensing,,2022,2022 IEEE/RSJ International Conference on Intelligent Robots and Systems (IROS),Zilin Si; Zirui Zhu; Arpit Agarwal; Stuart Anderson; Wenzhen Yuan,10.1109/iros47612.2022.9981863,,https://doi.org/10.1109/iros47612.2022.9981863,crossref,sim to real robot manipulation,concept,sim2real,,29,robot manipulation; sim to real transfer,2026-06-12T15:07:36Z,14.701,15.701
arxiv:2310.15828v1,Negative Imaginary Control Using Hybrid Integrator-Gain Systems: Application to MEMS Nanopositioner,"In this paper, we propose a new approach to address the control problem for negative imaginary (NI) systems by using hybrid integrator-gain systems (HIGS). We investigate the single HIGS of its original form and its two variations, including a multi-HIGS and the serial cascade of two HIGS. A single HIGS is shown to be a nonlinear negative imaginary system, and so is the multi-HIGS and the cascade of two HIGS. We show that these three types of HIGS can be used as controllers to asymptotically stabilize linear NI systems. The results of this paper are then illustrated in a real-world experiment where a 2-DOF microelectromechanical system nanopositioner is stabilized by a multi-HIGS.",2023,arXiv,Kanghong Shi; Nastaran Nikooienejad; Ian R. Petersen; S. O. Reza Moheimani,,2310.15828v1,http://arxiv.org/abs/2310.15828v1,arxiv,hybrid systems robot control manipulation,anti_myopia,control,,,hybrid systems,2026-06-12T15:07:36Z,14.700,19.700
doi:10.1109/tmech.2024.3465018,Representation Reinforcement Learning-Based Dense Control for Point Following With State Sparse Sensing of 3-D Snake Robots,"During robot movements, the environmental states often fail to update in real-time due to interference from various factors, such as obstacle obstructions, communication disruptions, etc., which commonly results in interruptions or even failures in motion control. To achieve dense motion control under sparse state sensing, an important challenge is to predict future multiple actions based on sparse states, which is hindered by the large and complex action search space. Unfortunately, limited research has been dedicated to addressing this challenge. Therefore, this article proposes a representation reinforcement learning (RRL) based solution, called Sparse-State to Dense-Actions Latent Control , designed to realize dense motion control of 3-D snake robots subject to sparse environmental state sensing, which guarantees satisfactory point following performance. In particular, by introducing",2024,IEEE/ASME Transactions on Mechatronics,Lixing Liu; Jiashun Liu; Xian Guo; Wei Huang; Yongchun Fang; Jianye Hao,10.1109/tmech.2024.3465018,,https://doi.org/10.1109/tmech.2024.3465018,openalex,energy based policy robotics,concept,ebm,,2,robustness,2026-06-12T18:05:07Z,14.699,16.699
doi:10.1186/s12964-025-02106-1,Emerging functions of Plakophilin 4 in the control of cell contact dynamics,"Abstract Plakophilin 4 (PKP4, also called p0071) is a unique armadillo family protein localized at adherens junctions that acts as a scaffold protein capable of clustering cadherins. PKP4 also regulates cadherin recycling which is vital to enable junction dynamics. In addition, PKP4 controls the mechanical properties of cells by regulating actin filament organization through small Rho-GTPases. In this setting, PKP4 controls the localization and activity of specific guanine exchange factors (GEFs) and of their opponents, the GTPase activating proteins (GAPs). Through the formation of multiprotein complexes with Rho-GTPases, their regulators and their effectors, PKP4 controls the spatio-temporal activity of Rho signaling to regulate cell adhesion and cell mechanics. In keratinocytes, PKP4 prevents differentiation and at the same time dampens proliferation. This is, in part achieved through",2025,Cell Communication and Signaling,Lisa Müller; Mechthild Hatzfeld,10.1186/s12964-025-02106-1,,https://doi.org/10.1186/s12964-025-02106-1,crossref,contact dynamics robot learning,concept,contact,,8,contact dynamics,2026-06-12T15:07:36Z,14.699,14.699
doi:10.3390/biomimetics8010100,Central Pattern Generator with Defined Pulse Signals for Compliant-Resistant Control of Biped Robots,"For biped robots, the ability to maintain balance under external forces is an essential requirement. Inspired by human beings’ behaviors to resist external forces, a compliant-resistant balance-control method is proposed to keep the biped robot balance subjected to an external force. A model-free trajectory generator is designed based on the central pattern generator (CPG) to generate compliant-resistant human-like behavior. The CPG pattern generator generates the desired pulse signal utilizing Matsuoka’s CPG. The signal modulator applies the defined signal to the robot’s center of mass (CoM) to generate the workspace trajectory when standing on double feet. Moreover, when standing on single foot, the output signal of the CPG will directly act on the hip joint of the robot to generate the joint space trajectory. Furthermore, the motion engine calculates the workspace trajectory into join",2023,Biomimetics,Zihan Xu; Qin Fang; Chengju Liu; Qijun Chen,10.3390/biomimetics8010100,,https://doi.org/10.3390/biomimetics8010100,openalex,energy based model robot learning,concept,ebm,,8,,2026-06-12T18:26:24Z,14.699,14.699
doi:10.1007/s00170-020-05162-8,Contact force detection and control for robotic polishing based on joint torque sensors,,2020,The International Journal of Advanced Manufacturing Technology,Yunfei Dong; Tianyu Ren; Kui Hu; Dan Wu; Ken Chen,10.1007/s00170-020-05162-8,,https://doi.org/10.1007/s00170-020-05162-8,openalex,robotics,concept,openalex_bulk_robotics,,59,,2026-06-12T18:57:17Z,14.697,14.697
doi:10.1134/s1064230719050137,Wall-Climbing Robots with Permanent-Magnet Contact Devices: Design and Control Concept of the Contact Devices,"The basic types of wall-climbing robots that use permanent magnets as locking devices are reviewed. The robots that use various locomotion techniques, viz., walking, wheeled, and caterpillar robots are considered. Special attention is paid to the design and control concept of the magnetic contact devices.",2019,Journal of Computer and Systems Sciences International,Nikita Syrykh; В. Г. Чащухин,10.1134/s1064230719050137,,https://doi.org/10.1134/s1064230719050137,openalex,robotics,concept,openalex_bulk_robotics,,21,,2026-06-12T18:57:17Z,14.696,14.696
doi:10.1177/0278364917744035,Reduced-complexity representation of the human arm active endpoint stiffness for supervisory control of remote manipulation,"In this paper, a reduced-complexity model of the human arm endpoint stiffness is introduced and experimentally evaluated for the teleimpedance control of a compliant robotic arm. The modeling of the human arm endpoint stiffness behavior is inspired by human motor control principles on the predominant use of the arm configuration in directional adjustments of the endpoint stiffness profile, and the synergistic effect of muscular activations, which contributes to a coordinated modification of the task stiffness in all Cartesian directions. Calibration and identification of the model parameters are carried out experimentally, using perturbation-based arm endpoint stiffness measurements in different arm configurations and cocontraction levels of the chosen muscles. Consequently, the real-time model is used for the remote control of a compliant robotic arm while executing a drilling task, a r",2018,The International Journal of Robotics Research,Arash Ajoudani; Cheng Fang; Nikos Tsagarakis; Antonio Bicchi,10.1177/0278364917744035,,https://doi.org/10.1177/0278364917744035,crossref,physical reasoning robotics manipulation,concept,physical_reasoning,,72,impedance control,2026-06-12T15:07:36Z,14.695,14.695
doi:10.23919/ecc64448.2024.10590785,Digital Control of Negative Imaginary Systems: A Discrete-Time Hybrid Integrator-Gain System Approach,,2024,2024 European Control Conference (ECC),Kanghong Shi; Ian R. Petersen,10.23919/ecc64448.2024.10590785,,https://doi.org/10.23919/ecc64448.2024.10590785,crossref,hybrid systems robot control manipulation,anti_myopia,control,,3,hybrid systems,2026-06-12T15:07:36Z,14.693,18.693
